<?xml version="1.0" encoding="UTF-8"?>
<gpx xmlns:gpxdata="http://www.cluetrust.com/XML/GPXDATA/1/0" xmlns:xsi="http://www.w3.org/2001/XMLSchema-instance" xmlns="http://www.topografix.com/GPX/1/1" version="1.1" creator="http://ridewithgps.com/" xsi:schemaLocation="http://www.topografix.com/GPX/1/1 http://www.topografix.com/GPX/1/1/gpx.xsd http://www.cluetrust.com/XML/GPXDATA/1/0 http://www.cluetrust.com/Schemas/gpxdata10.xsd">
  <metadata>
    <name>Ely to Grand Rapids (Week 1)</name>
    <link href="https://ridewithgps.com/routes/54523859">
      <text>Ely to Grand Rapids (Week 1)</text>
    </link>
    <time>2026-04-05T08:04:42Z</time>
  </metadata>
  <wpt lat="47.903261" lon="-91.866919">
    <name>Ely</name>
    <cmt>generic</cmt>
    <sym>Dot</sym>
    <type>generic</type>
  </wpt>
  <wpt lat="47.030404" lon="-91.680562">
    <name>SpokeNGear</name>
    <cmt>bike_shop</cmt>
    <desc>Home of Cedar Coffee Company + SpokeNGear bike shop + Cedaero bike bags; (218) 834-2117</desc>
    <sym>Dot</sym>
    <type>gear</type>
  </wpt>
  <wpt lat="46.768471" lon="-92.120682">
    <name>Bent Paddle Brewing Co.</name>
    <cmt>bar</cmt>
    <sym>Dot</sym>
    <type>food</type>
  </wpt>
  <wpt lat="46.721808" lon="-92.461453">
    <name>Cloquet</name>
    <cmt>generic</cmt>
    <sym>Dot</sym>
    <type>generic</type>
  </wpt>
  <wpt lat="47.23317684" lon="-93.52578844">
    <name>Grand Rapids Area Library</name>
    <cmt>generic</cmt>
    <sym>Dot</sym>
    <type>generic</type>
  </wpt>
  <trk>
    <name>Ely to Grand Rapids (Week 1)</name>
    <trkseg>
      <trkpt lat="47.90325" lon="-91.86692">
        <ele>436.8</ele>
      </trkpt>
      <trkpt lat="47.90325" lon="-91.86692">
        <ele>436.8</ele>
      </trkpt>
      <trkpt lat="47.90325" lon="-91.86692">
        <ele>436.8</ele>
      </trkpt>
      <trkpt lat="47.90325" lon="-91.86687">
        <ele>436.9</ele>
      </trkpt>
      <trkpt lat="47.90279" lon="-91.86689">
        <ele>437.1</ele>
      </trkpt>
      <trkpt lat="47.90233" lon="-91.86692">
        <ele>437.3</ele>
      </trkpt>
      <trkpt lat="47.90232" lon="-91.86616">
        <ele>440.2</ele>
      </trkpt>
      <trkpt lat="47.90231" lon="-91.86541">
        <ele>442.9</ele>
      </trkpt>
      <trkpt lat="47.9023" lon="-91.8643">
        <ele>448.1</ele>
      </trkpt>
      <trkpt lat="47.90228" lon="-91.86319">
        <ele>450.8</ele>
      </trkpt>
      <trkpt lat="47.90227" lon="-91.86209">
        <ele>450.1</ele>
      </trkpt>
      <trkpt lat="47.90226" lon="-91.86098">
        <ele>447.8</ele>
      </trkpt>
      <trkpt lat="47.90225" lon="-91.85996">
        <ele>447.8</ele>
      </trkpt>
      <trkpt lat="47.90224" lon="-91.85894">
        <ele>448.0</ele>
      </trkpt>
      <trkpt lat="47.90223" lon="-91.85792">
        <ele>447.8</ele>
      </trkpt>
      <trkpt lat="47.90222" lon="-91.8569">
        <ele>447.3</ele>
      </trkpt>
      <trkpt lat="47.90176" lon="-91.8569">
        <ele>447.2</ele>
      </trkpt>
      <trkpt lat="47.9013" lon="-91.8569">
        <ele>446.5</ele>
      </trkpt>
      <trkpt lat="47.90129" lon="-91.85561">
        <ele>445.1</ele>
      </trkpt>
      <trkpt lat="47.90127" lon="-91.85432">
        <ele>446.1</ele>
      </trkpt>
      <trkpt lat="47.90128" lon="-91.85343">
        <ele>447.5</ele>
      </trkpt>
      <trkpt lat="47.90126" lon="-91.85256">
        <ele>447.8</ele>
      </trkpt>
      <trkpt lat="47.90124" lon="-91.85168">
        <ele>447.0</ele>
      </trkpt>
      <trkpt lat="47.90124" lon="-91.85035">
        <ele>445.0</ele>
      </trkpt>
      <trkpt lat="47.90124" lon="-91.84901">
        <ele>439.2</ele>
      </trkpt>
      <trkpt lat="47.90124" lon="-91.84768">
        <ele>439.1</ele>
      </trkpt>
      <trkpt lat="47.90124" lon="-91.84634">
        <ele>440.4</ele>
      </trkpt>
      <trkpt lat="47.90124" lon="-91.84501">
        <ele>435.4</ele>
      </trkpt>
      <trkpt lat="47.90124" lon="-91.84367">
        <ele>434.7</ele>
      </trkpt>
      <trkpt lat="47.90125" lon="-91.84234">
        <ele>435.2</ele>
      </trkpt>
      <trkpt lat="47.90125" lon="-91.841">
        <ele>434.8</ele>
      </trkpt>
      <trkpt lat="47.90049" lon="-91.84102">
        <ele>435.7</ele>
      </trkpt>
      <trkpt lat="47.89998" lon="-91.84101">
        <ele>436.1</ele>
      </trkpt>
      <trkpt lat="47.89955" lon="-91.84099">
        <ele>436.2</ele>
      </trkpt>
      <trkpt lat="47.89908" lon="-91.84099">
        <ele>435.9</ele>
      </trkpt>
      <trkpt lat="47.89835" lon="-91.84094">
        <ele>435.6</ele>
      </trkpt>
      <trkpt lat="47.89761" lon="-91.8409">
        <ele>435.9</ele>
      </trkpt>
      <trkpt lat="47.89716" lon="-91.8409">
        <ele>436.2</ele>
      </trkpt>
      <trkpt lat="47.8967" lon="-91.84091">
        <ele>436.9</ele>
      </trkpt>
      <trkpt lat="47.89593" lon="-91.8409">
        <ele>436.3</ele>
      </trkpt>
      <trkpt lat="47.89516" lon="-91.84089">
        <ele>435.7</ele>
      </trkpt>
      <trkpt lat="47.89437" lon="-91.84078">
        <ele>435.4</ele>
      </trkpt>
      <trkpt lat="47.89379" lon="-91.84056">
        <ele>435.6</ele>
      </trkpt>
      <trkpt lat="47.89334" lon="-91.84033">
        <ele>435.7</ele>
      </trkpt>
      <trkpt lat="47.8929" lon="-91.8401">
        <ele>435.9</ele>
      </trkpt>
      <trkpt lat="47.89247" lon="-91.83994">
        <ele>436.0</ele>
      </trkpt>
      <trkpt lat="47.89209" lon="-91.83983">
        <ele>436.3</ele>
      </trkpt>
      <trkpt lat="47.89176" lon="-91.83982">
        <ele>436.7</ele>
      </trkpt>
      <trkpt lat="47.89146" lon="-91.83982">
        <ele>436.3</ele>
      </trkpt>
      <trkpt lat="47.89084" lon="-91.84">
        <ele>436.2</ele>
      </trkpt>
      <trkpt lat="47.89018" lon="-91.84033">
        <ele>435.6</ele>
      </trkpt>
      <trkpt lat="47.88952" lon="-91.84067">
        <ele>435.9</ele>
      </trkpt>
      <trkpt lat="47.88888" lon="-91.84095">
        <ele>440.1</ele>
      </trkpt>
      <trkpt lat="47.88859" lon="-91.84103">
        <ele>443.7</ele>
      </trkpt>
      <trkpt lat="47.8882" lon="-91.84105">
        <ele>444.9</ele>
      </trkpt>
      <trkpt lat="47.88788" lon="-91.84097">
        <ele>444.1</ele>
      </trkpt>
      <trkpt lat="47.88752" lon="-91.8408">
        <ele>443.5</ele>
      </trkpt>
      <trkpt lat="47.88691" lon="-91.8404">
        <ele>443.7</ele>
      </trkpt>
      <trkpt lat="47.8863" lon="-91.83999">
        <ele>444.7</ele>
      </trkpt>
      <trkpt lat="47.88576" lon="-91.83975">
        <ele>447.5</ele>
      </trkpt>
      <trkpt lat="47.88538" lon="-91.83961">
        <ele>449.0</ele>
      </trkpt>
      <trkpt lat="47.88512" lon="-91.83956">
        <ele>449.7</ele>
      </trkpt>
      <trkpt lat="47.88468" lon="-91.83955">
        <ele>452.0</ele>
      </trkpt>
      <trkpt lat="47.88415" lon="-91.8396">
        <ele>452.8</ele>
      </trkpt>
      <trkpt lat="47.88363" lon="-91.83966">
        <ele>454.6</ele>
      </trkpt>
      <trkpt lat="47.88315" lon="-91.83972">
        <ele>455.9</ele>
      </trkpt>
      <trkpt lat="47.88268" lon="-91.83978">
        <ele>457.1</ele>
      </trkpt>
      <trkpt lat="47.88193" lon="-91.83987">
        <ele>454.6</ele>
      </trkpt>
      <trkpt lat="47.88117" lon="-91.83996">
        <ele>452.8</ele>
      </trkpt>
      <trkpt lat="47.88041" lon="-91.84005">
        <ele>453.4</ele>
      </trkpt>
      <trkpt lat="47.87975" lon="-91.84022">
        <ele>455.0</ele>
      </trkpt>
      <trkpt lat="47.87903" lon="-91.84047">
        <ele>456.7</ele>
      </trkpt>
      <trkpt lat="47.87831" lon="-91.84073">
        <ele>457.5</ele>
      </trkpt>
      <trkpt lat="47.87758" lon="-91.84098">
        <ele>459.4</ele>
      </trkpt>
      <trkpt lat="47.87686" lon="-91.84124">
        <ele>459.8</ele>
      </trkpt>
      <trkpt lat="47.87651" lon="-91.84134">
        <ele>459.6</ele>
      </trkpt>
      <trkpt lat="47.87609" lon="-91.84142">
        <ele>458.8</ele>
      </trkpt>
      <trkpt lat="47.87531" lon="-91.84148">
        <ele>457.1</ele>
      </trkpt>
      <trkpt lat="47.87454" lon="-91.84155">
        <ele>454.3</ele>
      </trkpt>
      <trkpt lat="47.87376" lon="-91.84161">
        <ele>453.6</ele>
      </trkpt>
      <trkpt lat="47.87298" lon="-91.84167">
        <ele>453.8</ele>
      </trkpt>
      <trkpt lat="47.8722" lon="-91.84173">
        <ele>455.2</ele>
      </trkpt>
      <trkpt lat="47.87142" lon="-91.84179">
        <ele>456.6</ele>
      </trkpt>
      <trkpt lat="47.87082" lon="-91.84183">
        <ele>457.7</ele>
      </trkpt>
      <trkpt lat="47.8706" lon="-91.84183">
        <ele>458.3</ele>
      </trkpt>
      <trkpt lat="47.87025" lon="-91.84173">
        <ele>459.5</ele>
      </trkpt>
      <trkpt lat="47.86962" lon="-91.84144">
        <ele>460.3</ele>
      </trkpt>
      <trkpt lat="47.869" lon="-91.84115">
        <ele>454.9</ele>
      </trkpt>
      <trkpt lat="47.86837" lon="-91.84086">
        <ele>447.0</ele>
      </trkpt>
      <trkpt lat="47.86758" lon="-91.84046">
        <ele>445.3</ele>
      </trkpt>
      <trkpt lat="47.86679" lon="-91.84013">
        <ele>448.7</ele>
      </trkpt>
      <trkpt lat="47.86603" lon="-91.84001">
        <ele>452.8</ele>
      </trkpt>
      <trkpt lat="47.86528" lon="-91.84001">
        <ele>448.5</ele>
      </trkpt>
      <trkpt lat="47.86454" lon="-91.84001">
        <ele>445.5</ele>
      </trkpt>
      <trkpt lat="47.8638" lon="-91.84001">
        <ele>444.6</ele>
      </trkpt>
      <trkpt lat="47.86305" lon="-91.84001">
        <ele>444.5</ele>
      </trkpt>
      <trkpt lat="47.86244" lon="-91.84005">
        <ele>444.3</ele>
      </trkpt>
      <trkpt lat="47.86194" lon="-91.84015">
        <ele>443.2</ele>
      </trkpt>
      <trkpt lat="47.86148" lon="-91.84028">
        <ele>442.5</ele>
      </trkpt>
      <trkpt lat="47.86103" lon="-91.8405">
        <ele>442.6</ele>
      </trkpt>
      <trkpt lat="47.86057" lon="-91.84072">
        <ele>441.9</ele>
      </trkpt>
      <trkpt lat="47.85989" lon="-91.84119">
        <ele>441.6</ele>
      </trkpt>
      <trkpt lat="47.8593" lon="-91.84153">
        <ele>439.5</ele>
      </trkpt>
      <trkpt lat="47.85877" lon="-91.84173">
        <ele>438.2</ele>
      </trkpt>
      <trkpt lat="47.85824" lon="-91.84192">
        <ele>437.0</ele>
      </trkpt>
      <trkpt lat="47.85754" lon="-91.842">
        <ele>436.1</ele>
      </trkpt>
      <trkpt lat="47.85681" lon="-91.84195">
        <ele>435.0</ele>
      </trkpt>
      <trkpt lat="47.85608" lon="-91.8419">
        <ele>435.2</ele>
      </trkpt>
      <trkpt lat="47.85535" lon="-91.84185">
        <ele>435.2</ele>
      </trkpt>
      <trkpt lat="47.85448" lon="-91.84176">
        <ele>434.8</ele>
      </trkpt>
      <trkpt lat="47.8536" lon="-91.84166">
        <ele>433.1</ele>
      </trkpt>
      <trkpt lat="47.85272" lon="-91.84157">
        <ele>434.0</ele>
      </trkpt>
      <trkpt lat="47.8521" lon="-91.84152">
        <ele>436.4</ele>
      </trkpt>
      <trkpt lat="47.85149" lon="-91.84147">
        <ele>438.2</ele>
      </trkpt>
      <trkpt lat="47.85087" lon="-91.84142">
        <ele>437.7</ele>
      </trkpt>
      <trkpt lat="47.85027" lon="-91.84136">
        <ele>434.3</ele>
      </trkpt>
      <trkpt lat="47.84965" lon="-91.84136">
        <ele>432.6</ele>
      </trkpt>
      <trkpt lat="47.84903" lon="-91.84137">
        <ele>432.6</ele>
      </trkpt>
      <trkpt lat="47.84833" lon="-91.84156">
        <ele>432.4</ele>
      </trkpt>
      <trkpt lat="47.84762" lon="-91.84176">
        <ele>432.5</ele>
      </trkpt>
      <trkpt lat="47.84677" lon="-91.842">
        <ele>433.0</ele>
      </trkpt>
      <trkpt lat="47.84593" lon="-91.84225">
        <ele>433.1</ele>
      </trkpt>
      <trkpt lat="47.84508" lon="-91.8425">
        <ele>433.4</ele>
      </trkpt>
      <trkpt lat="47.84423" lon="-91.84275">
        <ele>432.5</ele>
      </trkpt>
      <trkpt lat="47.84351" lon="-91.84279">
        <ele>432.5</ele>
      </trkpt>
      <trkpt lat="47.84279" lon="-91.84283">
        <ele>432.5</ele>
      </trkpt>
      <trkpt lat="47.84207" lon="-91.84287">
        <ele>432.0</ele>
      </trkpt>
      <trkpt lat="47.84136" lon="-91.84289">
        <ele>431.3</ele>
      </trkpt>
      <trkpt lat="47.84071" lon="-91.84294">
        <ele>430.4</ele>
      </trkpt>
      <trkpt lat="47.84006" lon="-91.84298">
        <ele>430.4</ele>
      </trkpt>
      <trkpt lat="47.83942" lon="-91.84283">
        <ele>432.0</ele>
      </trkpt>
      <trkpt lat="47.83879" lon="-91.84268">
        <ele>434.1</ele>
      </trkpt>
      <trkpt lat="47.83805" lon="-91.84248">
        <ele>435.3</ele>
      </trkpt>
      <trkpt lat="47.83731" lon="-91.84228">
        <ele>437.1</ele>
      </trkpt>
      <trkpt lat="47.83686" lon="-91.84213">
        <ele>434.9</ele>
      </trkpt>
      <trkpt lat="47.83641" lon="-91.84198">
        <ele>433.4</ele>
      </trkpt>
      <trkpt lat="47.8357" lon="-91.84179">
        <ele>431.1</ele>
      </trkpt>
      <trkpt lat="47.835" lon="-91.8416">
        <ele>430.9</ele>
      </trkpt>
      <trkpt lat="47.83451" lon="-91.84137">
        <ele>430.4</ele>
      </trkpt>
      <trkpt lat="47.83403" lon="-91.84115">
        <ele>430.4</ele>
      </trkpt>
      <trkpt lat="47.83347" lon="-91.84061">
        <ele>429.9</ele>
      </trkpt>
      <trkpt lat="47.83294" lon="-91.83982">
        <ele>428.1</ele>
      </trkpt>
      <trkpt lat="47.83262" lon="-91.83898">
        <ele>427.0</ele>
      </trkpt>
      <trkpt lat="47.83231" lon="-91.83814">
        <ele>426.9</ele>
      </trkpt>
      <trkpt lat="47.83192" lon="-91.83698">
        <ele>426.9</ele>
      </trkpt>
      <trkpt lat="47.83162" lon="-91.8358">
        <ele>427.4</ele>
      </trkpt>
      <trkpt lat="47.83158" lon="-91.83553">
        <ele>427.6</ele>
      </trkpt>
      <trkpt lat="47.83155" lon="-91.83523">
        <ele>428.0</ele>
      </trkpt>
      <trkpt lat="47.83153" lon="-91.8349">
        <ele>428.4</ele>
      </trkpt>
      <trkpt lat="47.83152" lon="-91.83466">
        <ele>428.6</ele>
      </trkpt>
      <trkpt lat="47.83155" lon="-91.83351">
        <ele>429.3</ele>
      </trkpt>
      <trkpt lat="47.83158" lon="-91.83236">
        <ele>430.1</ele>
      </trkpt>
      <trkpt lat="47.83163" lon="-91.83104">
        <ele>430.3</ele>
      </trkpt>
      <trkpt lat="47.83168" lon="-91.82972">
        <ele>433.5</ele>
      </trkpt>
      <trkpt lat="47.8317" lon="-91.82842">
        <ele>436.3</ele>
      </trkpt>
      <trkpt lat="47.83174" lon="-91.8272">
        <ele>439.9</ele>
      </trkpt>
      <trkpt lat="47.83182" lon="-91.82651">
        <ele>441.8</ele>
      </trkpt>
      <trkpt lat="47.8319" lon="-91.82582">
        <ele>440.6</ele>
      </trkpt>
      <trkpt lat="47.83204" lon="-91.82485">
        <ele>439.7</ele>
      </trkpt>
      <trkpt lat="47.8323" lon="-91.8236">
        <ele>437.3</ele>
      </trkpt>
      <trkpt lat="47.83256" lon="-91.82235">
        <ele>436.0</ele>
      </trkpt>
      <trkpt lat="47.83271" lon="-91.82133">
        <ele>433.1</ele>
      </trkpt>
      <trkpt lat="47.83267" lon="-91.8201">
        <ele>429.0</ele>
      </trkpt>
      <trkpt lat="47.83251" lon="-91.81936">
        <ele>427.1</ele>
      </trkpt>
      <trkpt lat="47.83235" lon="-91.81862">
        <ele>427.0</ele>
      </trkpt>
      <trkpt lat="47.83209" lon="-91.81767">
        <ele>424.4</ele>
      </trkpt>
      <trkpt lat="47.83164" lon="-91.81657">
        <ele>429.0</ele>
      </trkpt>
      <trkpt lat="47.83104" lon="-91.81573">
        <ele>433.0</ele>
      </trkpt>
      <trkpt lat="47.83046" lon="-91.81513">
        <ele>433.3</ele>
      </trkpt>
      <trkpt lat="47.82989" lon="-91.81454">
        <ele>433.2</ele>
      </trkpt>
      <trkpt lat="47.82928" lon="-91.81382">
        <ele>433.4</ele>
      </trkpt>
      <trkpt lat="47.82867" lon="-91.8131">
        <ele>434.2</ele>
      </trkpt>
      <trkpt lat="47.82806" lon="-91.81238">
        <ele>436.5</ele>
      </trkpt>
      <trkpt lat="47.82762" lon="-91.81178">
        <ele>436.7</ele>
      </trkpt>
      <trkpt lat="47.82718" lon="-91.81117">
        <ele>436.6</ele>
      </trkpt>
      <trkpt lat="47.82673" lon="-91.81057">
        <ele>436.2</ele>
      </trkpt>
      <trkpt lat="47.82606" lon="-91.80969">
        <ele>430.2</ele>
      </trkpt>
      <trkpt lat="47.82538" lon="-91.80882">
        <ele>433.0</ele>
      </trkpt>
      <trkpt lat="47.8247" lon="-91.80794">
        <ele>440.6</ele>
      </trkpt>
      <trkpt lat="47.82403" lon="-91.80707">
        <ele>441.8</ele>
      </trkpt>
      <trkpt lat="47.82356" lon="-91.80672">
        <ele>440.4</ele>
      </trkpt>
      <trkpt lat="47.82309" lon="-91.80637">
        <ele>438.5</ele>
      </trkpt>
      <trkpt lat="47.82262" lon="-91.8063">
        <ele>437.2</ele>
      </trkpt>
      <trkpt lat="47.82216" lon="-91.80623">
        <ele>436.4</ele>
      </trkpt>
      <trkpt lat="47.82131" lon="-91.80626">
        <ele>435.3</ele>
      </trkpt>
      <trkpt lat="47.82067" lon="-91.80603">
        <ele>435.6</ele>
      </trkpt>
      <trkpt lat="47.82011" lon="-91.80549">
        <ele>437.3</ele>
      </trkpt>
      <trkpt lat="47.81945" lon="-91.80466">
        <ele>439.9</ele>
      </trkpt>
      <trkpt lat="47.8188" lon="-91.80384">
        <ele>445.3</ele>
      </trkpt>
      <trkpt lat="47.81815" lon="-91.80302">
        <ele>447.0</ele>
      </trkpt>
      <trkpt lat="47.81749" lon="-91.80219">
        <ele>445.3</ele>
      </trkpt>
      <trkpt lat="47.81684" lon="-91.80137">
        <ele>447.7</ele>
      </trkpt>
      <trkpt lat="47.81641" lon="-91.80062">
        <ele>448.5</ele>
      </trkpt>
      <trkpt lat="47.81622" lon="-91.80006">
        <ele>446.3</ele>
      </trkpt>
      <trkpt lat="47.81617" lon="-91.7995">
        <ele>445.6</ele>
      </trkpt>
      <trkpt lat="47.81618" lon="-91.79885">
        <ele>444.5</ele>
      </trkpt>
      <trkpt lat="47.81626" lon="-91.79838">
        <ele>443.0</ele>
      </trkpt>
      <trkpt lat="47.81641" lon="-91.79792">
        <ele>440.8</ele>
      </trkpt>
      <trkpt lat="47.81669" lon="-91.79722">
        <ele>436.1</ele>
      </trkpt>
      <trkpt lat="47.81698" lon="-91.79653">
        <ele>438.2</ele>
      </trkpt>
      <trkpt lat="47.81713" lon="-91.79602">
        <ele>437.4</ele>
      </trkpt>
      <trkpt lat="47.81723" lon="-91.79549">
        <ele>436.4</ele>
      </trkpt>
      <trkpt lat="47.81723" lon="-91.79488">
        <ele>436.8</ele>
      </trkpt>
      <trkpt lat="47.81713" lon="-91.79426">
        <ele>436.8</ele>
      </trkpt>
      <trkpt lat="47.817" lon="-91.79385">
        <ele>436.6</ele>
      </trkpt>
      <trkpt lat="47.81659" lon="-91.79287">
        <ele>436.4</ele>
      </trkpt>
      <trkpt lat="47.81617" lon="-91.79189">
        <ele>436.3</ele>
      </trkpt>
      <trkpt lat="47.81575" lon="-91.79092">
        <ele>437.0</ele>
      </trkpt>
      <trkpt lat="47.81548" lon="-91.79013">
        <ele>435.5</ele>
      </trkpt>
      <trkpt lat="47.81521" lon="-91.78934">
        <ele>434.2</ele>
      </trkpt>
      <trkpt lat="47.81509" lon="-91.78869">
        <ele>433.5</ele>
      </trkpt>
      <trkpt lat="47.81502" lon="-91.78797">
        <ele>433.1</ele>
      </trkpt>
      <trkpt lat="47.81503" lon="-91.78741">
        <ele>433.0</ele>
      </trkpt>
      <trkpt lat="47.81508" lon="-91.78685">
        <ele>433.0</ele>
      </trkpt>
      <trkpt lat="47.8152" lon="-91.78625">
        <ele>433.0</ele>
      </trkpt>
      <trkpt lat="47.81548" lon="-91.78541">
        <ele>433.2</ele>
      </trkpt>
      <trkpt lat="47.81576" lon="-91.78458">
        <ele>433.1</ele>
      </trkpt>
      <trkpt lat="47.81606" lon="-91.78367">
        <ele>433.1</ele>
      </trkpt>
      <trkpt lat="47.81613" lon="-91.78343">
        <ele>433.1</ele>
      </trkpt>
      <trkpt lat="47.81618" lon="-91.78321">
        <ele>433.1</ele>
      </trkpt>
      <trkpt lat="47.81622" lon="-91.78292">
        <ele>433.1</ele>
      </trkpt>
      <trkpt lat="47.81623" lon="-91.78264">
        <ele>433.1</ele>
      </trkpt>
      <trkpt lat="47.81618" lon="-91.78166">
        <ele>434.4</ele>
      </trkpt>
      <trkpt lat="47.81614" lon="-91.78067">
        <ele>437.1</ele>
      </trkpt>
      <trkpt lat="47.8161" lon="-91.77963">
        <ele>439.9</ele>
      </trkpt>
      <trkpt lat="47.81606" lon="-91.77858">
        <ele>442.1</ele>
      </trkpt>
      <trkpt lat="47.81602" lon="-91.77754">
        <ele>443.5</ele>
      </trkpt>
      <trkpt lat="47.81599" lon="-91.7765">
        <ele>445.9</ele>
      </trkpt>
      <trkpt lat="47.816" lon="-91.77557">
        <ele>447.5</ele>
      </trkpt>
      <trkpt lat="47.81601" lon="-91.77464">
        <ele>448.5</ele>
      </trkpt>
      <trkpt lat="47.81602" lon="-91.77371">
        <ele>448.7</ele>
      </trkpt>
      <trkpt lat="47.81606" lon="-91.77289">
        <ele>448.7</ele>
      </trkpt>
      <trkpt lat="47.81612" lon="-91.772">
        <ele>448.3</ele>
      </trkpt>
      <trkpt lat="47.81622" lon="-91.77112">
        <ele>447.8</ele>
      </trkpt>
      <trkpt lat="47.81645" lon="-91.77015">
        <ele>447.4</ele>
      </trkpt>
      <trkpt lat="47.81667" lon="-91.76917">
        <ele>447.6</ele>
      </trkpt>
      <trkpt lat="47.81689" lon="-91.76819">
        <ele>448.3</ele>
      </trkpt>
      <trkpt lat="47.81697" lon="-91.76765">
        <ele>448.3</ele>
      </trkpt>
      <trkpt lat="47.81699" lon="-91.76716">
        <ele>448.2</ele>
      </trkpt>
      <trkpt lat="47.81696" lon="-91.76652">
        <ele>448.0</ele>
      </trkpt>
      <trkpt lat="47.81689" lon="-91.76541">
        <ele>448.6</ele>
      </trkpt>
      <trkpt lat="47.81683" lon="-91.76429">
        <ele>451.5</ele>
      </trkpt>
      <trkpt lat="47.81677" lon="-91.76318">
        <ele>453.0</ele>
      </trkpt>
      <trkpt lat="47.81676" lon="-91.76253">
        <ele>452.2</ele>
      </trkpt>
      <trkpt lat="47.81678" lon="-91.762">
        <ele>450.8</ele>
      </trkpt>
      <trkpt lat="47.81695" lon="-91.76087">
        <ele>451.3</ele>
      </trkpt>
      <trkpt lat="47.81713" lon="-91.75974">
        <ele>450.6</ele>
      </trkpt>
      <trkpt lat="47.81731" lon="-91.75862">
        <ele>445.5</ele>
      </trkpt>
      <trkpt lat="47.81748" lon="-91.75749">
        <ele>443.6</ele>
      </trkpt>
      <trkpt lat="47.81766" lon="-91.75636">
        <ele>442.3</ele>
      </trkpt>
      <trkpt lat="47.81789" lon="-91.75516">
        <ele>443.3</ele>
      </trkpt>
      <trkpt lat="47.81812" lon="-91.75418">
        <ele>446.2</ele>
      </trkpt>
      <trkpt lat="47.81835" lon="-91.7532">
        <ele>445.6</ele>
      </trkpt>
      <trkpt lat="47.81858" lon="-91.75222">
        <ele>446.8</ele>
      </trkpt>
      <trkpt lat="47.81881" lon="-91.75124">
        <ele>445.6</ele>
      </trkpt>
      <trkpt lat="47.81886" lon="-91.75075">
        <ele>445.2</ele>
      </trkpt>
      <trkpt lat="47.81885" lon="-91.75009">
        <ele>445.7</ele>
      </trkpt>
      <trkpt lat="47.81882" lon="-91.74958">
        <ele>446.0</ele>
      </trkpt>
      <trkpt lat="47.81875" lon="-91.74906">
        <ele>446.3</ele>
      </trkpt>
      <trkpt lat="47.81862" lon="-91.74848">
        <ele>446.4</ele>
      </trkpt>
      <trkpt lat="47.81846" lon="-91.748">
        <ele>446.0</ele>
      </trkpt>
      <trkpt lat="47.81802" lon="-91.74705">
        <ele>441.2</ele>
      </trkpt>
      <trkpt lat="47.81759" lon="-91.74611">
        <ele>436.8</ele>
      </trkpt>
      <trkpt lat="47.81716" lon="-91.74516">
        <ele>438.3</ele>
      </trkpt>
      <trkpt lat="47.81672" lon="-91.74421">
        <ele>438.5</ele>
      </trkpt>
      <trkpt lat="47.81656" lon="-91.74384">
        <ele>440.8</ele>
      </trkpt>
      <trkpt lat="47.81637" lon="-91.74318">
        <ele>438.1</ele>
      </trkpt>
      <trkpt lat="47.81629" lon="-91.74273">
        <ele>436.0</ele>
      </trkpt>
      <trkpt lat="47.81627" lon="-91.742">
        <ele>434.8</ele>
      </trkpt>
      <trkpt lat="47.81625" lon="-91.74126">
        <ele>434.5</ele>
      </trkpt>
      <trkpt lat="47.81624" lon="-91.74057">
        <ele>436.1</ele>
      </trkpt>
      <trkpt lat="47.81622" lon="-91.73987">
        <ele>437.0</ele>
      </trkpt>
      <trkpt lat="47.81618" lon="-91.73942">
        <ele>436.1</ele>
      </trkpt>
      <trkpt lat="47.81607" lon="-91.73898">
        <ele>435.3</ele>
      </trkpt>
      <trkpt lat="47.81571" lon="-91.73806">
        <ele>434.5</ele>
      </trkpt>
      <trkpt lat="47.81544" lon="-91.73745">
        <ele>434.0</ele>
      </trkpt>
      <trkpt lat="47.81517" lon="-91.73685">
        <ele>433.5</ele>
      </trkpt>
      <trkpt lat="47.81499" lon="-91.73643">
        <ele>433.2</ele>
      </trkpt>
      <trkpt lat="47.81489" lon="-91.73622">
        <ele>433.6</ele>
      </trkpt>
      <trkpt lat="47.81478" lon="-91.73603">
        <ele>434.1</ele>
      </trkpt>
      <trkpt lat="47.81467" lon="-91.73587">
        <ele>434.7</ele>
      </trkpt>
      <trkpt lat="47.81443" lon="-91.73556">
        <ele>435.8</ele>
      </trkpt>
      <trkpt lat="47.8138" lon="-91.73505">
        <ele>441.3</ele>
      </trkpt>
      <trkpt lat="47.81316" lon="-91.73454">
        <ele>446.5</ele>
      </trkpt>
      <trkpt lat="47.81238" lon="-91.73414">
        <ele>447.2</ele>
      </trkpt>
      <trkpt lat="47.81159" lon="-91.73373">
        <ele>447.6</ele>
      </trkpt>
      <trkpt lat="47.81134" lon="-91.7335">
        <ele>450.0</ele>
      </trkpt>
      <trkpt lat="47.81095" lon="-91.73301">
        <ele>454.3</ele>
      </trkpt>
      <trkpt lat="47.81057" lon="-91.73252">
        <ele>457.0</ele>
      </trkpt>
      <trkpt lat="47.81037" lon="-91.73221">
        <ele>457.2</ele>
      </trkpt>
      <trkpt lat="47.81015" lon="-91.73144">
        <ele>460.5</ele>
      </trkpt>
      <trkpt lat="47.80993" lon="-91.73068">
        <ele>459.5</ele>
      </trkpt>
      <trkpt lat="47.80969" lon="-91.73003">
        <ele>458.5</ele>
      </trkpt>
      <trkpt lat="47.80954" lon="-91.72976">
        <ele>458.5</ele>
      </trkpt>
      <trkpt lat="47.80915" lon="-91.72926">
        <ele>458.6</ele>
      </trkpt>
      <trkpt lat="47.80862" lon="-91.72866">
        <ele>454.7</ele>
      </trkpt>
      <trkpt lat="47.80808" lon="-91.72805">
        <ele>454.1</ele>
      </trkpt>
      <trkpt lat="47.8076" lon="-91.7275">
        <ele>455.8</ele>
      </trkpt>
      <trkpt lat="47.80712" lon="-91.72694">
        <ele>457.5</ele>
      </trkpt>
      <trkpt lat="47.80643" lon="-91.72611">
        <ele>455.9</ele>
      </trkpt>
      <trkpt lat="47.80573" lon="-91.72527">
        <ele>455.5</ele>
      </trkpt>
      <trkpt lat="47.80535" lon="-91.72473">
        <ele>455.7</ele>
      </trkpt>
      <trkpt lat="47.80497" lon="-91.72419">
        <ele>455.8</ele>
      </trkpt>
      <trkpt lat="47.80461" lon="-91.72359">
        <ele>456.1</ele>
      </trkpt>
      <trkpt lat="47.80438" lon="-91.7234">
        <ele>456.5</ele>
      </trkpt>
      <trkpt lat="47.80409" lon="-91.72332">
        <ele>457.3</ele>
      </trkpt>
      <trkpt lat="47.80338" lon="-91.72337">
        <ele>457.2</ele>
      </trkpt>
      <trkpt lat="47.80317" lon="-91.72332">
        <ele>456.3</ele>
      </trkpt>
      <trkpt lat="47.80294" lon="-91.72315">
        <ele>455.9</ele>
      </trkpt>
      <trkpt lat="47.80234" lon="-91.7226">
        <ele>456.1</ele>
      </trkpt>
      <trkpt lat="47.80175" lon="-91.72205">
        <ele>456.9</ele>
      </trkpt>
      <trkpt lat="47.80116" lon="-91.72151">
        <ele>457.8</ele>
      </trkpt>
      <trkpt lat="47.80056" lon="-91.72096">
        <ele>458.1</ele>
      </trkpt>
      <trkpt lat="47.80033" lon="-91.72072">
        <ele>458.1</ele>
      </trkpt>
      <trkpt lat="47.80014" lon="-91.72034">
        <ele>457.9</ele>
      </trkpt>
      <trkpt lat="47.7998" lon="-91.71937">
        <ele>457.7</ele>
      </trkpt>
      <trkpt lat="47.79945" lon="-91.7184">
        <ele>458.1</ele>
      </trkpt>
      <trkpt lat="47.79911" lon="-91.71743">
        <ele>461.1</ele>
      </trkpt>
      <trkpt lat="47.79877" lon="-91.71647">
        <ele>464.7</ele>
      </trkpt>
      <trkpt lat="47.79866" lon="-91.71606">
        <ele>464.2</ele>
      </trkpt>
      <trkpt lat="47.79855" lon="-91.71495">
        <ele>462.4</ele>
      </trkpt>
      <trkpt lat="47.79844" lon="-91.71384">
        <ele>461.1</ele>
      </trkpt>
      <trkpt lat="47.79833" lon="-91.71273">
        <ele>460.4</ele>
      </trkpt>
      <trkpt lat="47.79827" lon="-91.71241">
        <ele>460.3</ele>
      </trkpt>
      <trkpt lat="47.79811" lon="-91.71207">
        <ele>460.1</ele>
      </trkpt>
      <trkpt lat="47.79793" lon="-91.71181">
        <ele>460.1</ele>
      </trkpt>
      <trkpt lat="47.79775" lon="-91.71158">
        <ele>460.3</ele>
      </trkpt>
      <trkpt lat="47.7972" lon="-91.7111">
        <ele>460.4</ele>
      </trkpt>
      <trkpt lat="47.79664" lon="-91.71066">
        <ele>460.3</ele>
      </trkpt>
      <trkpt lat="47.79639" lon="-91.71054">
        <ele>460.5</ele>
      </trkpt>
      <trkpt lat="47.79614" lon="-91.7105">
        <ele>462.2</ele>
      </trkpt>
      <trkpt lat="47.79579" lon="-91.71061">
        <ele>462.6</ele>
      </trkpt>
      <trkpt lat="47.79545" lon="-91.71065">
        <ele>462.9</ele>
      </trkpt>
      <trkpt lat="47.79493" lon="-91.71048">
        <ele>464.3</ele>
      </trkpt>
      <trkpt lat="47.79461" lon="-91.71036">
        <ele>463.3</ele>
      </trkpt>
      <trkpt lat="47.79435" lon="-91.7102">
        <ele>461.8</ele>
      </trkpt>
      <trkpt lat="47.79412" lon="-91.70993">
        <ele>460.5</ele>
      </trkpt>
      <trkpt lat="47.79395" lon="-91.70967">
        <ele>460.2</ele>
      </trkpt>
      <trkpt lat="47.79379" lon="-91.70933">
        <ele>460.6</ele>
      </trkpt>
      <trkpt lat="47.79372" lon="-91.70901">
        <ele>464.1</ele>
      </trkpt>
      <trkpt lat="47.7937" lon="-91.70849">
        <ele>466.6</ele>
      </trkpt>
      <trkpt lat="47.79375" lon="-91.70718">
        <ele>463.0</ele>
      </trkpt>
      <trkpt lat="47.79375" lon="-91.7068">
        <ele>463.1</ele>
      </trkpt>
      <trkpt lat="47.79372" lon="-91.70651">
        <ele>463.4</ele>
      </trkpt>
      <trkpt lat="47.79364" lon="-91.70623">
        <ele>460.9</ele>
      </trkpt>
      <trkpt lat="47.79354" lon="-91.70598">
        <ele>460.5</ele>
      </trkpt>
      <trkpt lat="47.79342" lon="-91.7058">
        <ele>461.3</ele>
      </trkpt>
      <trkpt lat="47.79321" lon="-91.70552">
        <ele>463.5</ele>
      </trkpt>
      <trkpt lat="47.79291" lon="-91.70528">
        <ele>462.6</ele>
      </trkpt>
      <trkpt lat="47.79227" lon="-91.70484">
        <ele>457.6</ele>
      </trkpt>
      <trkpt lat="47.792" lon="-91.70462">
        <ele>456.5</ele>
      </trkpt>
      <trkpt lat="47.79179" lon="-91.70432">
        <ele>456.5</ele>
      </trkpt>
      <trkpt lat="47.79165" lon="-91.70411">
        <ele>456.7</ele>
      </trkpt>
      <trkpt lat="47.7915" lon="-91.70377">
        <ele>457.1</ele>
      </trkpt>
      <trkpt lat="47.79135" lon="-91.70329">
        <ele>457.2</ele>
      </trkpt>
      <trkpt lat="47.79125" lon="-91.70279">
        <ele>457.4</ele>
      </trkpt>
      <trkpt lat="47.79113" lon="-91.70183">
        <ele>457.4</ele>
      </trkpt>
      <trkpt lat="47.79101" lon="-91.70088">
        <ele>456.9</ele>
      </trkpt>
      <trkpt lat="47.79089" lon="-91.69993">
        <ele>456.8</ele>
      </trkpt>
      <trkpt lat="47.79083" lon="-91.6996">
        <ele>456.8</ele>
      </trkpt>
      <trkpt lat="47.79074" lon="-91.69926">
        <ele>457.1</ele>
      </trkpt>
      <trkpt lat="47.79053" lon="-91.69867">
        <ele>458.2</ele>
      </trkpt>
      <trkpt lat="47.79032" lon="-91.69808">
        <ele>460.1</ele>
      </trkpt>
      <trkpt lat="47.79014" lon="-91.69752">
        <ele>463.3</ele>
      </trkpt>
      <trkpt lat="47.79005" lon="-91.69712">
        <ele>465.3</ele>
      </trkpt>
      <trkpt lat="47.79001" lon="-91.69678">
        <ele>466.6</ele>
      </trkpt>
      <trkpt lat="47.79003" lon="-91.69637">
        <ele>467.3</ele>
      </trkpt>
      <trkpt lat="47.79011" lon="-91.69504">
        <ele>469.1</ele>
      </trkpt>
      <trkpt lat="47.79008" lon="-91.69472">
        <ele>469.1</ele>
      </trkpt>
      <trkpt lat="47.79003" lon="-91.69443">
        <ele>468.9</ele>
      </trkpt>
      <trkpt lat="47.78994" lon="-91.69413">
        <ele>469.0</ele>
      </trkpt>
      <trkpt lat="47.78984" lon="-91.69389">
        <ele>469.6</ele>
      </trkpt>
      <trkpt lat="47.78972" lon="-91.69368">
        <ele>470.4</ele>
      </trkpt>
      <trkpt lat="47.78956" lon="-91.69347">
        <ele>471.9</ele>
      </trkpt>
      <trkpt lat="47.78938" lon="-91.69328">
        <ele>473.4</ele>
      </trkpt>
      <trkpt lat="47.78918" lon="-91.69312">
        <ele>475.3</ele>
      </trkpt>
      <trkpt lat="47.78844" lon="-91.6927">
        <ele>474.6</ele>
      </trkpt>
      <trkpt lat="47.78769" lon="-91.69228">
        <ele>469.5</ele>
      </trkpt>
      <trkpt lat="47.78742" lon="-91.69206">
        <ele>467.5</ele>
      </trkpt>
      <trkpt lat="47.78715" lon="-91.69174">
        <ele>466.7</ele>
      </trkpt>
      <trkpt lat="47.78693" lon="-91.69141">
        <ele>466.7</ele>
      </trkpt>
      <trkpt lat="47.78652" lon="-91.69074">
        <ele>466.4</ele>
      </trkpt>
      <trkpt lat="47.7861" lon="-91.69007">
        <ele>472.3</ele>
      </trkpt>
      <trkpt lat="47.78569" lon="-91.6894">
        <ele>472.4</ele>
      </trkpt>
      <trkpt lat="47.78541" lon="-91.68902">
        <ele>470.7</ele>
      </trkpt>
      <trkpt lat="47.78482" lon="-91.68843">
        <ele>469.9</ele>
      </trkpt>
      <trkpt lat="47.78431" lon="-91.68791">
        <ele>472.7</ele>
      </trkpt>
      <trkpt lat="47.78381" lon="-91.68739">
        <ele>471.9</ele>
      </trkpt>
      <trkpt lat="47.78346" lon="-91.68708">
        <ele>469.4</ele>
      </trkpt>
      <trkpt lat="47.78302" lon="-91.68675">
        <ele>468.5</ele>
      </trkpt>
      <trkpt lat="47.7826" lon="-91.68649">
        <ele>466.6</ele>
      </trkpt>
      <trkpt lat="47.78218" lon="-91.68623">
        <ele>466.6</ele>
      </trkpt>
      <trkpt lat="47.78191" lon="-91.68598">
        <ele>465.9</ele>
      </trkpt>
      <trkpt lat="47.78163" lon="-91.68566">
        <ele>466.3</ele>
      </trkpt>
      <trkpt lat="47.78114" lon="-91.68506">
        <ele>466.4</ele>
      </trkpt>
      <trkpt lat="47.78066" lon="-91.68446">
        <ele>463.3</ele>
      </trkpt>
      <trkpt lat="47.78035" lon="-91.68415">
        <ele>462.4</ele>
      </trkpt>
      <trkpt lat="47.77967" lon="-91.68355">
        <ele>465.6</ele>
      </trkpt>
      <trkpt lat="47.77934" lon="-91.68323">
        <ele>468.8</ele>
      </trkpt>
      <trkpt lat="47.77908" lon="-91.68292">
        <ele>469.1</ele>
      </trkpt>
      <trkpt lat="47.77884" lon="-91.68255">
        <ele>466.7</ele>
      </trkpt>
      <trkpt lat="47.77851" lon="-91.682">
        <ele>466.0</ele>
      </trkpt>
      <trkpt lat="47.77818" lon="-91.68145">
        <ele>466.3</ele>
      </trkpt>
      <trkpt lat="47.77783" lon="-91.68092">
        <ele>468.4</ele>
      </trkpt>
      <trkpt lat="47.77745" lon="-91.68042">
        <ele>469.5</ele>
      </trkpt>
      <trkpt lat="47.7769" lon="-91.67976">
        <ele>469.0</ele>
      </trkpt>
      <trkpt lat="47.77635" lon="-91.67911">
        <ele>470.6</ele>
      </trkpt>
      <trkpt lat="47.77608" lon="-91.67876">
        <ele>473.6</ele>
      </trkpt>
      <trkpt lat="47.77582" lon="-91.67835">
        <ele>474.9</ele>
      </trkpt>
      <trkpt lat="47.77542" lon="-91.67752">
        <ele>472.6</ele>
      </trkpt>
      <trkpt lat="47.77507" lon="-91.67687">
        <ele>473.3</ele>
      </trkpt>
      <trkpt lat="47.77459" lon="-91.67612">
        <ele>476.4</ele>
      </trkpt>
      <trkpt lat="47.77411" lon="-91.67538">
        <ele>476.1</ele>
      </trkpt>
      <trkpt lat="47.77363" lon="-91.67463">
        <ele>476.4</ele>
      </trkpt>
      <trkpt lat="47.77343" lon="-91.67435">
        <ele>477.2</ele>
      </trkpt>
      <trkpt lat="47.77292" lon="-91.67376">
        <ele>479.1</ele>
      </trkpt>
      <trkpt lat="47.77235" lon="-91.67321">
        <ele>478.6</ele>
      </trkpt>
      <trkpt lat="47.77187" lon="-91.67268">
        <ele>475.9</ele>
      </trkpt>
      <trkpt lat="47.7717" lon="-91.67244">
        <ele>477.7</ele>
      </trkpt>
      <trkpt lat="47.77157" lon="-91.67213">
        <ele>478.6</ele>
      </trkpt>
      <trkpt lat="47.77146" lon="-91.67169">
        <ele>478.3</ele>
      </trkpt>
      <trkpt lat="47.7714" lon="-91.67122">
        <ele>477.3</ele>
      </trkpt>
      <trkpt lat="47.77141" lon="-91.67068">
        <ele>476.8</ele>
      </trkpt>
      <trkpt lat="47.77149" lon="-91.66956">
        <ele>478.5</ele>
      </trkpt>
      <trkpt lat="47.77157" lon="-91.66845">
        <ele>478.0</ele>
      </trkpt>
      <trkpt lat="47.77166" lon="-91.66733">
        <ele>478.3</ele>
      </trkpt>
      <trkpt lat="47.77167" lon="-91.66676">
        <ele>478.6</ele>
      </trkpt>
      <trkpt lat="47.77158" lon="-91.66604">
        <ele>478.8</ele>
      </trkpt>
      <trkpt lat="47.77144" lon="-91.66539">
        <ele>478.8</ele>
      </trkpt>
      <trkpt lat="47.77129" lon="-91.66474">
        <ele>481.6</ele>
      </trkpt>
      <trkpt lat="47.77103" lon="-91.66394">
        <ele>484.3</ele>
      </trkpt>
      <trkpt lat="47.77076" lon="-91.66314">
        <ele>487.3</ele>
      </trkpt>
      <trkpt lat="47.77058" lon="-91.66269">
        <ele>489.4</ele>
      </trkpt>
      <trkpt lat="47.77038" lon="-91.66227">
        <ele>490.9</ele>
      </trkpt>
      <trkpt lat="47.76981" lon="-91.66142">
        <ele>488.4</ele>
      </trkpt>
      <trkpt lat="47.76953" lon="-91.66104">
        <ele>486.8</ele>
      </trkpt>
      <trkpt lat="47.76918" lon="-91.66065">
        <ele>485.0</ele>
      </trkpt>
      <trkpt lat="47.76894" lon="-91.66042">
        <ele>484.9</ele>
      </trkpt>
      <trkpt lat="47.76874" lon="-91.66022">
        <ele>485.1</ele>
      </trkpt>
      <trkpt lat="47.76844" lon="-91.66001">
        <ele>483.8</ele>
      </trkpt>
      <trkpt lat="47.76779" lon="-91.65964">
        <ele>487.1</ele>
      </trkpt>
      <trkpt lat="47.76714" lon="-91.65927">
        <ele>488.3</ele>
      </trkpt>
      <trkpt lat="47.76649" lon="-91.65889">
        <ele>484.8</ele>
      </trkpt>
      <trkpt lat="47.76626" lon="-91.65869">
        <ele>484.7</ele>
      </trkpt>
      <trkpt lat="47.76603" lon="-91.65842">
        <ele>484.8</ele>
      </trkpt>
      <trkpt lat="47.76579" lon="-91.6581">
        <ele>482.0</ele>
      </trkpt>
      <trkpt lat="47.76563" lon="-91.65768">
        <ele>481.2</ele>
      </trkpt>
      <trkpt lat="47.76555" lon="-91.65723">
        <ele>482.4</ele>
      </trkpt>
      <trkpt lat="47.76551" lon="-91.6569">
        <ele>482.1</ele>
      </trkpt>
      <trkpt lat="47.7655" lon="-91.65557">
        <ele>475.4</ele>
      </trkpt>
      <trkpt lat="47.76546" lon="-91.65518">
        <ele>475.0</ele>
      </trkpt>
      <trkpt lat="47.76538" lon="-91.65479">
        <ele>475.1</ele>
      </trkpt>
      <trkpt lat="47.76525" lon="-91.65439">
        <ele>474.9</ele>
      </trkpt>
      <trkpt lat="47.76484" lon="-91.65376">
        <ele>474.7</ele>
      </trkpt>
      <trkpt lat="47.76444" lon="-91.65313">
        <ele>474.8</ele>
      </trkpt>
      <trkpt lat="47.76417" lon="-91.65263">
        <ele>475.1</ele>
      </trkpt>
      <trkpt lat="47.76398" lon="-91.65215">
        <ele>478.5</ele>
      </trkpt>
      <trkpt lat="47.76382" lon="-91.6517">
        <ele>480.5</ele>
      </trkpt>
      <trkpt lat="47.76358" lon="-91.65097">
        <ele>481.9</ele>
      </trkpt>
      <trkpt lat="47.76334" lon="-91.65025">
        <ele>482.6</ele>
      </trkpt>
      <trkpt lat="47.76316" lon="-91.64986">
        <ele>484.6</ele>
      </trkpt>
      <trkpt lat="47.76293" lon="-91.64949">
        <ele>484.3</ele>
      </trkpt>
      <trkpt lat="47.76272" lon="-91.64927">
        <ele>485.6</ele>
      </trkpt>
      <trkpt lat="47.76241" lon="-91.64901">
        <ele>488.1</ele>
      </trkpt>
      <trkpt lat="47.76166" lon="-91.64849">
        <ele>493.9</ele>
      </trkpt>
      <trkpt lat="47.76092" lon="-91.64796">
        <ele>494.3</ele>
      </trkpt>
      <trkpt lat="47.76017" lon="-91.64744">
        <ele>494.6</ele>
      </trkpt>
      <trkpt lat="47.75993" lon="-91.64725">
        <ele>497.9</ele>
      </trkpt>
      <trkpt lat="47.75964" lon="-91.64711">
        <ele>501.9</ele>
      </trkpt>
      <trkpt lat="47.75921" lon="-91.64711">
        <ele>505.3</ele>
      </trkpt>
      <trkpt lat="47.75878" lon="-91.64729">
        <ele>504.4</ele>
      </trkpt>
      <trkpt lat="47.75852" lon="-91.64759">
        <ele>502.6</ele>
      </trkpt>
      <trkpt lat="47.75813" lon="-91.64796">
        <ele>499.6</ele>
      </trkpt>
      <trkpt lat="47.75773" lon="-91.64833">
        <ele>498.6</ele>
      </trkpt>
      <trkpt lat="47.75745" lon="-91.64852">
        <ele>499.4</ele>
      </trkpt>
      <trkpt lat="47.75724" lon="-91.64864">
        <ele>499.4</ele>
      </trkpt>
      <trkpt lat="47.75711" lon="-91.64869">
        <ele>499.0</ele>
      </trkpt>
      <trkpt lat="47.75691" lon="-91.64872">
        <ele>498.0</ele>
      </trkpt>
      <trkpt lat="47.75671" lon="-91.64872">
        <ele>496.8</ele>
      </trkpt>
      <trkpt lat="47.75624" lon="-91.64864">
        <ele>494.5</ele>
      </trkpt>
      <trkpt lat="47.75577" lon="-91.64855">
        <ele>492.0</ele>
      </trkpt>
      <trkpt lat="47.75527" lon="-91.64817">
        <ele>492.6</ele>
      </trkpt>
      <trkpt lat="47.75488" lon="-91.64774">
        <ele>493.0</ele>
      </trkpt>
      <trkpt lat="47.7547" lon="-91.64751">
        <ele>493.4</ele>
      </trkpt>
      <trkpt lat="47.75451" lon="-91.64716">
        <ele>493.9</ele>
      </trkpt>
      <trkpt lat="47.75436" lon="-91.64681">
        <ele>494.7</ele>
      </trkpt>
      <trkpt lat="47.75418" lon="-91.64635">
        <ele>498.9</ele>
      </trkpt>
      <trkpt lat="47.75393" lon="-91.64556">
        <ele>493.4</ele>
      </trkpt>
      <trkpt lat="47.75377" lon="-91.64512">
        <ele>488.4</ele>
      </trkpt>
      <trkpt lat="47.75351" lon="-91.64432">
        <ele>487.4</ele>
      </trkpt>
      <trkpt lat="47.75321" lon="-91.6436">
        <ele>484.1</ele>
      </trkpt>
      <trkpt lat="47.75278" lon="-91.64279">
        <ele>484.2</ele>
      </trkpt>
      <trkpt lat="47.75244" lon="-91.6424">
        <ele>482.7</ele>
      </trkpt>
      <trkpt lat="47.75221" lon="-91.64219">
        <ele>480.9</ele>
      </trkpt>
      <trkpt lat="47.75196" lon="-91.64201">
        <ele>478.4</ele>
      </trkpt>
      <trkpt lat="47.75149" lon="-91.64164">
        <ele>475.1</ele>
      </trkpt>
      <trkpt lat="47.75065" lon="-91.64135">
        <ele>474.6</ele>
      </trkpt>
      <trkpt lat="47.74997" lon="-91.64128">
        <ele>477.7</ele>
      </trkpt>
      <trkpt lat="47.74948" lon="-91.64132">
        <ele>477.1</ele>
      </trkpt>
      <trkpt lat="47.74894" lon="-91.64151">
        <ele>479.9</ele>
      </trkpt>
      <trkpt lat="47.74849" lon="-91.64167">
        <ele>482.8</ele>
      </trkpt>
      <trkpt lat="47.74804" lon="-91.64184">
        <ele>486.4</ele>
      </trkpt>
      <trkpt lat="47.74757" lon="-91.64199">
        <ele>489.8</ele>
      </trkpt>
      <trkpt lat="47.7471" lon="-91.64201">
        <ele>492.7</ele>
      </trkpt>
      <trkpt lat="47.74643" lon="-91.64202">
        <ele>495.5</ele>
      </trkpt>
      <trkpt lat="47.74576" lon="-91.64203">
        <ele>499.0</ele>
      </trkpt>
      <trkpt lat="47.74494" lon="-91.64202">
        <ele>498.4</ele>
      </trkpt>
      <trkpt lat="47.74428" lon="-91.64194">
        <ele>496.3</ele>
      </trkpt>
      <trkpt lat="47.74375" lon="-91.64186">
        <ele>495.6</ele>
      </trkpt>
      <trkpt lat="47.74322" lon="-91.64178">
        <ele>495.6</ele>
      </trkpt>
      <trkpt lat="47.74275" lon="-91.64174">
        <ele>495.0</ele>
      </trkpt>
      <trkpt lat="47.74216" lon="-91.64174">
        <ele>491.9</ele>
      </trkpt>
      <trkpt lat="47.7417" lon="-91.64176">
        <ele>488.9</ele>
      </trkpt>
      <trkpt lat="47.74124" lon="-91.64179">
        <ele>486.7</ele>
      </trkpt>
      <trkpt lat="47.74062" lon="-91.64186">
        <ele>484.5</ele>
      </trkpt>
      <trkpt lat="47.74001" lon="-91.64192">
        <ele>483.6</ele>
      </trkpt>
      <trkpt lat="47.73965" lon="-91.64187">
        <ele>483.4</ele>
      </trkpt>
      <trkpt lat="47.73934" lon="-91.64172">
        <ele>483.6</ele>
      </trkpt>
      <trkpt lat="47.73913" lon="-91.64159">
        <ele>483.6</ele>
      </trkpt>
      <trkpt lat="47.73899" lon="-91.6414">
        <ele>483.8</ele>
      </trkpt>
      <trkpt lat="47.73887" lon="-91.64119">
        <ele>483.9</ele>
      </trkpt>
      <trkpt lat="47.73875" lon="-91.64098">
        <ele>484.3</ele>
      </trkpt>
      <trkpt lat="47.73849" lon="-91.64047">
        <ele>485.1</ele>
      </trkpt>
      <trkpt lat="47.73819" lon="-91.63996">
        <ele>484.7</ele>
      </trkpt>
      <trkpt lat="47.73786" lon="-91.63965">
        <ele>484.9</ele>
      </trkpt>
      <trkpt lat="47.73756" lon="-91.63945">
        <ele>486.9</ele>
      </trkpt>
      <trkpt lat="47.73699" lon="-91.63935">
        <ele>488.1</ele>
      </trkpt>
      <trkpt lat="47.7365" lon="-91.63948">
        <ele>492.7</ele>
      </trkpt>
      <trkpt lat="47.736" lon="-91.63961">
        <ele>493.2</ele>
      </trkpt>
      <trkpt lat="47.73555" lon="-91.63977">
        <ele>493.3</ele>
      </trkpt>
      <trkpt lat="47.7351" lon="-91.63993">
        <ele>493.5</ele>
      </trkpt>
      <trkpt lat="47.73451" lon="-91.64011">
        <ele>495.9</ele>
      </trkpt>
      <trkpt lat="47.73392" lon="-91.6403">
        <ele>495.6</ele>
      </trkpt>
      <trkpt lat="47.73341" lon="-91.64056">
        <ele>494.2</ele>
      </trkpt>
      <trkpt lat="47.7329" lon="-91.64083">
        <ele>493.1</ele>
      </trkpt>
      <trkpt lat="47.73255" lon="-91.64111">
        <ele>492.8</ele>
      </trkpt>
      <trkpt lat="47.73198" lon="-91.64173">
        <ele>492.9</ele>
      </trkpt>
      <trkpt lat="47.73164" lon="-91.64213">
        <ele>492.7</ele>
      </trkpt>
      <trkpt lat="47.73111" lon="-91.64306">
        <ele>490.4</ele>
      </trkpt>
      <trkpt lat="47.73057" lon="-91.64399">
        <ele>490.6</ele>
      </trkpt>
      <trkpt lat="47.73003" lon="-91.64493">
        <ele>489.7</ele>
      </trkpt>
      <trkpt lat="47.72982" lon="-91.6451">
        <ele>489.0</ele>
      </trkpt>
      <trkpt lat="47.72971" lon="-91.64517">
        <ele>488.7</ele>
      </trkpt>
      <trkpt lat="47.72957" lon="-91.64524">
        <ele>488.3</ele>
      </trkpt>
      <trkpt lat="47.72907" lon="-91.64534">
        <ele>487.5</ele>
      </trkpt>
      <trkpt lat="47.72884" lon="-91.64528">
        <ele>487.4</ele>
      </trkpt>
      <trkpt lat="47.72851" lon="-91.64512">
        <ele>488.1</ele>
      </trkpt>
      <trkpt lat="47.72835" lon="-91.64502">
        <ele>488.7</ele>
      </trkpt>
      <trkpt lat="47.72778" lon="-91.64457">
        <ele>491.3</ele>
      </trkpt>
      <trkpt lat="47.72763" lon="-91.64449">
        <ele>492.0</ele>
      </trkpt>
      <trkpt lat="47.72749" lon="-91.64444">
        <ele>492.2</ele>
      </trkpt>
      <trkpt lat="47.72681" lon="-91.64436">
        <ele>491.7</ele>
      </trkpt>
      <trkpt lat="47.72655" lon="-91.64427">
        <ele>492.8</ele>
      </trkpt>
      <trkpt lat="47.72596" lon="-91.64397">
        <ele>495.9</ele>
      </trkpt>
      <trkpt lat="47.72578" lon="-91.64396">
        <ele>496.0</ele>
      </trkpt>
      <trkpt lat="47.72522" lon="-91.64396">
        <ele>496.5</ele>
      </trkpt>
      <trkpt lat="47.72467" lon="-91.64396">
        <ele>496.5</ele>
      </trkpt>
      <trkpt lat="47.72426" lon="-91.64391">
        <ele>496.2</ele>
      </trkpt>
      <trkpt lat="47.72399" lon="-91.64384">
        <ele>495.3</ele>
      </trkpt>
      <trkpt lat="47.72333" lon="-91.64358">
        <ele>495.1</ele>
      </trkpt>
      <trkpt lat="47.72314" lon="-91.64353">
        <ele>495.3</ele>
      </trkpt>
      <trkpt lat="47.72296" lon="-91.64354">
        <ele>495.2</ele>
      </trkpt>
      <trkpt lat="47.72209" lon="-91.64376">
        <ele>494.7</ele>
      </trkpt>
      <trkpt lat="47.72122" lon="-91.64398">
        <ele>494.7</ele>
      </trkpt>
      <trkpt lat="47.72091" lon="-91.64416">
        <ele>494.4</ele>
      </trkpt>
      <trkpt lat="47.72066" lon="-91.64437">
        <ele>494.1</ele>
      </trkpt>
      <trkpt lat="47.72047" lon="-91.64461">
        <ele>493.8</ele>
      </trkpt>
      <trkpt lat="47.72025" lon="-91.645">
        <ele>493.5</ele>
      </trkpt>
      <trkpt lat="47.71974" lon="-91.64608">
        <ele>496.1</ele>
      </trkpt>
      <trkpt lat="47.71956" lon="-91.64637">
        <ele>497.7</ele>
      </trkpt>
      <trkpt lat="47.71936" lon="-91.64658">
        <ele>498.4</ele>
      </trkpt>
      <trkpt lat="47.71917" lon="-91.64668">
        <ele>498.8</ele>
      </trkpt>
      <trkpt lat="47.71858" lon="-91.64692">
        <ele>499.3</ele>
      </trkpt>
      <trkpt lat="47.718" lon="-91.64715">
        <ele>500.8</ele>
      </trkpt>
      <trkpt lat="47.71777" lon="-91.6473">
        <ele>501.5</ele>
      </trkpt>
      <trkpt lat="47.71758" lon="-91.64745">
        <ele>501.7</ele>
      </trkpt>
      <trkpt lat="47.71734" lon="-91.64785">
        <ele>501.8</ele>
      </trkpt>
      <trkpt lat="47.71725" lon="-91.64812">
        <ele>502.1</ele>
      </trkpt>
      <trkpt lat="47.71718" lon="-91.64838">
        <ele>503.0</ele>
      </trkpt>
      <trkpt lat="47.7171" lon="-91.6485">
        <ele>503.8</ele>
      </trkpt>
      <trkpt lat="47.71701" lon="-91.64858">
        <ele>504.2</ele>
      </trkpt>
      <trkpt lat="47.71689" lon="-91.64865">
        <ele>504.6</ele>
      </trkpt>
      <trkpt lat="47.71672" lon="-91.64865">
        <ele>504.6</ele>
      </trkpt>
      <trkpt lat="47.71609" lon="-91.64851">
        <ele>505.4</ele>
      </trkpt>
      <trkpt lat="47.71588" lon="-91.64842">
        <ele>506.2</ele>
      </trkpt>
      <trkpt lat="47.71572" lon="-91.64832">
        <ele>506.9</ele>
      </trkpt>
      <trkpt lat="47.71549" lon="-91.64812">
        <ele>507.2</ele>
      </trkpt>
      <trkpt lat="47.71492" lon="-91.64745">
        <ele>506.8</ele>
      </trkpt>
      <trkpt lat="47.71458" lon="-91.64699">
        <ele>507.0</ele>
      </trkpt>
      <trkpt lat="47.71424" lon="-91.64653">
        <ele>508.4</ele>
      </trkpt>
      <trkpt lat="47.71406" lon="-91.64635">
        <ele>508.6</ele>
      </trkpt>
      <trkpt lat="47.71392" lon="-91.64629">
        <ele>508.6</ele>
      </trkpt>
      <trkpt lat="47.71377" lon="-91.64627">
        <ele>508.8</ele>
      </trkpt>
      <trkpt lat="47.71327" lon="-91.64622">
        <ele>511.5</ele>
      </trkpt>
      <trkpt lat="47.71278" lon="-91.64618">
        <ele>508.9</ele>
      </trkpt>
      <trkpt lat="47.7121" lon="-91.64606">
        <ele>508.9</ele>
      </trkpt>
      <trkpt lat="47.71143" lon="-91.64594">
        <ele>511.7</ele>
      </trkpt>
      <trkpt lat="47.71075" lon="-91.64583">
        <ele>511.4</ele>
      </trkpt>
      <trkpt lat="47.71053" lon="-91.64576">
        <ele>510.9</ele>
      </trkpt>
      <trkpt lat="47.7103" lon="-91.64568">
        <ele>511.6</ele>
      </trkpt>
      <trkpt lat="47.71008" lon="-91.64553">
        <ele>512.2</ele>
      </trkpt>
      <trkpt lat="47.70938" lon="-91.64483">
        <ele>511.7</ele>
      </trkpt>
      <trkpt lat="47.70871" lon="-91.64421">
        <ele>510.3</ele>
      </trkpt>
      <trkpt lat="47.70804" lon="-91.6436">
        <ele>509.8</ele>
      </trkpt>
      <trkpt lat="47.70738" lon="-91.64299">
        <ele>508.9</ele>
      </trkpt>
      <trkpt lat="47.70671" lon="-91.64237">
        <ele>509.1</ele>
      </trkpt>
      <trkpt lat="47.70604" lon="-91.64176">
        <ele>513.0</ele>
      </trkpt>
      <trkpt lat="47.70543" lon="-91.64123">
        <ele>513.1</ele>
      </trkpt>
      <trkpt lat="47.70482" lon="-91.6407">
        <ele>511.1</ele>
      </trkpt>
      <trkpt lat="47.70422" lon="-91.64017">
        <ele>509.9</ele>
      </trkpt>
      <trkpt lat="47.70361" lon="-91.63965">
        <ele>510.3</ele>
      </trkpt>
      <trkpt lat="47.70334" lon="-91.63949">
        <ele>510.6</ele>
      </trkpt>
      <trkpt lat="47.70308" lon="-91.63936">
        <ele>510.6</ele>
      </trkpt>
      <trkpt lat="47.70284" lon="-91.63929">
        <ele>510.6</ele>
      </trkpt>
      <trkpt lat="47.70255" lon="-91.63926">
        <ele>512.0</ele>
      </trkpt>
      <trkpt lat="47.70224" lon="-91.6393">
        <ele>512.6</ele>
      </trkpt>
      <trkpt lat="47.70198" lon="-91.63938">
        <ele>512.7</ele>
      </trkpt>
      <trkpt lat="47.70172" lon="-91.63952">
        <ele>513.1</ele>
      </trkpt>
      <trkpt lat="47.70146" lon="-91.63971">
        <ele>512.8</ele>
      </trkpt>
      <trkpt lat="47.70096" lon="-91.64019">
        <ele>513.0</ele>
      </trkpt>
      <trkpt lat="47.70046" lon="-91.64067">
        <ele>513.5</ele>
      </trkpt>
      <trkpt lat="47.70022" lon="-91.64084">
        <ele>513.6</ele>
      </trkpt>
      <trkpt lat="47.69991" lon="-91.64099">
        <ele>515.5</ele>
      </trkpt>
      <trkpt lat="47.69932" lon="-91.64112">
        <ele>516.5</ele>
      </trkpt>
      <trkpt lat="47.69865" lon="-91.6413">
        <ele>512.5</ele>
      </trkpt>
      <trkpt lat="47.69798" lon="-91.64149">
        <ele>512.7</ele>
      </trkpt>
      <trkpt lat="47.69779" lon="-91.64151">
        <ele>512.4</ele>
      </trkpt>
      <trkpt lat="47.69757" lon="-91.6415">
        <ele>511.9</ele>
      </trkpt>
      <trkpt lat="47.69738" lon="-91.64146">
        <ele>510.1</ele>
      </trkpt>
      <trkpt lat="47.69672" lon="-91.64122">
        <ele>510.2</ele>
      </trkpt>
      <trkpt lat="47.69652" lon="-91.64119">
        <ele>510.1</ele>
      </trkpt>
      <trkpt lat="47.6962" lon="-91.64123">
        <ele>509.7</ele>
      </trkpt>
      <trkpt lat="47.6959" lon="-91.6413">
        <ele>509.8</ele>
      </trkpt>
      <trkpt lat="47.69563" lon="-91.64141">
        <ele>509.7</ele>
      </trkpt>
      <trkpt lat="47.69549" lon="-91.64142">
        <ele>509.5</ele>
      </trkpt>
      <trkpt lat="47.69536" lon="-91.6414">
        <ele>509.5</ele>
      </trkpt>
      <trkpt lat="47.69454" lon="-91.64111">
        <ele>509.6</ele>
      </trkpt>
      <trkpt lat="47.69436" lon="-91.64107">
        <ele>509.6</ele>
      </trkpt>
      <trkpt lat="47.69419" lon="-91.64108">
        <ele>509.4</ele>
      </trkpt>
      <trkpt lat="47.69364" lon="-91.64122">
        <ele>509.0</ele>
      </trkpt>
      <trkpt lat="47.69309" lon="-91.64136">
        <ele>508.3</ele>
      </trkpt>
      <trkpt lat="47.69282" lon="-91.6414">
        <ele>507.8</ele>
      </trkpt>
      <trkpt lat="47.69222" lon="-91.64137">
        <ele>506.6</ele>
      </trkpt>
      <trkpt lat="47.69141" lon="-91.64128">
        <ele>505.3</ele>
      </trkpt>
      <trkpt lat="47.69109" lon="-91.6413">
        <ele>504.9</ele>
      </trkpt>
      <trkpt lat="47.69026" lon="-91.64119">
        <ele>503.8</ele>
      </trkpt>
      <trkpt lat="47.68964" lon="-91.64107">
        <ele>503.2</ele>
      </trkpt>
      <trkpt lat="47.68902" lon="-91.64096">
        <ele>503.3</ele>
      </trkpt>
      <trkpt lat="47.68866" lon="-91.64085">
        <ele>502.2</ele>
      </trkpt>
      <trkpt lat="47.68839" lon="-91.64072">
        <ele>501.0</ele>
      </trkpt>
      <trkpt lat="47.68816" lon="-91.64057">
        <ele>501.0</ele>
      </trkpt>
      <trkpt lat="47.68774" lon="-91.64017">
        <ele>501.1</ele>
      </trkpt>
      <trkpt lat="47.68763" lon="-91.64007">
        <ele>501.1</ele>
      </trkpt>
      <trkpt lat="47.68744" lon="-91.63983">
        <ele>501.2</ele>
      </trkpt>
      <trkpt lat="47.68723" lon="-91.63954">
        <ele>501.3</ele>
      </trkpt>
      <trkpt lat="47.68702" lon="-91.63917">
        <ele>501.3</ele>
      </trkpt>
      <trkpt lat="47.6868" lon="-91.63866">
        <ele>501.0</ele>
      </trkpt>
      <trkpt lat="47.68639" lon="-91.63761">
        <ele>502.3</ele>
      </trkpt>
      <trkpt lat="47.68597" lon="-91.63656">
        <ele>505.0</ele>
      </trkpt>
      <trkpt lat="47.68556" lon="-91.63552">
        <ele>507.0</ele>
      </trkpt>
      <trkpt lat="47.68521" lon="-91.63484">
        <ele>508.4</ele>
      </trkpt>
      <trkpt lat="47.68493" lon="-91.63443">
        <ele>506.9</ele>
      </trkpt>
      <trkpt lat="47.68431" lon="-91.63358">
        <ele>510.5</ele>
      </trkpt>
      <trkpt lat="47.68369" lon="-91.63273">
        <ele>515.7</ele>
      </trkpt>
      <trkpt lat="47.68351" lon="-91.6324">
        <ele>518.3</ele>
      </trkpt>
      <trkpt lat="47.6834" lon="-91.6321">
        <ele>513.2</ele>
      </trkpt>
      <trkpt lat="47.68331" lon="-91.63176">
        <ele>511.2</ele>
      </trkpt>
      <trkpt lat="47.68327" lon="-91.63145">
        <ele>508.9</ele>
      </trkpt>
      <trkpt lat="47.68329" lon="-91.6311">
        <ele>508.2</ele>
      </trkpt>
      <trkpt lat="47.68335" lon="-91.63074">
        <ele>509.0</ele>
      </trkpt>
      <trkpt lat="47.68344" lon="-91.63044">
        <ele>511.0</ele>
      </trkpt>
      <trkpt lat="47.68359" lon="-91.63015">
        <ele>510.4</ele>
      </trkpt>
      <trkpt lat="47.68413" lon="-91.62936">
        <ele>508.3</ele>
      </trkpt>
      <trkpt lat="47.68428" lon="-91.62909">
        <ele>508.5</ele>
      </trkpt>
      <trkpt lat="47.68437" lon="-91.62883">
        <ele>509.8</ele>
      </trkpt>
      <trkpt lat="47.68446" lon="-91.62853">
        <ele>510.3</ele>
      </trkpt>
      <trkpt lat="47.68449" lon="-91.62823">
        <ele>510.7</ele>
      </trkpt>
      <trkpt lat="47.68444" lon="-91.6279">
        <ele>510.2</ele>
      </trkpt>
      <trkpt lat="47.68429" lon="-91.6271">
        <ele>509.6</ele>
      </trkpt>
      <trkpt lat="47.68414" lon="-91.6263">
        <ele>510.7</ele>
      </trkpt>
      <trkpt lat="47.68409" lon="-91.62594">
        <ele>510.7</ele>
      </trkpt>
      <trkpt lat="47.68394" lon="-91.6247">
        <ele>512.8</ele>
      </trkpt>
      <trkpt lat="47.68388" lon="-91.62438">
        <ele>513.5</ele>
      </trkpt>
      <trkpt lat="47.68376" lon="-91.62403">
        <ele>513.5</ele>
      </trkpt>
      <trkpt lat="47.6836" lon="-91.62377">
        <ele>514.0</ele>
      </trkpt>
      <trkpt lat="47.6834" lon="-91.62349">
        <ele>514.6</ele>
      </trkpt>
      <trkpt lat="47.68331" lon="-91.62325">
        <ele>514.8</ele>
      </trkpt>
      <trkpt lat="47.68325" lon="-91.62298">
        <ele>515.2</ele>
      </trkpt>
      <trkpt lat="47.68325" lon="-91.62261">
        <ele>515.1</ele>
      </trkpt>
      <trkpt lat="47.68337" lon="-91.62132">
        <ele>514.3</ele>
      </trkpt>
      <trkpt lat="47.68336" lon="-91.62087">
        <ele>514.3</ele>
      </trkpt>
      <trkpt lat="47.68329" lon="-91.62053">
        <ele>514.5</ele>
      </trkpt>
      <trkpt lat="47.68319" lon="-91.62017">
        <ele>515.0</ele>
      </trkpt>
      <trkpt lat="47.68307" lon="-91.61986">
        <ele>516.0</ele>
      </trkpt>
      <trkpt lat="47.68296" lon="-91.61962">
        <ele>517.5</ele>
      </trkpt>
      <trkpt lat="47.68283" lon="-91.61943">
        <ele>518.8</ele>
      </trkpt>
      <trkpt lat="47.68264" lon="-91.61922">
        <ele>519.3</ele>
      </trkpt>
      <trkpt lat="47.68241" lon="-91.61905">
        <ele>519.8</ele>
      </trkpt>
      <trkpt lat="47.68206" lon="-91.61891">
        <ele>520.8</ele>
      </trkpt>
      <trkpt lat="47.6815" lon="-91.61883">
        <ele>522.7</ele>
      </trkpt>
      <trkpt lat="47.68094" lon="-91.61876">
        <ele>522.2</ele>
      </trkpt>
      <trkpt lat="47.68061" lon="-91.61864">
        <ele>522.0</ele>
      </trkpt>
      <trkpt lat="47.68028" lon="-91.61845">
        <ele>521.8</ele>
      </trkpt>
      <trkpt lat="47.67969" lon="-91.61803">
        <ele>522.0</ele>
      </trkpt>
      <trkpt lat="47.6795" lon="-91.61791">
        <ele>521.8</ele>
      </trkpt>
      <trkpt lat="47.67929" lon="-91.61785">
        <ele>520.5</ele>
      </trkpt>
      <trkpt lat="47.67898" lon="-91.6179">
        <ele>519.3</ele>
      </trkpt>
      <trkpt lat="47.67855" lon="-91.61808">
        <ele>518.6</ele>
      </trkpt>
      <trkpt lat="47.67811" lon="-91.61826">
        <ele>516.2</ele>
      </trkpt>
      <trkpt lat="47.67791" lon="-91.61833">
        <ele>517.2</ele>
      </trkpt>
      <trkpt lat="47.6777" lon="-91.61834">
        <ele>518.6</ele>
      </trkpt>
      <trkpt lat="47.67745" lon="-91.61821">
        <ele>518.2</ele>
      </trkpt>
      <trkpt lat="47.67725" lon="-91.61802">
        <ele>518.4</ele>
      </trkpt>
      <trkpt lat="47.67688" lon="-91.61761">
        <ele>520.2</ele>
      </trkpt>
      <trkpt lat="47.6765" lon="-91.6172">
        <ele>521.4</ele>
      </trkpt>
      <trkpt lat="47.67581" lon="-91.6165">
        <ele>522.5</ele>
      </trkpt>
      <trkpt lat="47.67529" lon="-91.61606">
        <ele>521.4</ele>
      </trkpt>
      <trkpt lat="47.6745" lon="-91.61555">
        <ele>518.3</ele>
      </trkpt>
      <trkpt lat="47.6743" lon="-91.61545">
        <ele>517.0</ele>
      </trkpt>
      <trkpt lat="47.67388" lon="-91.61527">
        <ele>515.5</ele>
      </trkpt>
      <trkpt lat="47.67339" lon="-91.61511">
        <ele>517.2</ele>
      </trkpt>
      <trkpt lat="47.6729" lon="-91.61501">
        <ele>519.0</ele>
      </trkpt>
      <trkpt lat="47.67221" lon="-91.61493">
        <ele>517.5</ele>
      </trkpt>
      <trkpt lat="47.67152" lon="-91.61485">
        <ele>515.3</ele>
      </trkpt>
      <trkpt lat="47.67126" lon="-91.61478">
        <ele>515.7</ele>
      </trkpt>
      <trkpt lat="47.67106" lon="-91.6147">
        <ele>516.0</ele>
      </trkpt>
      <trkpt lat="47.67079" lon="-91.61454">
        <ele>516.2</ele>
      </trkpt>
      <trkpt lat="47.67049" lon="-91.6142">
        <ele>516.3</ele>
      </trkpt>
      <trkpt lat="47.67018" lon="-91.61375">
        <ele>515.3</ele>
      </trkpt>
      <trkpt lat="47.66958" lon="-91.61298">
        <ele>516.5</ele>
      </trkpt>
      <trkpt lat="47.66899" lon="-91.61221">
        <ele>519.0</ele>
      </trkpt>
      <trkpt lat="47.66839" lon="-91.61145">
        <ele>518.7</ele>
      </trkpt>
      <trkpt lat="47.6678" lon="-91.61068">
        <ele>518.3</ele>
      </trkpt>
      <trkpt lat="47.66753" lon="-91.61029">
        <ele>517.2</ele>
      </trkpt>
      <trkpt lat="47.667" lon="-91.60937">
        <ele>518.7</ele>
      </trkpt>
      <trkpt lat="47.66642" lon="-91.60842">
        <ele>519.7</ele>
      </trkpt>
      <trkpt lat="47.66595" lon="-91.60772">
        <ele>519.9</ele>
      </trkpt>
      <trkpt lat="47.66535" lon="-91.60691">
        <ele>519.0</ele>
      </trkpt>
      <trkpt lat="47.66475" lon="-91.60611">
        <ele>516.7</ele>
      </trkpt>
      <trkpt lat="47.66415" lon="-91.60531">
        <ele>516.4</ele>
      </trkpt>
      <trkpt lat="47.66355" lon="-91.60451">
        <ele>517.2</ele>
      </trkpt>
      <trkpt lat="47.66292" lon="-91.60365">
        <ele>517.6</ele>
      </trkpt>
      <trkpt lat="47.66229" lon="-91.60279">
        <ele>518.3</ele>
      </trkpt>
      <trkpt lat="47.66166" lon="-91.60192">
        <ele>518.0</ele>
      </trkpt>
      <trkpt lat="47.66103" lon="-91.60106">
        <ele>517.5</ele>
      </trkpt>
      <trkpt lat="47.66077" lon="-91.6015">
        <ele>518.3</ele>
      </trkpt>
      <trkpt lat="47.66045" lon="-91.60196">
        <ele>518.2</ele>
      </trkpt>
      <trkpt lat="47.66007" lon="-91.60242">
        <ele>517.6</ele>
      </trkpt>
      <trkpt lat="47.65972" lon="-91.60274">
        <ele>517.7</ele>
      </trkpt>
      <trkpt lat="47.65936" lon="-91.603">
        <ele>517.4</ele>
      </trkpt>
      <trkpt lat="47.65855" lon="-91.60352">
        <ele>516.4</ele>
      </trkpt>
      <trkpt lat="47.65774" lon="-91.60404">
        <ele>515.6</ele>
      </trkpt>
      <trkpt lat="47.65732" lon="-91.60442">
        <ele>515.8</ele>
      </trkpt>
      <trkpt lat="47.65703" lon="-91.60483">
        <ele>516.4</ele>
      </trkpt>
      <trkpt lat="47.65673" lon="-91.60539">
        <ele>518.1</ele>
      </trkpt>
      <trkpt lat="47.65651" lon="-91.6061">
        <ele>518.4</ele>
      </trkpt>
      <trkpt lat="47.65634" lon="-91.6069">
        <ele>518.7</ele>
      </trkpt>
      <trkpt lat="47.65619" lon="-91.60793">
        <ele>519.3</ele>
      </trkpt>
      <trkpt lat="47.65604" lon="-91.60897">
        <ele>521.4</ele>
      </trkpt>
      <trkpt lat="47.65588" lon="-91.61">
        <ele>522.0</ele>
      </trkpt>
      <trkpt lat="47.65573" lon="-91.61103">
        <ele>521.6</ele>
      </trkpt>
      <trkpt lat="47.65556" lon="-91.61204">
        <ele>523.2</ele>
      </trkpt>
      <trkpt lat="47.65534" lon="-91.61301">
        <ele>523.0</ele>
      </trkpt>
      <trkpt lat="47.65505" lon="-91.61382">
        <ele>521.9</ele>
      </trkpt>
      <trkpt lat="47.65474" lon="-91.61456">
        <ele>522.7</ele>
      </trkpt>
      <trkpt lat="47.65428" lon="-91.61542">
        <ele>523.9</ele>
      </trkpt>
      <trkpt lat="47.65369" lon="-91.61638">
        <ele>523.5</ele>
      </trkpt>
      <trkpt lat="47.65311" lon="-91.61733">
        <ele>522.9</ele>
      </trkpt>
      <trkpt lat="47.65252" lon="-91.61829">
        <ele>522.3</ele>
      </trkpt>
      <trkpt lat="47.65194" lon="-91.61924">
        <ele>523.7</ele>
      </trkpt>
      <trkpt lat="47.65135" lon="-91.6202">
        <ele>524.1</ele>
      </trkpt>
      <trkpt lat="47.65076" lon="-91.62116">
        <ele>524.7</ele>
      </trkpt>
      <trkpt lat="47.65018" lon="-91.62211">
        <ele>525.5</ele>
      </trkpt>
      <trkpt lat="47.64959" lon="-91.62307">
        <ele>527.9</ele>
      </trkpt>
      <trkpt lat="47.64901" lon="-91.62403">
        <ele>524.7</ele>
      </trkpt>
      <trkpt lat="47.64845" lon="-91.62495">
        <ele>523.5</ele>
      </trkpt>
      <trkpt lat="47.64789" lon="-91.62587">
        <ele>522.4</ele>
      </trkpt>
      <trkpt lat="47.64757" lon="-91.62632">
        <ele>522.8</ele>
      </trkpt>
      <trkpt lat="47.64723" lon="-91.62672">
        <ele>523.8</ele>
      </trkpt>
      <trkpt lat="47.64693" lon="-91.62695">
        <ele>523.2</ele>
      </trkpt>
      <trkpt lat="47.6466" lon="-91.62715">
        <ele>522.6</ele>
      </trkpt>
      <trkpt lat="47.64621" lon="-91.62732">
        <ele>521.7</ele>
      </trkpt>
      <trkpt lat="47.64576" lon="-91.62742">
        <ele>521.2</ele>
      </trkpt>
      <trkpt lat="47.64493" lon="-91.62755">
        <ele>520.7</ele>
      </trkpt>
      <trkpt lat="47.64411" lon="-91.62769">
        <ele>526.0</ele>
      </trkpt>
      <trkpt lat="47.64328" lon="-91.62783">
        <ele>527.3</ele>
      </trkpt>
      <trkpt lat="47.64246" lon="-91.62797">
        <ele>529.9</ele>
      </trkpt>
      <trkpt lat="47.64163" lon="-91.62811">
        <ele>528.9</ele>
      </trkpt>
      <trkpt lat="47.64081" lon="-91.62825">
        <ele>526.8</ele>
      </trkpt>
      <trkpt lat="47.63998" lon="-91.62839">
        <ele>525.6</ele>
      </trkpt>
      <trkpt lat="47.63916" lon="-91.62852">
        <ele>524.3</ele>
      </trkpt>
      <trkpt lat="47.63833" lon="-91.62866">
        <ele>521.4</ele>
      </trkpt>
      <trkpt lat="47.63751" lon="-91.6288">
        <ele>521.3</ele>
      </trkpt>
      <trkpt lat="47.63668" lon="-91.62894">
        <ele>521.3</ele>
      </trkpt>
      <trkpt lat="47.63586" lon="-91.62908">
        <ele>521.4</ele>
      </trkpt>
      <trkpt lat="47.63528" lon="-91.62923">
        <ele>521.2</ele>
      </trkpt>
      <trkpt lat="47.63461" lon="-91.62951">
        <ele>520.9</ele>
      </trkpt>
      <trkpt lat="47.63416" lon="-91.62972">
        <ele>520.8</ele>
      </trkpt>
      <trkpt lat="47.63371" lon="-91.62994">
        <ele>521.4</ele>
      </trkpt>
      <trkpt lat="47.63287" lon="-91.63033">
        <ele>521.4</ele>
      </trkpt>
      <trkpt lat="47.63204" lon="-91.63072">
        <ele>521.5</ele>
      </trkpt>
      <trkpt lat="47.63121" lon="-91.63111">
        <ele>521.4</ele>
      </trkpt>
      <trkpt lat="47.63038" lon="-91.6315">
        <ele>518.8</ele>
      </trkpt>
      <trkpt lat="47.62955" lon="-91.63188">
        <ele>518.7</ele>
      </trkpt>
      <trkpt lat="47.62872" lon="-91.63227">
        <ele>518.7</ele>
      </trkpt>
      <trkpt lat="47.62789" lon="-91.63266">
        <ele>518.8</ele>
      </trkpt>
      <trkpt lat="47.62706" lon="-91.63305">
        <ele>519.1</ele>
      </trkpt>
      <trkpt lat="47.62652" lon="-91.63334">
        <ele>519.0</ele>
      </trkpt>
      <trkpt lat="47.62605" lon="-91.63368">
        <ele>518.8</ele>
      </trkpt>
      <trkpt lat="47.62559" lon="-91.63419">
        <ele>518.5</ele>
      </trkpt>
      <trkpt lat="47.62495" lon="-91.63501">
        <ele>518.5</ele>
      </trkpt>
      <trkpt lat="47.62431" lon="-91.63583">
        <ele>520.8</ele>
      </trkpt>
      <trkpt lat="47.62366" lon="-91.63666">
        <ele>521.0</ele>
      </trkpt>
      <trkpt lat="47.62302" lon="-91.63748">
        <ele>520.9</ele>
      </trkpt>
      <trkpt lat="47.62238" lon="-91.63831">
        <ele>521.5</ele>
      </trkpt>
      <trkpt lat="47.62174" lon="-91.63913">
        <ele>520.8</ele>
      </trkpt>
      <trkpt lat="47.6211" lon="-91.63996">
        <ele>521.4</ele>
      </trkpt>
      <trkpt lat="47.62046" lon="-91.64078">
        <ele>521.5</ele>
      </trkpt>
      <trkpt lat="47.61981" lon="-91.64161">
        <ele>521.6</ele>
      </trkpt>
      <trkpt lat="47.61917" lon="-91.64243">
        <ele>521.8</ele>
      </trkpt>
      <trkpt lat="47.61853" lon="-91.64326">
        <ele>522.5</ele>
      </trkpt>
      <trkpt lat="47.61789" lon="-91.64408">
        <ele>522.3</ele>
      </trkpt>
      <trkpt lat="47.61725" lon="-91.6449">
        <ele>521.4</ele>
      </trkpt>
      <trkpt lat="47.61661" lon="-91.64573">
        <ele>521.4</ele>
      </trkpt>
      <trkpt lat="47.61633" lon="-91.646">
        <ele>521.4</ele>
      </trkpt>
      <trkpt lat="47.61602" lon="-91.64621">
        <ele>521.4</ele>
      </trkpt>
      <trkpt lat="47.61563" lon="-91.64638">
        <ele>521.5</ele>
      </trkpt>
      <trkpt lat="47.61524" lon="-91.64647">
        <ele>520.6</ele>
      </trkpt>
      <trkpt lat="47.61436" lon="-91.64653">
        <ele>518.5</ele>
      </trkpt>
      <trkpt lat="47.61349" lon="-91.64659">
        <ele>517.5</ele>
      </trkpt>
      <trkpt lat="47.61261" lon="-91.64666">
        <ele>516.8</ele>
      </trkpt>
      <trkpt lat="47.61173" lon="-91.64672">
        <ele>516.7</ele>
      </trkpt>
      <trkpt lat="47.61134" lon="-91.64673">
        <ele>517.0</ele>
      </trkpt>
      <trkpt lat="47.61097" lon="-91.64666">
        <ele>517.4</ele>
      </trkpt>
      <trkpt lat="47.61055" lon="-91.64651">
        <ele>517.6</ele>
      </trkpt>
      <trkpt lat="47.60985" lon="-91.64615">
        <ele>516.9</ele>
      </trkpt>
      <trkpt lat="47.60916" lon="-91.64579">
        <ele>515.4</ele>
      </trkpt>
      <trkpt lat="47.60847" lon="-91.64543">
        <ele>516.6</ele>
      </trkpt>
      <trkpt lat="47.60809" lon="-91.64526">
        <ele>517.8</ele>
      </trkpt>
      <trkpt lat="47.60768" lon="-91.64513">
        <ele>519.2</ele>
      </trkpt>
      <trkpt lat="47.60726" lon="-91.64509">
        <ele>520.3</ele>
      </trkpt>
      <trkpt lat="47.60648" lon="-91.64508">
        <ele>518.5</ele>
      </trkpt>
      <trkpt lat="47.6057" lon="-91.64508">
        <ele>518.4</ele>
      </trkpt>
      <trkpt lat="47.60492" lon="-91.64507">
        <ele>521.9</ele>
      </trkpt>
      <trkpt lat="47.60414" lon="-91.64507">
        <ele>524.0</ele>
      </trkpt>
      <trkpt lat="47.60336" lon="-91.64506">
        <ele>521.5</ele>
      </trkpt>
      <trkpt lat="47.60258" lon="-91.64506">
        <ele>518.4</ele>
      </trkpt>
      <trkpt lat="47.6018" lon="-91.64505">
        <ele>519.0</ele>
      </trkpt>
      <trkpt lat="47.60128" lon="-91.64505">
        <ele>519.7</ele>
      </trkpt>
      <trkpt lat="47.60077" lon="-91.64504">
        <ele>518.5</ele>
      </trkpt>
      <trkpt lat="47.60008" lon="-91.64503">
        <ele>518.7</ele>
      </trkpt>
      <trkpt lat="47.5994" lon="-91.64501">
        <ele>523.3</ele>
      </trkpt>
      <trkpt lat="47.59872" lon="-91.645">
        <ele>525.5</ele>
      </trkpt>
      <trkpt lat="47.59828" lon="-91.64501">
        <ele>524.7</ele>
      </trkpt>
      <trkpt lat="47.59785" lon="-91.64508">
        <ele>523.7</ele>
      </trkpt>
      <trkpt lat="47.59736" lon="-91.64526">
        <ele>523.3</ele>
      </trkpt>
      <trkpt lat="47.59672" lon="-91.64568">
        <ele>523.5</ele>
      </trkpt>
      <trkpt lat="47.59604" lon="-91.64616">
        <ele>521.4</ele>
      </trkpt>
      <trkpt lat="47.59536" lon="-91.64663">
        <ele>521.4</ele>
      </trkpt>
      <trkpt lat="47.59469" lon="-91.64711">
        <ele>521.4</ele>
      </trkpt>
      <trkpt lat="47.5944" lon="-91.64733">
        <ele>521.4</ele>
      </trkpt>
      <trkpt lat="47.59371" lon="-91.64781">
        <ele>521.6</ele>
      </trkpt>
      <trkpt lat="47.59302" lon="-91.64829">
        <ele>523.3</ele>
      </trkpt>
      <trkpt lat="47.59227" lon="-91.64881">
        <ele>524.7</ele>
      </trkpt>
      <trkpt lat="47.59152" lon="-91.64932">
        <ele>524.6</ele>
      </trkpt>
      <trkpt lat="47.59077" lon="-91.64984">
        <ele>524.1</ele>
      </trkpt>
      <trkpt lat="47.59014" lon="-91.65028">
        <ele>524.3</ele>
      </trkpt>
      <trkpt lat="47.58951" lon="-91.65073">
        <ele>522.6</ele>
      </trkpt>
      <trkpt lat="47.5888" lon="-91.65121">
        <ele>521.3</ele>
      </trkpt>
      <trkpt lat="47.58808" lon="-91.65169">
        <ele>521.0</ele>
      </trkpt>
      <trkpt lat="47.58737" lon="-91.65217">
        <ele>521.8</ele>
      </trkpt>
      <trkpt lat="47.58656" lon="-91.65273">
        <ele>520.7</ele>
      </trkpt>
      <trkpt lat="47.58576" lon="-91.65329">
        <ele>521.3</ele>
      </trkpt>
      <trkpt lat="47.58496" lon="-91.65386">
        <ele>519.5</ele>
      </trkpt>
      <trkpt lat="47.58415" lon="-91.65442">
        <ele>520.2</ele>
      </trkpt>
      <trkpt lat="47.58359" lon="-91.65481">
        <ele>521.7</ele>
      </trkpt>
      <trkpt lat="47.58303" lon="-91.65519">
        <ele>522.4</ele>
      </trkpt>
      <trkpt lat="47.58266" lon="-91.65543">
        <ele>522.8</ele>
      </trkpt>
      <trkpt lat="47.58224" lon="-91.65555">
        <ele>523.3</ele>
      </trkpt>
      <trkpt lat="47.58182" lon="-91.6556">
        <ele>523.7</ele>
      </trkpt>
      <trkpt lat="47.58096" lon="-91.6556">
        <ele>526.1</ele>
      </trkpt>
      <trkpt lat="47.5801" lon="-91.65561">
        <ele>528.2</ele>
      </trkpt>
      <trkpt lat="47.57925" lon="-91.65561">
        <ele>527.9</ele>
      </trkpt>
      <trkpt lat="47.57839" lon="-91.65561">
        <ele>528.8</ele>
      </trkpt>
      <trkpt lat="47.57753" lon="-91.65561">
        <ele>531.5</ele>
      </trkpt>
      <trkpt lat="47.57667" lon="-91.65562">
        <ele>531.1</ele>
      </trkpt>
      <trkpt lat="47.57582" lon="-91.65562">
        <ele>531.0</ele>
      </trkpt>
      <trkpt lat="47.57496" lon="-91.65562">
        <ele>533.2</ele>
      </trkpt>
      <trkpt lat="47.5741" lon="-91.65563">
        <ele>536.2</ele>
      </trkpt>
      <trkpt lat="47.57325" lon="-91.65563">
        <ele>537.3</ele>
      </trkpt>
      <trkpt lat="47.57239" lon="-91.65563">
        <ele>537.9</ele>
      </trkpt>
      <trkpt lat="47.57153" lon="-91.65563">
        <ele>536.5</ele>
      </trkpt>
      <trkpt lat="47.57068" lon="-91.65564">
        <ele>536.0</ele>
      </trkpt>
      <trkpt lat="47.56982" lon="-91.65564">
        <ele>536.7</ele>
      </trkpt>
      <trkpt lat="47.56896" lon="-91.65564">
        <ele>536.9</ele>
      </trkpt>
      <trkpt lat="47.56828" lon="-91.65563">
        <ele>536.8</ele>
      </trkpt>
      <trkpt lat="47.5676" lon="-91.65563">
        <ele>537.1</ele>
      </trkpt>
      <trkpt lat="47.56693" lon="-91.65562">
        <ele>536.6</ele>
      </trkpt>
      <trkpt lat="47.56625" lon="-91.65561">
        <ele>536.7</ele>
      </trkpt>
      <trkpt lat="47.56539" lon="-91.65561">
        <ele>537.2</ele>
      </trkpt>
      <trkpt lat="47.56454" lon="-91.65561">
        <ele>539.4</ele>
      </trkpt>
      <trkpt lat="47.56368" lon="-91.65561">
        <ele>539.9</ele>
      </trkpt>
      <trkpt lat="47.56283" lon="-91.65561">
        <ele>539.9</ele>
      </trkpt>
      <trkpt lat="47.56198" lon="-91.65561">
        <ele>540.2</ele>
      </trkpt>
      <trkpt lat="47.56112" lon="-91.65561">
        <ele>539.9</ele>
      </trkpt>
      <trkpt lat="47.56027" lon="-91.65561">
        <ele>539.7</ele>
      </trkpt>
      <trkpt lat="47.55948" lon="-91.65559">
        <ele>539.1</ele>
      </trkpt>
      <trkpt lat="47.5587" lon="-91.65557">
        <ele>539.3</ele>
      </trkpt>
      <trkpt lat="47.55791" lon="-91.65555">
        <ele>540.0</ele>
      </trkpt>
      <trkpt lat="47.55713" lon="-91.65553">
        <ele>541.0</ele>
      </trkpt>
      <trkpt lat="47.55644" lon="-91.65551">
        <ele>540.6</ele>
      </trkpt>
      <trkpt lat="47.55576" lon="-91.6555">
        <ele>541.0</ele>
      </trkpt>
      <trkpt lat="47.55508" lon="-91.65548">
        <ele>540.6</ele>
      </trkpt>
      <trkpt lat="47.5542" lon="-91.65549">
        <ele>539.3</ele>
      </trkpt>
      <trkpt lat="47.55332" lon="-91.6555">
        <ele>540.0</ele>
      </trkpt>
      <trkpt lat="47.55245" lon="-91.65551">
        <ele>540.5</ele>
      </trkpt>
      <trkpt lat="47.55157" lon="-91.65552">
        <ele>542.9</ele>
      </trkpt>
      <trkpt lat="47.5507" lon="-91.65553">
        <ele>543.0</ele>
      </trkpt>
      <trkpt lat="47.54982" lon="-91.65553">
        <ele>543.2</ele>
      </trkpt>
      <trkpt lat="47.54895" lon="-91.65554">
        <ele>542.7</ele>
      </trkpt>
      <trkpt lat="47.54807" lon="-91.65555">
        <ele>543.3</ele>
      </trkpt>
      <trkpt lat="47.5472" lon="-91.65556">
        <ele>543.0</ele>
      </trkpt>
      <trkpt lat="47.54632" lon="-91.65557">
        <ele>543.2</ele>
      </trkpt>
      <trkpt lat="47.54545" lon="-91.65558">
        <ele>543.9</ele>
      </trkpt>
      <trkpt lat="47.54457" lon="-91.65558">
        <ele>543.8</ele>
      </trkpt>
      <trkpt lat="47.5437" lon="-91.65558">
        <ele>544.2</ele>
      </trkpt>
      <trkpt lat="47.54283" lon="-91.65558">
        <ele>544.7</ele>
      </trkpt>
      <trkpt lat="47.54196" lon="-91.65558">
        <ele>545.2</ele>
      </trkpt>
      <trkpt lat="47.54109" lon="-91.65559">
        <ele>545.9</ele>
      </trkpt>
      <trkpt lat="47.54022" lon="-91.65559">
        <ele>548.9</ele>
      </trkpt>
      <trkpt lat="47.53935" lon="-91.65559">
        <ele>550.1</ele>
      </trkpt>
      <trkpt lat="47.53848" lon="-91.65559">
        <ele>550.6</ele>
      </trkpt>
      <trkpt lat="47.53763" lon="-91.6556">
        <ele>550.4</ele>
      </trkpt>
      <trkpt lat="47.53678" lon="-91.65561">
        <ele>549.5</ele>
      </trkpt>
      <trkpt lat="47.53593" lon="-91.65562">
        <ele>548.8</ele>
      </trkpt>
      <trkpt lat="47.53508" lon="-91.65563">
        <ele>548.8</ele>
      </trkpt>
      <trkpt lat="47.53424" lon="-91.65564">
        <ele>548.8</ele>
      </trkpt>
      <trkpt lat="47.53339" lon="-91.65565">
        <ele>548.7</ele>
      </trkpt>
      <trkpt lat="47.53254" lon="-91.65566">
        <ele>548.6</ele>
      </trkpt>
      <trkpt lat="47.5317" lon="-91.65566">
        <ele>548.9</ele>
      </trkpt>
      <trkpt lat="47.53085" lon="-91.65566">
        <ele>548.7</ele>
      </trkpt>
      <trkpt lat="47.53001" lon="-91.65566">
        <ele>547.9</ele>
      </trkpt>
      <trkpt lat="47.52917" lon="-91.65566">
        <ele>548.3</ele>
      </trkpt>
      <trkpt lat="47.52833" lon="-91.65566">
        <ele>548.8</ele>
      </trkpt>
      <trkpt lat="47.52749" lon="-91.65566">
        <ele>548.9</ele>
      </trkpt>
      <trkpt lat="47.52664" lon="-91.65566">
        <ele>548.8</ele>
      </trkpt>
      <trkpt lat="47.5258" lon="-91.65566">
        <ele>548.8</ele>
      </trkpt>
      <trkpt lat="47.52496" lon="-91.65566">
        <ele>548.8</ele>
      </trkpt>
      <trkpt lat="47.52409" lon="-91.65569">
        <ele>549.0</ele>
      </trkpt>
      <trkpt lat="47.52323" lon="-91.65571">
        <ele>549.4</ele>
      </trkpt>
      <trkpt lat="47.52236" lon="-91.65573">
        <ele>550.1</ele>
      </trkpt>
      <trkpt lat="47.52149" lon="-91.65575">
        <ele>550.3</ele>
      </trkpt>
      <trkpt lat="47.52062" lon="-91.65577">
        <ele>550.1</ele>
      </trkpt>
      <trkpt lat="47.51997" lon="-91.65571">
        <ele>549.8</ele>
      </trkpt>
      <trkpt lat="47.51909" lon="-91.6556">
        <ele>549.1</ele>
      </trkpt>
      <trkpt lat="47.51822" lon="-91.65549">
        <ele>549.0</ele>
      </trkpt>
      <trkpt lat="47.51734" lon="-91.65538">
        <ele>548.9</ele>
      </trkpt>
      <trkpt lat="47.51646" lon="-91.65527">
        <ele>548.8</ele>
      </trkpt>
      <trkpt lat="47.51559" lon="-91.65516">
        <ele>547.7</ele>
      </trkpt>
      <trkpt lat="47.51471" lon="-91.65505">
        <ele>547.4</ele>
      </trkpt>
      <trkpt lat="47.51383" lon="-91.65494">
        <ele>547.4</ele>
      </trkpt>
      <trkpt lat="47.51296" lon="-91.65483">
        <ele>546.5</ele>
      </trkpt>
      <trkpt lat="47.51228" lon="-91.65476">
        <ele>545.8</ele>
      </trkpt>
      <trkpt lat="47.5116" lon="-91.65468">
        <ele>545.8</ele>
      </trkpt>
      <trkpt lat="47.51093" lon="-91.6546">
        <ele>545.8</ele>
      </trkpt>
      <trkpt lat="47.51025" lon="-91.65453">
        <ele>545.8</ele>
      </trkpt>
      <trkpt lat="47.50949" lon="-91.65443">
        <ele>545.2</ele>
      </trkpt>
      <trkpt lat="47.50872" lon="-91.65434">
        <ele>544.7</ele>
      </trkpt>
      <trkpt lat="47.50796" lon="-91.65425">
        <ele>544.5</ele>
      </trkpt>
      <trkpt lat="47.50719" lon="-91.65416">
        <ele>544.5</ele>
      </trkpt>
      <trkpt lat="47.50643" lon="-91.65407">
        <ele>544.5</ele>
      </trkpt>
      <trkpt lat="47.50571" lon="-91.65406">
        <ele>543.8</ele>
      </trkpt>
      <trkpt lat="47.50519" lon="-91.65411">
        <ele>543.5</ele>
      </trkpt>
      <trkpt lat="47.50468" lon="-91.65417">
        <ele>543.3</ele>
      </trkpt>
      <trkpt lat="47.50382" lon="-91.65441">
        <ele>543.8</ele>
      </trkpt>
      <trkpt lat="47.50297" lon="-91.65465">
        <ele>544.3</ele>
      </trkpt>
      <trkpt lat="47.50212" lon="-91.65489">
        <ele>544.3</ele>
      </trkpt>
      <trkpt lat="47.50127" lon="-91.65513">
        <ele>544.2</ele>
      </trkpt>
      <trkpt lat="47.50061" lon="-91.65525">
        <ele>544.1</ele>
      </trkpt>
      <trkpt lat="47.50005" lon="-91.65528">
        <ele>544.1</ele>
      </trkpt>
      <trkpt lat="47.49939" lon="-91.65524">
        <ele>543.9</ele>
      </trkpt>
      <trkpt lat="47.49859" lon="-91.65514">
        <ele>543.8</ele>
      </trkpt>
      <trkpt lat="47.49779" lon="-91.65504">
        <ele>543.5</ele>
      </trkpt>
      <trkpt lat="47.49699" lon="-91.65495">
        <ele>543.3</ele>
      </trkpt>
      <trkpt lat="47.49619" lon="-91.65485">
        <ele>543.5</ele>
      </trkpt>
      <trkpt lat="47.49538" lon="-91.65475">
        <ele>544.5</ele>
      </trkpt>
      <trkpt lat="47.49458" lon="-91.65466">
        <ele>545.4</ele>
      </trkpt>
      <trkpt lat="47.49411" lon="-91.65455">
        <ele>545.6</ele>
      </trkpt>
      <trkpt lat="47.49365" lon="-91.65444">
        <ele>545.6</ele>
      </trkpt>
      <trkpt lat="47.493" lon="-91.65416">
        <ele>545.3</ele>
      </trkpt>
      <trkpt lat="47.49239" lon="-91.65384">
        <ele>545.0</ele>
      </trkpt>
      <trkpt lat="47.49192" lon="-91.6535">
        <ele>545.1</ele>
      </trkpt>
      <trkpt lat="47.49146" lon="-91.65315">
        <ele>545.1</ele>
      </trkpt>
      <trkpt lat="47.4908" lon="-91.65262">
        <ele>545.8</ele>
      </trkpt>
      <trkpt lat="47.49015" lon="-91.6521">
        <ele>546.4</ele>
      </trkpt>
      <trkpt lat="47.48949" lon="-91.65157">
        <ele>546.2</ele>
      </trkpt>
      <trkpt lat="47.48884" lon="-91.65104">
        <ele>548.9</ele>
      </trkpt>
      <trkpt lat="47.48818" lon="-91.65051">
        <ele>551.0</ele>
      </trkpt>
      <trkpt lat="47.48766" lon="-91.65008">
        <ele>552.0</ele>
      </trkpt>
      <trkpt lat="47.48714" lon="-91.64964">
        <ele>552.8</ele>
      </trkpt>
      <trkpt lat="47.48651" lon="-91.64915">
        <ele>553.0</ele>
      </trkpt>
      <trkpt lat="47.48578" lon="-91.64864">
        <ele>552.6</ele>
      </trkpt>
      <trkpt lat="47.48533" lon="-91.6484">
        <ele>552.6</ele>
      </trkpt>
      <trkpt lat="47.48488" lon="-91.64817">
        <ele>552.4</ele>
      </trkpt>
      <trkpt lat="47.4841" lon="-91.64779">
        <ele>553.0</ele>
      </trkpt>
      <trkpt lat="47.48329" lon="-91.64748">
        <ele>552.9</ele>
      </trkpt>
      <trkpt lat="47.48273" lon="-91.64733">
        <ele>553.1</ele>
      </trkpt>
      <trkpt lat="47.48217" lon="-91.64718">
        <ele>553.3</ele>
      </trkpt>
      <trkpt lat="47.48135" lon="-91.64703">
        <ele>553.7</ele>
      </trkpt>
      <trkpt lat="47.48054" lon="-91.64688">
        <ele>554.8</ele>
      </trkpt>
      <trkpt lat="47.47973" lon="-91.64673">
        <ele>556.2</ele>
      </trkpt>
      <trkpt lat="47.47891" lon="-91.64658">
        <ele>555.5</ele>
      </trkpt>
      <trkpt lat="47.4781" lon="-91.64643">
        <ele>555.6</ele>
      </trkpt>
      <trkpt lat="47.47728" lon="-91.64628">
        <ele>555.8</ele>
      </trkpt>
      <trkpt lat="47.47647" lon="-91.64613">
        <ele>556.8</ele>
      </trkpt>
      <trkpt lat="47.47583" lon="-91.646">
        <ele>558.7</ele>
      </trkpt>
      <trkpt lat="47.47519" lon="-91.64588">
        <ele>559.8</ele>
      </trkpt>
      <trkpt lat="47.47455" lon="-91.64575">
        <ele>562.4</ele>
      </trkpt>
      <trkpt lat="47.47391" lon="-91.64566">
        <ele>564.1</ele>
      </trkpt>
      <trkpt lat="47.47327" lon="-91.64557">
        <ele>564.2</ele>
      </trkpt>
      <trkpt lat="47.47276" lon="-91.64555">
        <ele>564.2</ele>
      </trkpt>
      <trkpt lat="47.47225" lon="-91.64553">
        <ele>564.1</ele>
      </trkpt>
      <trkpt lat="47.47173" lon="-91.64557">
        <ele>564.4</ele>
      </trkpt>
      <trkpt lat="47.47122" lon="-91.64561">
        <ele>564.9</ele>
      </trkpt>
      <trkpt lat="47.47072" lon="-91.6457">
        <ele>565.2</ele>
      </trkpt>
      <trkpt lat="47.47023" lon="-91.64579">
        <ele>565.9</ele>
      </trkpt>
      <trkpt lat="47.46938" lon="-91.64602">
        <ele>567.2</ele>
      </trkpt>
      <trkpt lat="47.46854" lon="-91.64624">
        <ele>569.0</ele>
      </trkpt>
      <trkpt lat="47.4677" lon="-91.64646">
        <ele>570.7</ele>
      </trkpt>
      <trkpt lat="47.46685" lon="-91.64668">
        <ele>570.3</ele>
      </trkpt>
      <trkpt lat="47.46601" lon="-91.64691">
        <ele>568.1</ele>
      </trkpt>
      <trkpt lat="47.46517" lon="-91.64713">
        <ele>567.6</ele>
      </trkpt>
      <trkpt lat="47.46432" lon="-91.64735">
        <ele>567.0</ele>
      </trkpt>
      <trkpt lat="47.46348" lon="-91.64757">
        <ele>565.1</ele>
      </trkpt>
      <trkpt lat="47.46279" lon="-91.64775">
        <ele>564.7</ele>
      </trkpt>
      <trkpt lat="47.4621" lon="-91.64792">
        <ele>564.5</ele>
      </trkpt>
      <trkpt lat="47.4614" lon="-91.6481">
        <ele>564.3</ele>
      </trkpt>
      <trkpt lat="47.46071" lon="-91.64827">
        <ele>564.4</ele>
      </trkpt>
      <trkpt lat="47.45988" lon="-91.64849">
        <ele>564.1</ele>
      </trkpt>
      <trkpt lat="47.45904" lon="-91.64871">
        <ele>563.0</ele>
      </trkpt>
      <trkpt lat="47.45821" lon="-91.64893">
        <ele>562.7</ele>
      </trkpt>
      <trkpt lat="47.45738" lon="-91.64915">
        <ele>563.2</ele>
      </trkpt>
      <trkpt lat="47.45655" lon="-91.64937">
        <ele>563.6</ele>
      </trkpt>
      <trkpt lat="47.45571" lon="-91.64959">
        <ele>563.8</ele>
      </trkpt>
      <trkpt lat="47.45526" lon="-91.64969">
        <ele>564.6</ele>
      </trkpt>
      <trkpt lat="47.45481" lon="-91.6498">
        <ele>565.2</ele>
      </trkpt>
      <trkpt lat="47.45428" lon="-91.64984">
        <ele>565.0</ele>
      </trkpt>
      <trkpt lat="47.45375" lon="-91.64989">
        <ele>564.9</ele>
      </trkpt>
      <trkpt lat="47.45294" lon="-91.64994">
        <ele>564.5</ele>
      </trkpt>
      <trkpt lat="47.45214" lon="-91.64998">
        <ele>564.6</ele>
      </trkpt>
      <trkpt lat="47.45133" lon="-91.65002">
        <ele>565.3</ele>
      </trkpt>
      <trkpt lat="47.45052" lon="-91.65007">
        <ele>565.9</ele>
      </trkpt>
      <trkpt lat="47.44971" lon="-91.65011">
        <ele>565.8</ele>
      </trkpt>
      <trkpt lat="47.4489" lon="-91.65015">
        <ele>565.3</ele>
      </trkpt>
      <trkpt lat="47.44809" lon="-91.6502">
        <ele>565.3</ele>
      </trkpt>
      <trkpt lat="47.44729" lon="-91.65024">
        <ele>564.6</ele>
      </trkpt>
      <trkpt lat="47.44648" lon="-91.65029">
        <ele>561.4</ele>
      </trkpt>
      <trkpt lat="47.44572" lon="-91.65032">
        <ele>561.0</ele>
      </trkpt>
      <trkpt lat="47.44496" lon="-91.65035">
        <ele>561.0</ele>
      </trkpt>
      <trkpt lat="47.44419" lon="-91.65039">
        <ele>561.0</ele>
      </trkpt>
      <trkpt lat="47.44343" lon="-91.65042">
        <ele>561.0</ele>
      </trkpt>
      <trkpt lat="47.44263" lon="-91.65047">
        <ele>561.4</ele>
      </trkpt>
      <trkpt lat="47.44182" lon="-91.65051">
        <ele>562.6</ele>
      </trkpt>
      <trkpt lat="47.44101" lon="-91.65056">
        <ele>564.5</ele>
      </trkpt>
      <trkpt lat="47.44021" lon="-91.65061">
        <ele>564.3</ele>
      </trkpt>
      <trkpt lat="47.4394" lon="-91.65065">
        <ele>564.4</ele>
      </trkpt>
      <trkpt lat="47.43862" lon="-91.65069">
        <ele>567.3</ele>
      </trkpt>
      <trkpt lat="47.43784" lon="-91.65073">
        <ele>569.0</ele>
      </trkpt>
      <trkpt lat="47.43706" lon="-91.65077">
        <ele>569.9</ele>
      </trkpt>
      <trkpt lat="47.43628" lon="-91.65081">
        <ele>569.0</ele>
      </trkpt>
      <trkpt lat="47.43549" lon="-91.65085">
        <ele>567.8</ele>
      </trkpt>
      <trkpt lat="47.43471" lon="-91.65089">
        <ele>567.2</ele>
      </trkpt>
      <trkpt lat="47.43393" lon="-91.65093">
        <ele>567.1</ele>
      </trkpt>
      <trkpt lat="47.43334" lon="-91.65093">
        <ele>565.4</ele>
      </trkpt>
      <trkpt lat="47.43275" lon="-91.65092">
        <ele>564.0</ele>
      </trkpt>
      <trkpt lat="47.43216" lon="-91.65085">
        <ele>563.2</ele>
      </trkpt>
      <trkpt lat="47.43157" lon="-91.65077">
        <ele>562.4</ele>
      </trkpt>
      <trkpt lat="47.43091" lon="-91.6506">
        <ele>561.5</ele>
      </trkpt>
      <trkpt lat="47.43026" lon="-91.65044">
        <ele>561.2</ele>
      </trkpt>
      <trkpt lat="47.42957" lon="-91.65019">
        <ele>561.3</ele>
      </trkpt>
      <trkpt lat="47.42888" lon="-91.64994">
        <ele>561.0</ele>
      </trkpt>
      <trkpt lat="47.42825" lon="-91.64968">
        <ele>560.7</ele>
      </trkpt>
      <trkpt lat="47.42761" lon="-91.64942">
        <ele>560.2</ele>
      </trkpt>
      <trkpt lat="47.4269" lon="-91.64915">
        <ele>560.2</ele>
      </trkpt>
      <trkpt lat="47.42619" lon="-91.64888">
        <ele>560.9</ele>
      </trkpt>
      <trkpt lat="47.42542" lon="-91.64857">
        <ele>561.7</ele>
      </trkpt>
      <trkpt lat="47.42468" lon="-91.6482">
        <ele>563.6</ele>
      </trkpt>
      <trkpt lat="47.42394" lon="-91.64783">
        <ele>564.4</ele>
      </trkpt>
      <trkpt lat="47.42319" lon="-91.64746">
        <ele>564.8</ele>
      </trkpt>
      <trkpt lat="47.42245" lon="-91.64709">
        <ele>565.4</ele>
      </trkpt>
      <trkpt lat="47.42171" lon="-91.64672">
        <ele>567.1</ele>
      </trkpt>
      <trkpt lat="47.42124" lon="-91.64651">
        <ele>567.8</ele>
      </trkpt>
      <trkpt lat="47.42075" lon="-91.64637">
        <ele>568.9</ele>
      </trkpt>
      <trkpt lat="47.42005" lon="-91.64631">
        <ele>570.4</ele>
      </trkpt>
      <trkpt lat="47.41936" lon="-91.64626">
        <ele>570.8</ele>
      </trkpt>
      <trkpt lat="47.41889" lon="-91.64619">
        <ele>570.9</ele>
      </trkpt>
      <trkpt lat="47.41842" lon="-91.64612">
        <ele>570.9</ele>
      </trkpt>
      <trkpt lat="47.41769" lon="-91.64587">
        <ele>570.2</ele>
      </trkpt>
      <trkpt lat="47.41683" lon="-91.64555">
        <ele>567.3</ele>
      </trkpt>
      <trkpt lat="47.41598" lon="-91.64523">
        <ele>564.6</ele>
      </trkpt>
      <trkpt lat="47.41513" lon="-91.6449">
        <ele>563.6</ele>
      </trkpt>
      <trkpt lat="47.41445" lon="-91.64469">
        <ele>564.2</ele>
      </trkpt>
      <trkpt lat="47.41377" lon="-91.64447">
        <ele>565.0</ele>
      </trkpt>
      <trkpt lat="47.41309" lon="-91.64425">
        <ele>567.2</ele>
      </trkpt>
      <trkpt lat="47.41242" lon="-91.644">
        <ele>567.8</ele>
      </trkpt>
      <trkpt lat="47.41181" lon="-91.64367">
        <ele>566.9</ele>
      </trkpt>
      <trkpt lat="47.41121" lon="-91.64318">
        <ele>565.3</ele>
      </trkpt>
      <trkpt lat="47.41061" lon="-91.64268">
        <ele>565.4</ele>
      </trkpt>
      <trkpt lat="47.41002" lon="-91.64219">
        <ele>565.2</ele>
      </trkpt>
      <trkpt lat="47.40942" lon="-91.6417">
        <ele>564.5</ele>
      </trkpt>
      <trkpt lat="47.4088" lon="-91.64126">
        <ele>563.3</ele>
      </trkpt>
      <trkpt lat="47.40817" lon="-91.64082">
        <ele>561.5</ele>
      </trkpt>
      <trkpt lat="47.40751" lon="-91.64049">
        <ele>559.6</ele>
      </trkpt>
      <trkpt lat="47.40684" lon="-91.64035">
        <ele>557.9</ele>
      </trkpt>
      <trkpt lat="47.40613" lon="-91.64035">
        <ele>557.1</ele>
      </trkpt>
      <trkpt lat="47.40534" lon="-91.64051">
        <ele>557.4</ele>
      </trkpt>
      <trkpt lat="47.40463" lon="-91.64076">
        <ele>558.1</ele>
      </trkpt>
      <trkpt lat="47.40392" lon="-91.641">
        <ele>560.4</ele>
      </trkpt>
      <trkpt lat="47.40321" lon="-91.64125">
        <ele>561.1</ele>
      </trkpt>
      <trkpt lat="47.4025" lon="-91.64149">
        <ele>560.8</ele>
      </trkpt>
      <trkpt lat="47.40179" lon="-91.64174">
        <ele>558.8</ele>
      </trkpt>
      <trkpt lat="47.40121" lon="-91.64202">
        <ele>557.7</ele>
      </trkpt>
      <trkpt lat="47.40059" lon="-91.64243">
        <ele>555.6</ele>
      </trkpt>
      <trkpt lat="47.39993" lon="-91.64296">
        <ele>554.9</ele>
      </trkpt>
      <trkpt lat="47.39927" lon="-91.64349">
        <ele>554.9</ele>
      </trkpt>
      <trkpt lat="47.39857" lon="-91.64406">
        <ele>554.9</ele>
      </trkpt>
      <trkpt lat="47.39788" lon="-91.64464">
        <ele>555.0</ele>
      </trkpt>
      <trkpt lat="47.39718" lon="-91.64521">
        <ele>553.1</ele>
      </trkpt>
      <trkpt lat="47.39648" lon="-91.64579">
        <ele>551.9</ele>
      </trkpt>
      <trkpt lat="47.39579" lon="-91.64636">
        <ele>551.5</ele>
      </trkpt>
      <trkpt lat="47.39506" lon="-91.64691">
        <ele>550.0</ele>
      </trkpt>
      <trkpt lat="47.39433" lon="-91.64739">
        <ele>549.0</ele>
      </trkpt>
      <trkpt lat="47.39392" lon="-91.64763">
        <ele>548.2</ele>
      </trkpt>
      <trkpt lat="47.39349" lon="-91.64781">
        <ele>547.2</ele>
      </trkpt>
      <trkpt lat="47.3931" lon="-91.64791">
        <ele>546.4</ele>
      </trkpt>
      <trkpt lat="47.39263" lon="-91.64792">
        <ele>545.5</ele>
      </trkpt>
      <trkpt lat="47.39176" lon="-91.64777">
        <ele>543.8</ele>
      </trkpt>
      <trkpt lat="47.39168" lon="-91.6483">
        <ele>543.7</ele>
      </trkpt>
      <trkpt lat="47.39158" lon="-91.64904">
        <ele>543.7</ele>
      </trkpt>
      <trkpt lat="47.39152" lon="-91.64993">
        <ele>543.3</ele>
      </trkpt>
      <trkpt lat="47.39146" lon="-91.65082">
        <ele>542.4</ele>
      </trkpt>
      <trkpt lat="47.39141" lon="-91.65171">
        <ele>544.3</ele>
      </trkpt>
      <trkpt lat="47.39136" lon="-91.6526">
        <ele>546.0</ele>
      </trkpt>
      <trkpt lat="47.39133" lon="-91.65294">
        <ele>546.2</ele>
      </trkpt>
      <trkpt lat="47.39128" lon="-91.6533">
        <ele>546.2</ele>
      </trkpt>
      <trkpt lat="47.3912" lon="-91.65367">
        <ele>546.1</ele>
      </trkpt>
      <trkpt lat="47.39111" lon="-91.65406">
        <ele>545.9</ele>
      </trkpt>
      <trkpt lat="47.39101" lon="-91.65441">
        <ele>545.7</ele>
      </trkpt>
      <trkpt lat="47.3909" lon="-91.65473">
        <ele>545.4</ele>
      </trkpt>
      <trkpt lat="47.39077" lon="-91.65506">
        <ele>545.2</ele>
      </trkpt>
      <trkpt lat="47.39063" lon="-91.65536">
        <ele>544.9</ele>
      </trkpt>
      <trkpt lat="47.39035" lon="-91.65584">
        <ele>544.3</ele>
      </trkpt>
      <trkpt lat="47.39009" lon="-91.65625">
        <ele>543.6</ele>
      </trkpt>
      <trkpt lat="47.3898" lon="-91.65663">
        <ele>543.3</ele>
      </trkpt>
      <trkpt lat="47.38942" lon="-91.65716">
        <ele>543.0</ele>
      </trkpt>
      <trkpt lat="47.38883" lon="-91.65796">
        <ele>542.6</ele>
      </trkpt>
      <trkpt lat="47.38823" lon="-91.65877">
        <ele>541.3</ele>
      </trkpt>
      <trkpt lat="47.38764" lon="-91.65957">
        <ele>540.0</ele>
      </trkpt>
      <trkpt lat="47.38711" lon="-91.65872">
        <ele>538.5</ele>
      </trkpt>
      <trkpt lat="47.38658" lon="-91.65787">
        <ele>537.2</ele>
      </trkpt>
      <trkpt lat="47.38606" lon="-91.65701">
        <ele>538.0</ele>
      </trkpt>
      <trkpt lat="47.38553" lon="-91.65616">
        <ele>540.0</ele>
      </trkpt>
      <trkpt lat="47.38505" lon="-91.65556">
        <ele>542.1</ele>
      </trkpt>
      <trkpt lat="47.38454" lon="-91.6551">
        <ele>542.6</ele>
      </trkpt>
      <trkpt lat="47.38405" lon="-91.65477">
        <ele>544.3</ele>
      </trkpt>
      <trkpt lat="47.38356" lon="-91.6546">
        <ele>546.1</ele>
      </trkpt>
      <trkpt lat="47.38327" lon="-91.65452">
        <ele>546.1</ele>
      </trkpt>
      <trkpt lat="47.38299" lon="-91.65448">
        <ele>545.5</ele>
      </trkpt>
      <trkpt lat="47.38211" lon="-91.65442">
        <ele>542.2</ele>
      </trkpt>
      <trkpt lat="47.38123" lon="-91.65436">
        <ele>542.0</ele>
      </trkpt>
      <trkpt lat="47.38034" lon="-91.6543">
        <ele>541.9</ele>
      </trkpt>
      <trkpt lat="47.37946" lon="-91.65424">
        <ele>540.7</ele>
      </trkpt>
      <trkpt lat="47.37893" lon="-91.65416">
        <ele>539.3</ele>
      </trkpt>
      <trkpt lat="47.37844" lon="-91.65403">
        <ele>538.6</ele>
      </trkpt>
      <trkpt lat="47.37761" lon="-91.65375">
        <ele>537.5</ele>
      </trkpt>
      <trkpt lat="47.37679" lon="-91.65347">
        <ele>536.7</ele>
      </trkpt>
      <trkpt lat="47.37596" lon="-91.65318">
        <ele>535.9</ele>
      </trkpt>
      <trkpt lat="47.37514" lon="-91.6529">
        <ele>534.4</ele>
      </trkpt>
      <trkpt lat="47.37431" lon="-91.65262">
        <ele>533.6</ele>
      </trkpt>
      <trkpt lat="47.37348" lon="-91.65233">
        <ele>532.9</ele>
      </trkpt>
      <trkpt lat="47.37266" lon="-91.65205">
        <ele>531.9</ele>
      </trkpt>
      <trkpt lat="47.37183" lon="-91.65176">
        <ele>530.8</ele>
      </trkpt>
      <trkpt lat="47.37101" lon="-91.65148">
        <ele>530.5</ele>
      </trkpt>
      <trkpt lat="47.37025" lon="-91.65126">
        <ele>530.4</ele>
      </trkpt>
      <trkpt lat="47.36963" lon="-91.65114">
        <ele>530.2</ele>
      </trkpt>
      <trkpt lat="47.36889" lon="-91.65109">
        <ele>529.8</ele>
      </trkpt>
      <trkpt lat="47.36808" lon="-91.6512">
        <ele>528.7</ele>
      </trkpt>
      <trkpt lat="47.36727" lon="-91.65143">
        <ele>528.1</ele>
      </trkpt>
      <trkpt lat="47.36656" lon="-91.65171">
        <ele>528.0</ele>
      </trkpt>
      <trkpt lat="47.36586" lon="-91.652">
        <ele>527.7</ele>
      </trkpt>
      <trkpt lat="47.36515" lon="-91.65228">
        <ele>527.1</ele>
      </trkpt>
      <trkpt lat="47.36445" lon="-91.65256">
        <ele>525.9</ele>
      </trkpt>
      <trkpt lat="47.36363" lon="-91.6529">
        <ele>525.1</ele>
      </trkpt>
      <trkpt lat="47.36281" lon="-91.65323">
        <ele>524.9</ele>
      </trkpt>
      <trkpt lat="47.36199" lon="-91.65356">
        <ele>524.6</ele>
      </trkpt>
      <trkpt lat="47.36118" lon="-91.6539">
        <ele>524.1</ele>
      </trkpt>
      <trkpt lat="47.36036" lon="-91.65423">
        <ele>523.1</ele>
      </trkpt>
      <trkpt lat="47.35954" lon="-91.65456">
        <ele>522.3</ele>
      </trkpt>
      <trkpt lat="47.35872" lon="-91.6549">
        <ele>522.2</ele>
      </trkpt>
      <trkpt lat="47.35791" lon="-91.65523">
        <ele>522.1</ele>
      </trkpt>
      <trkpt lat="47.35709" lon="-91.65556">
        <ele>521.9</ele>
      </trkpt>
      <trkpt lat="47.35627" lon="-91.6559">
        <ele>521.7</ele>
      </trkpt>
      <trkpt lat="47.35545" lon="-91.65623">
        <ele>520.8</ele>
      </trkpt>
      <trkpt lat="47.35464" lon="-91.65656">
        <ele>518.7</ele>
      </trkpt>
      <trkpt lat="47.35382" lon="-91.6569">
        <ele>516.6</ele>
      </trkpt>
      <trkpt lat="47.353" lon="-91.65723">
        <ele>515.0</ele>
      </trkpt>
      <trkpt lat="47.35219" lon="-91.65756">
        <ele>514.8</ele>
      </trkpt>
      <trkpt lat="47.35137" lon="-91.6579">
        <ele>511.9</ele>
      </trkpt>
      <trkpt lat="47.35055" lon="-91.65823">
        <ele>510.8</ele>
      </trkpt>
      <trkpt lat="47.35" lon="-91.65843">
        <ele>510.1</ele>
      </trkpt>
      <trkpt lat="47.34954" lon="-91.65861">
        <ele>509.5</ele>
      </trkpt>
      <trkpt lat="47.34908" lon="-91.65878">
        <ele>510.1</ele>
      </trkpt>
      <trkpt lat="47.34833" lon="-91.65909">
        <ele>511.2</ele>
      </trkpt>
      <trkpt lat="47.34757" lon="-91.65939">
        <ele>509.9</ele>
      </trkpt>
      <trkpt lat="47.34682" lon="-91.6597">
        <ele>509.4</ele>
      </trkpt>
      <trkpt lat="47.34606" lon="-91.66001">
        <ele>509.9</ele>
      </trkpt>
      <trkpt lat="47.34531" lon="-91.66032">
        <ele>511.3</ele>
      </trkpt>
      <trkpt lat="47.34477" lon="-91.66057">
        <ele>512.4</ele>
      </trkpt>
      <trkpt lat="47.34423" lon="-91.66083">
        <ele>512.8</ele>
      </trkpt>
      <trkpt lat="47.34349" lon="-91.66124">
        <ele>513.3</ele>
      </trkpt>
      <trkpt lat="47.34274" lon="-91.66166">
        <ele>513.4</ele>
      </trkpt>
      <trkpt lat="47.34199" lon="-91.66207">
        <ele>513.5</ele>
      </trkpt>
      <trkpt lat="47.34125" lon="-91.66249">
        <ele>512.9</ele>
      </trkpt>
      <trkpt lat="47.3405" lon="-91.6629">
        <ele>512.6</ele>
      </trkpt>
      <trkpt lat="47.33976" lon="-91.66332">
        <ele>513.0</ele>
      </trkpt>
      <trkpt lat="47.33901" lon="-91.66373">
        <ele>514.1</ele>
      </trkpt>
      <trkpt lat="47.33824" lon="-91.66404">
        <ele>513.6</ele>
      </trkpt>
      <trkpt lat="47.33749" lon="-91.66419">
        <ele>511.9</ele>
      </trkpt>
      <trkpt lat="47.33679" lon="-91.66425">
        <ele>511.3</ele>
      </trkpt>
      <trkpt lat="47.336" lon="-91.66425">
        <ele>510.4</ele>
      </trkpt>
      <trkpt lat="47.33521" lon="-91.66425">
        <ele>509.7</ele>
      </trkpt>
      <trkpt lat="47.33442" lon="-91.66425">
        <ele>509.6</ele>
      </trkpt>
      <trkpt lat="47.33363" lon="-91.66426">
        <ele>509.4</ele>
      </trkpt>
      <trkpt lat="47.33285" lon="-91.66426">
        <ele>509.2</ele>
      </trkpt>
      <trkpt lat="47.33223" lon="-91.66428">
        <ele>509.2</ele>
      </trkpt>
      <trkpt lat="47.33161" lon="-91.6643">
        <ele>509.2</ele>
      </trkpt>
      <trkpt lat="47.33099" lon="-91.66432">
        <ele>509.5</ele>
      </trkpt>
      <trkpt lat="47.33069" lon="-91.66432">
        <ele>509.7</ele>
      </trkpt>
      <trkpt lat="47.32982" lon="-91.66431">
        <ele>510.2</ele>
      </trkpt>
      <trkpt lat="47.32895" lon="-91.6643">
        <ele>510.5</ele>
      </trkpt>
      <trkpt lat="47.32808" lon="-91.6643">
        <ele>509.9</ele>
      </trkpt>
      <trkpt lat="47.32721" lon="-91.66429">
        <ele>509.1</ele>
      </trkpt>
      <trkpt lat="47.32636" lon="-91.6643">
        <ele>509.0</ele>
      </trkpt>
      <trkpt lat="47.32552" lon="-91.66432">
        <ele>508.9</ele>
      </trkpt>
      <trkpt lat="47.32468" lon="-91.66433">
        <ele>508.4</ele>
      </trkpt>
      <trkpt lat="47.32435" lon="-91.66432">
        <ele>508.3</ele>
      </trkpt>
      <trkpt lat="47.32349" lon="-91.66433">
        <ele>507.9</ele>
      </trkpt>
      <trkpt lat="47.32264" lon="-91.66435">
        <ele>507.8</ele>
      </trkpt>
      <trkpt lat="47.32179" lon="-91.66436">
        <ele>509.0</ele>
      </trkpt>
      <trkpt lat="47.32094" lon="-91.66437">
        <ele>509.1</ele>
      </trkpt>
      <trkpt lat="47.32008" lon="-91.66438">
        <ele>509.1</ele>
      </trkpt>
      <trkpt lat="47.31923" lon="-91.66439">
        <ele>510.6</ele>
      </trkpt>
      <trkpt lat="47.31838" lon="-91.66441">
        <ele>512.0</ele>
      </trkpt>
      <trkpt lat="47.31753" lon="-91.66442">
        <ele>511.7</ele>
      </trkpt>
      <trkpt lat="47.31665" lon="-91.66442">
        <ele>510.9</ele>
      </trkpt>
      <trkpt lat="47.31577" lon="-91.66443">
        <ele>511.4</ele>
      </trkpt>
      <trkpt lat="47.3149" lon="-91.66444">
        <ele>511.6</ele>
      </trkpt>
      <trkpt lat="47.31402" lon="-91.66445">
        <ele>512.2</ele>
      </trkpt>
      <trkpt lat="47.31315" lon="-91.66445">
        <ele>512.3</ele>
      </trkpt>
      <trkpt lat="47.31227" lon="-91.66446">
        <ele>512.2</ele>
      </trkpt>
      <trkpt lat="47.31139" lon="-91.66447">
        <ele>512.2</ele>
      </trkpt>
      <trkpt lat="47.31052" lon="-91.66447">
        <ele>512.2</ele>
      </trkpt>
      <trkpt lat="47.30973" lon="-91.66447">
        <ele>512.8</ele>
      </trkpt>
      <trkpt lat="47.30893" lon="-91.66447">
        <ele>514.3</ele>
      </trkpt>
      <trkpt lat="47.30814" lon="-91.66446">
        <ele>514.5</ele>
      </trkpt>
      <trkpt lat="47.30735" lon="-91.66446">
        <ele>514.0</ele>
      </trkpt>
      <trkpt lat="47.30656" lon="-91.66446">
        <ele>513.3</ele>
      </trkpt>
      <trkpt lat="47.30577" lon="-91.66446">
        <ele>513.2</ele>
      </trkpt>
      <trkpt lat="47.30497" lon="-91.66445">
        <ele>513.6</ele>
      </trkpt>
      <trkpt lat="47.30418" lon="-91.66445">
        <ele>514.0</ele>
      </trkpt>
      <trkpt lat="47.30339" lon="-91.66445">
        <ele>514.5</ele>
      </trkpt>
      <trkpt lat="47.30261" lon="-91.66444">
        <ele>515.3</ele>
      </trkpt>
      <trkpt lat="47.30182" lon="-91.66444">
        <ele>516.3</ele>
      </trkpt>
      <trkpt lat="47.30103" lon="-91.66443">
        <ele>515.0</ele>
      </trkpt>
      <trkpt lat="47.30021" lon="-91.66443">
        <ele>514.8</ele>
      </trkpt>
      <trkpt lat="47.29938" lon="-91.66444">
        <ele>513.2</ele>
      </trkpt>
      <trkpt lat="47.29856" lon="-91.66444">
        <ele>513.9</ele>
      </trkpt>
      <trkpt lat="47.29774" lon="-91.66445">
        <ele>519.2</ele>
      </trkpt>
      <trkpt lat="47.29691" lon="-91.66445">
        <ele>521.6</ele>
      </trkpt>
      <trkpt lat="47.29609" lon="-91.66446">
        <ele>521.8</ele>
      </trkpt>
      <trkpt lat="47.29527" lon="-91.66446">
        <ele>521.3</ele>
      </trkpt>
      <trkpt lat="47.29444" lon="-91.66447">
        <ele>521.9</ele>
      </trkpt>
      <trkpt lat="47.29362" lon="-91.66447">
        <ele>522.1</ele>
      </trkpt>
      <trkpt lat="47.2928" lon="-91.66448">
        <ele>522.9</ele>
      </trkpt>
      <trkpt lat="47.29197" lon="-91.66448">
        <ele>522.3</ele>
      </trkpt>
      <trkpt lat="47.29135" lon="-91.66443">
        <ele>521.4</ele>
      </trkpt>
      <trkpt lat="47.29063" lon="-91.66426">
        <ele>521.3</ele>
      </trkpt>
      <trkpt lat="47.28987" lon="-91.66397">
        <ele>521.0</ele>
      </trkpt>
      <trkpt lat="47.28911" lon="-91.66368">
        <ele>521.9</ele>
      </trkpt>
      <trkpt lat="47.28835" lon="-91.66339">
        <ele>522.0</ele>
      </trkpt>
      <trkpt lat="47.28759" lon="-91.6631">
        <ele>519.9</ele>
      </trkpt>
      <trkpt lat="47.28683" lon="-91.66281">
        <ele>516.5</ele>
      </trkpt>
      <trkpt lat="47.28607" lon="-91.66252">
        <ele>513.7</ele>
      </trkpt>
      <trkpt lat="47.28524" lon="-91.66221">
        <ele>512.6</ele>
      </trkpt>
      <trkpt lat="47.28441" lon="-91.6619">
        <ele>510.9</ele>
      </trkpt>
      <trkpt lat="47.28358" lon="-91.6616">
        <ele>509.2</ele>
      </trkpt>
      <trkpt lat="47.28275" lon="-91.66129">
        <ele>509.1</ele>
      </trkpt>
      <trkpt lat="47.28208" lon="-91.6611">
        <ele>509.2</ele>
      </trkpt>
      <trkpt lat="47.28142" lon="-91.66091">
        <ele>512.8</ele>
      </trkpt>
      <trkpt lat="47.28055" lon="-91.66075">
        <ele>517.6</ele>
      </trkpt>
      <trkpt lat="47.27968" lon="-91.66058">
        <ele>520.3</ele>
      </trkpt>
      <trkpt lat="47.27881" lon="-91.66042">
        <ele>520.9</ele>
      </trkpt>
      <trkpt lat="47.27823" lon="-91.66019">
        <ele>518.8</ele>
      </trkpt>
      <trkpt lat="47.27764" lon="-91.65988">
        <ele>517.7</ele>
      </trkpt>
      <trkpt lat="47.27707" lon="-91.65945">
        <ele>517.3</ele>
      </trkpt>
      <trkpt lat="47.27644" lon="-91.65882">
        <ele>517.3</ele>
      </trkpt>
      <trkpt lat="47.27585" lon="-91.65808">
        <ele>517.4</ele>
      </trkpt>
      <trkpt lat="47.27526" lon="-91.65734">
        <ele>518.3</ele>
      </trkpt>
      <trkpt lat="47.27467" lon="-91.65661">
        <ele>518.5</ele>
      </trkpt>
      <trkpt lat="47.27408" lon="-91.65587">
        <ele>520.0</ele>
      </trkpt>
      <trkpt lat="47.27353" lon="-91.65519">
        <ele>519.9</ele>
      </trkpt>
      <trkpt lat="47.273" lon="-91.65467">
        <ele>520.2</ele>
      </trkpt>
      <trkpt lat="47.27242" lon="-91.65418">
        <ele>520.5</ele>
      </trkpt>
      <trkpt lat="47.2717" lon="-91.65381">
        <ele>520.9</ele>
      </trkpt>
      <trkpt lat="47.27103" lon="-91.65359">
        <ele>521.0</ele>
      </trkpt>
      <trkpt lat="47.27019" lon="-91.65343">
        <ele>521.1</ele>
      </trkpt>
      <trkpt lat="47.26935" lon="-91.65327">
        <ele>521.9</ele>
      </trkpt>
      <trkpt lat="47.26851" lon="-91.65311">
        <ele>523.6</ele>
      </trkpt>
      <trkpt lat="47.26767" lon="-91.65294">
        <ele>521.5</ele>
      </trkpt>
      <trkpt lat="47.26683" lon="-91.65278">
        <ele>525.0</ele>
      </trkpt>
      <trkpt lat="47.266" lon="-91.65262">
        <ele>527.7</ele>
      </trkpt>
      <trkpt lat="47.26516" lon="-91.65246">
        <ele>528.2</ele>
      </trkpt>
      <trkpt lat="47.26454" lon="-91.65237">
        <ele>529.7</ele>
      </trkpt>
      <trkpt lat="47.26403" lon="-91.65239">
        <ele>529.7</ele>
      </trkpt>
      <trkpt lat="47.26362" lon="-91.65249">
        <ele>529.1</ele>
      </trkpt>
      <trkpt lat="47.26304" lon="-91.6527">
        <ele>527.5</ele>
      </trkpt>
      <trkpt lat="47.26241" lon="-91.65304">
        <ele>527.4</ele>
      </trkpt>
      <trkpt lat="47.2616" lon="-91.65353">
        <ele>527.5</ele>
      </trkpt>
      <trkpt lat="47.26079" lon="-91.65402">
        <ele>529.7</ele>
      </trkpt>
      <trkpt lat="47.25997" lon="-91.65451">
        <ele>528.6</ele>
      </trkpt>
      <trkpt lat="47.25916" lon="-91.655">
        <ele>527.4</ele>
      </trkpt>
      <trkpt lat="47.25835" lon="-91.65549">
        <ele>527.3</ele>
      </trkpt>
      <trkpt lat="47.25754" lon="-91.65599">
        <ele>525.8</ele>
      </trkpt>
      <trkpt lat="47.25673" lon="-91.65648">
        <ele>523.2</ele>
      </trkpt>
      <trkpt lat="47.25591" lon="-91.65697">
        <ele>521.3</ele>
      </trkpt>
      <trkpt lat="47.2551" lon="-91.65746">
        <ele>521.3</ele>
      </trkpt>
      <trkpt lat="47.25429" lon="-91.65795">
        <ele>522.0</ele>
      </trkpt>
      <trkpt lat="47.25348" lon="-91.65844">
        <ele>523.6</ele>
      </trkpt>
      <trkpt lat="47.25266" lon="-91.65893">
        <ele>521.5</ele>
      </trkpt>
      <trkpt lat="47.25185" lon="-91.65943">
        <ele>521.7</ele>
      </trkpt>
      <trkpt lat="47.25104" lon="-91.65992">
        <ele>520.2</ele>
      </trkpt>
      <trkpt lat="47.25023" lon="-91.66041">
        <ele>520.8</ele>
      </trkpt>
      <trkpt lat="47.24941" lon="-91.6609">
        <ele>518.6</ele>
      </trkpt>
      <trkpt lat="47.24885" lon="-91.66121">
        <ele>516.1</ele>
      </trkpt>
      <trkpt lat="47.24803" lon="-91.66153">
        <ele>517.0</ele>
      </trkpt>
      <trkpt lat="47.24744" lon="-91.66172">
        <ele>514.5</ele>
      </trkpt>
      <trkpt lat="47.24684" lon="-91.6619">
        <ele>514.8</ele>
      </trkpt>
      <trkpt lat="47.24625" lon="-91.66208">
        <ele>512.8</ele>
      </trkpt>
      <trkpt lat="47.24546" lon="-91.66233">
        <ele>510.7</ele>
      </trkpt>
      <trkpt lat="47.24468" lon="-91.66258">
        <ele>510.9</ele>
      </trkpt>
      <trkpt lat="47.24389" lon="-91.66284">
        <ele>511.7</ele>
      </trkpt>
      <trkpt lat="47.24311" lon="-91.66309">
        <ele>509.4</ele>
      </trkpt>
      <trkpt lat="47.24225" lon="-91.66336">
        <ele>506.4</ele>
      </trkpt>
      <trkpt lat="47.24139" lon="-91.66363">
        <ele>503.2</ele>
      </trkpt>
      <trkpt lat="47.24052" lon="-91.66391">
        <ele>500.1</ele>
      </trkpt>
      <trkpt lat="47.23966" lon="-91.66418">
        <ele>498.7</ele>
      </trkpt>
      <trkpt lat="47.2388" lon="-91.66445">
        <ele>498.7</ele>
      </trkpt>
      <trkpt lat="47.23805" lon="-91.66463">
        <ele>499.4</ele>
      </trkpt>
      <trkpt lat="47.23719" lon="-91.66468">
        <ele>498.2</ele>
      </trkpt>
      <trkpt lat="47.23664" lon="-91.66467">
        <ele>497.1</ele>
      </trkpt>
      <trkpt lat="47.23609" lon="-91.66467">
        <ele>497.6</ele>
      </trkpt>
      <trkpt lat="47.2352" lon="-91.66467">
        <ele>497.1</ele>
      </trkpt>
      <trkpt lat="47.23432" lon="-91.66467">
        <ele>496.8</ele>
      </trkpt>
      <trkpt lat="47.23344" lon="-91.66466">
        <ele>496.7</ele>
      </trkpt>
      <trkpt lat="47.23256" lon="-91.66466">
        <ele>498.0</ele>
      </trkpt>
      <trkpt lat="47.23168" lon="-91.66466">
        <ele>497.7</ele>
      </trkpt>
      <trkpt lat="47.2308" lon="-91.66466">
        <ele>496.9</ele>
      </trkpt>
      <trkpt lat="47.22992" lon="-91.66466">
        <ele>495.5</ele>
      </trkpt>
      <trkpt lat="47.22904" lon="-91.66466">
        <ele>493.9</ele>
      </trkpt>
      <trkpt lat="47.22816" lon="-91.66466">
        <ele>493.4</ele>
      </trkpt>
      <trkpt lat="47.22728" lon="-91.66466">
        <ele>492.6</ele>
      </trkpt>
      <trkpt lat="47.2264" lon="-91.66466">
        <ele>493.8</ele>
      </trkpt>
      <trkpt lat="47.22552" lon="-91.66466">
        <ele>495.4</ele>
      </trkpt>
      <trkpt lat="47.22464" lon="-91.66466">
        <ele>497.5</ele>
      </trkpt>
      <trkpt lat="47.22376" lon="-91.66466">
        <ele>497.8</ele>
      </trkpt>
      <trkpt lat="47.22288" lon="-91.66466">
        <ele>498.1</ele>
      </trkpt>
      <trkpt lat="47.222" lon="-91.66466">
        <ele>500.5</ele>
      </trkpt>
      <trkpt lat="47.22112" lon="-91.66466">
        <ele>498.8</ele>
      </trkpt>
      <trkpt lat="47.22024" lon="-91.66466">
        <ele>497.0</ele>
      </trkpt>
      <trkpt lat="47.21936" lon="-91.66466">
        <ele>493.8</ele>
      </trkpt>
      <trkpt lat="47.21848" lon="-91.66466">
        <ele>489.2</ele>
      </trkpt>
      <trkpt lat="47.2176" lon="-91.66466">
        <ele>484.9</ele>
      </trkpt>
      <trkpt lat="47.21672" lon="-91.66466">
        <ele>479.7</ele>
      </trkpt>
      <trkpt lat="47.21584" lon="-91.66466">
        <ele>476.5</ele>
      </trkpt>
      <trkpt lat="47.21505" lon="-91.66464">
        <ele>475.6</ele>
      </trkpt>
      <trkpt lat="47.21427" lon="-91.66463">
        <ele>473.0</ele>
      </trkpt>
      <trkpt lat="47.21348" lon="-91.66461">
        <ele>469.3</ele>
      </trkpt>
      <trkpt lat="47.21275" lon="-91.66463">
        <ele>464.6</ele>
      </trkpt>
      <trkpt lat="47.21201" lon="-91.66464">
        <ele>461.9</ele>
      </trkpt>
      <trkpt lat="47.21119" lon="-91.66465">
        <ele>459.7</ele>
      </trkpt>
      <trkpt lat="47.21038" lon="-91.66466">
        <ele>458.3</ele>
      </trkpt>
      <trkpt lat="47.20956" lon="-91.66467">
        <ele>456.9</ele>
      </trkpt>
      <trkpt lat="47.20874" lon="-91.66467">
        <ele>456.2</ele>
      </trkpt>
      <trkpt lat="47.20792" lon="-91.66468">
        <ele>454.4</ele>
      </trkpt>
      <trkpt lat="47.20711" lon="-91.66469">
        <ele>454.4</ele>
      </trkpt>
      <trkpt lat="47.20626" lon="-91.66469">
        <ele>454.0</ele>
      </trkpt>
      <trkpt lat="47.20542" lon="-91.66468">
        <ele>454.0</ele>
      </trkpt>
      <trkpt lat="47.20458" lon="-91.66468">
        <ele>454.0</ele>
      </trkpt>
      <trkpt lat="47.20374" lon="-91.66468">
        <ele>452.7</ele>
      </trkpt>
      <trkpt lat="47.20289" lon="-91.66468">
        <ele>451.6</ele>
      </trkpt>
      <trkpt lat="47.20205" lon="-91.66468">
        <ele>448.6</ele>
      </trkpt>
      <trkpt lat="47.20119" lon="-91.66468">
        <ele>448.2</ele>
      </trkpt>
      <trkpt lat="47.20033" lon="-91.66469">
        <ele>447.1</ele>
      </trkpt>
      <trkpt lat="47.19947" lon="-91.66469">
        <ele>445.1</ele>
      </trkpt>
      <trkpt lat="47.19861" lon="-91.6647">
        <ele>443.5</ele>
      </trkpt>
      <trkpt lat="47.19774" lon="-91.6647">
        <ele>442.2</ele>
      </trkpt>
      <trkpt lat="47.19688" lon="-91.66471">
        <ele>443.2</ele>
      </trkpt>
      <trkpt lat="47.19602" lon="-91.66471">
        <ele>442.6</ele>
      </trkpt>
      <trkpt lat="47.19516" lon="-91.66472">
        <ele>440.9</ele>
      </trkpt>
      <trkpt lat="47.1943" lon="-91.66472">
        <ele>440.3</ele>
      </trkpt>
      <trkpt lat="47.19344" lon="-91.66473">
        <ele>439.9</ele>
      </trkpt>
      <trkpt lat="47.19258" lon="-91.66473">
        <ele>439.1</ele>
      </trkpt>
      <trkpt lat="47.19172" lon="-91.66474">
        <ele>440.8</ele>
      </trkpt>
      <trkpt lat="47.19086" lon="-91.66474">
        <ele>441.6</ele>
      </trkpt>
      <trkpt lat="47.18999" lon="-91.66475">
        <ele>442.0</ele>
      </trkpt>
      <trkpt lat="47.18913" lon="-91.66475">
        <ele>443.4</ele>
      </trkpt>
      <trkpt lat="47.18827" lon="-91.66475">
        <ele>444.7</ele>
      </trkpt>
      <trkpt lat="47.18741" lon="-91.66476">
        <ele>444.6</ele>
      </trkpt>
      <trkpt lat="47.18655" lon="-91.66476">
        <ele>443.4</ele>
      </trkpt>
      <trkpt lat="47.18569" lon="-91.66477">
        <ele>442.1</ele>
      </trkpt>
      <trkpt lat="47.18483" lon="-91.66477">
        <ele>441.0</ele>
      </trkpt>
      <trkpt lat="47.18394" lon="-91.66479">
        <ele>441.2</ele>
      </trkpt>
      <trkpt lat="47.18305" lon="-91.66481">
        <ele>439.5</ele>
      </trkpt>
      <trkpt lat="47.18216" lon="-91.66482">
        <ele>436.1</ele>
      </trkpt>
      <trkpt lat="47.18127" lon="-91.66484">
        <ele>435.9</ele>
      </trkpt>
      <trkpt lat="47.18038" lon="-91.66486">
        <ele>436.3</ele>
      </trkpt>
      <trkpt lat="47.1795" lon="-91.66488">
        <ele>436.3</ele>
      </trkpt>
      <trkpt lat="47.17861" lon="-91.66489">
        <ele>436.1</ele>
      </trkpt>
      <trkpt lat="47.17779" lon="-91.6649">
        <ele>435.4</ele>
      </trkpt>
      <trkpt lat="47.17697" lon="-91.6649">
        <ele>434.8</ele>
      </trkpt>
      <trkpt lat="47.17616" lon="-91.6649">
        <ele>435.3</ele>
      </trkpt>
      <trkpt lat="47.17534" lon="-91.66491">
        <ele>433.9</ele>
      </trkpt>
      <trkpt lat="47.17452" lon="-91.66491">
        <ele>433.3</ele>
      </trkpt>
      <trkpt lat="47.17371" lon="-91.66492">
        <ele>432.8</ele>
      </trkpt>
      <trkpt lat="47.17289" lon="-91.66492">
        <ele>431.8</ele>
      </trkpt>
      <trkpt lat="47.17207" lon="-91.66492">
        <ele>431.2</ele>
      </trkpt>
      <trkpt lat="47.17129" lon="-91.66492">
        <ele>430.5</ele>
      </trkpt>
      <trkpt lat="47.17052" lon="-91.66492">
        <ele>429.9</ele>
      </trkpt>
      <trkpt lat="47.16974" lon="-91.66491">
        <ele>430.1</ele>
      </trkpt>
      <trkpt lat="47.16896" lon="-91.66491">
        <ele>430.1</ele>
      </trkpt>
      <trkpt lat="47.16818" lon="-91.66491">
        <ele>430.0</ele>
      </trkpt>
      <trkpt lat="47.1674" lon="-91.66491">
        <ele>429.9</ele>
      </trkpt>
      <trkpt lat="47.16662" lon="-91.6649">
        <ele>429.9</ele>
      </trkpt>
      <trkpt lat="47.1658" lon="-91.6649">
        <ele>429.9</ele>
      </trkpt>
      <trkpt lat="47.16497" lon="-91.6649">
        <ele>429.8</ele>
      </trkpt>
      <trkpt lat="47.16414" lon="-91.6649">
        <ele>429.8</ele>
      </trkpt>
      <trkpt lat="47.16331" lon="-91.6649">
        <ele>429.9</ele>
      </trkpt>
      <trkpt lat="47.16249" lon="-91.6649">
        <ele>429.7</ele>
      </trkpt>
      <trkpt lat="47.16166" lon="-91.6649">
        <ele>428.9</ele>
      </trkpt>
      <trkpt lat="47.16083" lon="-91.6649">
        <ele>427.3</ele>
      </trkpt>
      <trkpt lat="47.15997" lon="-91.66491">
        <ele>427.3</ele>
      </trkpt>
      <trkpt lat="47.1591" lon="-91.66491">
        <ele>426.5</ele>
      </trkpt>
      <trkpt lat="47.15823" lon="-91.66491">
        <ele>423.1</ele>
      </trkpt>
      <trkpt lat="47.15737" lon="-91.66492">
        <ele>427.6</ele>
      </trkpt>
      <trkpt lat="47.1565" lon="-91.66492">
        <ele>429.1</ele>
      </trkpt>
      <trkpt lat="47.15563" lon="-91.66493">
        <ele>428.6</ele>
      </trkpt>
      <trkpt lat="47.15477" lon="-91.66493">
        <ele>427.6</ele>
      </trkpt>
      <trkpt lat="47.1539" lon="-91.66493">
        <ele>424.1</ele>
      </trkpt>
      <trkpt lat="47.15303" lon="-91.66494">
        <ele>423.8</ele>
      </trkpt>
      <trkpt lat="47.15217" lon="-91.66494">
        <ele>421.5</ele>
      </trkpt>
      <trkpt lat="47.1513" lon="-91.66494">
        <ele>418.7</ele>
      </trkpt>
      <trkpt lat="47.15043" lon="-91.66495">
        <ele>416.8</ele>
      </trkpt>
      <trkpt lat="47.14957" lon="-91.66495">
        <ele>415.2</ele>
      </trkpt>
      <trkpt lat="47.1487" lon="-91.66496">
        <ele>413.8</ele>
      </trkpt>
      <trkpt lat="47.14794" lon="-91.66496">
        <ele>412.4</ele>
      </trkpt>
      <trkpt lat="47.14718" lon="-91.66497">
        <ele>409.9</ele>
      </trkpt>
      <trkpt lat="47.14642" lon="-91.66498">
        <ele>407.7</ele>
      </trkpt>
      <trkpt lat="47.14566" lon="-91.66499">
        <ele>405.4</ele>
      </trkpt>
      <trkpt lat="47.14478" lon="-91.66499">
        <ele>402.9</ele>
      </trkpt>
      <trkpt lat="47.1439" lon="-91.66499">
        <ele>401.2</ele>
      </trkpt>
      <trkpt lat="47.14302" lon="-91.66499">
        <ele>400.2</ele>
      </trkpt>
      <trkpt lat="47.14214" lon="-91.66499">
        <ele>402.5</ele>
      </trkpt>
      <trkpt lat="47.14125" lon="-91.66499">
        <ele>402.2</ele>
      </trkpt>
      <trkpt lat="47.14037" lon="-91.665">
        <ele>401.0</ele>
      </trkpt>
      <trkpt lat="47.13949" lon="-91.665">
        <ele>399.3</ele>
      </trkpt>
      <trkpt lat="47.13861" lon="-91.665">
        <ele>397.7</ele>
      </trkpt>
      <trkpt lat="47.13773" lon="-91.665">
        <ele>397.0</ele>
      </trkpt>
      <trkpt lat="47.13684" lon="-91.665">
        <ele>393.8</ele>
      </trkpt>
      <trkpt lat="47.13596" lon="-91.665">
        <ele>392.4</ele>
      </trkpt>
      <trkpt lat="47.13513" lon="-91.66501">
        <ele>392.4</ele>
      </trkpt>
      <trkpt lat="47.1343" lon="-91.66502">
        <ele>392.7</ele>
      </trkpt>
      <trkpt lat="47.13347" lon="-91.66503">
        <ele>393.4</ele>
      </trkpt>
      <trkpt lat="47.13264" lon="-91.66504">
        <ele>393.4</ele>
      </trkpt>
      <trkpt lat="47.13181" lon="-91.66505">
        <ele>392.1</ele>
      </trkpt>
      <trkpt lat="47.13092" lon="-91.66506">
        <ele>391.8</ele>
      </trkpt>
      <trkpt lat="47.13004" lon="-91.66506">
        <ele>391.8</ele>
      </trkpt>
      <trkpt lat="47.12916" lon="-91.66507">
        <ele>392.8</ele>
      </trkpt>
      <trkpt lat="47.12828" lon="-91.66508">
        <ele>394.4</ele>
      </trkpt>
      <trkpt lat="47.12739" lon="-91.66508">
        <ele>392.4</ele>
      </trkpt>
      <trkpt lat="47.12651" lon="-91.66509">
        <ele>389.2</ele>
      </trkpt>
      <trkpt lat="47.12563" lon="-91.6651">
        <ele>389.3</ele>
      </trkpt>
      <trkpt lat="47.12475" lon="-91.6651">
        <ele>390.7</ele>
      </trkpt>
      <trkpt lat="47.12386" lon="-91.66511">
        <ele>393.4</ele>
      </trkpt>
      <trkpt lat="47.12298" lon="-91.66511">
        <ele>397.2</ele>
      </trkpt>
      <trkpt lat="47.1221" lon="-91.66512">
        <ele>401.3</ele>
      </trkpt>
      <trkpt lat="47.12122" lon="-91.66513">
        <ele>401.4</ele>
      </trkpt>
      <trkpt lat="47.12034" lon="-91.66513">
        <ele>399.4</ele>
      </trkpt>
      <trkpt lat="47.11945" lon="-91.66514">
        <ele>398.1</ele>
      </trkpt>
      <trkpt lat="47.11866" lon="-91.66514">
        <ele>397.7</ele>
      </trkpt>
      <trkpt lat="47.11787" lon="-91.66515">
        <ele>397.3</ele>
      </trkpt>
      <trkpt lat="47.11707" lon="-91.66515">
        <ele>396.6</ele>
      </trkpt>
      <trkpt lat="47.11628" lon="-91.66515">
        <ele>395.4</ele>
      </trkpt>
      <trkpt lat="47.11549" lon="-91.66516">
        <ele>393.2</ele>
      </trkpt>
      <trkpt lat="47.1147" lon="-91.66516">
        <ele>391.2</ele>
      </trkpt>
      <trkpt lat="47.1139" lon="-91.66517">
        <ele>389.6</ele>
      </trkpt>
      <trkpt lat="47.11311" lon="-91.66517">
        <ele>388.3</ele>
      </trkpt>
      <trkpt lat="47.11268" lon="-91.66519">
        <ele>387.5</ele>
      </trkpt>
      <trkpt lat="47.11231" lon="-91.66525">
        <ele>387.2</ele>
      </trkpt>
      <trkpt lat="47.11189" lon="-91.6654">
        <ele>386.0</ele>
      </trkpt>
      <trkpt lat="47.11118" lon="-91.66577">
        <ele>384.9</ele>
      </trkpt>
      <trkpt lat="47.11047" lon="-91.66615">
        <ele>384.2</ele>
      </trkpt>
      <trkpt lat="47.10976" lon="-91.66652">
        <ele>382.0</ele>
      </trkpt>
      <trkpt lat="47.10906" lon="-91.6669">
        <ele>377.5</ele>
      </trkpt>
      <trkpt lat="47.1086" lon="-91.66712">
        <ele>376.5</ele>
      </trkpt>
      <trkpt lat="47.1083" lon="-91.66731">
        <ele>376.0</ele>
      </trkpt>
      <trkpt lat="47.10793" lon="-91.66747">
        <ele>378.5</ele>
      </trkpt>
      <trkpt lat="47.1075" lon="-91.66753">
        <ele>380.7</ele>
      </trkpt>
      <trkpt lat="47.10665" lon="-91.66753">
        <ele>384.1</ele>
      </trkpt>
      <trkpt lat="47.10579" lon="-91.66753">
        <ele>384.5</ele>
      </trkpt>
      <trkpt lat="47.10494" lon="-91.66752">
        <ele>380.7</ele>
      </trkpt>
      <trkpt lat="47.10409" lon="-91.66752">
        <ele>376.2</ele>
      </trkpt>
      <trkpt lat="47.10324" lon="-91.66752">
        <ele>374.9</ele>
      </trkpt>
      <trkpt lat="47.10238" lon="-91.66752">
        <ele>375.4</ele>
      </trkpt>
      <trkpt lat="47.10153" lon="-91.66752">
        <ele>373.4</ele>
      </trkpt>
      <trkpt lat="47.10068" lon="-91.66751">
        <ele>378.4</ele>
      </trkpt>
      <trkpt lat="47.09982" lon="-91.66751">
        <ele>376.4</ele>
      </trkpt>
      <trkpt lat="47.09897" lon="-91.66751">
        <ele>369.0</ele>
      </trkpt>
      <trkpt lat="47.09812" lon="-91.66751">
        <ele>363.9</ele>
      </trkpt>
      <trkpt lat="47.09725" lon="-91.66751">
        <ele>360.0</ele>
      </trkpt>
      <trkpt lat="47.09638" lon="-91.66751">
        <ele>355.7</ele>
      </trkpt>
      <trkpt lat="47.09551" lon="-91.66751">
        <ele>350.9</ele>
      </trkpt>
      <trkpt lat="47.09464" lon="-91.66751">
        <ele>346.6</ele>
      </trkpt>
      <trkpt lat="47.09377" lon="-91.66752">
        <ele>343.0</ele>
      </trkpt>
      <trkpt lat="47.0929" lon="-91.66752">
        <ele>339.1</ele>
      </trkpt>
      <trkpt lat="47.09203" lon="-91.66752">
        <ele>336.0</ele>
      </trkpt>
      <trkpt lat="47.09116" lon="-91.66752">
        <ele>331.0</ele>
      </trkpt>
      <trkpt lat="47.0905" lon="-91.66751">
        <ele>326.3</ele>
      </trkpt>
      <trkpt lat="47.08984" lon="-91.66751">
        <ele>322.9</ele>
      </trkpt>
      <trkpt lat="47.08918" lon="-91.6675">
        <ele>320.1</ele>
      </trkpt>
      <trkpt lat="47.08831" lon="-91.6675">
        <ele>318.8</ele>
      </trkpt>
      <trkpt lat="47.08744" lon="-91.6675">
        <ele>317.0</ele>
      </trkpt>
      <trkpt lat="47.08657" lon="-91.6675">
        <ele>314.6</ele>
      </trkpt>
      <trkpt lat="47.0857" lon="-91.6675">
        <ele>312.3</ele>
      </trkpt>
      <trkpt lat="47.08483" lon="-91.6675">
        <ele>310.2</ele>
      </trkpt>
      <trkpt lat="47.08396" lon="-91.6675">
        <ele>307.9</ele>
      </trkpt>
      <trkpt lat="47.08309" lon="-91.6675">
        <ele>307.4</ele>
      </trkpt>
      <trkpt lat="47.08222" lon="-91.6675">
        <ele>305.6</ele>
      </trkpt>
      <trkpt lat="47.08135" lon="-91.6675">
        <ele>304.0</ele>
      </trkpt>
      <trkpt lat="47.08048" lon="-91.6675">
        <ele>301.3</ele>
      </trkpt>
      <trkpt lat="47.07962" lon="-91.6675">
        <ele>300.2</ele>
      </trkpt>
      <trkpt lat="47.07877" lon="-91.66751">
        <ele>297.9</ele>
      </trkpt>
      <trkpt lat="47.07792" lon="-91.66751">
        <ele>295.7</ele>
      </trkpt>
      <trkpt lat="47.07706" lon="-91.66752">
        <ele>292.5</ele>
      </trkpt>
      <trkpt lat="47.07621" lon="-91.66752">
        <ele>296.0</ele>
      </trkpt>
      <trkpt lat="47.07536" lon="-91.66753">
        <ele>297.9</ele>
      </trkpt>
      <trkpt lat="47.07451" lon="-91.66753">
        <ele>299.0</ele>
      </trkpt>
      <trkpt lat="47.07362" lon="-91.66752">
        <ele>296.5</ele>
      </trkpt>
      <trkpt lat="47.07274" lon="-91.66752">
        <ele>289.0</ele>
      </trkpt>
      <trkpt lat="47.07185" lon="-91.66751">
        <ele>284.2</ele>
      </trkpt>
      <trkpt lat="47.07097" lon="-91.66751">
        <ele>286.3</ele>
      </trkpt>
      <trkpt lat="47.07008" lon="-91.6675">
        <ele>292.7</ele>
      </trkpt>
      <trkpt lat="47.0692" lon="-91.6675">
        <ele>293.3</ele>
      </trkpt>
      <trkpt lat="47.06845" lon="-91.6675">
        <ele>292.8</ele>
      </trkpt>
      <trkpt lat="47.06771" lon="-91.66751">
        <ele>291.8</ele>
      </trkpt>
      <trkpt lat="47.06697" lon="-91.66752">
        <ele>292.5</ele>
      </trkpt>
      <trkpt lat="47.06622" lon="-91.66752">
        <ele>291.7</ele>
      </trkpt>
      <trkpt lat="47.06548" lon="-91.66753">
        <ele>289.7</ele>
      </trkpt>
      <trkpt lat="47.06463" lon="-91.66752">
        <ele>286.3</ele>
      </trkpt>
      <trkpt lat="47.06377" lon="-91.66752">
        <ele>291.2</ele>
      </trkpt>
      <trkpt lat="47.06292" lon="-91.66751">
        <ele>293.3</ele>
      </trkpt>
      <trkpt lat="47.06206" lon="-91.6675">
        <ele>290.6</ele>
      </trkpt>
      <trkpt lat="47.06121" lon="-91.66749">
        <ele>286.7</ele>
      </trkpt>
      <trkpt lat="47.06035" lon="-91.66749">
        <ele>284.0</ele>
      </trkpt>
      <trkpt lat="47.0595" lon="-91.66748">
        <ele>280.1</ele>
      </trkpt>
      <trkpt lat="47.05864" lon="-91.66747">
        <ele>275.9</ele>
      </trkpt>
      <trkpt lat="47.05779" lon="-91.66747">
        <ele>274.5</ele>
      </trkpt>
      <trkpt lat="47.05689" lon="-91.66746">
        <ele>270.7</ele>
      </trkpt>
      <trkpt lat="47.05599" lon="-91.66746">
        <ele>267.4</ele>
      </trkpt>
      <trkpt lat="47.05509" lon="-91.66746">
        <ele>265.6</ele>
      </trkpt>
      <trkpt lat="47.05419" lon="-91.66746">
        <ele>264.7</ele>
      </trkpt>
      <trkpt lat="47.0533" lon="-91.66746">
        <ele>264.0</ele>
      </trkpt>
      <trkpt lat="47.0524" lon="-91.66746">
        <ele>263.0</ele>
      </trkpt>
      <trkpt lat="47.0515" lon="-91.66746">
        <ele>261.6</ele>
      </trkpt>
      <trkpt lat="47.05075" lon="-91.66746">
        <ele>258.7</ele>
      </trkpt>
      <trkpt lat="47.05" lon="-91.66747">
        <ele>257.0</ele>
      </trkpt>
      <trkpt lat="47.04942" lon="-91.66746">
        <ele>255.2</ele>
      </trkpt>
      <trkpt lat="47.04884" lon="-91.66746">
        <ele>253.9</ele>
      </trkpt>
      <trkpt lat="47.04812" lon="-91.66743">
        <ele>253.7</ele>
      </trkpt>
      <trkpt lat="47.04741" lon="-91.6674">
        <ele>250.8</ele>
      </trkpt>
      <trkpt lat="47.04659" lon="-91.6674">
        <ele>250.3</ele>
      </trkpt>
      <trkpt lat="47.04578" lon="-91.6674">
        <ele>247.4</ele>
      </trkpt>
      <trkpt lat="47.04512" lon="-91.6674">
        <ele>246.6</ele>
      </trkpt>
      <trkpt lat="47.04446" lon="-91.66739">
        <ele>244.4</ele>
      </trkpt>
      <trkpt lat="47.04447" lon="-91.66755">
        <ele>244.7</ele>
      </trkpt>
      <trkpt lat="47.04442" lon="-91.66765">
        <ele>244.7</ele>
      </trkpt>
      <trkpt lat="47.04432" lon="-91.66766">
        <ele>244.3</ele>
      </trkpt>
      <trkpt lat="47.04378" lon="-91.66764">
        <ele>243.2</ele>
      </trkpt>
      <trkpt lat="47.04364" lon="-91.66765">
        <ele>243.3</ele>
      </trkpt>
      <trkpt lat="47.04354" lon="-91.66765">
        <ele>243.3</ele>
      </trkpt>
      <trkpt lat="47.04337" lon="-91.66761">
        <ele>243.1</ele>
      </trkpt>
      <trkpt lat="47.04314" lon="-91.66764">
        <ele>242.3</ele>
      </trkpt>
      <trkpt lat="47.04289" lon="-91.66771">
        <ele>241.0</ele>
      </trkpt>
      <trkpt lat="47.04274" lon="-91.6677">
        <ele>240.2</ele>
      </trkpt>
      <trkpt lat="47.04243" lon="-91.66765">
        <ele>238.7</ele>
      </trkpt>
      <trkpt lat="47.04231" lon="-91.66771">
        <ele>238.8</ele>
      </trkpt>
      <trkpt lat="47.04217" lon="-91.66773">
        <ele>239.7</ele>
      </trkpt>
      <trkpt lat="47.04156" lon="-91.66774">
        <ele>242.0</ele>
      </trkpt>
      <trkpt lat="47.04136" lon="-91.66771">
        <ele>242.1</ele>
      </trkpt>
      <trkpt lat="47.04074" lon="-91.66771">
        <ele>241.8</ele>
      </trkpt>
      <trkpt lat="47.04068" lon="-91.6677">
        <ele>241.7</ele>
      </trkpt>
      <trkpt lat="47.04059" lon="-91.66765">
        <ele>241.6</ele>
      </trkpt>
      <trkpt lat="47.04048" lon="-91.66763">
        <ele>241.4</ele>
      </trkpt>
      <trkpt lat="47.04031" lon="-91.66763">
        <ele>241.2</ele>
      </trkpt>
      <trkpt lat="47.04012" lon="-91.6676">
        <ele>241.0</ele>
      </trkpt>
      <trkpt lat="47.03972" lon="-91.66764">
        <ele>240.2</ele>
      </trkpt>
      <trkpt lat="47.03961" lon="-91.66766">
        <ele>239.9</ele>
      </trkpt>
      <trkpt lat="47.03953" lon="-91.66771">
        <ele>239.8</ele>
      </trkpt>
      <trkpt lat="47.03946" lon="-91.66784">
        <ele>239.9</ele>
      </trkpt>
      <trkpt lat="47.03939" lon="-91.66799">
        <ele>239.9</ele>
      </trkpt>
      <trkpt lat="47.03933" lon="-91.66809">
        <ele>239.8</ele>
      </trkpt>
      <trkpt lat="47.03923" lon="-91.66813">
        <ele>239.5</ele>
      </trkpt>
      <trkpt lat="47.03915" lon="-91.66811">
        <ele>239.2</ele>
      </trkpt>
      <trkpt lat="47.03912" lon="-91.66805">
        <ele>239.0</ele>
      </trkpt>
      <trkpt lat="47.0391" lon="-91.66777">
        <ele>238.3</ele>
      </trkpt>
      <trkpt lat="47.03907" lon="-91.66765">
        <ele>238.1</ele>
      </trkpt>
      <trkpt lat="47.03902" lon="-91.66758">
        <ele>237.8</ele>
      </trkpt>
      <trkpt lat="47.03876" lon="-91.66758">
        <ele>236.6</ele>
      </trkpt>
      <trkpt lat="47.03883" lon="-91.6678">
        <ele>237.4</ele>
      </trkpt>
      <trkpt lat="47.03882" lon="-91.66823">
        <ele>238.0</ele>
      </trkpt>
      <trkpt lat="47.03877" lon="-91.66951">
        <ele>239.9</ele>
      </trkpt>
      <trkpt lat="47.03883" lon="-91.66999">
        <ele>240.7</ele>
      </trkpt>
      <trkpt lat="47.03879" lon="-91.67094">
        <ele>241.4</ele>
      </trkpt>
      <trkpt lat="47.03881" lon="-91.67146">
        <ele>242.2</ele>
      </trkpt>
      <trkpt lat="47.03876" lon="-91.6722">
        <ele>242.8</ele>
      </trkpt>
      <trkpt lat="47.03879" lon="-91.67272">
        <ele>243.3</ele>
      </trkpt>
      <trkpt lat="47.03874" lon="-91.67331">
        <ele>243.5</ele>
      </trkpt>
      <trkpt lat="47.03858" lon="-91.67419">
        <ele>243.7</ele>
      </trkpt>
      <trkpt lat="47.03841" lon="-91.67501">
        <ele>244.1</ele>
      </trkpt>
      <trkpt lat="47.03818" lon="-91.67604">
        <ele>243.6</ele>
      </trkpt>
      <trkpt lat="47.03801" lon="-91.67701">
        <ele>243.8</ele>
      </trkpt>
      <trkpt lat="47.03783" lon="-91.67799">
        <ele>247.1</ele>
      </trkpt>
      <trkpt lat="47.03767" lon="-91.67896">
        <ele>248.8</ele>
      </trkpt>
      <trkpt lat="47.03751" lon="-91.67993">
        <ele>250.3</ele>
      </trkpt>
      <trkpt lat="47.03728" lon="-91.6808">
        <ele>253.1</ele>
      </trkpt>
      <trkpt lat="47.03713" lon="-91.68122">
        <ele>253.9</ele>
      </trkpt>
      <trkpt lat="47.03692" lon="-91.68167">
        <ele>254.1</ele>
      </trkpt>
      <trkpt lat="47.03665" lon="-91.68202">
        <ele>253.8</ele>
      </trkpt>
      <trkpt lat="47.03637" lon="-91.6823">
        <ele>253.4</ele>
      </trkpt>
      <trkpt lat="47.03613" lon="-91.68245">
        <ele>252.7</ele>
      </trkpt>
      <trkpt lat="47.03592" lon="-91.68254">
        <ele>251.4</ele>
      </trkpt>
      <trkpt lat="47.0357" lon="-91.68258">
        <ele>249.8</ele>
      </trkpt>
      <trkpt lat="47.03517" lon="-91.68253">
        <ele>247.1</ele>
      </trkpt>
      <trkpt lat="47.03435" lon="-91.68238">
        <ele>243.3</ele>
      </trkpt>
      <trkpt lat="47.03353" lon="-91.68223">
        <ele>239.6</ele>
      </trkpt>
      <trkpt lat="47.03266" lon="-91.68209">
        <ele>236.8</ele>
      </trkpt>
      <trkpt lat="47.03179" lon="-91.68194">
        <ele>233.7</ele>
      </trkpt>
      <trkpt lat="47.03093" lon="-91.6818">
        <ele>229.8</ele>
      </trkpt>
      <trkpt lat="47.03065" lon="-91.68186">
        <ele>229.2</ele>
      </trkpt>
      <trkpt lat="47.03062" lon="-91.68185">
        <ele>229.0</ele>
      </trkpt>
      <trkpt lat="47.03063" lon="-91.68173">
        <ele>228.8</ele>
      </trkpt>
      <trkpt lat="47.03061" lon="-91.6815">
        <ele>228.3</ele>
      </trkpt>
      <trkpt lat="47.03056" lon="-91.68134">
        <ele>227.9</ele>
      </trkpt>
      <trkpt lat="47.03047" lon="-91.68126">
        <ele>227.6</ele>
      </trkpt>
      <trkpt lat="47.03042" lon="-91.68124">
        <ele>227.5</ele>
      </trkpt>
      <trkpt lat="47.03038" lon="-91.6812">
        <ele>227.4</ele>
      </trkpt>
      <trkpt lat="47.03019" lon="-91.68074">
        <ele>226.4</ele>
      </trkpt>
      <trkpt lat="47.03019" lon="-91.68074">
        <ele>226.4</ele>
      </trkpt>
      <trkpt lat="47.03038" lon="-91.6812">
        <ele>227.4</ele>
      </trkpt>
      <trkpt lat="47.03042" lon="-91.68124">
        <ele>227.5</ele>
      </trkpt>
      <trkpt lat="47.03047" lon="-91.68126">
        <ele>227.6</ele>
      </trkpt>
      <trkpt lat="47.03056" lon="-91.68134">
        <ele>227.9</ele>
      </trkpt>
      <trkpt lat="47.03061" lon="-91.6815">
        <ele>228.3</ele>
      </trkpt>
      <trkpt lat="47.03063" lon="-91.68173">
        <ele>228.8</ele>
      </trkpt>
      <trkpt lat="47.03062" lon="-91.68185">
        <ele>229.0</ele>
      </trkpt>
      <trkpt lat="47.03041" lon="-91.68175">
        <ele>227.6</ele>
      </trkpt>
      <trkpt lat="47.0298" lon="-91.68172">
        <ele>225.8</ele>
      </trkpt>
      <trkpt lat="47.02918" lon="-91.6817">
        <ele>226.0</ele>
      </trkpt>
      <trkpt lat="47.02857" lon="-91.68168">
        <ele>224.9</ele>
      </trkpt>
      <trkpt lat="47.02811" lon="-91.68161">
        <ele>223.5</ele>
      </trkpt>
      <trkpt lat="47.02759" lon="-91.6814">
        <ele>221.7</ele>
      </trkpt>
      <trkpt lat="47.02708" lon="-91.6812">
        <ele>218.9</ele>
      </trkpt>
      <trkpt lat="47.02669" lon="-91.6811">
        <ele>216.7</ele>
      </trkpt>
      <trkpt lat="47.02665" lon="-91.68115">
        <ele>216.7</ele>
      </trkpt>
      <trkpt lat="47.02652" lon="-91.68114">
        <ele>215.9</ele>
      </trkpt>
      <trkpt lat="47.02576" lon="-91.68114">
        <ele>212.7</ele>
      </trkpt>
      <trkpt lat="47.02562" lon="-91.68126">
        <ele>213.8</ele>
      </trkpt>
      <trkpt lat="47.02559" lon="-91.68251">
        <ele>216.6</ele>
      </trkpt>
      <trkpt lat="47.02558" lon="-91.68378">
        <ele>219.0</ele>
      </trkpt>
      <trkpt lat="47.02557" lon="-91.68505">
        <ele>221.0</ele>
      </trkpt>
      <trkpt lat="47.02556" lon="-91.68633">
        <ele>223.4</ele>
      </trkpt>
      <trkpt lat="47.02555" lon="-91.6876">
        <ele>226.0</ele>
      </trkpt>
      <trkpt lat="47.02554" lon="-91.68796">
        <ele>226.7</ele>
      </trkpt>
      <trkpt lat="47.02552" lon="-91.68846">
        <ele>227.8</ele>
      </trkpt>
      <trkpt lat="47.02547" lon="-91.68893">
        <ele>228.6</ele>
      </trkpt>
      <trkpt lat="47.02541" lon="-91.6893">
        <ele>229.0</ele>
      </trkpt>
      <trkpt lat="47.02532" lon="-91.68974">
        <ele>229.8</ele>
      </trkpt>
      <trkpt lat="47.02513" lon="-91.69038">
        <ele>231.0</ele>
      </trkpt>
      <trkpt lat="47.02505" lon="-91.6906">
        <ele>231.6</ele>
      </trkpt>
      <trkpt lat="47.02496" lon="-91.69082">
        <ele>231.7</ele>
      </trkpt>
      <trkpt lat="47.02483" lon="-91.69111">
        <ele>231.6</ele>
      </trkpt>
      <trkpt lat="47.02462" lon="-91.6915">
        <ele>231.7</ele>
      </trkpt>
      <trkpt lat="47.02448" lon="-91.69174">
        <ele>231.3</ele>
      </trkpt>
      <trkpt lat="47.02427" lon="-91.69203">
        <ele>231.0</ele>
      </trkpt>
      <trkpt lat="47.02391" lon="-91.69245">
        <ele>230.1</ele>
      </trkpt>
      <trkpt lat="47.02327" lon="-91.69314">
        <ele>227.4</ele>
      </trkpt>
      <trkpt lat="47.02264" lon="-91.69382">
        <ele>229.6</ele>
      </trkpt>
      <trkpt lat="47.022" lon="-91.69451">
        <ele>230.0</ele>
      </trkpt>
      <trkpt lat="47.02137" lon="-91.69519">
        <ele>228.8</ele>
      </trkpt>
      <trkpt lat="47.02073" lon="-91.69588">
        <ele>229.2</ele>
      </trkpt>
      <trkpt lat="47.02036" lon="-91.69646">
        <ele>229.0</ele>
      </trkpt>
      <trkpt lat="47.02003" lon="-91.69727">
        <ele>230.6</ele>
      </trkpt>
      <trkpt lat="47.01981" lon="-91.69719">
        <ele>230.1</ele>
      </trkpt>
      <trkpt lat="47.01957" lon="-91.69718">
        <ele>229.5</ele>
      </trkpt>
      <trkpt lat="47.01942" lon="-91.69729">
        <ele>229.3</ele>
      </trkpt>
      <trkpt lat="47.01882" lon="-91.69792">
        <ele>229.1</ele>
      </trkpt>
      <trkpt lat="47.01823" lon="-91.69855">
        <ele>229.5</ele>
      </trkpt>
      <trkpt lat="47.01764" lon="-91.69918">
        <ele>229.6</ele>
      </trkpt>
      <trkpt lat="47.01757" lon="-91.69925">
        <ele>229.7</ele>
      </trkpt>
      <trkpt lat="47.01699" lon="-91.69987">
        <ele>229.9</ele>
      </trkpt>
      <trkpt lat="47.0164" lon="-91.70049">
        <ele>232.6</ele>
      </trkpt>
      <trkpt lat="47.01582" lon="-91.7011">
        <ele>234.7</ele>
      </trkpt>
      <trkpt lat="47.01557" lon="-91.70135">
        <ele>235.1</ele>
      </trkpt>
      <trkpt lat="47.0152" lon="-91.70177">
        <ele>235.0</ele>
      </trkpt>
      <trkpt lat="47.01482" lon="-91.70219">
        <ele>235.0</ele>
      </trkpt>
      <trkpt lat="47.01415" lon="-91.703">
        <ele>232.3</ele>
      </trkpt>
      <trkpt lat="47.01348" lon="-91.70381">
        <ele>230.7</ele>
      </trkpt>
      <trkpt lat="47.01281" lon="-91.70462">
        <ele>229.1</ele>
      </trkpt>
      <trkpt lat="47.01231" lon="-91.70525">
        <ele>229.1</ele>
      </trkpt>
      <trkpt lat="47.01181" lon="-91.70587">
        <ele>225.7</ele>
      </trkpt>
      <trkpt lat="47.01131" lon="-91.70649">
        <ele>225.6</ele>
      </trkpt>
      <trkpt lat="47.01101" lon="-91.70683">
        <ele>224.3</ele>
      </trkpt>
      <trkpt lat="47.01036" lon="-91.70764">
        <ele>222.5</ele>
      </trkpt>
      <trkpt lat="47.00971" lon="-91.70845">
        <ele>222.2</ele>
      </trkpt>
      <trkpt lat="47.00907" lon="-91.70926">
        <ele>222.1</ele>
      </trkpt>
      <trkpt lat="47.00842" lon="-91.71006">
        <ele>220.8</ele>
      </trkpt>
      <trkpt lat="47.00778" lon="-91.7109">
        <ele>220.7</ele>
      </trkpt>
      <trkpt lat="47.00713" lon="-91.71174">
        <ele>219.2</ele>
      </trkpt>
      <trkpt lat="47.00649" lon="-91.71258">
        <ele>219.2</ele>
      </trkpt>
      <trkpt lat="47.00584" lon="-91.71341">
        <ele>219.3</ele>
      </trkpt>
      <trkpt lat="47.0052" lon="-91.71425">
        <ele>221.4</ele>
      </trkpt>
      <trkpt lat="47.00455" lon="-91.71509">
        <ele>222.8</ele>
      </trkpt>
      <trkpt lat="47.00391" lon="-91.71593">
        <ele>222.8</ele>
      </trkpt>
      <trkpt lat="47.00326" lon="-91.71677">
        <ele>223.3</ele>
      </trkpt>
      <trkpt lat="47.00262" lon="-91.7176">
        <ele>223.7</ele>
      </trkpt>
      <trkpt lat="47.00197" lon="-91.71844">
        <ele>224.0</ele>
      </trkpt>
      <trkpt lat="47.00133" lon="-91.71928">
        <ele>223.0</ele>
      </trkpt>
      <trkpt lat="47.00068" lon="-91.72012">
        <ele>222.4</ele>
      </trkpt>
      <trkpt lat="47.00058" lon="-91.72026">
        <ele>222.3</ele>
      </trkpt>
      <trkpt lat="46.99994" lon="-91.72107">
        <ele>221.8</ele>
      </trkpt>
      <trkpt lat="46.99931" lon="-91.72189">
        <ele>222.1</ele>
      </trkpt>
      <trkpt lat="46.99868" lon="-91.7227">
        <ele>222.0</ele>
      </trkpt>
      <trkpt lat="46.99805" lon="-91.72352">
        <ele>220.9</ele>
      </trkpt>
      <trkpt lat="46.99741" lon="-91.72433">
        <ele>219.9</ele>
      </trkpt>
      <trkpt lat="46.99678" lon="-91.72515">
        <ele>217.7</ele>
      </trkpt>
      <trkpt lat="46.99615" lon="-91.72596">
        <ele>216.5</ele>
      </trkpt>
      <trkpt lat="46.99552" lon="-91.72678">
        <ele>216.0</ele>
      </trkpt>
      <trkpt lat="46.99488" lon="-91.72759">
        <ele>215.4</ele>
      </trkpt>
      <trkpt lat="46.99425" lon="-91.72841">
        <ele>214.7</ele>
      </trkpt>
      <trkpt lat="46.99362" lon="-91.72922">
        <ele>213.8</ele>
      </trkpt>
      <trkpt lat="46.99299" lon="-91.73004">
        <ele>213.8</ele>
      </trkpt>
      <trkpt lat="46.99236" lon="-91.73086">
        <ele>211.8</ele>
      </trkpt>
      <trkpt lat="46.99174" lon="-91.73165">
        <ele>210.6</ele>
      </trkpt>
      <trkpt lat="46.99113" lon="-91.73244">
        <ele>210.9</ele>
      </trkpt>
      <trkpt lat="46.99052" lon="-91.73323">
        <ele>210.7</ele>
      </trkpt>
      <trkpt lat="46.98991" lon="-91.73402">
        <ele>210.8</ele>
      </trkpt>
      <trkpt lat="46.9893" lon="-91.73481">
        <ele>213.5</ele>
      </trkpt>
      <trkpt lat="46.98887" lon="-91.73533">
        <ele>217.3</ele>
      </trkpt>
      <trkpt lat="46.98845" lon="-91.73584">
        <ele>217.6</ele>
      </trkpt>
      <trkpt lat="46.98804" lon="-91.73628">
        <ele>218.1</ele>
      </trkpt>
      <trkpt lat="46.98763" lon="-91.73671">
        <ele>216.8</ele>
      </trkpt>
      <trkpt lat="46.98693" lon="-91.73747">
        <ele>213.8</ele>
      </trkpt>
      <trkpt lat="46.98624" lon="-91.73822">
        <ele>211.9</ele>
      </trkpt>
      <trkpt lat="46.98555" lon="-91.73897">
        <ele>209.0</ele>
      </trkpt>
      <trkpt lat="46.98486" lon="-91.73972">
        <ele>208.8</ele>
      </trkpt>
      <trkpt lat="46.98416" lon="-91.74047">
        <ele>206.7</ele>
      </trkpt>
      <trkpt lat="46.98347" lon="-91.74123">
        <ele>206.4</ele>
      </trkpt>
      <trkpt lat="46.98278" lon="-91.74198">
        <ele>207.2</ele>
      </trkpt>
      <trkpt lat="46.98208" lon="-91.74273">
        <ele>209.4</ele>
      </trkpt>
      <trkpt lat="46.98139" lon="-91.74348">
        <ele>210.2</ele>
      </trkpt>
      <trkpt lat="46.9808" lon="-91.74412">
        <ele>207.3</ele>
      </trkpt>
      <trkpt lat="46.9802" lon="-91.74476">
        <ele>204.8</ele>
      </trkpt>
      <trkpt lat="46.97961" lon="-91.7454">
        <ele>203.3</ele>
      </trkpt>
      <trkpt lat="46.97902" lon="-91.74605">
        <ele>203.1</ele>
      </trkpt>
      <trkpt lat="46.9786" lon="-91.74651">
        <ele>203.2</ele>
      </trkpt>
      <trkpt lat="46.97818" lon="-91.74697">
        <ele>202.6</ele>
      </trkpt>
      <trkpt lat="46.97782" lon="-91.74741">
        <ele>202.3</ele>
      </trkpt>
      <trkpt lat="46.97747" lon="-91.74785">
        <ele>201.9</ele>
      </trkpt>
      <trkpt lat="46.97715" lon="-91.74836">
        <ele>201.4</ele>
      </trkpt>
      <trkpt lat="46.97682" lon="-91.74887">
        <ele>200.6</ele>
      </trkpt>
      <trkpt lat="46.97645" lon="-91.74952">
        <ele>201.0</ele>
      </trkpt>
      <trkpt lat="46.97608" lon="-91.75017">
        <ele>200.1</ele>
      </trkpt>
      <trkpt lat="46.97566" lon="-91.75091">
        <ele>199.3</ele>
      </trkpt>
      <trkpt lat="46.97524" lon="-91.75165">
        <ele>198.7</ele>
      </trkpt>
      <trkpt lat="46.97472" lon="-91.75262">
        <ele>198.6</ele>
      </trkpt>
      <trkpt lat="46.9742" lon="-91.7536">
        <ele>198.9</ele>
      </trkpt>
      <trkpt lat="46.97367" lon="-91.75458">
        <ele>198.8</ele>
      </trkpt>
      <trkpt lat="46.97315" lon="-91.75555">
        <ele>199.2</ele>
      </trkpt>
      <trkpt lat="46.97268" lon="-91.75636">
        <ele>199.0</ele>
      </trkpt>
      <trkpt lat="46.97221" lon="-91.75716">
        <ele>198.9</ele>
      </trkpt>
      <trkpt lat="46.9719" lon="-91.75759">
        <ele>198.9</ele>
      </trkpt>
      <trkpt lat="46.97158" lon="-91.75797">
        <ele>198.9</ele>
      </trkpt>
      <trkpt lat="46.97134" lon="-91.7582">
        <ele>198.6</ele>
      </trkpt>
      <trkpt lat="46.97105" lon="-91.75844">
        <ele>198.7</ele>
      </trkpt>
      <trkpt lat="46.97067" lon="-91.75869">
        <ele>198.2</ele>
      </trkpt>
      <trkpt lat="46.96998" lon="-91.75904">
        <ele>195.7</ele>
      </trkpt>
      <trkpt lat="46.96928" lon="-91.7594">
        <ele>195.5</ele>
      </trkpt>
      <trkpt lat="46.96858" lon="-91.75975">
        <ele>195.5</ele>
      </trkpt>
      <trkpt lat="46.96788" lon="-91.76011">
        <ele>195.8</ele>
      </trkpt>
      <trkpt lat="46.96718" lon="-91.76047">
        <ele>195.5</ele>
      </trkpt>
      <trkpt lat="46.96652" lon="-91.76079">
        <ele>195.6</ele>
      </trkpt>
      <trkpt lat="46.96586" lon="-91.76112">
        <ele>195.1</ele>
      </trkpt>
      <trkpt lat="46.96519" lon="-91.76145">
        <ele>196.3</ele>
      </trkpt>
      <trkpt lat="46.96453" lon="-91.76178">
        <ele>196.7</ele>
      </trkpt>
      <trkpt lat="46.96395" lon="-91.76209">
        <ele>196.1</ele>
      </trkpt>
      <trkpt lat="46.96334" lon="-91.7625">
        <ele>200.8</ele>
      </trkpt>
      <trkpt lat="46.96294" lon="-91.76283">
        <ele>201.3</ele>
      </trkpt>
      <trkpt lat="46.96258" lon="-91.76321">
        <ele>199.0</ele>
      </trkpt>
      <trkpt lat="46.96225" lon="-91.76361">
        <ele>198.6</ele>
      </trkpt>
      <trkpt lat="46.96169" lon="-91.76445">
        <ele>199.2</ele>
      </trkpt>
      <trkpt lat="46.96113" lon="-91.76528">
        <ele>199.6</ele>
      </trkpt>
      <trkpt lat="46.96057" lon="-91.76611">
        <ele>198.5</ele>
      </trkpt>
      <trkpt lat="46.96" lon="-91.76695">
        <ele>197.7</ele>
      </trkpt>
      <trkpt lat="46.95944" lon="-91.76778">
        <ele>196.8</ele>
      </trkpt>
      <trkpt lat="46.95888" lon="-91.76862">
        <ele>196.6</ele>
      </trkpt>
      <trkpt lat="46.95831" lon="-91.76945">
        <ele>196.3</ele>
      </trkpt>
      <trkpt lat="46.95775" lon="-91.77028">
        <ele>197.0</ele>
      </trkpt>
      <trkpt lat="46.95714" lon="-91.77116">
        <ele>197.7</ele>
      </trkpt>
      <trkpt lat="46.95653" lon="-91.77204">
        <ele>196.9</ele>
      </trkpt>
      <trkpt lat="46.95592" lon="-91.77292">
        <ele>196.9</ele>
      </trkpt>
      <trkpt lat="46.95531" lon="-91.77379">
        <ele>194.6</ele>
      </trkpt>
      <trkpt lat="46.95478" lon="-91.77457">
        <ele>194.0</ele>
      </trkpt>
      <trkpt lat="46.95426" lon="-91.77534">
        <ele>193.9</ele>
      </trkpt>
      <trkpt lat="46.95374" lon="-91.77611">
        <ele>193.6</ele>
      </trkpt>
      <trkpt lat="46.95322" lon="-91.77688">
        <ele>193.8</ele>
      </trkpt>
      <trkpt lat="46.9527" lon="-91.77766">
        <ele>193.7</ele>
      </trkpt>
      <trkpt lat="46.95231" lon="-91.7782">
        <ele>193.9</ele>
      </trkpt>
      <trkpt lat="46.95191" lon="-91.77885">
        <ele>194.3</ele>
      </trkpt>
      <trkpt lat="46.95156" lon="-91.77934">
        <ele>194.2</ele>
      </trkpt>
      <trkpt lat="46.95123" lon="-91.77983">
        <ele>196.1</ele>
      </trkpt>
      <trkpt lat="46.9509" lon="-91.78032">
        <ele>195.7</ele>
      </trkpt>
      <trkpt lat="46.95039" lon="-91.78099">
        <ele>190.1</ele>
      </trkpt>
      <trkpt lat="46.94988" lon="-91.78167">
        <ele>188.3</ele>
      </trkpt>
      <trkpt lat="46.94925" lon="-91.78245">
        <ele>187.7</ele>
      </trkpt>
      <trkpt lat="46.94905" lon="-91.78267">
        <ele>187.5</ele>
      </trkpt>
      <trkpt lat="46.94849" lon="-91.78335">
        <ele>187.0</ele>
      </trkpt>
      <trkpt lat="46.94784" lon="-91.78415">
        <ele>186.4</ele>
      </trkpt>
      <trkpt lat="46.94718" lon="-91.78494">
        <ele>189.4</ele>
      </trkpt>
      <trkpt lat="46.94653" lon="-91.78573">
        <ele>191.0</ele>
      </trkpt>
      <trkpt lat="46.94614" lon="-91.78624">
        <ele>193.0</ele>
      </trkpt>
      <trkpt lat="46.94575" lon="-91.78675">
        <ele>195.4</ele>
      </trkpt>
      <trkpt lat="46.94523" lon="-91.78754">
        <ele>198.8</ele>
      </trkpt>
      <trkpt lat="46.94472" lon="-91.78829">
        <ele>198.4</ele>
      </trkpt>
      <trkpt lat="46.94421" lon="-91.78905">
        <ele>197.2</ele>
      </trkpt>
      <trkpt lat="46.94398" lon="-91.78942">
        <ele>197.4</ele>
      </trkpt>
      <trkpt lat="46.94384" lon="-91.78968">
        <ele>197.4</ele>
      </trkpt>
      <trkpt lat="46.94372" lon="-91.78993">
        <ele>197.3</ele>
      </trkpt>
      <trkpt lat="46.94362" lon="-91.79022">
        <ele>197.5</ele>
      </trkpt>
      <trkpt lat="46.94352" lon="-91.79057">
        <ele>197.7</ele>
      </trkpt>
      <trkpt lat="46.94327" lon="-91.79168">
        <ele>197.7</ele>
      </trkpt>
      <trkpt lat="46.94311" lon="-91.79213">
        <ele>196.0</ele>
      </trkpt>
      <trkpt lat="46.94301" lon="-91.79232">
        <ele>195.3</ele>
      </trkpt>
      <trkpt lat="46.94285" lon="-91.79254">
        <ele>194.2</ele>
      </trkpt>
      <trkpt lat="46.94265" lon="-91.79274">
        <ele>192.7</ele>
      </trkpt>
      <trkpt lat="46.9423" lon="-91.79293">
        <ele>192.4</ele>
      </trkpt>
      <trkpt lat="46.94173" lon="-91.79314">
        <ele>193.0</ele>
      </trkpt>
      <trkpt lat="46.9415" lon="-91.79326">
        <ele>193.8</ele>
      </trkpt>
      <trkpt lat="46.94133" lon="-91.79342">
        <ele>194.3</ele>
      </trkpt>
      <trkpt lat="46.94116" lon="-91.79364">
        <ele>193.9</ele>
      </trkpt>
      <trkpt lat="46.94094" lon="-91.79401">
        <ele>193.1</ele>
      </trkpt>
      <trkpt lat="46.94055" lon="-91.79491">
        <ele>192.8</ele>
      </trkpt>
      <trkpt lat="46.9401" lon="-91.79585">
        <ele>193.1</ele>
      </trkpt>
      <trkpt lat="46.93964" lon="-91.79678">
        <ele>193.2</ele>
      </trkpt>
      <trkpt lat="46.93919" lon="-91.79772">
        <ele>193.1</ele>
      </trkpt>
      <trkpt lat="46.93874" lon="-91.79865">
        <ele>193.3</ele>
      </trkpt>
      <trkpt lat="46.93829" lon="-91.79958">
        <ele>193.5</ele>
      </trkpt>
      <trkpt lat="46.93787" lon="-91.80046">
        <ele>193.4</ele>
      </trkpt>
      <trkpt lat="46.93745" lon="-91.80134">
        <ele>193.5</ele>
      </trkpt>
      <trkpt lat="46.93724" lon="-91.80179">
        <ele>193.5</ele>
      </trkpt>
      <trkpt lat="46.93678" lon="-91.80269">
        <ele>193.5</ele>
      </trkpt>
      <trkpt lat="46.93644" lon="-91.80332">
        <ele>190.8</ele>
      </trkpt>
      <trkpt lat="46.93591" lon="-91.80418">
        <ele>192.4</ele>
      </trkpt>
      <trkpt lat="46.93538" lon="-91.80503">
        <ele>192.7</ele>
      </trkpt>
      <trkpt lat="46.93485" lon="-91.80588">
        <ele>193.7</ele>
      </trkpt>
      <trkpt lat="46.93427" lon="-91.8068">
        <ele>192.7</ele>
      </trkpt>
      <trkpt lat="46.93368" lon="-91.80772">
        <ele>193.4</ele>
      </trkpt>
      <trkpt lat="46.93318" lon="-91.80847">
        <ele>193.8</ele>
      </trkpt>
      <trkpt lat="46.93268" lon="-91.80922">
        <ele>193.8</ele>
      </trkpt>
      <trkpt lat="46.93225" lon="-91.80985">
        <ele>193.8</ele>
      </trkpt>
      <trkpt lat="46.93182" lon="-91.81047">
        <ele>193.4</ele>
      </trkpt>
      <trkpt lat="46.93131" lon="-91.81121">
        <ele>193.6</ele>
      </trkpt>
      <trkpt lat="46.93081" lon="-91.81196">
        <ele>193.0</ele>
      </trkpt>
      <trkpt lat="46.93031" lon="-91.8127">
        <ele>193.0</ele>
      </trkpt>
      <trkpt lat="46.93003" lon="-91.8132">
        <ele>192.7</ele>
      </trkpt>
      <trkpt lat="46.9298" lon="-91.81372">
        <ele>191.4</ele>
      </trkpt>
      <trkpt lat="46.92962" lon="-91.81421">
        <ele>191.0</ele>
      </trkpt>
      <trkpt lat="46.92946" lon="-91.81476">
        <ele>191.2</ele>
      </trkpt>
      <trkpt lat="46.92934" lon="-91.81527">
        <ele>191.3</ele>
      </trkpt>
      <trkpt lat="46.92924" lon="-91.81585">
        <ele>192.7</ele>
      </trkpt>
      <trkpt lat="46.92919" lon="-91.81638">
        <ele>193.7</ele>
      </trkpt>
      <trkpt lat="46.92917" lon="-91.81696">
        <ele>194.6</ele>
      </trkpt>
      <trkpt lat="46.92919" lon="-91.81767">
        <ele>196.7</ele>
      </trkpt>
      <trkpt lat="46.92923" lon="-91.81838">
        <ele>199.0</ele>
      </trkpt>
      <trkpt lat="46.92926" lon="-91.81909">
        <ele>199.3</ele>
      </trkpt>
      <trkpt lat="46.92929" lon="-91.81991">
        <ele>199.3</ele>
      </trkpt>
      <trkpt lat="46.92932" lon="-91.82072">
        <ele>199.2</ele>
      </trkpt>
      <trkpt lat="46.92932" lon="-91.82171">
        <ele>199.3</ele>
      </trkpt>
      <trkpt lat="46.92931" lon="-91.8227">
        <ele>199.3</ele>
      </trkpt>
      <trkpt lat="46.9293" lon="-91.8237">
        <ele>198.2</ele>
      </trkpt>
      <trkpt lat="46.9293" lon="-91.82469">
        <ele>198.2</ele>
      </trkpt>
      <trkpt lat="46.92929" lon="-91.82589">
        <ele>199.5</ele>
      </trkpt>
      <trkpt lat="46.92928" lon="-91.82709">
        <ele>201.1</ele>
      </trkpt>
      <trkpt lat="46.92926" lon="-91.82828">
        <ele>201.3</ele>
      </trkpt>
      <trkpt lat="46.92925" lon="-91.82948">
        <ele>201.5</ele>
      </trkpt>
      <trkpt lat="46.92924" lon="-91.83068">
        <ele>201.6</ele>
      </trkpt>
      <trkpt lat="46.92919" lon="-91.83146">
        <ele>201.3</ele>
      </trkpt>
      <trkpt lat="46.92912" lon="-91.83204">
        <ele>201.0</ele>
      </trkpt>
      <trkpt lat="46.92901" lon="-91.83264">
        <ele>200.1</ele>
      </trkpt>
      <trkpt lat="46.92876" lon="-91.8338">
        <ele>199.5</ele>
      </trkpt>
      <trkpt lat="46.92852" lon="-91.83495">
        <ele>195.2</ele>
      </trkpt>
      <trkpt lat="46.92827" lon="-91.8361">
        <ele>193.2</ele>
      </trkpt>
      <trkpt lat="46.92802" lon="-91.83725">
        <ele>197.4</ele>
      </trkpt>
      <trkpt lat="46.92777" lon="-91.8384">
        <ele>200.0</ele>
      </trkpt>
      <trkpt lat="46.92752" lon="-91.83955">
        <ele>197.5</ele>
      </trkpt>
      <trkpt lat="46.92728" lon="-91.84053">
        <ele>202.9</ele>
      </trkpt>
      <trkpt lat="46.92703" lon="-91.84152">
        <ele>204.5</ele>
      </trkpt>
      <trkpt lat="46.92679" lon="-91.8425">
        <ele>205.1</ele>
      </trkpt>
      <trkpt lat="46.92649" lon="-91.84363">
        <ele>206.4</ele>
      </trkpt>
      <trkpt lat="46.9262" lon="-91.84477">
        <ele>206.5</ele>
      </trkpt>
      <trkpt lat="46.9259" lon="-91.8459">
        <ele>206.1</ele>
      </trkpt>
      <trkpt lat="46.9256" lon="-91.84704">
        <ele>207.8</ele>
      </trkpt>
      <trkpt lat="46.92531" lon="-91.84817">
        <ele>206.6</ele>
      </trkpt>
      <trkpt lat="46.9251" lon="-91.84881">
        <ele>206.4</ele>
      </trkpt>
      <trkpt lat="46.92488" lon="-91.84933">
        <ele>206.4</ele>
      </trkpt>
      <trkpt lat="46.92464" lon="-91.84978">
        <ele>205.7</ele>
      </trkpt>
      <trkpt lat="46.92434" lon="-91.85028">
        <ele>203.0</ele>
      </trkpt>
      <trkpt lat="46.92404" lon="-91.85067">
        <ele>194.3</ele>
      </trkpt>
      <trkpt lat="46.92394" lon="-91.85079">
        <ele>193.6</ele>
      </trkpt>
      <trkpt lat="46.92358" lon="-91.85116">
        <ele>201.6</ele>
      </trkpt>
      <trkpt lat="46.92323" lon="-91.85147">
        <ele>203.3</ele>
      </trkpt>
      <trkpt lat="46.92277" lon="-91.85177">
        <ele>203.9</ele>
      </trkpt>
      <trkpt lat="46.92243" lon="-91.85192">
        <ele>204.0</ele>
      </trkpt>
      <trkpt lat="46.92169" lon="-91.85215">
        <ele>203.7</ele>
      </trkpt>
      <trkpt lat="46.92114" lon="-91.85219">
        <ele>201.9</ele>
      </trkpt>
      <trkpt lat="46.92068" lon="-91.85218">
        <ele>199.2</ele>
      </trkpt>
      <trkpt lat="46.92022" lon="-91.85216">
        <ele>196.1</ele>
      </trkpt>
      <trkpt lat="46.9196" lon="-91.85223">
        <ele>192.2</ele>
      </trkpt>
      <trkpt lat="46.91898" lon="-91.85238">
        <ele>192.5</ele>
      </trkpt>
      <trkpt lat="46.91823" lon="-91.85274">
        <ele>189.9</ele>
      </trkpt>
      <trkpt lat="46.91779" lon="-91.85301">
        <ele>189.1</ele>
      </trkpt>
      <trkpt lat="46.91735" lon="-91.85328">
        <ele>189.4</ele>
      </trkpt>
      <trkpt lat="46.91679" lon="-91.85364">
        <ele>189.1</ele>
      </trkpt>
      <trkpt lat="46.91622" lon="-91.85401">
        <ele>189.2</ele>
      </trkpt>
      <trkpt lat="46.91565" lon="-91.85438">
        <ele>189.0</ele>
      </trkpt>
      <trkpt lat="46.91525" lon="-91.85469">
        <ele>188.7</ele>
      </trkpt>
      <trkpt lat="46.91464" lon="-91.85531">
        <ele>187.4</ele>
      </trkpt>
      <trkpt lat="46.9143" lon="-91.85572">
        <ele>186.9</ele>
      </trkpt>
      <trkpt lat="46.91405" lon="-91.85608">
        <ele>186.9</ele>
      </trkpt>
      <trkpt lat="46.91382" lon="-91.85642">
        <ele>186.6</ele>
      </trkpt>
      <trkpt lat="46.91352" lon="-91.85696">
        <ele>186.3</ele>
      </trkpt>
      <trkpt lat="46.91327" lon="-91.85744">
        <ele>186.1</ele>
      </trkpt>
      <trkpt lat="46.91298" lon="-91.85803">
        <ele>187.1</ele>
      </trkpt>
      <trkpt lat="46.9127" lon="-91.85862">
        <ele>186.7</ele>
      </trkpt>
      <trkpt lat="46.91236" lon="-91.85922">
        <ele>186.6</ele>
      </trkpt>
      <trkpt lat="46.91189" lon="-91.85994">
        <ele>186.7</ele>
      </trkpt>
      <trkpt lat="46.91142" lon="-91.86066">
        <ele>186.8</ele>
      </trkpt>
      <trkpt lat="46.91101" lon="-91.86128">
        <ele>186.7</ele>
      </trkpt>
      <trkpt lat="46.91068" lon="-91.86188">
        <ele>186.8</ele>
      </trkpt>
      <trkpt lat="46.91045" lon="-91.86247">
        <ele>188.3</ele>
      </trkpt>
      <trkpt lat="46.91009" lon="-91.86367">
        <ele>188.7</ele>
      </trkpt>
      <trkpt lat="46.90974" lon="-91.86487">
        <ele>187.9</ele>
      </trkpt>
      <trkpt lat="46.90939" lon="-91.86608">
        <ele>189.0</ele>
      </trkpt>
      <trkpt lat="46.90903" lon="-91.86728">
        <ele>189.6</ele>
      </trkpt>
      <trkpt lat="46.90892" lon="-91.86785">
        <ele>191.6</ele>
      </trkpt>
      <trkpt lat="46.90885" lon="-91.86858">
        <ele>191.5</ele>
      </trkpt>
      <trkpt lat="46.90881" lon="-91.86988">
        <ele>193.8</ele>
      </trkpt>
      <trkpt lat="46.90877" lon="-91.87119">
        <ele>194.1</ele>
      </trkpt>
      <trkpt lat="46.90871" lon="-91.87225">
        <ele>195.5</ele>
      </trkpt>
      <trkpt lat="46.90863" lon="-91.87333">
        <ele>194.5</ele>
      </trkpt>
      <trkpt lat="46.9085" lon="-91.87411">
        <ele>197.0</ele>
      </trkpt>
      <trkpt lat="46.90837" lon="-91.87488">
        <ele>196.0</ele>
      </trkpt>
      <trkpt lat="46.90813" lon="-91.87601">
        <ele>195.1</ele>
      </trkpt>
      <trkpt lat="46.90788" lon="-91.87714">
        <ele>195.5</ele>
      </trkpt>
      <trkpt lat="46.90764" lon="-91.87801">
        <ele>194.4</ele>
      </trkpt>
      <trkpt lat="46.90739" lon="-91.87887">
        <ele>196.7</ele>
      </trkpt>
      <trkpt lat="46.90708" lon="-91.87992">
        <ele>197.4</ele>
      </trkpt>
      <trkpt lat="46.90678" lon="-91.88056">
        <ele>197.2</ele>
      </trkpt>
      <trkpt lat="46.90649" lon="-91.8812">
        <ele>197.4</ele>
      </trkpt>
      <trkpt lat="46.90613" lon="-91.88193">
        <ele>197.0</ele>
      </trkpt>
      <trkpt lat="46.90578" lon="-91.88267">
        <ele>194.0</ele>
      </trkpt>
      <trkpt lat="46.90543" lon="-91.88341">
        <ele>196.1</ele>
      </trkpt>
      <trkpt lat="46.90505" lon="-91.88421">
        <ele>194.1</ele>
      </trkpt>
      <trkpt lat="46.90467" lon="-91.88501">
        <ele>197.4</ele>
      </trkpt>
      <trkpt lat="46.90429" lon="-91.88581">
        <ele>197.5</ele>
      </trkpt>
      <trkpt lat="46.90391" lon="-91.88656">
        <ele>197.5</ele>
      </trkpt>
      <trkpt lat="46.90361" lon="-91.88722">
        <ele>197.4</ele>
      </trkpt>
      <trkpt lat="46.90322" lon="-91.88807">
        <ele>195.2</ele>
      </trkpt>
      <trkpt lat="46.90317" lon="-91.88817">
        <ele>194.9</ele>
      </trkpt>
      <trkpt lat="46.90286" lon="-91.88884">
        <ele>193.3</ele>
      </trkpt>
      <trkpt lat="46.90236" lon="-91.88963">
        <ele>191.9</ele>
      </trkpt>
      <trkpt lat="46.90163" lon="-91.89037">
        <ele>193.9</ele>
      </trkpt>
      <trkpt lat="46.90111" lon="-91.89089">
        <ele>193.9</ele>
      </trkpt>
      <trkpt lat="46.90059" lon="-91.89141">
        <ele>191.4</ele>
      </trkpt>
      <trkpt lat="46.90018" lon="-91.89199">
        <ele>189.2</ele>
      </trkpt>
      <trkpt lat="46.89977" lon="-91.89256">
        <ele>190.6</ele>
      </trkpt>
      <trkpt lat="46.89948" lon="-91.89306">
        <ele>191.8</ele>
      </trkpt>
      <trkpt lat="46.89911" lon="-91.8937">
        <ele>193.3</ele>
      </trkpt>
      <trkpt lat="46.89873" lon="-91.89433">
        <ele>194.0</ele>
      </trkpt>
      <trkpt lat="46.89839" lon="-91.89489">
        <ele>193.4</ele>
      </trkpt>
      <trkpt lat="46.89805" lon="-91.89546">
        <ele>193.4</ele>
      </trkpt>
      <trkpt lat="46.89752" lon="-91.8962">
        <ele>194.0</ele>
      </trkpt>
      <trkpt lat="46.89714" lon="-91.89663">
        <ele>192.0</ele>
      </trkpt>
      <trkpt lat="46.89677" lon="-91.89705">
        <ele>193.1</ele>
      </trkpt>
      <trkpt lat="46.89648" lon="-91.89749">
        <ele>193.5</ele>
      </trkpt>
      <trkpt lat="46.89589" lon="-91.89847">
        <ele>193.6</ele>
      </trkpt>
      <trkpt lat="46.8953" lon="-91.89945">
        <ele>193.3</ele>
      </trkpt>
      <trkpt lat="46.89472" lon="-91.90043">
        <ele>193.0</ele>
      </trkpt>
      <trkpt lat="46.89413" lon="-91.90141">
        <ele>191.8</ele>
      </trkpt>
      <trkpt lat="46.8936" lon="-91.90233">
        <ele>191.4</ele>
      </trkpt>
      <trkpt lat="46.89307" lon="-91.90325">
        <ele>192.6</ele>
      </trkpt>
      <trkpt lat="46.89254" lon="-91.90417">
        <ele>190.9</ele>
      </trkpt>
      <trkpt lat="46.89208" lon="-91.90481">
        <ele>190.5</ele>
      </trkpt>
      <trkpt lat="46.89162" lon="-91.90546">
        <ele>190.2</ele>
      </trkpt>
      <trkpt lat="46.89117" lon="-91.90611">
        <ele>190.1</ele>
      </trkpt>
      <trkpt lat="46.89068" lon="-91.90673">
        <ele>190.0</ele>
      </trkpt>
      <trkpt lat="46.89019" lon="-91.90735">
        <ele>190.1</ele>
      </trkpt>
      <trkpt lat="46.88972" lon="-91.90789">
        <ele>190.3</ele>
      </trkpt>
      <trkpt lat="46.88925" lon="-91.90843">
        <ele>189.9</ele>
      </trkpt>
      <trkpt lat="46.88853" lon="-91.90919">
        <ele>188.2</ele>
      </trkpt>
      <trkpt lat="46.88789" lon="-91.90983">
        <ele>187.7</ele>
      </trkpt>
      <trkpt lat="46.8873" lon="-91.91037">
        <ele>187.4</ele>
      </trkpt>
      <trkpt lat="46.88672" lon="-91.91091">
        <ele>187.0</ele>
      </trkpt>
      <trkpt lat="46.88605" lon="-91.91155">
        <ele>186.1</ele>
      </trkpt>
      <trkpt lat="46.88538" lon="-91.91219">
        <ele>186.8</ele>
      </trkpt>
      <trkpt lat="46.88485" lon="-91.91282">
        <ele>186.7</ele>
      </trkpt>
      <trkpt lat="46.88454" lon="-91.91325">
        <ele>186.8</ele>
      </trkpt>
      <trkpt lat="46.88424" lon="-91.91371">
        <ele>186.8</ele>
      </trkpt>
      <trkpt lat="46.88403" lon="-91.91405">
        <ele>186.8</ele>
      </trkpt>
      <trkpt lat="46.88383" lon="-91.91441">
        <ele>186.7</ele>
      </trkpt>
      <trkpt lat="46.88364" lon="-91.91478">
        <ele>186.6</ele>
      </trkpt>
      <trkpt lat="46.88333" lon="-91.91543">
        <ele>186.5</ele>
      </trkpt>
      <trkpt lat="46.88285" lon="-91.91647">
        <ele>187.4</ele>
      </trkpt>
      <trkpt lat="46.88237" lon="-91.91751">
        <ele>187.1</ele>
      </trkpt>
      <trkpt lat="46.88189" lon="-91.91855">
        <ele>186.7</ele>
      </trkpt>
      <trkpt lat="46.88164" lon="-91.91919">
        <ele>186.8</ele>
      </trkpt>
      <trkpt lat="46.88155" lon="-91.91955">
        <ele>186.9</ele>
      </trkpt>
      <trkpt lat="46.88143" lon="-91.9201">
        <ele>187.9</ele>
      </trkpt>
      <trkpt lat="46.88128" lon="-91.92067">
        <ele>188.3</ele>
      </trkpt>
      <trkpt lat="46.88116" lon="-91.92105">
        <ele>188.3</ele>
      </trkpt>
      <trkpt lat="46.88104" lon="-91.92132">
        <ele>188.3</ele>
      </trkpt>
      <trkpt lat="46.88087" lon="-91.92174">
        <ele>188.3</ele>
      </trkpt>
      <trkpt lat="46.88072" lon="-91.92215">
        <ele>188.3</ele>
      </trkpt>
      <trkpt lat="46.88065" lon="-91.92242">
        <ele>188.2</ele>
      </trkpt>
      <trkpt lat="46.8806" lon="-91.92273">
        <ele>188.3</ele>
      </trkpt>
      <trkpt lat="46.88059" lon="-91.92305">
        <ele>188.6</ele>
      </trkpt>
      <trkpt lat="46.88059" lon="-91.92379">
        <ele>189.8</ele>
      </trkpt>
      <trkpt lat="46.88057" lon="-91.92416">
        <ele>190.4</ele>
      </trkpt>
      <trkpt lat="46.8805" lon="-91.92463">
        <ele>190.9</ele>
      </trkpt>
      <trkpt lat="46.88041" lon="-91.925">
        <ele>191.1</ele>
      </trkpt>
      <trkpt lat="46.88029" lon="-91.92534">
        <ele>191.1</ele>
      </trkpt>
      <trkpt lat="46.8801" lon="-91.92575">
        <ele>191.2</ele>
      </trkpt>
      <trkpt lat="46.87952" lon="-91.92674">
        <ele>189.0</ele>
      </trkpt>
      <trkpt lat="46.87895" lon="-91.92772">
        <ele>190.6</ele>
      </trkpt>
      <trkpt lat="46.87837" lon="-91.9287">
        <ele>191.4</ele>
      </trkpt>
      <trkpt lat="46.87779" lon="-91.92968">
        <ele>190.3</ele>
      </trkpt>
      <trkpt lat="46.87722" lon="-91.93066">
        <ele>189.8</ele>
      </trkpt>
      <trkpt lat="46.87664" lon="-91.93164">
        <ele>187.9</ele>
      </trkpt>
      <trkpt lat="46.87607" lon="-91.93262">
        <ele>187.5</ele>
      </trkpt>
      <trkpt lat="46.87549" lon="-91.9336">
        <ele>188.8</ele>
      </trkpt>
      <trkpt lat="46.87499" lon="-91.93436">
        <ele>188.3</ele>
      </trkpt>
      <trkpt lat="46.87465" lon="-91.93483">
        <ele>189.2</ele>
      </trkpt>
      <trkpt lat="46.87459" lon="-91.93491">
        <ele>189.4</ele>
      </trkpt>
      <trkpt lat="46.87432" lon="-91.93528">
        <ele>190.2</ele>
      </trkpt>
      <trkpt lat="46.87406" lon="-91.93573">
        <ele>189.8</ele>
      </trkpt>
      <trkpt lat="46.87395" lon="-91.93599">
        <ele>189.8</ele>
      </trkpt>
      <trkpt lat="46.87385" lon="-91.9363">
        <ele>190.0</ele>
      </trkpt>
      <trkpt lat="46.87377" lon="-91.93671">
        <ele>190.5</ele>
      </trkpt>
      <trkpt lat="46.87362" lon="-91.93773">
        <ele>192.0</ele>
      </trkpt>
      <trkpt lat="46.87353" lon="-91.93818">
        <ele>192.5</ele>
      </trkpt>
      <trkpt lat="46.87344" lon="-91.93855">
        <ele>191.1</ele>
      </trkpt>
      <trkpt lat="46.87325" lon="-91.93923">
        <ele>190.7</ele>
      </trkpt>
      <trkpt lat="46.87293" lon="-91.94003">
        <ele>193.5</ele>
      </trkpt>
      <trkpt lat="46.87277" lon="-91.94035">
        <ele>192.8</ele>
      </trkpt>
      <trkpt lat="46.87263" lon="-91.94061">
        <ele>193.2</ele>
      </trkpt>
      <trkpt lat="46.87251" lon="-91.94081">
        <ele>192.9</ele>
      </trkpt>
      <trkpt lat="46.87197" lon="-91.94166">
        <ele>192.7</ele>
      </trkpt>
      <trkpt lat="46.87153" lon="-91.94234">
        <ele>191.1</ele>
      </trkpt>
      <trkpt lat="46.87109" lon="-91.94302">
        <ele>190.6</ele>
      </trkpt>
      <trkpt lat="46.8709" lon="-91.94333">
        <ele>190.4</ele>
      </trkpt>
      <trkpt lat="46.87077" lon="-91.94359">
        <ele>190.1</ele>
      </trkpt>
      <trkpt lat="46.87064" lon="-91.94389">
        <ele>189.1</ele>
      </trkpt>
      <trkpt lat="46.87057" lon="-91.94409">
        <ele>189.4</ele>
      </trkpt>
      <trkpt lat="46.87019" lon="-91.9452">
        <ele>190.4</ele>
      </trkpt>
      <trkpt lat="46.86982" lon="-91.94631">
        <ele>191.6</ele>
      </trkpt>
      <trkpt lat="46.86944" lon="-91.94742">
        <ele>192.5</ele>
      </trkpt>
      <trkpt lat="46.86907" lon="-91.94853">
        <ele>191.1</ele>
      </trkpt>
      <trkpt lat="46.86903" lon="-91.94863">
        <ele>191.0</ele>
      </trkpt>
      <trkpt lat="46.86901" lon="-91.94872">
        <ele>190.9</ele>
      </trkpt>
      <trkpt lat="46.86882" lon="-91.94912">
        <ele>190.4</ele>
      </trkpt>
      <trkpt lat="46.86835" lon="-91.95013">
        <ele>191.1</ele>
      </trkpt>
      <trkpt lat="46.86788" lon="-91.95115">
        <ele>192.3</ele>
      </trkpt>
      <trkpt lat="46.86741" lon="-91.95216">
        <ele>190.8</ele>
      </trkpt>
      <trkpt lat="46.86707" lon="-91.95285">
        <ele>192.5</ele>
      </trkpt>
      <trkpt lat="46.8666" lon="-91.95355">
        <ele>192.8</ele>
      </trkpt>
      <trkpt lat="46.86601" lon="-91.95439">
        <ele>190.7</ele>
      </trkpt>
      <trkpt lat="46.86543" lon="-91.95524">
        <ele>190.4</ele>
      </trkpt>
      <trkpt lat="46.86484" lon="-91.95608">
        <ele>189.7</ele>
      </trkpt>
      <trkpt lat="46.86425" lon="-91.95692">
        <ele>187.7</ele>
      </trkpt>
      <trkpt lat="46.86386" lon="-91.9575">
        <ele>188.1</ele>
      </trkpt>
      <trkpt lat="46.86346" lon="-91.95809">
        <ele>187.3</ele>
      </trkpt>
      <trkpt lat="46.86295" lon="-91.95901">
        <ele>188.8</ele>
      </trkpt>
      <trkpt lat="46.86244" lon="-91.95994">
        <ele>189.6</ele>
      </trkpt>
      <trkpt lat="46.86193" lon="-91.96087">
        <ele>191.4</ele>
      </trkpt>
      <trkpt lat="46.8614" lon="-91.96162">
        <ele>191.2</ele>
      </trkpt>
      <trkpt lat="46.86087" lon="-91.96238">
        <ele>191.2</ele>
      </trkpt>
      <trkpt lat="46.86034" lon="-91.96314">
        <ele>191.7</ele>
      </trkpt>
      <trkpt lat="46.85981" lon="-91.9639">
        <ele>191.3</ele>
      </trkpt>
      <trkpt lat="46.85928" lon="-91.96466">
        <ele>189.4</ele>
      </trkpt>
      <trkpt lat="46.8589" lon="-91.96521">
        <ele>189.8</ele>
      </trkpt>
      <trkpt lat="46.85852" lon="-91.96575">
        <ele>190.4</ele>
      </trkpt>
      <trkpt lat="46.85829" lon="-91.96611">
        <ele>190.4</ele>
      </trkpt>
      <trkpt lat="46.85812" lon="-91.96643">
        <ele>189.1</ele>
      </trkpt>
      <trkpt lat="46.85797" lon="-91.96678">
        <ele>189.7</ele>
      </trkpt>
      <trkpt lat="46.85752" lon="-91.96791">
        <ele>189.8</ele>
      </trkpt>
      <trkpt lat="46.85708" lon="-91.96905">
        <ele>190.1</ele>
      </trkpt>
      <trkpt lat="46.85691" lon="-91.96959">
        <ele>190.1</ele>
      </trkpt>
      <trkpt lat="46.85676" lon="-91.97013">
        <ele>190.6</ele>
      </trkpt>
      <trkpt lat="46.85647" lon="-91.97128">
        <ele>190.4</ele>
      </trkpt>
      <trkpt lat="46.85618" lon="-91.97244">
        <ele>190.5</ele>
      </trkpt>
      <trkpt lat="46.8559" lon="-91.9736">
        <ele>190.8</ele>
      </trkpt>
      <trkpt lat="46.85561" lon="-91.97476">
        <ele>191.3</ele>
      </trkpt>
      <trkpt lat="46.85544" lon="-91.97529">
        <ele>191.6</ele>
      </trkpt>
      <trkpt lat="46.8552" lon="-91.97582">
        <ele>191.6</ele>
      </trkpt>
      <trkpt lat="46.85494" lon="-91.97627">
        <ele>191.5</ele>
      </trkpt>
      <trkpt lat="46.85468" lon="-91.97665">
        <ele>191.2</ele>
      </trkpt>
      <trkpt lat="46.85416" lon="-91.97737">
        <ele>193.4</ele>
      </trkpt>
      <trkpt lat="46.85363" lon="-91.97809">
        <ele>193.8</ele>
      </trkpt>
      <trkpt lat="46.85334" lon="-91.97858">
        <ele>193.6</ele>
      </trkpt>
      <trkpt lat="46.85288" lon="-91.97952">
        <ele>193.6</ele>
      </trkpt>
      <trkpt lat="46.85242" lon="-91.98047">
        <ele>193.7</ele>
      </trkpt>
      <trkpt lat="46.85195" lon="-91.98141">
        <ele>197.0</ele>
      </trkpt>
      <trkpt lat="46.85149" lon="-91.98235">
        <ele>194.6</ele>
      </trkpt>
      <trkpt lat="46.85102" lon="-91.9833">
        <ele>198.0</ele>
      </trkpt>
      <trkpt lat="46.85056" lon="-91.98424">
        <ele>196.1</ele>
      </trkpt>
      <trkpt lat="46.8501" lon="-91.98519">
        <ele>196.2</ele>
      </trkpt>
      <trkpt lat="46.84955" lon="-91.98613">
        <ele>198.3</ele>
      </trkpt>
      <trkpt lat="46.84906" lon="-91.98693">
        <ele>194.8</ele>
      </trkpt>
      <trkpt lat="46.84856" lon="-91.98773">
        <ele>199.4</ele>
      </trkpt>
      <trkpt lat="46.84819" lon="-91.98831">
        <ele>199.9</ele>
      </trkpt>
      <trkpt lat="46.84786" lon="-91.9888">
        <ele>199.8</ele>
      </trkpt>
      <trkpt lat="46.84753" lon="-91.98929">
        <ele>200.1</ele>
      </trkpt>
      <trkpt lat="46.8471" lon="-91.9899">
        <ele>199.5</ele>
      </trkpt>
      <trkpt lat="46.84667" lon="-91.99052">
        <ele>199.0</ele>
      </trkpt>
      <trkpt lat="46.84628" lon="-91.99076">
        <ele>198.4</ele>
      </trkpt>
      <trkpt lat="46.84579" lon="-91.99112">
        <ele>196.2</ele>
      </trkpt>
      <trkpt lat="46.8455" lon="-91.99122">
        <ele>193.5</ele>
      </trkpt>
      <trkpt lat="46.84527" lon="-91.99124">
        <ele>192.0</ele>
      </trkpt>
      <trkpt lat="46.84511" lon="-91.99133">
        <ele>191.0</ele>
      </trkpt>
      <trkpt lat="46.845" lon="-91.99148">
        <ele>190.4</ele>
      </trkpt>
      <trkpt lat="46.84488" lon="-91.9917">
        <ele>190.4</ele>
      </trkpt>
      <trkpt lat="46.84479" lon="-91.99189">
        <ele>190.8</ele>
      </trkpt>
      <trkpt lat="46.84464" lon="-91.99199">
        <ele>190.8</ele>
      </trkpt>
      <trkpt lat="46.84452" lon="-91.99203">
        <ele>190.7</ele>
      </trkpt>
      <trkpt lat="46.84422" lon="-91.99207">
        <ele>188.9</ele>
      </trkpt>
      <trkpt lat="46.84399" lon="-91.99225">
        <ele>188.4</ele>
      </trkpt>
      <trkpt lat="46.84338" lon="-91.99309">
        <ele>189.7</ele>
      </trkpt>
      <trkpt lat="46.84318" lon="-91.99316">
        <ele>189.0</ele>
      </trkpt>
      <trkpt lat="46.84298" lon="-91.99327">
        <ele>188.5</ele>
      </trkpt>
      <trkpt lat="46.84281" lon="-91.99339">
        <ele>188.0</ele>
      </trkpt>
      <trkpt lat="46.8427" lon="-91.99356">
        <ele>188.1</ele>
      </trkpt>
      <trkpt lat="46.84262" lon="-91.99377">
        <ele>188.4</ele>
      </trkpt>
      <trkpt lat="46.84246" lon="-91.99431">
        <ele>189.7</ele>
      </trkpt>
      <trkpt lat="46.84231" lon="-91.99462">
        <ele>189.8</ele>
      </trkpt>
      <trkpt lat="46.84221" lon="-91.99479">
        <ele>190.0</ele>
      </trkpt>
      <trkpt lat="46.84179" lon="-91.99541">
        <ele>190.1</ele>
      </trkpt>
      <trkpt lat="46.84136" lon="-91.99604">
        <ele>189.7</ele>
      </trkpt>
      <trkpt lat="46.84132" lon="-91.99614">
        <ele>189.8</ele>
      </trkpt>
      <trkpt lat="46.84128" lon="-91.99634">
        <ele>189.9</ele>
      </trkpt>
      <trkpt lat="46.84122" lon="-91.99653">
        <ele>189.6</ele>
      </trkpt>
      <trkpt lat="46.84112" lon="-91.99677">
        <ele>189.2</ele>
      </trkpt>
      <trkpt lat="46.84097" lon="-91.99702">
        <ele>188.8</ele>
      </trkpt>
      <trkpt lat="46.8407" lon="-91.99735">
        <ele>188.8</ele>
      </trkpt>
      <trkpt lat="46.84055" lon="-91.99759">
        <ele>188.5</ele>
      </trkpt>
      <trkpt lat="46.84034" lon="-91.99788">
        <ele>188.3</ele>
      </trkpt>
      <trkpt lat="46.84025" lon="-91.99802">
        <ele>188.4</ele>
      </trkpt>
      <trkpt lat="46.84016" lon="-91.99824">
        <ele>188.7</ele>
      </trkpt>
      <trkpt lat="46.83997" lon="-91.99861">
        <ele>189.3</ele>
      </trkpt>
      <trkpt lat="46.8397" lon="-91.99881">
        <ele>188.8</ele>
      </trkpt>
      <trkpt lat="46.83959" lon="-91.9989">
        <ele>188.7</ele>
      </trkpt>
      <trkpt lat="46.83931" lon="-91.99925">
        <ele>188.8</ele>
      </trkpt>
      <trkpt lat="46.83909" lon="-91.99959">
        <ele>189.2</ele>
      </trkpt>
      <trkpt lat="46.83879" lon="-91.99998">
        <ele>189.1</ele>
      </trkpt>
      <trkpt lat="46.83856" lon="-92.00031">
        <ele>187.6</ele>
      </trkpt>
      <trkpt lat="46.83843" lon="-92.00055">
        <ele>187.7</ele>
      </trkpt>
      <trkpt lat="46.83833" lon="-92.00077">
        <ele>188.1</ele>
      </trkpt>
      <trkpt lat="46.83824" lon="-92.00102">
        <ele>188.4</ele>
      </trkpt>
      <trkpt lat="46.83818" lon="-92.00122">
        <ele>188.7</ele>
      </trkpt>
      <trkpt lat="46.83808" lon="-92.00144">
        <ele>188.6</ele>
      </trkpt>
      <trkpt lat="46.83799" lon="-92.00156">
        <ele>188.5</ele>
      </trkpt>
      <trkpt lat="46.83794" lon="-92.00164">
        <ele>188.7</ele>
      </trkpt>
      <trkpt lat="46.83786" lon="-92.00183">
        <ele>189.1</ele>
      </trkpt>
      <trkpt lat="46.83783" lon="-92.00194">
        <ele>189.2</ele>
      </trkpt>
      <trkpt lat="46.83781" lon="-92.00203">
        <ele>189.3</ele>
      </trkpt>
      <trkpt lat="46.83777" lon="-92.00232">
        <ele>189.3</ele>
      </trkpt>
      <trkpt lat="46.83764" lon="-92.00268">
        <ele>189.1</ele>
      </trkpt>
      <trkpt lat="46.8376" lon="-92.00273">
        <ele>189.1</ele>
      </trkpt>
      <trkpt lat="46.83744" lon="-92.00284">
        <ele>188.6</ele>
      </trkpt>
      <trkpt lat="46.83738" lon="-92.0029">
        <ele>188.4</ele>
      </trkpt>
      <trkpt lat="46.83734" lon="-92.00296">
        <ele>188.4</ele>
      </trkpt>
      <trkpt lat="46.83732" lon="-92.00301">
        <ele>188.4</ele>
      </trkpt>
      <trkpt lat="46.83729" lon="-92.00309">
        <ele>188.4</ele>
      </trkpt>
      <trkpt lat="46.83729" lon="-92.00316">
        <ele>188.6</ele>
      </trkpt>
      <trkpt lat="46.83728" lon="-92.00345">
        <ele>189.0</ele>
      </trkpt>
      <trkpt lat="46.83729" lon="-92.00361">
        <ele>189.3</ele>
      </trkpt>
      <trkpt lat="46.83731" lon="-92.0037">
        <ele>189.5</ele>
      </trkpt>
      <trkpt lat="46.83746" lon="-92.00398">
        <ele>190.1</ele>
      </trkpt>
      <trkpt lat="46.83757" lon="-92.00418">
        <ele>190.5</ele>
      </trkpt>
      <trkpt lat="46.8376" lon="-92.00427">
        <ele>190.7</ele>
      </trkpt>
      <trkpt lat="46.83762" lon="-92.00443">
        <ele>190.6</ele>
      </trkpt>
      <trkpt lat="46.83762" lon="-92.00453">
        <ele>190.6</ele>
      </trkpt>
      <trkpt lat="46.83761" lon="-92.0047">
        <ele>190.8</ele>
      </trkpt>
      <trkpt lat="46.83753" lon="-92.00488">
        <ele>190.9</ele>
      </trkpt>
      <trkpt lat="46.83746" lon="-92.00498">
        <ele>191.0</ele>
      </trkpt>
      <trkpt lat="46.83742" lon="-92.00502">
        <ele>191.0</ele>
      </trkpt>
      <trkpt lat="46.8372" lon="-92.00515">
        <ele>190.7</ele>
      </trkpt>
      <trkpt lat="46.83714" lon="-92.00521">
        <ele>190.6</ele>
      </trkpt>
      <trkpt lat="46.83705" lon="-92.00532">
        <ele>190.3</ele>
      </trkpt>
      <trkpt lat="46.83701" lon="-92.00542">
        <ele>190.3</ele>
      </trkpt>
      <trkpt lat="46.83699" lon="-92.00552">
        <ele>190.2</ele>
      </trkpt>
      <trkpt lat="46.83699" lon="-92.00566">
        <ele>189.9</ele>
      </trkpt>
      <trkpt lat="46.83705" lon="-92.00576">
        <ele>189.9</ele>
      </trkpt>
      <trkpt lat="46.83708" lon="-92.00578">
        <ele>190.1</ele>
      </trkpt>
      <trkpt lat="46.83727" lon="-92.00583">
        <ele>191.9</ele>
      </trkpt>
      <trkpt lat="46.83735" lon="-92.00579">
        <ele>192.0</ele>
      </trkpt>
      <trkpt lat="46.8374" lon="-92.0058">
        <ele>191.7</ele>
      </trkpt>
      <trkpt lat="46.83745" lon="-92.00579">
        <ele>191.3</ele>
      </trkpt>
      <trkpt lat="46.83784" lon="-92.00554">
        <ele>194.5</ele>
      </trkpt>
      <trkpt lat="46.8379" lon="-92.00551">
        <ele>194.7</ele>
      </trkpt>
      <trkpt lat="46.83796" lon="-92.0055">
        <ele>194.7</ele>
      </trkpt>
      <trkpt lat="46.83802" lon="-92.00552">
        <ele>194.8</ele>
      </trkpt>
      <trkpt lat="46.83809" lon="-92.00555">
        <ele>194.9</ele>
      </trkpt>
      <trkpt lat="46.83855" lon="-92.00593">
        <ele>198.6</ele>
      </trkpt>
      <trkpt lat="46.83874" lon="-92.00605">
        <ele>199.5</ele>
      </trkpt>
      <trkpt lat="46.8388" lon="-92.00607">
        <ele>199.7</ele>
      </trkpt>
      <trkpt lat="46.83887" lon="-92.00608">
        <ele>199.8</ele>
      </trkpt>
      <trkpt lat="46.83873" lon="-92.00654">
        <ele>199.0</ele>
      </trkpt>
      <trkpt lat="46.83854" lon="-92.00723">
        <ele>197.8</ele>
      </trkpt>
      <trkpt lat="46.83851" lon="-92.00734">
        <ele>197.6</ele>
      </trkpt>
      <trkpt lat="46.83845" lon="-92.00749">
        <ele>197.4</ele>
      </trkpt>
      <trkpt lat="46.83838" lon="-92.00762">
        <ele>197.8</ele>
      </trkpt>
      <trkpt lat="46.8383" lon="-92.00776">
        <ele>198.0</ele>
      </trkpt>
      <trkpt lat="46.83823" lon="-92.00791">
        <ele>198.1</ele>
      </trkpt>
      <trkpt lat="46.83789" lon="-92.00896">
        <ele>199.1</ele>
      </trkpt>
      <trkpt lat="46.83772" lon="-92.00957">
        <ele>199.4</ele>
      </trkpt>
      <trkpt lat="46.83771" lon="-92.00967">
        <ele>199.4</ele>
      </trkpt>
      <trkpt lat="46.83768" lon="-92.00981">
        <ele>199.3</ele>
      </trkpt>
      <trkpt lat="46.83764" lon="-92.0099">
        <ele>199.1</ele>
      </trkpt>
      <trkpt lat="46.83758" lon="-92.01006">
        <ele>199.0</ele>
      </trkpt>
      <trkpt lat="46.83748" lon="-92.01039">
        <ele>198.9</ele>
      </trkpt>
      <trkpt lat="46.83745" lon="-92.01056">
        <ele>199.0</ele>
      </trkpt>
      <trkpt lat="46.83742" lon="-92.01068">
        <ele>199.0</ele>
      </trkpt>
      <trkpt lat="46.83731" lon="-92.01099">
        <ele>198.8</ele>
      </trkpt>
      <trkpt lat="46.83711" lon="-92.01165">
        <ele>198.9</ele>
      </trkpt>
      <trkpt lat="46.83686" lon="-92.01251">
        <ele>198.3</ele>
      </trkpt>
      <trkpt lat="46.8366" lon="-92.01338">
        <ele>198.1</ele>
      </trkpt>
      <trkpt lat="46.83635" lon="-92.01425">
        <ele>199.5</ele>
      </trkpt>
      <trkpt lat="46.83607" lon="-92.01519">
        <ele>200.7</ele>
      </trkpt>
      <trkpt lat="46.83579" lon="-92.01614">
        <ele>201.7</ele>
      </trkpt>
      <trkpt lat="46.83567" lon="-92.01656">
        <ele>201.9</ele>
      </trkpt>
      <trkpt lat="46.83565" lon="-92.01667">
        <ele>202.0</ele>
      </trkpt>
      <trkpt lat="46.83556" lon="-92.01689">
        <ele>202.0</ele>
      </trkpt>
      <trkpt lat="46.83533" lon="-92.01756">
        <ele>202.0</ele>
      </trkpt>
      <trkpt lat="46.83517" lon="-92.018">
        <ele>202.0</ele>
      </trkpt>
      <trkpt lat="46.83499" lon="-92.01841">
        <ele>202.1</ele>
      </trkpt>
      <trkpt lat="46.83479" lon="-92.01883">
        <ele>202.0</ele>
      </trkpt>
      <trkpt lat="46.83459" lon="-92.01921">
        <ele>202.1</ele>
      </trkpt>
      <trkpt lat="46.83431" lon="-92.01972">
        <ele>202.2</ele>
      </trkpt>
      <trkpt lat="46.8338" lon="-92.02065">
        <ele>202.6</ele>
      </trkpt>
      <trkpt lat="46.83329" lon="-92.02158">
        <ele>204.0</ele>
      </trkpt>
      <trkpt lat="46.83323" lon="-92.02169">
        <ele>204.2</ele>
      </trkpt>
      <trkpt lat="46.83285" lon="-92.02236">
        <ele>204.4</ele>
      </trkpt>
      <trkpt lat="46.83255" lon="-92.02292">
        <ele>204.5</ele>
      </trkpt>
      <trkpt lat="46.83225" lon="-92.02348">
        <ele>204.5</ele>
      </trkpt>
      <trkpt lat="46.83178" lon="-92.02434">
        <ele>204.4</ele>
      </trkpt>
      <trkpt lat="46.8313" lon="-92.0252">
        <ele>204.1</ele>
      </trkpt>
      <trkpt lat="46.83083" lon="-92.02606">
        <ele>204.4</ele>
      </trkpt>
      <trkpt lat="46.83035" lon="-92.02693">
        <ele>204.6</ele>
      </trkpt>
      <trkpt lat="46.82988" lon="-92.02779">
        <ele>206.6</ele>
      </trkpt>
      <trkpt lat="46.8294" lon="-92.02865">
        <ele>208.0</ele>
      </trkpt>
      <trkpt lat="46.82931" lon="-92.02881">
        <ele>207.9</ele>
      </trkpt>
      <trkpt lat="46.82911" lon="-92.02917">
        <ele>207.9</ele>
      </trkpt>
      <trkpt lat="46.82898" lon="-92.0294">
        <ele>208.1</ele>
      </trkpt>
      <trkpt lat="46.8285" lon="-92.03025">
        <ele>208.6</ele>
      </trkpt>
      <trkpt lat="46.82802" lon="-92.03114">
        <ele>208.4</ele>
      </trkpt>
      <trkpt lat="46.82753" lon="-92.03203">
        <ele>208.7</ele>
      </trkpt>
      <trkpt lat="46.82705" lon="-92.03292">
        <ele>208.6</ele>
      </trkpt>
      <trkpt lat="46.82697" lon="-92.0331">
        <ele>208.5</ele>
      </trkpt>
      <trkpt lat="46.82689" lon="-92.03325">
        <ele>208.4</ele>
      </trkpt>
      <trkpt lat="46.82644" lon="-92.03437">
        <ele>208.7</ele>
      </trkpt>
      <trkpt lat="46.826" lon="-92.03548">
        <ele>209.4</ele>
      </trkpt>
      <trkpt lat="46.82568" lon="-92.0363">
        <ele>209.9</ele>
      </trkpt>
      <trkpt lat="46.8255" lon="-92.03672">
        <ele>209.8</ele>
      </trkpt>
      <trkpt lat="46.82537" lon="-92.03709">
        <ele>209.6</ele>
      </trkpt>
      <trkpt lat="46.82529" lon="-92.03735">
        <ele>209.3</ele>
      </trkpt>
      <trkpt lat="46.82519" lon="-92.03751">
        <ele>209.0</ele>
      </trkpt>
      <trkpt lat="46.82483" lon="-92.03839">
        <ele>210.1</ele>
      </trkpt>
      <trkpt lat="46.82448" lon="-92.03926">
        <ele>210.9</ele>
      </trkpt>
      <trkpt lat="46.82412" lon="-92.04014">
        <ele>211.1</ele>
      </trkpt>
      <trkpt lat="46.82377" lon="-92.04101">
        <ele>211.5</ele>
      </trkpt>
      <trkpt lat="46.82352" lon="-92.04166">
        <ele>211.8</ele>
      </trkpt>
      <trkpt lat="46.82328" lon="-92.0423">
        <ele>212.1</ele>
      </trkpt>
      <trkpt lat="46.82323" lon="-92.04249">
        <ele>212.3</ele>
      </trkpt>
      <trkpt lat="46.82289" lon="-92.04332">
        <ele>213.1</ele>
      </trkpt>
      <trkpt lat="46.82256" lon="-92.04415">
        <ele>212.2</ele>
      </trkpt>
      <trkpt lat="46.8225" lon="-92.04446">
        <ele>212.4</ele>
      </trkpt>
      <trkpt lat="46.82246" lon="-92.04456">
        <ele>212.0</ele>
      </trkpt>
      <trkpt lat="46.82242" lon="-92.04465">
        <ele>211.6</ele>
      </trkpt>
      <trkpt lat="46.82229" lon="-92.04482">
        <ele>210.4</ele>
      </trkpt>
      <trkpt lat="46.82225" lon="-92.04488">
        <ele>210.3</ele>
      </trkpt>
      <trkpt lat="46.82221" lon="-92.045">
        <ele>210.5</ele>
      </trkpt>
      <trkpt lat="46.82219" lon="-92.04535">
        <ele>212.1</ele>
      </trkpt>
      <trkpt lat="46.82215" lon="-92.04547">
        <ele>212.3</ele>
      </trkpt>
      <trkpt lat="46.82209" lon="-92.0456">
        <ele>212.3</ele>
      </trkpt>
      <trkpt lat="46.8217" lon="-92.04611">
        <ele>211.8</ele>
      </trkpt>
      <trkpt lat="46.82131" lon="-92.04663">
        <ele>211.1</ele>
      </trkpt>
      <trkpt lat="46.82122" lon="-92.04671">
        <ele>210.9</ele>
      </trkpt>
      <trkpt lat="46.82104" lon="-92.0468">
        <ele>210.0</ele>
      </trkpt>
      <trkpt lat="46.82098" lon="-92.04686">
        <ele>209.7</ele>
      </trkpt>
      <trkpt lat="46.82091" lon="-92.04696">
        <ele>209.5</ele>
      </trkpt>
      <trkpt lat="46.82073" lon="-92.04733">
        <ele>209.7</ele>
      </trkpt>
      <trkpt lat="46.82068" lon="-92.04743">
        <ele>210.0</ele>
      </trkpt>
      <trkpt lat="46.82061" lon="-92.04751">
        <ele>210.2</ele>
      </trkpt>
      <trkpt lat="46.82049" lon="-92.04757">
        <ele>210.0</ele>
      </trkpt>
      <trkpt lat="46.8204" lon="-92.04764">
        <ele>209.9</ele>
      </trkpt>
      <trkpt lat="46.82035" lon="-92.0477">
        <ele>209.8</ele>
      </trkpt>
      <trkpt lat="46.82016" lon="-92.04812">
        <ele>209.8</ele>
      </trkpt>
      <trkpt lat="46.81978" lon="-92.04863">
        <ele>209.8</ele>
      </trkpt>
      <trkpt lat="46.81953" lon="-92.04912">
        <ele>209.6</ele>
      </trkpt>
      <trkpt lat="46.81943" lon="-92.04928">
        <ele>209.2</ele>
      </trkpt>
      <trkpt lat="46.81926" lon="-92.04949">
        <ele>208.2</ele>
      </trkpt>
      <trkpt lat="46.81918" lon="-92.04968">
        <ele>208.1</ele>
      </trkpt>
      <trkpt lat="46.81899" lon="-92.04991">
        <ele>208.6</ele>
      </trkpt>
      <trkpt lat="46.8189" lon="-92.04997">
        <ele>208.1</ele>
      </trkpt>
      <trkpt lat="46.81879" lon="-92.04999">
        <ele>207.5</ele>
      </trkpt>
      <trkpt lat="46.81871" lon="-92.05002">
        <ele>207.7</ele>
      </trkpt>
      <trkpt lat="46.81867" lon="-92.05007">
        <ele>208.0</ele>
      </trkpt>
      <trkpt lat="46.81852" lon="-92.05027">
        <ele>208.8</ele>
      </trkpt>
      <trkpt lat="46.81843" lon="-92.05036">
        <ele>208.7</ele>
      </trkpt>
      <trkpt lat="46.81827" lon="-92.05041">
        <ele>207.9</ele>
      </trkpt>
      <trkpt lat="46.81819" lon="-92.05049">
        <ele>207.6</ele>
      </trkpt>
      <trkpt lat="46.81778" lon="-92.05102">
        <ele>207.5</ele>
      </trkpt>
      <trkpt lat="46.81742" lon="-92.05159">
        <ele>208.1</ele>
      </trkpt>
      <trkpt lat="46.81684" lon="-92.05243">
        <ele>201.6</ele>
      </trkpt>
      <trkpt lat="46.81651" lon="-92.05294">
        <ele>205.5</ele>
      </trkpt>
      <trkpt lat="46.81619" lon="-92.05316">
        <ele>204.9</ele>
      </trkpt>
      <trkpt lat="46.81611" lon="-92.05317">
        <ele>204.2</ele>
      </trkpt>
      <trkpt lat="46.81605" lon="-92.05329">
        <ele>203.9</ele>
      </trkpt>
      <trkpt lat="46.81603" lon="-92.05346">
        <ele>203.7</ele>
      </trkpt>
      <trkpt lat="46.81595" lon="-92.05402">
        <ele>202.8</ele>
      </trkpt>
      <trkpt lat="46.81567" lon="-92.05425">
        <ele>202.1</ele>
      </trkpt>
      <trkpt lat="46.81534" lon="-92.05442">
        <ele>202.4</ele>
      </trkpt>
      <trkpt lat="46.81511" lon="-92.0547">
        <ele>202.8</ele>
      </trkpt>
      <trkpt lat="46.81502" lon="-92.05483">
        <ele>202.8</ele>
      </trkpt>
      <trkpt lat="46.81489" lon="-92.05509">
        <ele>203.0</ele>
      </trkpt>
      <trkpt lat="46.81484" lon="-92.05517">
        <ele>203.2</ele>
      </trkpt>
      <trkpt lat="46.81461" lon="-92.05535">
        <ele>203.2</ele>
      </trkpt>
      <trkpt lat="46.8145" lon="-92.05547">
        <ele>203.2</ele>
      </trkpt>
      <trkpt lat="46.81396" lon="-92.05615">
        <ele>203.6</ele>
      </trkpt>
      <trkpt lat="46.81342" lon="-92.05682">
        <ele>203.3</ele>
      </trkpt>
      <trkpt lat="46.81333" lon="-92.057">
        <ele>202.9</ele>
      </trkpt>
      <trkpt lat="46.81322" lon="-92.05726">
        <ele>201.5</ele>
      </trkpt>
      <trkpt lat="46.81313" lon="-92.05743">
        <ele>199.8</ele>
      </trkpt>
      <trkpt lat="46.81297" lon="-92.05761">
        <ele>198.8</ele>
      </trkpt>
      <trkpt lat="46.81277" lon="-92.05775">
        <ele>201.0</ele>
      </trkpt>
      <trkpt lat="46.81269" lon="-92.05782">
        <ele>202.2</ele>
      </trkpt>
      <trkpt lat="46.81239" lon="-92.05823">
        <ele>204.2</ele>
      </trkpt>
      <trkpt lat="46.81228" lon="-92.05834">
        <ele>203.9</ele>
      </trkpt>
      <trkpt lat="46.81204" lon="-92.05852">
        <ele>202.5</ele>
      </trkpt>
      <trkpt lat="46.81186" lon="-92.05871">
        <ele>202.1</ele>
      </trkpt>
      <trkpt lat="46.81173" lon="-92.05887">
        <ele>203.3</ele>
      </trkpt>
      <trkpt lat="46.81144" lon="-92.05926">
        <ele>203.5</ele>
      </trkpt>
      <trkpt lat="46.81119" lon="-92.05958">
        <ele>204.7</ele>
      </trkpt>
      <trkpt lat="46.81085" lon="-92.05989">
        <ele>204.3</ele>
      </trkpt>
      <trkpt lat="46.81064" lon="-92.06014">
        <ele>204.3</ele>
      </trkpt>
      <trkpt lat="46.81058" lon="-92.06019">
        <ele>204.2</ele>
      </trkpt>
      <trkpt lat="46.81039" lon="-92.06025">
        <ele>203.7</ele>
      </trkpt>
      <trkpt lat="46.8105" lon="-92.06006">
        <ele>202.9</ele>
      </trkpt>
      <trkpt lat="46.81083" lon="-92.05964">
        <ele>202.1</ele>
      </trkpt>
      <trkpt lat="46.81085" lon="-92.05959">
        <ele>201.9</ele>
      </trkpt>
      <trkpt lat="46.81081" lon="-92.05947">
        <ele>200.8</ele>
      </trkpt>
      <trkpt lat="46.81077" lon="-92.05943">
        <ele>200.3</ele>
      </trkpt>
      <trkpt lat="46.81074" lon="-92.05943">
        <ele>200.1</ele>
      </trkpt>
      <trkpt lat="46.8107" lon="-92.05945">
        <ele>199.8</ele>
      </trkpt>
      <trkpt lat="46.8106" lon="-92.05958">
        <ele>199.8</ele>
      </trkpt>
      <trkpt lat="46.81052" lon="-92.05965">
        <ele>199.8</ele>
      </trkpt>
      <trkpt lat="46.8103" lon="-92.05978">
        <ele>199.5</ele>
      </trkpt>
      <trkpt lat="46.80955" lon="-92.06015">
        <ele>198.8</ele>
      </trkpt>
      <trkpt lat="46.80904" lon="-92.06039">
        <ele>198.4</ele>
      </trkpt>
      <trkpt lat="46.80854" lon="-92.06062">
        <ele>196.5</ele>
      </trkpt>
      <trkpt lat="46.80849" lon="-92.06064">
        <ele>196.4</ele>
      </trkpt>
      <trkpt lat="46.80842" lon="-92.0606">
        <ele>195.4</ele>
      </trkpt>
      <trkpt lat="46.80836" lon="-92.06048">
        <ele>193.4</ele>
      </trkpt>
      <trkpt lat="46.8083" lon="-92.06044">
        <ele>192.8</ele>
      </trkpt>
      <trkpt lat="46.8079" lon="-92.06053">
        <ele>192.7</ele>
      </trkpt>
      <trkpt lat="46.80775" lon="-92.06068">
        <ele>195.1</ele>
      </trkpt>
      <trkpt lat="46.80765" lon="-92.06081">
        <ele>197.8</ele>
      </trkpt>
      <trkpt lat="46.80707" lon="-92.06116">
        <ele>197.8</ele>
      </trkpt>
      <trkpt lat="46.80654" lon="-92.06175">
        <ele>194.7</ele>
      </trkpt>
      <trkpt lat="46.80615" lon="-92.06255">
        <ele>199.3</ele>
      </trkpt>
      <trkpt lat="46.80563" lon="-92.06346">
        <ele>198.9</ele>
      </trkpt>
      <trkpt lat="46.80512" lon="-92.06442">
        <ele>197.4</ele>
      </trkpt>
      <trkpt lat="46.80506" lon="-92.06448">
        <ele>196.9</ele>
      </trkpt>
      <trkpt lat="46.80501" lon="-92.06448">
        <ele>196.4</ele>
      </trkpt>
      <trkpt lat="46.80497" lon="-92.06445">
        <ele>195.9</ele>
      </trkpt>
      <trkpt lat="46.80487" lon="-92.06431">
        <ele>194.0</ele>
      </trkpt>
      <trkpt lat="46.80482" lon="-92.06425">
        <ele>193.1</ele>
      </trkpt>
      <trkpt lat="46.80476" lon="-92.06423">
        <ele>192.4</ele>
      </trkpt>
      <trkpt lat="46.80469" lon="-92.06423">
        <ele>191.8</ele>
      </trkpt>
      <trkpt lat="46.80443" lon="-92.06471">
        <ele>191.6</ele>
      </trkpt>
      <trkpt lat="46.80411" lon="-92.06534">
        <ele>191.2</ele>
      </trkpt>
      <trkpt lat="46.80377" lon="-92.06597">
        <ele>190.9</ele>
      </trkpt>
      <trkpt lat="46.80342" lon="-92.06658">
        <ele>190.6</ele>
      </trkpt>
      <trkpt lat="46.80306" lon="-92.06724">
        <ele>190.3</ele>
      </trkpt>
      <trkpt lat="46.8027" lon="-92.06789">
        <ele>190.0</ele>
      </trkpt>
      <trkpt lat="46.80263" lon="-92.06807">
        <ele>189.7</ele>
      </trkpt>
      <trkpt lat="46.80263" lon="-92.0683">
        <ele>189.3</ele>
      </trkpt>
      <trkpt lat="46.80259" lon="-92.06836">
        <ele>188.7</ele>
      </trkpt>
      <trkpt lat="46.80254" lon="-92.0684">
        <ele>187.9</ele>
      </trkpt>
      <trkpt lat="46.80255" lon="-92.06893">
        <ele>188.3</ele>
      </trkpt>
      <trkpt lat="46.80251" lon="-92.06922">
        <ele>189.3</ele>
      </trkpt>
      <trkpt lat="46.80222" lon="-92.0698">
        <ele>189.0</ele>
      </trkpt>
      <trkpt lat="46.80193" lon="-92.07037">
        <ele>187.8</ele>
      </trkpt>
      <trkpt lat="46.80182" lon="-92.0705">
        <ele>187.3</ele>
      </trkpt>
      <trkpt lat="46.80121" lon="-92.071">
        <ele>185.4</ele>
      </trkpt>
      <trkpt lat="46.8009" lon="-92.07133">
        <ele>186.1</ele>
      </trkpt>
      <trkpt lat="46.80079" lon="-92.07169">
        <ele>187.2</ele>
      </trkpt>
      <trkpt lat="46.80078" lon="-92.07206">
        <ele>187.1</ele>
      </trkpt>
      <trkpt lat="46.80079" lon="-92.07237">
        <ele>187.1</ele>
      </trkpt>
      <trkpt lat="46.80078" lon="-92.07247">
        <ele>187.4</ele>
      </trkpt>
      <trkpt lat="46.80075" lon="-92.07261">
        <ele>187.7</ele>
      </trkpt>
      <trkpt lat="46.80052" lon="-92.07324">
        <ele>188.5</ele>
      </trkpt>
      <trkpt lat="46.80026" lon="-92.07379">
        <ele>187.9</ele>
      </trkpt>
      <trkpt lat="46.80011" lon="-92.07407">
        <ele>187.6</ele>
      </trkpt>
      <trkpt lat="46.79993" lon="-92.07436">
        <ele>187.3</ele>
      </trkpt>
      <trkpt lat="46.7995" lon="-92.07536">
        <ele>188.5</ele>
      </trkpt>
      <trkpt lat="46.79935" lon="-92.07576">
        <ele>189.1</ele>
      </trkpt>
      <trkpt lat="46.79894" lon="-92.07658">
        <ele>189.1</ele>
      </trkpt>
      <trkpt lat="46.79854" lon="-92.0774">
        <ele>189.5</ele>
      </trkpt>
      <trkpt lat="46.79813" lon="-92.07822">
        <ele>191.0</ele>
      </trkpt>
      <trkpt lat="46.79802" lon="-92.0783">
        <ele>190.3</ele>
      </trkpt>
      <trkpt lat="46.79769" lon="-92.07847">
        <ele>189.1</ele>
      </trkpt>
      <trkpt lat="46.79764" lon="-92.07871">
        <ele>190.7</ele>
      </trkpt>
      <trkpt lat="46.79773" lon="-92.07919">
        <ele>192.0</ele>
      </trkpt>
      <trkpt lat="46.79754" lon="-92.08015">
        <ele>194.1</ele>
      </trkpt>
      <trkpt lat="46.79736" lon="-92.08111">
        <ele>194.7</ele>
      </trkpt>
      <trkpt lat="46.79721" lon="-92.08168">
        <ele>192.4</ele>
      </trkpt>
      <trkpt lat="46.79711" lon="-92.08194">
        <ele>192.3</ele>
      </trkpt>
      <trkpt lat="46.79686" lon="-92.08257">
        <ele>192.4</ele>
      </trkpt>
      <trkpt lat="46.79673" lon="-92.08268">
        <ele>192.2</ele>
      </trkpt>
      <trkpt lat="46.7967" lon="-92.08274">
        <ele>192.5</ele>
      </trkpt>
      <trkpt lat="46.7966" lon="-92.08303">
        <ele>193.5</ele>
      </trkpt>
      <trkpt lat="46.79633" lon="-92.08378">
        <ele>193.9</ele>
      </trkpt>
      <trkpt lat="46.7963" lon="-92.08393">
        <ele>194.3</ele>
      </trkpt>
      <trkpt lat="46.79626" lon="-92.08403">
        <ele>194.2</ele>
      </trkpt>
      <trkpt lat="46.79615" lon="-92.08423">
        <ele>193.6</ele>
      </trkpt>
      <trkpt lat="46.79612" lon="-92.08431">
        <ele>193.5</ele>
      </trkpt>
      <trkpt lat="46.79612" lon="-92.08443">
        <ele>194.2</ele>
      </trkpt>
      <trkpt lat="46.79582" lon="-92.08525">
        <ele>198.0</ele>
      </trkpt>
      <trkpt lat="46.79544" lon="-92.08604">
        <ele>198.4</ele>
      </trkpt>
      <trkpt lat="46.79534" lon="-92.0862">
        <ele>197.8</ele>
      </trkpt>
      <trkpt lat="46.79507" lon="-92.0864">
        <ele>194.5</ele>
      </trkpt>
      <trkpt lat="46.79499" lon="-92.08653">
        <ele>194.7</ele>
      </trkpt>
      <trkpt lat="46.79494" lon="-92.08671">
        <ele>195.6</ele>
      </trkpt>
      <trkpt lat="46.79492" lon="-92.0869">
        <ele>197.0</ele>
      </trkpt>
      <trkpt lat="46.79486" lon="-92.08708">
        <ele>197.4</ele>
      </trkpt>
      <trkpt lat="46.79461" lon="-92.08751">
        <ele>195.2</ele>
      </trkpt>
      <trkpt lat="46.79447" lon="-92.08773">
        <ele>194.4</ele>
      </trkpt>
      <trkpt lat="46.79431" lon="-92.08791">
        <ele>192.0</ele>
      </trkpt>
      <trkpt lat="46.79399" lon="-92.08841">
        <ele>191.6</ele>
      </trkpt>
      <trkpt lat="46.79362" lon="-92.08883">
        <ele>191.0</ele>
      </trkpt>
      <trkpt lat="46.79325" lon="-92.08925">
        <ele>189.3</ele>
      </trkpt>
      <trkpt lat="46.79317" lon="-92.0893">
        <ele>187.8</ele>
      </trkpt>
      <trkpt lat="46.79295" lon="-92.08933">
        <ele>186.0</ele>
      </trkpt>
      <trkpt lat="46.79283" lon="-92.08941">
        <ele>186.5</ele>
      </trkpt>
      <trkpt lat="46.79276" lon="-92.08948">
        <ele>186.8</ele>
      </trkpt>
      <trkpt lat="46.79263" lon="-92.08957">
        <ele>186.5</ele>
      </trkpt>
      <trkpt lat="46.79253" lon="-92.08967">
        <ele>186.3</ele>
      </trkpt>
      <trkpt lat="46.7925" lon="-92.08972">
        <ele>186.3</ele>
      </trkpt>
      <trkpt lat="46.79239" lon="-92.08996">
        <ele>188.0</ele>
      </trkpt>
      <trkpt lat="46.79229" lon="-92.09008">
        <ele>188.7</ele>
      </trkpt>
      <trkpt lat="46.79212" lon="-92.0902">
        <ele>188.6</ele>
      </trkpt>
      <trkpt lat="46.79202" lon="-92.09026">
        <ele>187.9</ele>
      </trkpt>
      <trkpt lat="46.79159" lon="-92.09058">
        <ele>187.1</ele>
      </trkpt>
      <trkpt lat="46.79117" lon="-92.09089">
        <ele>186.7</ele>
      </trkpt>
      <trkpt lat="46.79049" lon="-92.09156">
        <ele>187.2</ele>
      </trkpt>
      <trkpt lat="46.79003" lon="-92.09212">
        <ele>187.3</ele>
      </trkpt>
      <trkpt lat="46.7894" lon="-92.09291">
        <ele>185.5</ele>
      </trkpt>
      <trkpt lat="46.78876" lon="-92.09371">
        <ele>184.3</ele>
      </trkpt>
      <trkpt lat="46.78812" lon="-92.0945">
        <ele>184.6</ele>
      </trkpt>
      <trkpt lat="46.78805" lon="-92.09458">
        <ele>184.9</ele>
      </trkpt>
      <trkpt lat="46.788" lon="-92.09461">
        <ele>184.9</ele>
      </trkpt>
      <trkpt lat="46.78792" lon="-92.09462">
        <ele>184.9</ele>
      </trkpt>
      <trkpt lat="46.78751" lon="-92.09456">
        <ele>184.4</ele>
      </trkpt>
      <trkpt lat="46.7872" lon="-92.09453">
        <ele>184.4</ele>
      </trkpt>
      <trkpt lat="46.78704" lon="-92.09449">
        <ele>184.4</ele>
      </trkpt>
      <trkpt lat="46.78695" lon="-92.09467">
        <ele>184.4</ele>
      </trkpt>
      <trkpt lat="46.78686" lon="-92.09493">
        <ele>184.4</ele>
      </trkpt>
      <trkpt lat="46.7865" lon="-92.09533">
        <ele>184.4</ele>
      </trkpt>
      <trkpt lat="46.78641" lon="-92.0954">
        <ele>184.4</ele>
      </trkpt>
      <trkpt lat="46.78627" lon="-92.09547">
        <ele>184.4</ele>
      </trkpt>
      <trkpt lat="46.7862" lon="-92.0954">
        <ele>184.4</ele>
      </trkpt>
      <trkpt lat="46.78615" lon="-92.0954">
        <ele>184.4</ele>
      </trkpt>
      <trkpt lat="46.78612" lon="-92.09544">
        <ele>184.4</ele>
      </trkpt>
      <trkpt lat="46.78605" lon="-92.09546">
        <ele>184.4</ele>
      </trkpt>
      <trkpt lat="46.78591" lon="-92.09546">
        <ele>184.4</ele>
      </trkpt>
      <trkpt lat="46.78591" lon="-92.09552">
        <ele>184.4</ele>
      </trkpt>
      <trkpt lat="46.78588" lon="-92.09558">
        <ele>184.4</ele>
      </trkpt>
      <trkpt lat="46.78572" lon="-92.09588">
        <ele>184.4</ele>
      </trkpt>
      <trkpt lat="46.78555" lon="-92.09613">
        <ele>184.4</ele>
      </trkpt>
      <trkpt lat="46.78533" lon="-92.09624">
        <ele>184.4</ele>
      </trkpt>
      <trkpt lat="46.78523" lon="-92.09631">
        <ele>184.4</ele>
      </trkpt>
      <trkpt lat="46.78516" lon="-92.09642">
        <ele>184.4</ele>
      </trkpt>
      <trkpt lat="46.785" lon="-92.09659">
        <ele>184.4</ele>
      </trkpt>
      <trkpt lat="46.78494" lon="-92.09668">
        <ele>184.4</ele>
      </trkpt>
      <trkpt lat="46.78492" lon="-92.09677">
        <ele>184.4</ele>
      </trkpt>
      <trkpt lat="46.78484" lon="-92.09699">
        <ele>184.4</ele>
      </trkpt>
      <trkpt lat="46.78479" lon="-92.09714">
        <ele>184.4</ele>
      </trkpt>
      <trkpt lat="46.78467" lon="-92.09742">
        <ele>184.4</ele>
      </trkpt>
      <trkpt lat="46.78457" lon="-92.09762">
        <ele>184.4</ele>
      </trkpt>
      <trkpt lat="46.78411" lon="-92.09824">
        <ele>184.4</ele>
      </trkpt>
      <trkpt lat="46.78386" lon="-92.09856">
        <ele>184.4</ele>
      </trkpt>
      <trkpt lat="46.78375" lon="-92.09871">
        <ele>184.4</ele>
      </trkpt>
      <trkpt lat="46.78372" lon="-92.09865">
        <ele>184.4</ele>
      </trkpt>
      <trkpt lat="46.78357" lon="-92.09843">
        <ele>184.4</ele>
      </trkpt>
      <trkpt lat="46.78323" lon="-92.09889">
        <ele>184.4</ele>
      </trkpt>
      <trkpt lat="46.78289" lon="-92.09936">
        <ele>184.4</ele>
      </trkpt>
      <trkpt lat="46.78248" lon="-92.09986">
        <ele>184.4</ele>
      </trkpt>
      <trkpt lat="46.78208" lon="-92.10037">
        <ele>184.4</ele>
      </trkpt>
      <trkpt lat="46.78199" lon="-92.10044">
        <ele>184.4</ele>
      </trkpt>
      <trkpt lat="46.78182" lon="-92.10061">
        <ele>184.4</ele>
      </trkpt>
      <trkpt lat="46.78159" lon="-92.10092">
        <ele>184.4</ele>
      </trkpt>
      <trkpt lat="46.78137" lon="-92.10124">
        <ele>184.4</ele>
      </trkpt>
      <trkpt lat="46.78103" lon="-92.10167">
        <ele>184.4</ele>
      </trkpt>
      <trkpt lat="46.78097" lon="-92.10179">
        <ele>184.4</ele>
      </trkpt>
      <trkpt lat="46.7808" lon="-92.10198">
        <ele>184.4</ele>
      </trkpt>
      <trkpt lat="46.78074" lon="-92.10202">
        <ele>184.4</ele>
      </trkpt>
      <trkpt lat="46.7807" lon="-92.10202">
        <ele>184.4</ele>
      </trkpt>
      <trkpt lat="46.78068" lon="-92.10217">
        <ele>184.4</ele>
      </trkpt>
      <trkpt lat="46.78055" lon="-92.10235">
        <ele>184.4</ele>
      </trkpt>
      <trkpt lat="46.78044" lon="-92.10232">
        <ele>184.4</ele>
      </trkpt>
      <trkpt lat="46.78038" lon="-92.10245">
        <ele>184.4</ele>
      </trkpt>
      <trkpt lat="46.78025" lon="-92.10263">
        <ele>184.4</ele>
      </trkpt>
      <trkpt lat="46.77994" lon="-92.10302">
        <ele>184.4</ele>
      </trkpt>
      <trkpt lat="46.77967" lon="-92.1034">
        <ele>184.4</ele>
      </trkpt>
      <trkpt lat="46.77906" lon="-92.10414">
        <ele>184.4</ele>
      </trkpt>
      <trkpt lat="46.77891" lon="-92.10437">
        <ele>184.4</ele>
      </trkpt>
      <trkpt lat="46.779" lon="-92.10455">
        <ele>184.4</ele>
      </trkpt>
      <trkpt lat="46.77905" lon="-92.10471">
        <ele>184.4</ele>
      </trkpt>
      <trkpt lat="46.77905" lon="-92.10482">
        <ele>184.4</ele>
      </trkpt>
      <trkpt lat="46.77904" lon="-92.10489">
        <ele>184.4</ele>
      </trkpt>
      <trkpt lat="46.779" lon="-92.10495">
        <ele>184.4</ele>
      </trkpt>
      <trkpt lat="46.77846" lon="-92.10562">
        <ele>184.3</ele>
      </trkpt>
      <trkpt lat="46.77838" lon="-92.10575">
        <ele>184.4</ele>
      </trkpt>
      <trkpt lat="46.77831" lon="-92.1059">
        <ele>184.4</ele>
      </trkpt>
      <trkpt lat="46.77823" lon="-92.10617">
        <ele>184.5</ele>
      </trkpt>
      <trkpt lat="46.77815" lon="-92.10626">
        <ele>184.5</ele>
      </trkpt>
      <trkpt lat="46.77806" lon="-92.10635">
        <ele>184.5</ele>
      </trkpt>
      <trkpt lat="46.77775" lon="-92.10687">
        <ele>184.4</ele>
      </trkpt>
      <trkpt lat="46.77745" lon="-92.10739">
        <ele>184.8</ele>
      </trkpt>
      <trkpt lat="46.7773" lon="-92.10757">
        <ele>185.0</ele>
      </trkpt>
      <trkpt lat="46.77721" lon="-92.10762">
        <ele>185.0</ele>
      </trkpt>
      <trkpt lat="46.77716" lon="-92.10763">
        <ele>184.9</ele>
      </trkpt>
      <trkpt lat="46.77707" lon="-92.10767">
        <ele>184.8</ele>
      </trkpt>
      <trkpt lat="46.77697" lon="-92.10778">
        <ele>184.7</ele>
      </trkpt>
      <trkpt lat="46.77668" lon="-92.10827">
        <ele>184.8</ele>
      </trkpt>
      <trkpt lat="46.77638" lon="-92.10863">
        <ele>186.0</ele>
      </trkpt>
      <trkpt lat="46.77621" lon="-92.10878">
        <ele>186.7</ele>
      </trkpt>
      <trkpt lat="46.77598" lon="-92.10905">
        <ele>187.6</ele>
      </trkpt>
      <trkpt lat="46.77572" lon="-92.10948">
        <ele>188.9</ele>
      </trkpt>
      <trkpt lat="46.77561" lon="-92.10964">
        <ele>189.4</ele>
      </trkpt>
      <trkpt lat="46.77534" lon="-92.10999">
        <ele>190.6</ele>
      </trkpt>
      <trkpt lat="46.77564" lon="-92.11048">
        <ele>192.1</ele>
      </trkpt>
      <trkpt lat="46.77594" lon="-92.11097">
        <ele>193.6</ele>
      </trkpt>
      <trkpt lat="46.77597" lon="-92.11102">
        <ele>193.7</ele>
      </trkpt>
      <trkpt lat="46.77594" lon="-92.11109">
        <ele>193.9</ele>
      </trkpt>
      <trkpt lat="46.77584" lon="-92.11128">
        <ele>194.5</ele>
      </trkpt>
      <trkpt lat="46.77551" lon="-92.1118">
        <ele>192.2</ele>
      </trkpt>
      <trkpt lat="46.77511" lon="-92.11229">
        <ele>193.3</ele>
      </trkpt>
      <trkpt lat="46.77496" lon="-92.11247">
        <ele>195.1</ele>
      </trkpt>
      <trkpt lat="46.77476" lon="-92.11281">
        <ele>198.1</ele>
      </trkpt>
      <trkpt lat="46.77446" lon="-92.1132">
        <ele>198.5</ele>
      </trkpt>
      <trkpt lat="46.77412" lon="-92.11365">
        <ele>197.7</ele>
      </trkpt>
      <trkpt lat="46.77379" lon="-92.1141">
        <ele>195.0</ele>
      </trkpt>
      <trkpt lat="46.77347" lon="-92.11449">
        <ele>194.6</ele>
      </trkpt>
      <trkpt lat="46.77357" lon="-92.11463">
        <ele>196.6</ele>
      </trkpt>
      <trkpt lat="46.77364" lon="-92.11457">
        <ele>197.3</ele>
      </trkpt>
      <trkpt lat="46.77366" lon="-92.11457">
        <ele>197.5</ele>
      </trkpt>
      <trkpt lat="46.77369" lon="-92.11458">
        <ele>197.9</ele>
      </trkpt>
      <trkpt lat="46.77372" lon="-92.1146">
        <ele>198.2</ele>
      </trkpt>
      <trkpt lat="46.77374" lon="-92.11465">
        <ele>198.7</ele>
      </trkpt>
      <trkpt lat="46.77375" lon="-92.11471">
        <ele>199.2</ele>
      </trkpt>
      <trkpt lat="46.77374" lon="-92.11479">
        <ele>199.6</ele>
      </trkpt>
      <trkpt lat="46.77352" lon="-92.11555">
        <ele>202.8</ele>
      </trkpt>
      <trkpt lat="46.77342" lon="-92.11574">
        <ele>203.0</ele>
      </trkpt>
      <trkpt lat="46.77301" lon="-92.11628">
        <ele>198.9</ele>
      </trkpt>
      <trkpt lat="46.7726" lon="-92.11681">
        <ele>198.8</ele>
      </trkpt>
      <trkpt lat="46.77252" lon="-92.11686">
        <ele>198.4</ele>
      </trkpt>
      <trkpt lat="46.77228" lon="-92.11718">
        <ele>197.6</ele>
      </trkpt>
      <trkpt lat="46.77222" lon="-92.11732">
        <ele>197.6</ele>
      </trkpt>
      <trkpt lat="46.77186" lon="-92.11782">
        <ele>196.2</ele>
      </trkpt>
      <trkpt lat="46.77158" lon="-92.11817">
        <ele>193.9</ele>
      </trkpt>
      <trkpt lat="46.77102" lon="-92.1189">
        <ele>192.8</ele>
      </trkpt>
      <trkpt lat="46.77045" lon="-92.11963">
        <ele>190.3</ele>
      </trkpt>
      <trkpt lat="46.76989" lon="-92.12037">
        <ele>189.4</ele>
      </trkpt>
      <trkpt lat="46.76978" lon="-92.12052">
        <ele>188.8</ele>
      </trkpt>
      <trkpt lat="46.76917" lon="-92.12131">
        <ele>186.3</ele>
      </trkpt>
      <trkpt lat="46.76882" lon="-92.12073">
        <ele>185.0</ele>
      </trkpt>
      <trkpt lat="46.76874" lon="-92.12083">
        <ele>185.1</ele>
      </trkpt>
      <trkpt lat="46.76854" lon="-92.12049">
        <ele>184.8</ele>
      </trkpt>
      <trkpt lat="46.76846" lon="-92.12058">
        <ele>184.8</ele>
      </trkpt>
      <trkpt lat="46.76846" lon="-92.12058">
        <ele>184.8</ele>
      </trkpt>
      <trkpt lat="46.76854" lon="-92.12049">
        <ele>184.8</ele>
      </trkpt>
      <trkpt lat="46.76874" lon="-92.12083">
        <ele>185.1</ele>
      </trkpt>
      <trkpt lat="46.76847" lon="-92.12118">
        <ele>185.5</ele>
      </trkpt>
      <trkpt lat="46.76884" lon="-92.12175">
        <ele>186.8</ele>
      </trkpt>
      <trkpt lat="46.76845" lon="-92.12226">
        <ele>186.8</ele>
      </trkpt>
      <trkpt lat="46.76805" lon="-92.12277">
        <ele>186.5</ele>
      </trkpt>
      <trkpt lat="46.76794" lon="-92.12288">
        <ele>186.3</ele>
      </trkpt>
      <trkpt lat="46.76782" lon="-92.12307">
        <ele>186.2</ele>
      </trkpt>
      <trkpt lat="46.76734" lon="-92.12367">
        <ele>186.2</ele>
      </trkpt>
      <trkpt lat="46.76685" lon="-92.12428">
        <ele>186.2</ele>
      </trkpt>
      <trkpt lat="46.7663" lon="-92.125">
        <ele>186.7</ele>
      </trkpt>
      <trkpt lat="46.76574" lon="-92.12572">
        <ele>187.4</ele>
      </trkpt>
      <trkpt lat="46.76518" lon="-92.12645">
        <ele>189.4</ele>
      </trkpt>
      <trkpt lat="46.76499" lon="-92.12672">
        <ele>189.9</ele>
      </trkpt>
      <trkpt lat="46.76446" lon="-92.12742">
        <ele>190.4</ele>
      </trkpt>
      <trkpt lat="46.76393" lon="-92.12811">
        <ele>190.8</ele>
      </trkpt>
      <trkpt lat="46.76339" lon="-92.1288">
        <ele>191.1</ele>
      </trkpt>
      <trkpt lat="46.76286" lon="-92.1295">
        <ele>192.3</ele>
      </trkpt>
      <trkpt lat="46.76258" lon="-92.12987">
        <ele>192.3</ele>
      </trkpt>
      <trkpt lat="46.76214" lon="-92.13045">
        <ele>191.6</ele>
      </trkpt>
      <trkpt lat="46.76158" lon="-92.13118">
        <ele>192.2</ele>
      </trkpt>
      <trkpt lat="46.76102" lon="-92.13192">
        <ele>193.4</ele>
      </trkpt>
      <trkpt lat="46.76047" lon="-92.13265">
        <ele>194.3</ele>
      </trkpt>
      <trkpt lat="46.75988" lon="-92.13341">
        <ele>194.1</ele>
      </trkpt>
      <trkpt lat="46.75929" lon="-92.13417">
        <ele>193.4</ele>
      </trkpt>
      <trkpt lat="46.75869" lon="-92.13496">
        <ele>192.5</ele>
      </trkpt>
      <trkpt lat="46.75809" lon="-92.13575">
        <ele>191.7</ele>
      </trkpt>
      <trkpt lat="46.75755" lon="-92.13644">
        <ele>191.4</ele>
      </trkpt>
      <trkpt lat="46.75701" lon="-92.13714">
        <ele>189.7</ele>
      </trkpt>
      <trkpt lat="46.7564" lon="-92.13788">
        <ele>190.0</ele>
      </trkpt>
      <trkpt lat="46.75594" lon="-92.13852">
        <ele>189.2</ele>
      </trkpt>
      <trkpt lat="46.75548" lon="-92.13916">
        <ele>189.2</ele>
      </trkpt>
      <trkpt lat="46.75513" lon="-92.13861">
        <ele>191.8</ele>
      </trkpt>
      <trkpt lat="46.755" lon="-92.13877">
        <ele>192.1</ele>
      </trkpt>
      <trkpt lat="46.75484" lon="-92.13901">
        <ele>191.6</ele>
      </trkpt>
      <trkpt lat="46.75446" lon="-92.13959">
        <ele>190.8</ele>
      </trkpt>
      <trkpt lat="46.75408" lon="-92.14018">
        <ele>190.6</ele>
      </trkpt>
      <trkpt lat="46.75401" lon="-92.14025">
        <ele>190.6</ele>
      </trkpt>
      <trkpt lat="46.75368" lon="-92.14042">
        <ele>190.8</ele>
      </trkpt>
      <trkpt lat="46.75353" lon="-92.14048">
        <ele>190.7</ele>
      </trkpt>
      <trkpt lat="46.75342" lon="-92.14045">
        <ele>190.6</ele>
      </trkpt>
      <trkpt lat="46.75326" lon="-92.14035">
        <ele>190.2</ele>
      </trkpt>
      <trkpt lat="46.75308" lon="-92.1402">
        <ele>190.0</ele>
      </trkpt>
      <trkpt lat="46.75248" lon="-92.13981">
        <ele>189.5</ele>
      </trkpt>
      <trkpt lat="46.7524" lon="-92.13975">
        <ele>189.5</ele>
      </trkpt>
      <trkpt lat="46.75221" lon="-92.14009">
        <ele>189.3</ele>
      </trkpt>
      <trkpt lat="46.75216" lon="-92.14016">
        <ele>189.2</ele>
      </trkpt>
      <trkpt lat="46.75214" lon="-92.14024">
        <ele>189.1</ele>
      </trkpt>
      <trkpt lat="46.75213" lon="-92.14042">
        <ele>189.1</ele>
      </trkpt>
      <trkpt lat="46.75209" lon="-92.14058">
        <ele>189.2</ele>
      </trkpt>
      <trkpt lat="46.752" lon="-92.14072">
        <ele>188.8</ele>
      </trkpt>
      <trkpt lat="46.75176" lon="-92.1408">
        <ele>187.3</ele>
      </trkpt>
      <trkpt lat="46.75155" lon="-92.14095">
        <ele>186.8</ele>
      </trkpt>
      <trkpt lat="46.75151" lon="-92.14104">
        <ele>186.8</ele>
      </trkpt>
      <trkpt lat="46.75147" lon="-92.14117">
        <ele>186.6</ele>
      </trkpt>
      <trkpt lat="46.75146" lon="-92.14134">
        <ele>186.4</ele>
      </trkpt>
      <trkpt lat="46.75148" lon="-92.14158">
        <ele>186.5</ele>
      </trkpt>
      <trkpt lat="46.75147" lon="-92.14168">
        <ele>186.5</ele>
      </trkpt>
      <trkpt lat="46.75143" lon="-92.14177">
        <ele>186.6</ele>
      </trkpt>
      <trkpt lat="46.75122" lon="-92.14209">
        <ele>187.2</ele>
      </trkpt>
      <trkpt lat="46.75072" lon="-92.14273">
        <ele>190.2</ele>
      </trkpt>
      <trkpt lat="46.75061" lon="-92.14283">
        <ele>190.8</ele>
      </trkpt>
      <trkpt lat="46.75057" lon="-92.14288">
        <ele>191.0</ele>
      </trkpt>
      <trkpt lat="46.75052" lon="-92.14293">
        <ele>191.1</ele>
      </trkpt>
      <trkpt lat="46.75043" lon="-92.14297">
        <ele>191.2</ele>
      </trkpt>
      <trkpt lat="46.74996" lon="-92.14364">
        <ele>191.6</ele>
      </trkpt>
      <trkpt lat="46.74949" lon="-92.14431">
        <ele>191.7</ele>
      </trkpt>
      <trkpt lat="46.74903" lon="-92.14498">
        <ele>191.0</ele>
      </trkpt>
      <trkpt lat="46.74892" lon="-92.14484">
        <ele>190.2</ele>
      </trkpt>
      <trkpt lat="46.74849" lon="-92.14545">
        <ele>190.1</ele>
      </trkpt>
      <trkpt lat="46.74807" lon="-92.14606">
        <ele>186.6</ele>
      </trkpt>
      <trkpt lat="46.74799" lon="-92.1461">
        <ele>186.3</ele>
      </trkpt>
      <trkpt lat="46.74784" lon="-92.14618">
        <ele>186.0</ele>
      </trkpt>
      <trkpt lat="46.74742" lon="-92.14677">
        <ele>189.4</ele>
      </trkpt>
      <trkpt lat="46.747" lon="-92.14736">
        <ele>187.5</ele>
      </trkpt>
      <trkpt lat="46.74679" lon="-92.14764">
        <ele>187.9</ele>
      </trkpt>
      <trkpt lat="46.74658" lon="-92.14776">
        <ele>186.9</ele>
      </trkpt>
      <trkpt lat="46.74644" lon="-92.14768">
        <ele>186.6</ele>
      </trkpt>
      <trkpt lat="46.74634" lon="-92.14752">
        <ele>186.7</ele>
      </trkpt>
      <trkpt lat="46.74576" lon="-92.14832">
        <ele>185.9</ele>
      </trkpt>
      <trkpt lat="46.74518" lon="-92.14912">
        <ele>185.9</ele>
      </trkpt>
      <trkpt lat="46.7446" lon="-92.14992">
        <ele>185.9</ele>
      </trkpt>
      <trkpt lat="46.74408" lon="-92.15067">
        <ele>183.9</ele>
      </trkpt>
      <trkpt lat="46.74356" lon="-92.15142">
        <ele>184.4</ele>
      </trkpt>
      <trkpt lat="46.74304" lon="-92.15217">
        <ele>184.4</ele>
      </trkpt>
      <trkpt lat="46.74259" lon="-92.15283">
        <ele>184.6</ele>
      </trkpt>
      <trkpt lat="46.74214" lon="-92.15349">
        <ele>184.7</ele>
      </trkpt>
      <trkpt lat="46.74169" lon="-92.15415">
        <ele>185.4</ele>
      </trkpt>
      <trkpt lat="46.74118" lon="-92.15486">
        <ele>185.4</ele>
      </trkpt>
      <trkpt lat="46.74068" lon="-92.15557">
        <ele>185.3</ele>
      </trkpt>
      <trkpt lat="46.74035" lon="-92.15596">
        <ele>185.3</ele>
      </trkpt>
      <trkpt lat="46.73994" lon="-92.1564">
        <ele>185.6</ele>
      </trkpt>
      <trkpt lat="46.7398" lon="-92.15654">
        <ele>185.6</ele>
      </trkpt>
      <trkpt lat="46.73967" lon="-92.15666">
        <ele>185.6</ele>
      </trkpt>
      <trkpt lat="46.73944" lon="-92.15682">
        <ele>185.6</ele>
      </trkpt>
      <trkpt lat="46.73901" lon="-92.15708">
        <ele>185.6</ele>
      </trkpt>
      <trkpt lat="46.73898" lon="-92.1571">
        <ele>185.5</ele>
      </trkpt>
      <trkpt lat="46.73895" lon="-92.15717">
        <ele>185.4</ele>
      </trkpt>
      <trkpt lat="46.73894" lon="-92.15729">
        <ele>185.4</ele>
      </trkpt>
      <trkpt lat="46.73903" lon="-92.15797">
        <ele>186.1</ele>
      </trkpt>
      <trkpt lat="46.73906" lon="-92.15888">
        <ele>189.5</ele>
      </trkpt>
      <trkpt lat="46.73904" lon="-92.15905">
        <ele>189.5</ele>
      </trkpt>
      <trkpt lat="46.73904" lon="-92.15938">
        <ele>189.6</ele>
      </trkpt>
      <trkpt lat="46.73902" lon="-92.15948">
        <ele>189.6</ele>
      </trkpt>
      <trkpt lat="46.73899" lon="-92.15956">
        <ele>189.7</ele>
      </trkpt>
      <trkpt lat="46.73865" lon="-92.16004">
        <ele>190.0</ele>
      </trkpt>
      <trkpt lat="46.73859" lon="-92.16008">
        <ele>190.1</ele>
      </trkpt>
      <trkpt lat="46.73841" lon="-92.16016">
        <ele>190.2</ele>
      </trkpt>
      <trkpt lat="46.73835" lon="-92.16021">
        <ele>190.2</ele>
      </trkpt>
      <trkpt lat="46.73828" lon="-92.16029">
        <ele>190.2</ele>
      </trkpt>
      <trkpt lat="46.73793" lon="-92.16075">
        <ele>189.9</ele>
      </trkpt>
      <trkpt lat="46.73759" lon="-92.16122">
        <ele>189.2</ele>
      </trkpt>
      <trkpt lat="46.73754" lon="-92.16126">
        <ele>189.1</ele>
      </trkpt>
      <trkpt lat="46.73747" lon="-92.16128">
        <ele>189.0</ele>
      </trkpt>
      <trkpt lat="46.73701" lon="-92.16189">
        <ele>188.6</ele>
      </trkpt>
      <trkpt lat="46.73655" lon="-92.16251">
        <ele>189.6</ele>
      </trkpt>
      <trkpt lat="46.73647" lon="-92.16264">
        <ele>189.6</ele>
      </trkpt>
      <trkpt lat="46.73642" lon="-92.16276">
        <ele>189.6</ele>
      </trkpt>
      <trkpt lat="46.73603" lon="-92.1638">
        <ele>189.2</ele>
      </trkpt>
      <trkpt lat="46.73588" lon="-92.16434">
        <ele>190.2</ele>
      </trkpt>
      <trkpt lat="46.7358" lon="-92.16477">
        <ele>190.7</ele>
      </trkpt>
      <trkpt lat="46.73564" lon="-92.16538">
        <ele>191.5</ele>
      </trkpt>
      <trkpt lat="46.73556" lon="-92.16587">
        <ele>192.0</ele>
      </trkpt>
      <trkpt lat="46.73551" lon="-92.16605">
        <ele>192.2</ele>
      </trkpt>
      <trkpt lat="46.73541" lon="-92.16628">
        <ele>192.5</ele>
      </trkpt>
      <trkpt lat="46.73535" lon="-92.16639">
        <ele>192.5</ele>
      </trkpt>
      <trkpt lat="46.7353" lon="-92.16641">
        <ele>192.5</ele>
      </trkpt>
      <trkpt lat="46.73464" lon="-92.16641">
        <ele>192.5</ele>
      </trkpt>
      <trkpt lat="46.73399" lon="-92.16641">
        <ele>192.2</ele>
      </trkpt>
      <trkpt lat="46.73333" lon="-92.16641">
        <ele>188.9</ele>
      </trkpt>
      <trkpt lat="46.73332" lon="-92.16575">
        <ele>189.7</ele>
      </trkpt>
      <trkpt lat="46.7333" lon="-92.16564">
        <ele>189.5</ele>
      </trkpt>
      <trkpt lat="46.73327" lon="-92.16555">
        <ele>189.3</ele>
      </trkpt>
      <trkpt lat="46.73321" lon="-92.16549">
        <ele>189.0</ele>
      </trkpt>
      <trkpt lat="46.73314" lon="-92.16544">
        <ele>188.9</ele>
      </trkpt>
      <trkpt lat="46.73295" lon="-92.1654">
        <ele>188.6</ele>
      </trkpt>
      <trkpt lat="46.73287" lon="-92.16541">
        <ele>188.5</ele>
      </trkpt>
      <trkpt lat="46.73274" lon="-92.16545">
        <ele>188.3</ele>
      </trkpt>
      <trkpt lat="46.73266" lon="-92.16549">
        <ele>188.2</ele>
      </trkpt>
      <trkpt lat="46.73256" lon="-92.16561">
        <ele>188.2</ele>
      </trkpt>
      <trkpt lat="46.73246" lon="-92.16578">
        <ele>188.2</ele>
      </trkpt>
      <trkpt lat="46.73249" lon="-92.16585">
        <ele>188.3</ele>
      </trkpt>
      <trkpt lat="46.73251" lon="-92.16595">
        <ele>188.4</ele>
      </trkpt>
      <trkpt lat="46.7325" lon="-92.16633">
        <ele>189.6</ele>
      </trkpt>
      <trkpt lat="46.7325" lon="-92.16672">
        <ele>190.8</ele>
      </trkpt>
      <trkpt lat="46.7325" lon="-92.16686">
        <ele>191.3</ele>
      </trkpt>
      <trkpt lat="46.73246" lon="-92.16699">
        <ele>191.8</ele>
      </trkpt>
      <trkpt lat="46.73231" lon="-92.16737">
        <ele>190.4</ele>
      </trkpt>
      <trkpt lat="46.73228" lon="-92.16746">
        <ele>189.9</ele>
      </trkpt>
      <trkpt lat="46.73228" lon="-92.16754">
        <ele>189.5</ele>
      </trkpt>
      <trkpt lat="46.73231" lon="-92.16771">
        <ele>189.2</ele>
      </trkpt>
      <trkpt lat="46.73232" lon="-92.16789">
        <ele>188.8</ele>
      </trkpt>
      <trkpt lat="46.73231" lon="-92.16804">
        <ele>188.6</ele>
      </trkpt>
      <trkpt lat="46.73227" lon="-92.16837">
        <ele>188.4</ele>
      </trkpt>
      <trkpt lat="46.73227" lon="-92.16847">
        <ele>188.4</ele>
      </trkpt>
      <trkpt lat="46.73229" lon="-92.16861">
        <ele>188.4</ele>
      </trkpt>
      <trkpt lat="46.73231" lon="-92.16868">
        <ele>188.6</ele>
      </trkpt>
      <trkpt lat="46.73239" lon="-92.16886">
        <ele>188.9</ele>
      </trkpt>
      <trkpt lat="46.73257" lon="-92.16908">
        <ele>189.0</ele>
      </trkpt>
      <trkpt lat="46.73261" lon="-92.16912">
        <ele>189.0</ele>
      </trkpt>
      <trkpt lat="46.7327" lon="-92.16911">
        <ele>189.0</ele>
      </trkpt>
      <trkpt lat="46.7327" lon="-92.16982">
        <ele>188.1</ele>
      </trkpt>
      <trkpt lat="46.73269" lon="-92.17023">
        <ele>187.8</ele>
      </trkpt>
      <trkpt lat="46.73263" lon="-92.17075">
        <ele>187.6</ele>
      </trkpt>
      <trkpt lat="46.73264" lon="-92.17082">
        <ele>187.7</ele>
      </trkpt>
      <trkpt lat="46.73265" lon="-92.17093">
        <ele>187.7</ele>
      </trkpt>
      <trkpt lat="46.73281" lon="-92.17133">
        <ele>187.8</ele>
      </trkpt>
      <trkpt lat="46.73297" lon="-92.17175">
        <ele>188.7</ele>
      </trkpt>
      <trkpt lat="46.73298" lon="-92.17182">
        <ele>188.9</ele>
      </trkpt>
      <trkpt lat="46.73298" lon="-92.17208">
        <ele>189.1</ele>
      </trkpt>
      <trkpt lat="46.73209" lon="-92.1721">
        <ele>192.7</ele>
      </trkpt>
      <trkpt lat="46.73187" lon="-92.17215">
        <ele>192.9</ele>
      </trkpt>
      <trkpt lat="46.73133" lon="-92.17215">
        <ele>193.0</ele>
      </trkpt>
      <trkpt lat="46.73134" lon="-92.17309">
        <ele>193.7</ele>
      </trkpt>
      <trkpt lat="46.73134" lon="-92.17404">
        <ele>194.6</ele>
      </trkpt>
      <trkpt lat="46.73133" lon="-92.17472">
        <ele>195.1</ele>
      </trkpt>
      <trkpt lat="46.73132" lon="-92.17541">
        <ele>195.2</ele>
      </trkpt>
      <trkpt lat="46.73133" lon="-92.17656">
        <ele>195.6</ele>
      </trkpt>
      <trkpt lat="46.73133" lon="-92.17771">
        <ele>195.3</ele>
      </trkpt>
      <trkpt lat="46.73134" lon="-92.17886">
        <ele>195.3</ele>
      </trkpt>
      <trkpt lat="46.73126" lon="-92.17893">
        <ele>195.3</ele>
      </trkpt>
      <trkpt lat="46.73126" lon="-92.18004">
        <ele>195.9</ele>
      </trkpt>
      <trkpt lat="46.73081" lon="-92.1807">
        <ele>195.6</ele>
      </trkpt>
      <trkpt lat="46.73036" lon="-92.18137">
        <ele>195.4</ele>
      </trkpt>
      <trkpt lat="46.72971" lon="-92.18226">
        <ele>195.6</ele>
      </trkpt>
      <trkpt lat="46.72907" lon="-92.18315">
        <ele>196.3</ele>
      </trkpt>
      <trkpt lat="46.72842" lon="-92.18404">
        <ele>195.7</ele>
      </trkpt>
      <trkpt lat="46.72787" lon="-92.18484">
        <ele>195.4</ele>
      </trkpt>
      <trkpt lat="46.72731" lon="-92.18564">
        <ele>196.3</ele>
      </trkpt>
      <trkpt lat="46.72682" lon="-92.18633">
        <ele>195.6</ele>
      </trkpt>
      <trkpt lat="46.72632" lon="-92.18702">
        <ele>196.3</ele>
      </trkpt>
      <trkpt lat="46.72582" lon="-92.18771">
        <ele>196.4</ele>
      </trkpt>
      <trkpt lat="46.72533" lon="-92.1884">
        <ele>194.8</ele>
      </trkpt>
      <trkpt lat="46.72491" lon="-92.18901">
        <ele>191.3</ele>
      </trkpt>
      <trkpt lat="46.72439" lon="-92.18974">
        <ele>191.2</ele>
      </trkpt>
      <trkpt lat="46.72405" lon="-92.19024">
        <ele>191.4</ele>
      </trkpt>
      <trkpt lat="46.72371" lon="-92.19075">
        <ele>192.2</ele>
      </trkpt>
      <trkpt lat="46.72329" lon="-92.1913">
        <ele>194.3</ele>
      </trkpt>
      <trkpt lat="46.72287" lon="-92.19186">
        <ele>194.7</ele>
      </trkpt>
      <trkpt lat="46.72258" lon="-92.19139">
        <ele>194.4</ele>
      </trkpt>
      <trkpt lat="46.72248" lon="-92.191">
        <ele>193.9</ele>
      </trkpt>
      <trkpt lat="46.72241" lon="-92.19106">
        <ele>194.1</ele>
      </trkpt>
      <trkpt lat="46.72179" lon="-92.19195">
        <ele>194.9</ele>
      </trkpt>
      <trkpt lat="46.72116" lon="-92.19283">
        <ele>194.3</ele>
      </trkpt>
      <trkpt lat="46.72054" lon="-92.19372">
        <ele>192.0</ele>
      </trkpt>
      <trkpt lat="46.71991" lon="-92.1946">
        <ele>192.4</ele>
      </trkpt>
      <trkpt lat="46.71929" lon="-92.19549">
        <ele>193.8</ele>
      </trkpt>
      <trkpt lat="46.71866" lon="-92.19637">
        <ele>195.0</ele>
      </trkpt>
      <trkpt lat="46.71803" lon="-92.19726">
        <ele>195.0</ele>
      </trkpt>
      <trkpt lat="46.71741" lon="-92.19815">
        <ele>197.8</ele>
      </trkpt>
      <trkpt lat="46.71678" lon="-92.19903">
        <ele>195.5</ele>
      </trkpt>
      <trkpt lat="46.71616" lon="-92.19992">
        <ele>196.9</ele>
      </trkpt>
      <trkpt lat="46.71597" lon="-92.20019">
        <ele>197.4</ele>
      </trkpt>
      <trkpt lat="46.71541" lon="-92.20095">
        <ele>198.7</ele>
      </trkpt>
      <trkpt lat="46.71486" lon="-92.20172">
        <ele>201.0</ele>
      </trkpt>
      <trkpt lat="46.71438" lon="-92.20227">
        <ele>202.9</ele>
      </trkpt>
      <trkpt lat="46.7139" lon="-92.20283">
        <ele>203.2</ele>
      </trkpt>
      <trkpt lat="46.71349" lon="-92.20326">
        <ele>203.6</ele>
      </trkpt>
      <trkpt lat="46.71279" lon="-92.20404">
        <ele>201.4</ele>
      </trkpt>
      <trkpt lat="46.7121" lon="-92.20482">
        <ele>204.2</ele>
      </trkpt>
      <trkpt lat="46.7114" lon="-92.2056">
        <ele>204.6</ele>
      </trkpt>
      <trkpt lat="46.7107" lon="-92.20638">
        <ele>206.3</ele>
      </trkpt>
      <trkpt lat="46.71007" lon="-92.20707">
        <ele>207.3</ele>
      </trkpt>
      <trkpt lat="46.70944" lon="-92.20776">
        <ele>210.3</ele>
      </trkpt>
      <trkpt lat="46.7088" lon="-92.20846">
        <ele>210.3</ele>
      </trkpt>
      <trkpt lat="46.70828" lon="-92.20908">
        <ele>209.6</ele>
      </trkpt>
      <trkpt lat="46.70777" lon="-92.20971">
        <ele>209.6</ele>
      </trkpt>
      <trkpt lat="46.70744" lon="-92.21016">
        <ele>209.3</ele>
      </trkpt>
      <trkpt lat="46.70711" lon="-92.21061">
        <ele>211.0</ele>
      </trkpt>
      <trkpt lat="46.70652" lon="-92.21146">
        <ele>211.1</ele>
      </trkpt>
      <trkpt lat="46.70615" lon="-92.21209">
        <ele>211.2</ele>
      </trkpt>
      <trkpt lat="46.70578" lon="-92.21272">
        <ele>212.4</ele>
      </trkpt>
      <trkpt lat="46.70571" lon="-92.21281">
        <ele>212.6</ele>
      </trkpt>
      <trkpt lat="46.7052" lon="-92.21367">
        <ele>214.3</ele>
      </trkpt>
      <trkpt lat="46.7047" lon="-92.21452">
        <ele>216.0</ele>
      </trkpt>
      <trkpt lat="46.70436" lon="-92.21506">
        <ele>216.2</ele>
      </trkpt>
      <trkpt lat="46.70402" lon="-92.2156">
        <ele>216.0</ele>
      </trkpt>
      <trkpt lat="46.70367" lon="-92.21623">
        <ele>216.7</ele>
      </trkpt>
      <trkpt lat="46.70351" lon="-92.21652">
        <ele>217.0</ele>
      </trkpt>
      <trkpt lat="46.70325" lon="-92.21692">
        <ele>217.6</ele>
      </trkpt>
      <trkpt lat="46.70267" lon="-92.21788">
        <ele>217.8</ele>
      </trkpt>
      <trkpt lat="46.70209" lon="-92.21884">
        <ele>218.9</ele>
      </trkpt>
      <trkpt lat="46.70198" lon="-92.21904">
        <ele>219.1</ele>
      </trkpt>
      <trkpt lat="46.70164" lon="-92.2197">
        <ele>219.9</ele>
      </trkpt>
      <trkpt lat="46.70141" lon="-92.22011">
        <ele>221.9</ele>
      </trkpt>
      <trkpt lat="46.70108" lon="-92.22061">
        <ele>221.5</ele>
      </trkpt>
      <trkpt lat="46.70074" lon="-92.22111">
        <ele>224.1</ele>
      </trkpt>
      <trkpt lat="46.70018" lon="-92.22185">
        <ele>224.7</ele>
      </trkpt>
      <trkpt lat="46.69954" lon="-92.22249">
        <ele>224.1</ele>
      </trkpt>
      <trkpt lat="46.69906" lon="-92.22278">
        <ele>223.8</ele>
      </trkpt>
      <trkpt lat="46.69858" lon="-92.22307">
        <ele>224.0</ele>
      </trkpt>
      <trkpt lat="46.69823" lon="-92.22321">
        <ele>223.9</ele>
      </trkpt>
      <trkpt lat="46.69758" lon="-92.22334">
        <ele>225.5</ele>
      </trkpt>
      <trkpt lat="46.69686" lon="-92.22343">
        <ele>225.4</ele>
      </trkpt>
      <trkpt lat="46.69614" lon="-92.22353">
        <ele>225.8</ele>
      </trkpt>
      <trkpt lat="46.69542" lon="-92.22362">
        <ele>225.9</ele>
      </trkpt>
      <trkpt lat="46.6947" lon="-92.22371">
        <ele>230.3</ele>
      </trkpt>
      <trkpt lat="46.69398" lon="-92.2238">
        <ele>231.7</ele>
      </trkpt>
      <trkpt lat="46.69324" lon="-92.224">
        <ele>230.1</ele>
      </trkpt>
      <trkpt lat="46.6925" lon="-92.22419">
        <ele>229.7</ele>
      </trkpt>
      <trkpt lat="46.69176" lon="-92.22439">
        <ele>231.0</ele>
      </trkpt>
      <trkpt lat="46.69114" lon="-92.22459">
        <ele>231.0</ele>
      </trkpt>
      <trkpt lat="46.69052" lon="-92.22478">
        <ele>231.1</ele>
      </trkpt>
      <trkpt lat="46.68991" lon="-92.22496">
        <ele>231.0</ele>
      </trkpt>
      <trkpt lat="46.68931" lon="-92.22514">
        <ele>231.0</ele>
      </trkpt>
      <trkpt lat="46.68871" lon="-92.22542">
        <ele>233.2</ele>
      </trkpt>
      <trkpt lat="46.68811" lon="-92.2257">
        <ele>235.4</ele>
      </trkpt>
      <trkpt lat="46.68755" lon="-92.2261">
        <ele>236.2</ele>
      </trkpt>
      <trkpt lat="46.68699" lon="-92.22651">
        <ele>239.6</ele>
      </trkpt>
      <trkpt lat="46.68655" lon="-92.22685">
        <ele>239.3</ele>
      </trkpt>
      <trkpt lat="46.68612" lon="-92.2272">
        <ele>239.4</ele>
      </trkpt>
      <trkpt lat="46.68567" lon="-92.22753">
        <ele>240.5</ele>
      </trkpt>
      <trkpt lat="46.68522" lon="-92.22786">
        <ele>239.2</ele>
      </trkpt>
      <trkpt lat="46.68457" lon="-92.22836">
        <ele>239.6</ele>
      </trkpt>
      <trkpt lat="46.68392" lon="-92.22886">
        <ele>241.5</ele>
      </trkpt>
      <trkpt lat="46.68322" lon="-92.22938">
        <ele>240.9</ele>
      </trkpt>
      <trkpt lat="46.68251" lon="-92.22991">
        <ele>241.7</ele>
      </trkpt>
      <trkpt lat="46.68213" lon="-92.23024">
        <ele>241.8</ele>
      </trkpt>
      <trkpt lat="46.68151" lon="-92.23069">
        <ele>244.1</ele>
      </trkpt>
      <trkpt lat="46.68092" lon="-92.23126">
        <ele>249.3</ele>
      </trkpt>
      <trkpt lat="46.68065" lon="-92.23168">
        <ele>254.8</ele>
      </trkpt>
      <trkpt lat="46.68035" lon="-92.23221">
        <ele>258.4</ele>
      </trkpt>
      <trkpt lat="46.68017" lon="-92.23265">
        <ele>256.0</ele>
      </trkpt>
      <trkpt lat="46.68" lon="-92.23319">
        <ele>254.8</ele>
      </trkpt>
      <trkpt lat="46.67986" lon="-92.23395">
        <ele>258.3</ele>
      </trkpt>
      <trkpt lat="46.67982" lon="-92.23453">
        <ele>251.5</ele>
      </trkpt>
      <trkpt lat="46.67984" lon="-92.23511">
        <ele>250.3</ele>
      </trkpt>
      <trkpt lat="46.67989" lon="-92.2357">
        <ele>256.6</ele>
      </trkpt>
      <trkpt lat="46.67998" lon="-92.23615">
        <ele>256.5</ele>
      </trkpt>
      <trkpt lat="46.68011" lon="-92.23663">
        <ele>254.0</ele>
      </trkpt>
      <trkpt lat="46.68046" lon="-92.23747">
        <ele>253.0</ele>
      </trkpt>
      <trkpt lat="46.68069" lon="-92.23793">
        <ele>257.6</ele>
      </trkpt>
      <trkpt lat="46.6809" lon="-92.23841">
        <ele>254.5</ele>
      </trkpt>
      <trkpt lat="46.68134" lon="-92.23927">
        <ele>250.4</ele>
      </trkpt>
      <trkpt lat="46.68182" lon="-92.24025">
        <ele>251.7</ele>
      </trkpt>
      <trkpt lat="46.68215" lon="-92.24119">
        <ele>253.4</ele>
      </trkpt>
      <trkpt lat="46.68228" lon="-92.24166">
        <ele>253.5</ele>
      </trkpt>
      <trkpt lat="46.68236" lon="-92.24218">
        <ele>253.2</ele>
      </trkpt>
      <trkpt lat="46.68244" lon="-92.2429">
        <ele>256.2</ele>
      </trkpt>
      <trkpt lat="46.68243" lon="-92.24352">
        <ele>253.6</ele>
      </trkpt>
      <trkpt lat="46.6824" lon="-92.24397">
        <ele>254.1</ele>
      </trkpt>
      <trkpt lat="46.68234" lon="-92.24442">
        <ele>259.6</ele>
      </trkpt>
      <trkpt lat="46.68228" lon="-92.24481">
        <ele>261.3</ele>
      </trkpt>
      <trkpt lat="46.68214" lon="-92.24546">
        <ele>260.9</ele>
      </trkpt>
      <trkpt lat="46.68197" lon="-92.24596">
        <ele>260.7</ele>
      </trkpt>
      <trkpt lat="46.68172" lon="-92.24653">
        <ele>259.9</ele>
      </trkpt>
      <trkpt lat="46.68146" lon="-92.24705">
        <ele>259.6</ele>
      </trkpt>
      <trkpt lat="46.68084" lon="-92.24787">
        <ele>259.5</ele>
      </trkpt>
      <trkpt lat="46.68048" lon="-92.24821">
        <ele>259.8</ele>
      </trkpt>
      <trkpt lat="46.68006" lon="-92.2485">
        <ele>259.6</ele>
      </trkpt>
      <trkpt lat="46.67959" lon="-92.24874">
        <ele>261.5</ele>
      </trkpt>
      <trkpt lat="46.67908" lon="-92.24891">
        <ele>261.0</ele>
      </trkpt>
      <trkpt lat="46.67845" lon="-92.24899">
        <ele>260.0</ele>
      </trkpt>
      <trkpt lat="46.67782" lon="-92.24908">
        <ele>259.5</ele>
      </trkpt>
      <trkpt lat="46.67723" lon="-92.24917">
        <ele>259.5</ele>
      </trkpt>
      <trkpt lat="46.67674" lon="-92.24931">
        <ele>259.4</ele>
      </trkpt>
      <trkpt lat="46.67642" lon="-92.24953">
        <ele>260.6</ele>
      </trkpt>
      <trkpt lat="46.67612" lon="-92.24979">
        <ele>261.9</ele>
      </trkpt>
      <trkpt lat="46.67586" lon="-92.25008">
        <ele>258.5</ele>
      </trkpt>
      <trkpt lat="46.67562" lon="-92.25044">
        <ele>262.3</ele>
      </trkpt>
      <trkpt lat="46.67538" lon="-92.25085">
        <ele>262.2</ele>
      </trkpt>
      <trkpt lat="46.67522" lon="-92.25119">
        <ele>263.1</ele>
      </trkpt>
      <trkpt lat="46.67512" lon="-92.25144">
        <ele>264.2</ele>
      </trkpt>
      <trkpt lat="46.67492" lon="-92.25213">
        <ele>265.3</ele>
      </trkpt>
      <trkpt lat="46.67484" lon="-92.25254">
        <ele>261.5</ele>
      </trkpt>
      <trkpt lat="46.67479" lon="-92.25298">
        <ele>259.1</ele>
      </trkpt>
      <trkpt lat="46.67477" lon="-92.2535">
        <ele>259.2</ele>
      </trkpt>
      <trkpt lat="46.67479" lon="-92.25398">
        <ele>258.4</ele>
      </trkpt>
      <trkpt lat="46.67481" lon="-92.25422">
        <ele>258.0</ele>
      </trkpt>
      <trkpt lat="46.67484" lon="-92.25457">
        <ele>258.7</ele>
      </trkpt>
      <trkpt lat="46.67491" lon="-92.25535">
        <ele>260.2</ele>
      </trkpt>
      <trkpt lat="46.67494" lon="-92.2557">
        <ele>260.9</ele>
      </trkpt>
      <trkpt lat="46.67502" lon="-92.25586">
        <ele>264.2</ele>
      </trkpt>
      <trkpt lat="46.67537" lon="-92.25635">
        <ele>263.6</ele>
      </trkpt>
      <trkpt lat="46.67572" lon="-92.25683">
        <ele>265.3</ele>
      </trkpt>
      <trkpt lat="46.67622" lon="-92.25743">
        <ele>268.3</ele>
      </trkpt>
      <trkpt lat="46.67651" lon="-92.2578">
        <ele>269.3</ele>
      </trkpt>
      <trkpt lat="46.67666" lon="-92.25795">
        <ele>269.9</ele>
      </trkpt>
      <trkpt lat="46.67699" lon="-92.25834">
        <ele>270.4</ele>
      </trkpt>
      <trkpt lat="46.67758" lon="-92.25908">
        <ele>270.8</ele>
      </trkpt>
      <trkpt lat="46.67792" lon="-92.25947">
        <ele>271.3</ele>
      </trkpt>
      <trkpt lat="46.67828" lon="-92.25984">
        <ele>271.3</ele>
      </trkpt>
      <trkpt lat="46.67855" lon="-92.25997">
        <ele>271.5</ele>
      </trkpt>
      <trkpt lat="46.67863" lon="-92.26002">
        <ele>271.3</ele>
      </trkpt>
      <trkpt lat="46.67871" lon="-92.26009">
        <ele>271.3</ele>
      </trkpt>
      <trkpt lat="46.67884" lon="-92.26025">
        <ele>271.3</ele>
      </trkpt>
      <trkpt lat="46.67903" lon="-92.26048">
        <ele>271.2</ele>
      </trkpt>
      <trkpt lat="46.67914" lon="-92.26064">
        <ele>271.4</ele>
      </trkpt>
      <trkpt lat="46.67933" lon="-92.26112">
        <ele>270.3</ele>
      </trkpt>
      <trkpt lat="46.67944" lon="-92.26132">
        <ele>270.7</ele>
      </trkpt>
      <trkpt lat="46.67997" lon="-92.26196">
        <ele>270.8</ele>
      </trkpt>
      <trkpt lat="46.6805" lon="-92.26261">
        <ele>273.7</ele>
      </trkpt>
      <trkpt lat="46.68057" lon="-92.26269">
        <ele>274.0</ele>
      </trkpt>
      <trkpt lat="46.68123" lon="-92.2635">
        <ele>277.7</ele>
      </trkpt>
      <trkpt lat="46.68189" lon="-92.26431">
        <ele>276.8</ele>
      </trkpt>
      <trkpt lat="46.68208" lon="-92.26459">
        <ele>277.5</ele>
      </trkpt>
      <trkpt lat="46.68233" lon="-92.26502">
        <ele>277.5</ele>
      </trkpt>
      <trkpt lat="46.68287" lon="-92.26575">
        <ele>280.4</ele>
      </trkpt>
      <trkpt lat="46.68343" lon="-92.26669">
        <ele>278.0</ele>
      </trkpt>
      <trkpt lat="46.68399" lon="-92.26763">
        <ele>283.0</ele>
      </trkpt>
      <trkpt lat="46.68455" lon="-92.26857">
        <ele>283.5</ele>
      </trkpt>
      <trkpt lat="46.68511" lon="-92.26951">
        <ele>278.4</ele>
      </trkpt>
      <trkpt lat="46.68568" lon="-92.27045">
        <ele>283.6</ele>
      </trkpt>
      <trkpt lat="46.68624" lon="-92.27139">
        <ele>286.3</ele>
      </trkpt>
      <trkpt lat="46.6868" lon="-92.27233">
        <ele>286.2</ele>
      </trkpt>
      <trkpt lat="46.68685" lon="-92.27242">
        <ele>286.1</ele>
      </trkpt>
      <trkpt lat="46.68741" lon="-92.27335">
        <ele>286.1</ele>
      </trkpt>
      <trkpt lat="46.68798" lon="-92.27429">
        <ele>288.9</ele>
      </trkpt>
      <trkpt lat="46.68854" lon="-92.27522">
        <ele>289.2</ele>
      </trkpt>
      <trkpt lat="46.6891" lon="-92.27616">
        <ele>289.8</ele>
      </trkpt>
      <trkpt lat="46.68915" lon="-92.27625">
        <ele>289.9</ele>
      </trkpt>
      <trkpt lat="46.6896" lon="-92.27704">
        <ele>290.5</ele>
      </trkpt>
      <trkpt lat="46.69001" lon="-92.27772">
        <ele>290.9</ele>
      </trkpt>
      <trkpt lat="46.69054" lon="-92.27857">
        <ele>290.7</ele>
      </trkpt>
      <trkpt lat="46.69072" lon="-92.2789">
        <ele>290.7</ele>
      </trkpt>
      <trkpt lat="46.69077" lon="-92.27899">
        <ele>290.7</ele>
      </trkpt>
      <trkpt lat="46.69135" lon="-92.27996">
        <ele>290.9</ele>
      </trkpt>
      <trkpt lat="46.69193" lon="-92.28094">
        <ele>290.4</ele>
      </trkpt>
      <trkpt lat="46.69224" lon="-92.28152">
        <ele>292.7</ele>
      </trkpt>
      <trkpt lat="46.69247" lon="-92.28203">
        <ele>292.2</ele>
      </trkpt>
      <trkpt lat="46.69264" lon="-92.28244">
        <ele>289.5</ele>
      </trkpt>
      <trkpt lat="46.6928" lon="-92.28288">
        <ele>295.1</ele>
      </trkpt>
      <trkpt lat="46.69296" lon="-92.28338">
        <ele>297.8</ele>
      </trkpt>
      <trkpt lat="46.6932" lon="-92.28417">
        <ele>299.7</ele>
      </trkpt>
      <trkpt lat="46.69345" lon="-92.28496">
        <ele>294.6</ele>
      </trkpt>
      <trkpt lat="46.69356" lon="-92.28541">
        <ele>294.9</ele>
      </trkpt>
      <trkpt lat="46.6936" lon="-92.28556">
        <ele>295.0</ele>
      </trkpt>
      <trkpt lat="46.69393" lon="-92.28666">
        <ele>295.8</ele>
      </trkpt>
      <trkpt lat="46.69425" lon="-92.28776">
        <ele>297.0</ele>
      </trkpt>
      <trkpt lat="46.69458" lon="-92.28886">
        <ele>302.0</ele>
      </trkpt>
      <trkpt lat="46.6949" lon="-92.28996">
        <ele>301.8</ele>
      </trkpt>
      <trkpt lat="46.69523" lon="-92.29106">
        <ele>300.7</ele>
      </trkpt>
      <trkpt lat="46.69532" lon="-92.29128">
        <ele>298.3</ele>
      </trkpt>
      <trkpt lat="46.69537" lon="-92.29146">
        <ele>297.1</ele>
      </trkpt>
      <trkpt lat="46.69554" lon="-92.29215">
        <ele>300.1</ele>
      </trkpt>
      <trkpt lat="46.69557" lon="-92.29227">
        <ele>300.6</ele>
      </trkpt>
      <trkpt lat="46.69583" lon="-92.29315">
        <ele>304.7</ele>
      </trkpt>
      <trkpt lat="46.69609" lon="-92.29403">
        <ele>305.1</ele>
      </trkpt>
      <trkpt lat="46.69635" lon="-92.29492">
        <ele>307.2</ele>
      </trkpt>
      <trkpt lat="46.69647" lon="-92.29546">
        <ele>307.0</ele>
      </trkpt>
      <trkpt lat="46.69657" lon="-92.29602">
        <ele>307.1</ele>
      </trkpt>
      <trkpt lat="46.69666" lon="-92.29667">
        <ele>308.7</ele>
      </trkpt>
      <trkpt lat="46.69669" lon="-92.29721">
        <ele>310.3</ele>
      </trkpt>
      <trkpt lat="46.6967" lon="-92.29779">
        <ele>310.8</ele>
      </trkpt>
      <trkpt lat="46.69669" lon="-92.29823">
        <ele>308.6</ele>
      </trkpt>
      <trkpt lat="46.69665" lon="-92.29889">
        <ele>305.9</ele>
      </trkpt>
      <trkpt lat="46.69658" lon="-92.29945">
        <ele>303.4</ele>
      </trkpt>
      <trkpt lat="46.69647" lon="-92.3">
        <ele>301.1</ele>
      </trkpt>
      <trkpt lat="46.69632" lon="-92.30065">
        <ele>303.3</ele>
      </trkpt>
      <trkpt lat="46.6963" lon="-92.30072">
        <ele>303.6</ele>
      </trkpt>
      <trkpt lat="46.69626" lon="-92.30084">
        <ele>304.0</ele>
      </trkpt>
      <trkpt lat="46.69609" lon="-92.30131">
        <ele>305.8</ele>
      </trkpt>
      <trkpt lat="46.69591" lon="-92.30178">
        <ele>308.8</ele>
      </trkpt>
      <trkpt lat="46.69566" lon="-92.3023">
        <ele>310.7</ele>
      </trkpt>
      <trkpt lat="46.69531" lon="-92.30294">
        <ele>311.0</ele>
      </trkpt>
      <trkpt lat="46.69511" lon="-92.30322">
        <ele>311.0</ele>
      </trkpt>
      <trkpt lat="46.69491" lon="-92.30346">
        <ele>311.0</ele>
      </trkpt>
      <trkpt lat="46.69435" lon="-92.30409">
        <ele>310.8</ele>
      </trkpt>
      <trkpt lat="46.69379" lon="-92.30472">
        <ele>310.6</ele>
      </trkpt>
      <trkpt lat="46.69373" lon="-92.30479">
        <ele>310.6</ele>
      </trkpt>
      <trkpt lat="46.69317" lon="-92.30538">
        <ele>310.5</ele>
      </trkpt>
      <trkpt lat="46.69261" lon="-92.30596">
        <ele>316.1</ele>
      </trkpt>
      <trkpt lat="46.69206" lon="-92.30654">
        <ele>319.3</ele>
      </trkpt>
      <trkpt lat="46.69151" lon="-92.30714">
        <ele>319.5</ele>
      </trkpt>
      <trkpt lat="46.69145" lon="-92.30722">
        <ele>319.5</ele>
      </trkpt>
      <trkpt lat="46.69102" lon="-92.30768">
        <ele>319.8</ele>
      </trkpt>
      <trkpt lat="46.69059" lon="-92.30814">
        <ele>319.9</ele>
      </trkpt>
      <trkpt lat="46.69026" lon="-92.30853">
        <ele>320.0</ele>
      </trkpt>
      <trkpt lat="46.68994" lon="-92.30895">
        <ele>320.0</ele>
      </trkpt>
      <trkpt lat="46.68988" lon="-92.30904">
        <ele>320.0</ele>
      </trkpt>
      <trkpt lat="46.68951" lon="-92.30965">
        <ele>320.2</ele>
      </trkpt>
      <trkpt lat="46.68915" lon="-92.31026">
        <ele>322.5</ele>
      </trkpt>
      <trkpt lat="46.68884" lon="-92.31099">
        <ele>323.2</ele>
      </trkpt>
      <trkpt lat="46.68853" lon="-92.31173">
        <ele>323.2</ele>
      </trkpt>
      <trkpt lat="46.68832" lon="-92.31232">
        <ele>323.4</ele>
      </trkpt>
      <trkpt lat="46.68811" lon="-92.31292">
        <ele>323.9</ele>
      </trkpt>
      <trkpt lat="46.68773" lon="-92.31402">
        <ele>325.2</ele>
      </trkpt>
      <trkpt lat="46.68736" lon="-92.31513">
        <ele>326.3</ele>
      </trkpt>
      <trkpt lat="46.68698" lon="-92.31624">
        <ele>326.5</ele>
      </trkpt>
      <trkpt lat="46.6866" lon="-92.31734">
        <ele>328.8</ele>
      </trkpt>
      <trkpt lat="46.68622" lon="-92.31845">
        <ele>329.5</ele>
      </trkpt>
      <trkpt lat="46.68584" lon="-92.31956">
        <ele>329.8</ele>
      </trkpt>
      <trkpt lat="46.68547" lon="-92.32066">
        <ele>330.4</ele>
      </trkpt>
      <trkpt lat="46.68509" lon="-92.32177">
        <ele>330.2</ele>
      </trkpt>
      <trkpt lat="46.68485" lon="-92.32242">
        <ele>330.3</ele>
      </trkpt>
      <trkpt lat="46.68455" lon="-92.32313">
        <ele>329.7</ele>
      </trkpt>
      <trkpt lat="46.6845" lon="-92.32324">
        <ele>329.6</ele>
      </trkpt>
      <trkpt lat="46.68426" lon="-92.3238">
        <ele>329.2</ele>
      </trkpt>
      <trkpt lat="46.68402" lon="-92.3243">
        <ele>330.0</ele>
      </trkpt>
      <trkpt lat="46.68397" lon="-92.3244">
        <ele>330.2</ele>
      </trkpt>
      <trkpt lat="46.68356" lon="-92.32527">
        <ele>331.8</ele>
      </trkpt>
      <trkpt lat="46.68314" lon="-92.32615">
        <ele>334.4</ele>
      </trkpt>
      <trkpt lat="46.68273" lon="-92.32702">
        <ele>335.3</ele>
      </trkpt>
      <trkpt lat="46.68231" lon="-92.3279">
        <ele>335.3</ele>
      </trkpt>
      <trkpt lat="46.68189" lon="-92.32877">
        <ele>335.9</ele>
      </trkpt>
      <trkpt lat="46.68185" lon="-92.32887">
        <ele>336.0</ele>
      </trkpt>
      <trkpt lat="46.68144" lon="-92.32974">
        <ele>336.7</ele>
      </trkpt>
      <trkpt lat="46.68103" lon="-92.33061">
        <ele>337.5</ele>
      </trkpt>
      <trkpt lat="46.68062" lon="-92.33148">
        <ele>338.1</ele>
      </trkpt>
      <trkpt lat="46.68021" lon="-92.33235">
        <ele>338.4</ele>
      </trkpt>
      <trkpt lat="46.68" lon="-92.33279">
        <ele>338.5</ele>
      </trkpt>
      <trkpt lat="46.67952" lon="-92.33379">
        <ele>338.9</ele>
      </trkpt>
      <trkpt lat="46.67904" lon="-92.33479">
        <ele>341.3</ele>
      </trkpt>
      <trkpt lat="46.67856" lon="-92.33579">
        <ele>341.4</ele>
      </trkpt>
      <trkpt lat="46.67815" lon="-92.33665">
        <ele>341.3</ele>
      </trkpt>
      <trkpt lat="46.67775" lon="-92.33751">
        <ele>341.9</ele>
      </trkpt>
      <trkpt lat="46.67735" lon="-92.33837">
        <ele>340.3</ele>
      </trkpt>
      <trkpt lat="46.67719" lon="-92.33867">
        <ele>340.0</ele>
      </trkpt>
      <trkpt lat="46.67714" lon="-92.33877">
        <ele>339.9</ele>
      </trkpt>
      <trkpt lat="46.67693" lon="-92.33915">
        <ele>339.7</ele>
      </trkpt>
      <trkpt lat="46.67663" lon="-92.33962">
        <ele>341.4</ele>
      </trkpt>
      <trkpt lat="46.67631" lon="-92.3401">
        <ele>341.0</ele>
      </trkpt>
      <trkpt lat="46.67598" lon="-92.34055">
        <ele>341.1</ele>
      </trkpt>
      <trkpt lat="46.67564" lon="-92.34094">
        <ele>341.6</ele>
      </trkpt>
      <trkpt lat="46.67498" lon="-92.34159">
        <ele>341.7</ele>
      </trkpt>
      <trkpt lat="46.67432" lon="-92.34223">
        <ele>340.1</ele>
      </trkpt>
      <trkpt lat="46.67367" lon="-92.34288">
        <ele>340.6</ele>
      </trkpt>
      <trkpt lat="46.67301" lon="-92.34353">
        <ele>339.9</ele>
      </trkpt>
      <trkpt lat="46.67235" lon="-92.34418">
        <ele>338.2</ele>
      </trkpt>
      <trkpt lat="46.6717" lon="-92.34483">
        <ele>338.3</ele>
      </trkpt>
      <trkpt lat="46.67104" lon="-92.34548">
        <ele>338.1</ele>
      </trkpt>
      <trkpt lat="46.67039" lon="-92.34613">
        <ele>336.9</ele>
      </trkpt>
      <trkpt lat="46.67032" lon="-92.34619">
        <ele>336.7</ele>
      </trkpt>
      <trkpt lat="46.66988" lon="-92.34662">
        <ele>336.0</ele>
      </trkpt>
      <trkpt lat="46.66945" lon="-92.34705">
        <ele>337.9</ele>
      </trkpt>
      <trkpt lat="46.66891" lon="-92.34755">
        <ele>336.8</ele>
      </trkpt>
      <trkpt lat="46.66864" lon="-92.34784">
        <ele>335.8</ele>
      </trkpt>
      <trkpt lat="46.66837" lon="-92.34815">
        <ele>335.1</ele>
      </trkpt>
      <trkpt lat="46.66801" lon="-92.34862">
        <ele>335.9</ele>
      </trkpt>
      <trkpt lat="46.6677" lon="-92.34906">
        <ele>336.0</ele>
      </trkpt>
      <trkpt lat="46.6674" lon="-92.34953">
        <ele>335.1</ele>
      </trkpt>
      <trkpt lat="46.66695" lon="-92.35027">
        <ele>333.6</ele>
      </trkpt>
      <trkpt lat="46.66651" lon="-92.35101">
        <ele>334.0</ele>
      </trkpt>
      <trkpt lat="46.66645" lon="-92.35111">
        <ele>334.1</ele>
      </trkpt>
      <trkpt lat="46.66587" lon="-92.35206">
        <ele>334.7</ele>
      </trkpt>
      <trkpt lat="46.66529" lon="-92.35301">
        <ele>334.5</ele>
      </trkpt>
      <trkpt lat="46.66471" lon="-92.35396">
        <ele>334.2</ele>
      </trkpt>
      <trkpt lat="46.66413" lon="-92.35492">
        <ele>332.3</ele>
      </trkpt>
      <trkpt lat="46.66393" lon="-92.35529">
        <ele>332.1</ele>
      </trkpt>
      <trkpt lat="46.66374" lon="-92.35568">
        <ele>331.9</ele>
      </trkpt>
      <trkpt lat="46.66346" lon="-92.35637">
        <ele>331.8</ele>
      </trkpt>
      <trkpt lat="46.66325" lon="-92.35708">
        <ele>331.2</ele>
      </trkpt>
      <trkpt lat="46.66317" lon="-92.35739">
        <ele>330.6</ele>
      </trkpt>
      <trkpt lat="46.66309" lon="-92.35776">
        <ele>329.3</ele>
      </trkpt>
      <trkpt lat="46.66299" lon="-92.35839">
        <ele>328.0</ele>
      </trkpt>
      <trkpt lat="46.66295" lon="-92.3587">
        <ele>326.4</ele>
      </trkpt>
      <trkpt lat="46.66292" lon="-92.35911">
        <ele>325.9</ele>
      </trkpt>
      <trkpt lat="46.66289" lon="-92.35953">
        <ele>325.8</ele>
      </trkpt>
      <trkpt lat="46.66287" lon="-92.36082">
        <ele>325.3</ele>
      </trkpt>
      <trkpt lat="46.66285" lon="-92.36211">
        <ele>325.2</ele>
      </trkpt>
      <trkpt lat="46.66283" lon="-92.3634">
        <ele>324.9</ele>
      </trkpt>
      <trkpt lat="46.66281" lon="-92.36469">
        <ele>324.8</ele>
      </trkpt>
      <trkpt lat="46.66279" lon="-92.36598">
        <ele>324.8</ele>
      </trkpt>
      <trkpt lat="46.66278" lon="-92.36704">
        <ele>325.0</ele>
      </trkpt>
      <trkpt lat="46.66277" lon="-92.36809">
        <ele>327.0</ele>
      </trkpt>
      <trkpt lat="46.66276" lon="-92.36915">
        <ele>326.8</ele>
      </trkpt>
      <trkpt lat="46.66275" lon="-92.37021">
        <ele>326.9</ele>
      </trkpt>
      <trkpt lat="46.66274" lon="-92.37141">
        <ele>328.8</ele>
      </trkpt>
      <trkpt lat="46.66274" lon="-92.37261">
        <ele>328.3</ele>
      </trkpt>
      <trkpt lat="46.66273" lon="-92.37381">
        <ele>325.6</ele>
      </trkpt>
      <trkpt lat="46.66273" lon="-92.37501">
        <ele>325.2</ele>
      </trkpt>
      <trkpt lat="46.66273" lon="-92.37614">
        <ele>324.1</ele>
      </trkpt>
      <trkpt lat="46.66273" lon="-92.37726">
        <ele>323.8</ele>
      </trkpt>
      <trkpt lat="46.66273" lon="-92.37838">
        <ele>323.2</ele>
      </trkpt>
      <trkpt lat="46.66274" lon="-92.37937">
        <ele>322.6</ele>
      </trkpt>
      <trkpt lat="46.66276" lon="-92.38036">
        <ele>321.5</ele>
      </trkpt>
      <trkpt lat="46.66277" lon="-92.38136">
        <ele>321.1</ele>
      </trkpt>
      <trkpt lat="46.66279" lon="-92.38235">
        <ele>321.1</ele>
      </trkpt>
      <trkpt lat="46.66279" lon="-92.38269">
        <ele>321.1</ele>
      </trkpt>
      <trkpt lat="46.66281" lon="-92.38392">
        <ele>321.1</ele>
      </trkpt>
      <trkpt lat="46.66283" lon="-92.38515">
        <ele>321.0</ele>
      </trkpt>
      <trkpt lat="46.66284" lon="-92.38618">
        <ele>320.6</ele>
      </trkpt>
      <trkpt lat="46.66284" lon="-92.38721">
        <ele>320.1</ele>
      </trkpt>
      <trkpt lat="46.66286" lon="-92.38819">
        <ele>320.1</ele>
      </trkpt>
      <trkpt lat="46.66288" lon="-92.38917">
        <ele>320.4</ele>
      </trkpt>
      <trkpt lat="46.6629" lon="-92.39016">
        <ele>320.1</ele>
      </trkpt>
      <trkpt lat="46.66292" lon="-92.39114">
        <ele>320.1</ele>
      </trkpt>
      <trkpt lat="46.66293" lon="-92.39228">
        <ele>320.1</ele>
      </trkpt>
      <trkpt lat="46.66295" lon="-92.39342">
        <ele>320.0</ele>
      </trkpt>
      <trkpt lat="46.66297" lon="-92.39456">
        <ele>321.1</ele>
      </trkpt>
      <trkpt lat="46.66298" lon="-92.39571">
        <ele>321.6</ele>
      </trkpt>
      <trkpt lat="46.663" lon="-92.39685">
        <ele>322.0</ele>
      </trkpt>
      <trkpt lat="46.66301" lon="-92.39799">
        <ele>322.1</ele>
      </trkpt>
      <trkpt lat="46.66303" lon="-92.39913">
        <ele>319.7</ele>
      </trkpt>
      <trkpt lat="46.66304" lon="-92.40003">
        <ele>315.2</ele>
      </trkpt>
      <trkpt lat="46.66306" lon="-92.40093">
        <ele>317.4</ele>
      </trkpt>
      <trkpt lat="46.66308" lon="-92.40183">
        <ele>319.2</ele>
      </trkpt>
      <trkpt lat="46.66309" lon="-92.40308">
        <ele>320.0</ele>
      </trkpt>
      <trkpt lat="46.66309" lon="-92.40363">
        <ele>318.3</ele>
      </trkpt>
      <trkpt lat="46.6631" lon="-92.40451">
        <ele>317.6</ele>
      </trkpt>
      <trkpt lat="46.66312" lon="-92.40513">
        <ele>317.1</ele>
      </trkpt>
      <trkpt lat="46.66316" lon="-92.40613">
        <ele>316.4</ele>
      </trkpt>
      <trkpt lat="46.66318" lon="-92.40688">
        <ele>319.9</ele>
      </trkpt>
      <trkpt lat="46.6632" lon="-92.40762">
        <ele>320.8</ele>
      </trkpt>
      <trkpt lat="46.66321" lon="-92.40847">
        <ele>322.9</ele>
      </trkpt>
      <trkpt lat="46.66317" lon="-92.4092">
        <ele>322.6</ele>
      </trkpt>
      <trkpt lat="46.66314" lon="-92.40954">
        <ele>322.9</ele>
      </trkpt>
      <trkpt lat="46.66301" lon="-92.41061">
        <ele>321.4</ele>
      </trkpt>
      <trkpt lat="46.66288" lon="-92.41168">
        <ele>322.1</ele>
      </trkpt>
      <trkpt lat="46.66275" lon="-92.41276">
        <ele>320.2</ele>
      </trkpt>
      <trkpt lat="46.66272" lon="-92.41326">
        <ele>322.0</ele>
      </trkpt>
      <trkpt lat="46.66272" lon="-92.41443">
        <ele>326.4</ele>
      </trkpt>
      <trkpt lat="46.66272" lon="-92.41561">
        <ele>328.5</ele>
      </trkpt>
      <trkpt lat="46.66269" lon="-92.41628">
        <ele>327.9</ele>
      </trkpt>
      <trkpt lat="46.66265" lon="-92.41714">
        <ele>327.2</ele>
      </trkpt>
      <trkpt lat="46.66259" lon="-92.41803">
        <ele>327.6</ele>
      </trkpt>
      <trkpt lat="46.66253" lon="-92.41891">
        <ele>326.2</ele>
      </trkpt>
      <trkpt lat="46.66247" lon="-92.4198">
        <ele>327.6</ele>
      </trkpt>
      <trkpt lat="46.66246" lon="-92.42081">
        <ele>329.2</ele>
      </trkpt>
      <trkpt lat="46.66252" lon="-92.42184">
        <ele>331.7</ele>
      </trkpt>
      <trkpt lat="46.66258" lon="-92.42287">
        <ele>330.3</ele>
      </trkpt>
      <trkpt lat="46.66263" lon="-92.42354">
        <ele>329.7</ele>
      </trkpt>
      <trkpt lat="46.66271" lon="-92.42422">
        <ele>329.6</ele>
      </trkpt>
      <trkpt lat="46.66272" lon="-92.42439">
        <ele>329.7</ele>
      </trkpt>
      <trkpt lat="46.6627" lon="-92.42471">
        <ele>329.8</ele>
      </trkpt>
      <trkpt lat="46.66308" lon="-92.42484">
        <ele>329.7</ele>
      </trkpt>
      <trkpt lat="46.66332" lon="-92.42491">
        <ele>329.8</ele>
      </trkpt>
      <trkpt lat="46.66334" lon="-92.42582">
        <ele>329.9</ele>
      </trkpt>
      <trkpt lat="46.66336" lon="-92.42674">
        <ele>330.1</ele>
      </trkpt>
      <trkpt lat="46.66338" lon="-92.42764">
        <ele>330.2</ele>
      </trkpt>
      <trkpt lat="46.66382" lon="-92.42761">
        <ele>329.6</ele>
      </trkpt>
      <trkpt lat="46.66397" lon="-92.42768">
        <ele>329.4</ele>
      </trkpt>
      <trkpt lat="46.66404" lon="-92.4277">
        <ele>329.4</ele>
      </trkpt>
      <trkpt lat="46.66444" lon="-92.42777">
        <ele>329.3</ele>
      </trkpt>
      <trkpt lat="46.66454" lon="-92.42785">
        <ele>329.3</ele>
      </trkpt>
      <trkpt lat="46.66466" lon="-92.4279">
        <ele>329.3</ele>
      </trkpt>
      <trkpt lat="46.66483" lon="-92.42795">
        <ele>329.3</ele>
      </trkpt>
      <trkpt lat="46.6649" lon="-92.42794">
        <ele>329.3</ele>
      </trkpt>
      <trkpt lat="46.66551" lon="-92.42781">
        <ele>329.3</ele>
      </trkpt>
      <trkpt lat="46.66611" lon="-92.42768">
        <ele>329.3</ele>
      </trkpt>
      <trkpt lat="46.66672" lon="-92.42754">
        <ele>329.3</ele>
      </trkpt>
      <trkpt lat="46.66683" lon="-92.42754">
        <ele>329.3</ele>
      </trkpt>
      <trkpt lat="46.66695" lon="-92.4276">
        <ele>329.4</ele>
      </trkpt>
      <trkpt lat="46.66698" lon="-92.42775">
        <ele>329.4</ele>
      </trkpt>
      <trkpt lat="46.66715" lon="-92.42806">
        <ele>329.5</ele>
      </trkpt>
      <trkpt lat="46.66727" lon="-92.42821">
        <ele>329.6</ele>
      </trkpt>
      <trkpt lat="46.66736" lon="-92.42826">
        <ele>329.6</ele>
      </trkpt>
      <trkpt lat="46.66745" lon="-92.42828">
        <ele>329.7</ele>
      </trkpt>
      <trkpt lat="46.66757" lon="-92.4283">
        <ele>329.7</ele>
      </trkpt>
      <trkpt lat="46.66828" lon="-92.42828">
        <ele>329.9</ele>
      </trkpt>
      <trkpt lat="46.66899" lon="-92.42826">
        <ele>330.6</ele>
      </trkpt>
      <trkpt lat="46.6697" lon="-92.42824">
        <ele>330.7</ele>
      </trkpt>
      <trkpt lat="46.67041" lon="-92.42823">
        <ele>329.9</ele>
      </trkpt>
      <trkpt lat="46.6706" lon="-92.42817">
        <ele>329.8</ele>
      </trkpt>
      <trkpt lat="46.67091" lon="-92.42817">
        <ele>329.5</ele>
      </trkpt>
      <trkpt lat="46.67117" lon="-92.42824">
        <ele>329.5</ele>
      </trkpt>
      <trkpt lat="46.67139" lon="-92.42832">
        <ele>329.3</ele>
      </trkpt>
      <trkpt lat="46.67157" lon="-92.42843">
        <ele>329.3</ele>
      </trkpt>
      <trkpt lat="46.67169" lon="-92.42848">
        <ele>329.3</ele>
      </trkpt>
      <trkpt lat="46.67182" lon="-92.42848">
        <ele>329.4</ele>
      </trkpt>
      <trkpt lat="46.67216" lon="-92.42837">
        <ele>329.1</ele>
      </trkpt>
      <trkpt lat="46.67222" lon="-92.42833">
        <ele>329.1</ele>
      </trkpt>
      <trkpt lat="46.67229" lon="-92.42826">
        <ele>329.1</ele>
      </trkpt>
      <trkpt lat="46.67233" lon="-92.42846">
        <ele>329.1</ele>
      </trkpt>
      <trkpt lat="46.6724" lon="-92.42869">
        <ele>329.6</ele>
      </trkpt>
      <trkpt lat="46.67248" lon="-92.4289">
        <ele>332.3</ele>
      </trkpt>
      <trkpt lat="46.67257" lon="-92.42912">
        <ele>332.2</ele>
      </trkpt>
      <trkpt lat="46.67268" lon="-92.42932">
        <ele>331.7</ele>
      </trkpt>
      <trkpt lat="46.67283" lon="-92.42956">
        <ele>331.7</ele>
      </trkpt>
      <trkpt lat="46.67298" lon="-92.42977">
        <ele>332.0</ele>
      </trkpt>
      <trkpt lat="46.67353" lon="-92.43035">
        <ele>332.9</ele>
      </trkpt>
      <trkpt lat="46.67408" lon="-92.43094">
        <ele>334.3</ele>
      </trkpt>
      <trkpt lat="46.6745" lon="-92.43143">
        <ele>333.5</ele>
      </trkpt>
      <trkpt lat="46.67475" lon="-92.43177">
        <ele>335.0</ele>
      </trkpt>
      <trkpt lat="46.67513" lon="-92.43233">
        <ele>337.2</ele>
      </trkpt>
      <trkpt lat="46.67527" lon="-92.43256">
        <ele>338.1</ele>
      </trkpt>
      <trkpt lat="46.67541" lon="-92.43282">
        <ele>337.5</ele>
      </trkpt>
      <trkpt lat="46.67592" lon="-92.43377">
        <ele>336.3</ele>
      </trkpt>
      <trkpt lat="46.67643" lon="-92.43473">
        <ele>335.5</ele>
      </trkpt>
      <trkpt lat="46.67694" lon="-92.43568">
        <ele>333.7</ele>
      </trkpt>
      <trkpt lat="46.67745" lon="-92.43664">
        <ele>334.4</ele>
      </trkpt>
      <trkpt lat="46.67761" lon="-92.43701">
        <ele>335.4</ele>
      </trkpt>
      <trkpt lat="46.67775" lon="-92.4374">
        <ele>335.5</ele>
      </trkpt>
      <trkpt lat="46.67787" lon="-92.43783">
        <ele>335.4</ele>
      </trkpt>
      <trkpt lat="46.67793" lon="-92.43812">
        <ele>335.4</ele>
      </trkpt>
      <trkpt lat="46.678" lon="-92.43866">
        <ele>335.3</ele>
      </trkpt>
      <trkpt lat="46.67802" lon="-92.43893">
        <ele>335.3</ele>
      </trkpt>
      <trkpt lat="46.67803" lon="-92.43931">
        <ele>335.4</ele>
      </trkpt>
      <trkpt lat="46.678" lon="-92.43985">
        <ele>335.7</ele>
      </trkpt>
      <trkpt lat="46.67791" lon="-92.44098">
        <ele>337.2</ele>
      </trkpt>
      <trkpt lat="46.67781" lon="-92.44211">
        <ele>339.2</ele>
      </trkpt>
      <trkpt lat="46.67772" lon="-92.44324">
        <ele>341.1</ele>
      </trkpt>
      <trkpt lat="46.67762" lon="-92.44438">
        <ele>363.0</ele>
      </trkpt>
      <trkpt lat="46.67764" lon="-92.44504">
        <ele>360.1</ele>
      </trkpt>
      <trkpt lat="46.67768" lon="-92.44539">
        <ele>359.3</ele>
      </trkpt>
      <trkpt lat="46.67772" lon="-92.44571">
        <ele>358.7</ele>
      </trkpt>
      <trkpt lat="46.67785" lon="-92.44629">
        <ele>357.3</ele>
      </trkpt>
      <trkpt lat="46.67795" lon="-92.44662">
        <ele>353.9</ele>
      </trkpt>
      <trkpt lat="46.67807" lon="-92.44693">
        <ele>350.7</ele>
      </trkpt>
      <trkpt lat="46.67836" lon="-92.44752">
        <ele>349.8</ele>
      </trkpt>
      <trkpt lat="46.67867" lon="-92.44794">
        <ele>353.2</ele>
      </trkpt>
      <trkpt lat="46.67907" lon="-92.44842">
        <ele>358.7</ele>
      </trkpt>
      <trkpt lat="46.67946" lon="-92.44873">
        <ele>354.6</ele>
      </trkpt>
      <trkpt lat="46.67986" lon="-92.44896">
        <ele>357.6</ele>
      </trkpt>
      <trkpt lat="46.68052" lon="-92.44915">
        <ele>357.5</ele>
      </trkpt>
      <trkpt lat="46.68137" lon="-92.44916">
        <ele>366.4</ele>
      </trkpt>
      <trkpt lat="46.68222" lon="-92.44917">
        <ele>369.0</ele>
      </trkpt>
      <trkpt lat="46.68308" lon="-92.44918">
        <ele>370.0</ele>
      </trkpt>
      <trkpt lat="46.68393" lon="-92.44919">
        <ele>370.5</ele>
      </trkpt>
      <trkpt lat="46.68471" lon="-92.44921">
        <ele>370.7</ele>
      </trkpt>
      <trkpt lat="46.68549" lon="-92.44923">
        <ele>370.8</ele>
      </trkpt>
      <trkpt lat="46.68627" lon="-92.44925">
        <ele>370.5</ele>
      </trkpt>
      <trkpt lat="46.68705" lon="-92.44926">
        <ele>370.0</ele>
      </trkpt>
      <trkpt lat="46.68785" lon="-92.44922">
        <ele>369.3</ele>
      </trkpt>
      <trkpt lat="46.68834" lon="-92.44921">
        <ele>368.9</ele>
      </trkpt>
      <trkpt lat="46.68898" lon="-92.44916">
        <ele>368.8</ele>
      </trkpt>
      <trkpt lat="46.68951" lon="-92.44907">
        <ele>368.8</ele>
      </trkpt>
      <trkpt lat="46.68988" lon="-92.44898">
        <ele>368.9</ele>
      </trkpt>
      <trkpt lat="46.6905" lon="-92.44877">
        <ele>368.9</ele>
      </trkpt>
      <trkpt lat="46.69107" lon="-92.44853">
        <ele>369.0</ele>
      </trkpt>
      <trkpt lat="46.69164" lon="-92.44829">
        <ele>368.1</ele>
      </trkpt>
      <trkpt lat="46.69207" lon="-92.44821">
        <ele>365.7</ele>
      </trkpt>
      <trkpt lat="46.69259" lon="-92.44825">
        <ele>362.0</ele>
      </trkpt>
      <trkpt lat="46.69298" lon="-92.44838">
        <ele>361.1</ele>
      </trkpt>
      <trkpt lat="46.6935" lon="-92.44862">
        <ele>360.0</ele>
      </trkpt>
      <trkpt lat="46.69402" lon="-92.44886">
        <ele>358.8</ele>
      </trkpt>
      <trkpt lat="46.69457" lon="-92.44903">
        <ele>357.7</ele>
      </trkpt>
      <trkpt lat="46.69515" lon="-92.44912">
        <ele>356.3</ele>
      </trkpt>
      <trkpt lat="46.69591" lon="-92.44912">
        <ele>354.5</ele>
      </trkpt>
      <trkpt lat="46.69667" lon="-92.44912">
        <ele>353.9</ele>
      </trkpt>
      <trkpt lat="46.69743" lon="-92.44912">
        <ele>354.6</ele>
      </trkpt>
      <trkpt lat="46.69818" lon="-92.44913">
        <ele>355.5</ele>
      </trkpt>
      <trkpt lat="46.69894" lon="-92.44913">
        <ele>356.6</ele>
      </trkpt>
      <trkpt lat="46.6997" lon="-92.44913">
        <ele>358.1</ele>
      </trkpt>
      <trkpt lat="46.70032" lon="-92.44914">
        <ele>359.9</ele>
      </trkpt>
      <trkpt lat="46.70093" lon="-92.44915">
        <ele>361.8</ele>
      </trkpt>
      <trkpt lat="46.70155" lon="-92.44915">
        <ele>365.0</ele>
      </trkpt>
      <trkpt lat="46.70244" lon="-92.44914">
        <ele>369.1</ele>
      </trkpt>
      <trkpt lat="46.70334" lon="-92.44913">
        <ele>372.8</ele>
      </trkpt>
      <trkpt lat="46.70405" lon="-92.44913">
        <ele>374.6</ele>
      </trkpt>
      <trkpt lat="46.70477" lon="-92.44914">
        <ele>375.2</ele>
      </trkpt>
      <trkpt lat="46.70549" lon="-92.44914">
        <ele>375.1</ele>
      </trkpt>
      <trkpt lat="46.70621" lon="-92.44915">
        <ele>375.1</ele>
      </trkpt>
      <trkpt lat="46.70665" lon="-92.44914">
        <ele>375.7</ele>
      </trkpt>
      <trkpt lat="46.70687" lon="-92.44902">
        <ele>375.6</ele>
      </trkpt>
      <trkpt lat="46.7069" lon="-92.44897">
        <ele>375.6</ele>
      </trkpt>
      <trkpt lat="46.70694" lon="-92.44894">
        <ele>375.6</ele>
      </trkpt>
      <trkpt lat="46.70698" lon="-92.44892">
        <ele>375.6</ele>
      </trkpt>
      <trkpt lat="46.70702" lon="-92.44893">
        <ele>375.6</ele>
      </trkpt>
      <trkpt lat="46.70706" lon="-92.44895">
        <ele>375.5</ele>
      </trkpt>
      <trkpt lat="46.7071" lon="-92.449">
        <ele>375.5</ele>
      </trkpt>
      <trkpt lat="46.7073" lon="-92.44912">
        <ele>375.1</ele>
      </trkpt>
      <trkpt lat="46.70786" lon="-92.44915">
        <ele>375.0</ele>
      </trkpt>
      <trkpt lat="46.70854" lon="-92.44914">
        <ele>376.0</ele>
      </trkpt>
      <trkpt lat="46.70922" lon="-92.44913">
        <ele>375.6</ele>
      </trkpt>
      <trkpt lat="46.70991" lon="-92.44911">
        <ele>376.8</ele>
      </trkpt>
      <trkpt lat="46.71059" lon="-92.4491">
        <ele>377.2</ele>
      </trkpt>
      <trkpt lat="46.7112" lon="-92.44909">
        <ele>377.7</ele>
      </trkpt>
      <trkpt lat="46.71181" lon="-92.44908">
        <ele>378.9</ele>
      </trkpt>
      <trkpt lat="46.71242" lon="-92.44906">
        <ele>380.6</ele>
      </trkpt>
      <trkpt lat="46.71287" lon="-92.44906">
        <ele>381.0</ele>
      </trkpt>
      <trkpt lat="46.71332" lon="-92.44907">
        <ele>380.9</ele>
      </trkpt>
      <trkpt lat="46.7142" lon="-92.44903">
        <ele>380.8</ele>
      </trkpt>
      <trkpt lat="46.71497" lon="-92.44904">
        <ele>380.5</ele>
      </trkpt>
      <trkpt lat="46.71574" lon="-92.44905">
        <ele>380.7</ele>
      </trkpt>
      <trkpt lat="46.71651" lon="-92.44906">
        <ele>380.8</ele>
      </trkpt>
      <trkpt lat="46.71728" lon="-92.44907">
        <ele>379.5</ele>
      </trkpt>
      <trkpt lat="46.71805" lon="-92.44908">
        <ele>378.5</ele>
      </trkpt>
      <trkpt lat="46.71882" lon="-92.44909">
        <ele>373.7</ele>
      </trkpt>
      <trkpt lat="46.71931" lon="-92.44908">
        <ele>371.6</ele>
      </trkpt>
      <trkpt lat="46.7198" lon="-92.44906">
        <ele>371.0</ele>
      </trkpt>
      <trkpt lat="46.72039" lon="-92.44907">
        <ele>370.1</ele>
      </trkpt>
      <trkpt lat="46.72098" lon="-92.44907">
        <ele>369.2</ele>
      </trkpt>
      <trkpt lat="46.72138" lon="-92.44906">
        <ele>368.5</ele>
      </trkpt>
      <trkpt lat="46.72152" lon="-92.44903">
        <ele>368.3</ele>
      </trkpt>
      <trkpt lat="46.72157" lon="-92.44904">
        <ele>368.2</ele>
      </trkpt>
      <trkpt lat="46.72166" lon="-92.44933">
        <ele>368.2</ele>
      </trkpt>
      <trkpt lat="46.7217" lon="-92.44962">
        <ele>368.1</ele>
      </trkpt>
      <trkpt lat="46.72173" lon="-92.45001">
        <ele>368.1</ele>
      </trkpt>
      <trkpt lat="46.72172" lon="-92.45122">
        <ele>369.2</ele>
      </trkpt>
      <trkpt lat="46.72171" lon="-92.45244">
        <ele>369.4</ele>
      </trkpt>
      <trkpt lat="46.72171" lon="-92.45348">
        <ele>369.9</ele>
      </trkpt>
      <trkpt lat="46.72171" lon="-92.45453">
        <ele>370.2</ele>
      </trkpt>
      <trkpt lat="46.7217" lon="-92.45516">
        <ele>369.6</ele>
      </trkpt>
      <trkpt lat="46.72172" lon="-92.45553">
        <ele>369.9</ele>
      </trkpt>
      <trkpt lat="46.72176" lon="-92.45583">
        <ele>370.1</ele>
      </trkpt>
      <trkpt lat="46.72181" lon="-92.45604">
        <ele>370.3</ele>
      </trkpt>
      <trkpt lat="46.72184" lon="-92.4568">
        <ele>370.3</ele>
      </trkpt>
      <trkpt lat="46.72185" lon="-92.45768">
        <ele>369.4</ele>
      </trkpt>
      <trkpt lat="46.72185" lon="-92.45856">
        <ele>367.0</ele>
      </trkpt>
      <trkpt lat="46.72184" lon="-92.45942">
        <ele>366.5</ele>
      </trkpt>
      <trkpt lat="46.72184" lon="-92.46028">
        <ele>366.3</ele>
      </trkpt>
      <trkpt lat="46.72181" lon="-92.46145">
        <ele>365.0</ele>
      </trkpt>
      <trkpt lat="46.72181" lon="-92.46145">
        <ele>365.0</ele>
      </trkpt>
      <trkpt lat="46.72181" lon="-92.46174">
        <ele>365.2</ele>
      </trkpt>
      <trkpt lat="46.72185" lon="-92.46202">
        <ele>365.3</ele>
      </trkpt>
      <trkpt lat="46.72193" lon="-92.46225">
        <ele>365.4</ele>
      </trkpt>
      <trkpt lat="46.72175" lon="-92.46309">
        <ele>368.2</ele>
      </trkpt>
      <trkpt lat="46.72156" lon="-92.46393">
        <ele>373.0</ele>
      </trkpt>
      <trkpt lat="46.72137" lon="-92.46479">
        <ele>373.0</ele>
      </trkpt>
      <trkpt lat="46.72118" lon="-92.46564">
        <ele>373.3</ele>
      </trkpt>
      <trkpt lat="46.721" lon="-92.4665">
        <ele>370.2</ele>
      </trkpt>
      <trkpt lat="46.72081" lon="-92.46735">
        <ele>368.2</ele>
      </trkpt>
      <trkpt lat="46.72012" lon="-92.46708">
        <ele>372.7</ele>
      </trkpt>
      <trkpt lat="46.71934" lon="-92.46671">
        <ele>378.1</ele>
      </trkpt>
      <trkpt lat="46.71921" lon="-92.46668">
        <ele>379.2</ele>
      </trkpt>
      <trkpt lat="46.71921" lon="-92.46739">
        <ele>383.0</ele>
      </trkpt>
      <trkpt lat="46.7192" lon="-92.4681">
        <ele>385.4</ele>
      </trkpt>
      <trkpt lat="46.71922" lon="-92.46905">
        <ele>385.5</ele>
      </trkpt>
      <trkpt lat="46.71923" lon="-92.47">
        <ele>390.1</ele>
      </trkpt>
      <trkpt lat="46.71925" lon="-92.47095">
        <ele>391.0</ele>
      </trkpt>
      <trkpt lat="46.71929" lon="-92.47204">
        <ele>391.5</ele>
      </trkpt>
      <trkpt lat="46.71932" lon="-92.47285">
        <ele>391.6</ele>
      </trkpt>
      <trkpt lat="46.71932" lon="-92.47322">
        <ele>391.8</ele>
      </trkpt>
      <trkpt lat="46.71929" lon="-92.47328">
        <ele>391.9</ele>
      </trkpt>
      <trkpt lat="46.71915" lon="-92.47343">
        <ele>391.9</ele>
      </trkpt>
      <trkpt lat="46.71869" lon="-92.47345">
        <ele>391.6</ele>
      </trkpt>
      <trkpt lat="46.71782" lon="-92.47343">
        <ele>391.0</ele>
      </trkpt>
      <trkpt lat="46.71785" lon="-92.47364">
        <ele>391.2</ele>
      </trkpt>
      <trkpt lat="46.71787" lon="-92.4747">
        <ele>389.2</ele>
      </trkpt>
      <trkpt lat="46.71789" lon="-92.47576">
        <ele>390.3</ele>
      </trkpt>
      <trkpt lat="46.71791" lon="-92.47682">
        <ele>390.8</ele>
      </trkpt>
      <trkpt lat="46.71793" lon="-92.47788">
        <ele>388.1</ele>
      </trkpt>
      <trkpt lat="46.71795" lon="-92.47894">
        <ele>391.0</ele>
      </trkpt>
      <trkpt lat="46.71733" lon="-92.47894">
        <ele>390.3</ele>
      </trkpt>
      <trkpt lat="46.71671" lon="-92.47894">
        <ele>390.2</ele>
      </trkpt>
      <trkpt lat="46.71609" lon="-92.47895">
        <ele>390.1</ele>
      </trkpt>
      <trkpt lat="46.71549" lon="-92.47896">
        <ele>390.3</ele>
      </trkpt>
      <trkpt lat="46.71489" lon="-92.47897">
        <ele>390.6</ele>
      </trkpt>
      <trkpt lat="46.71429" lon="-92.47898">
        <ele>390.8</ele>
      </trkpt>
      <trkpt lat="46.71432" lon="-92.48005">
        <ele>390.6</ele>
      </trkpt>
      <trkpt lat="46.71434" lon="-92.48113">
        <ele>390.5</ele>
      </trkpt>
      <trkpt lat="46.71435" lon="-92.48238">
        <ele>390.3</ele>
      </trkpt>
      <trkpt lat="46.71436" lon="-92.48363">
        <ele>389.9</ele>
      </trkpt>
      <trkpt lat="46.71436" lon="-92.48489">
        <ele>390.3</ele>
      </trkpt>
      <trkpt lat="46.71437" lon="-92.48614">
        <ele>390.2</ele>
      </trkpt>
      <trkpt lat="46.71438" lon="-92.4874">
        <ele>387.4</ele>
      </trkpt>
      <trkpt lat="46.71439" lon="-92.48865">
        <ele>387.2</ele>
      </trkpt>
      <trkpt lat="46.7144" lon="-92.48991">
        <ele>385.9</ele>
      </trkpt>
      <trkpt lat="46.7144" lon="-92.49116">
        <ele>385.9</ele>
      </trkpt>
      <trkpt lat="46.7144" lon="-92.49243">
        <ele>387.1</ele>
      </trkpt>
      <trkpt lat="46.71439" lon="-92.49369">
        <ele>387.3</ele>
      </trkpt>
      <trkpt lat="46.71438" lon="-92.49496">
        <ele>386.9</ele>
      </trkpt>
      <trkpt lat="46.71437" lon="-92.49623">
        <ele>386.0</ele>
      </trkpt>
      <trkpt lat="46.71436" lon="-92.49749">
        <ele>385.8</ele>
      </trkpt>
      <trkpt lat="46.71436" lon="-92.49876">
        <ele>385.8</ele>
      </trkpt>
      <trkpt lat="46.71434" lon="-92.5">
        <ele>386.2</ele>
      </trkpt>
      <trkpt lat="46.71432" lon="-92.50124">
        <ele>387.2</ele>
      </trkpt>
      <trkpt lat="46.71431" lon="-92.50248">
        <ele>385.3</ele>
      </trkpt>
      <trkpt lat="46.71429" lon="-92.50372">
        <ele>387.3</ele>
      </trkpt>
      <trkpt lat="46.71428" lon="-92.50497">
        <ele>387.0</ele>
      </trkpt>
      <trkpt lat="46.71426" lon="-92.50621">
        <ele>386.9</ele>
      </trkpt>
      <trkpt lat="46.71425" lon="-92.50745">
        <ele>387.2</ele>
      </trkpt>
      <trkpt lat="46.71424" lon="-92.50832">
        <ele>387.3</ele>
      </trkpt>
      <trkpt lat="46.71424" lon="-92.5092">
        <ele>387.2</ele>
      </trkpt>
      <trkpt lat="46.71423" lon="-92.51007">
        <ele>387.0</ele>
      </trkpt>
      <trkpt lat="46.71423" lon="-92.51116">
        <ele>386.9</ele>
      </trkpt>
      <trkpt lat="46.71423" lon="-92.51225">
        <ele>387.2</ele>
      </trkpt>
      <trkpt lat="46.71424" lon="-92.51348">
        <ele>387.2</ele>
      </trkpt>
      <trkpt lat="46.71425" lon="-92.51471">
        <ele>387.0</ele>
      </trkpt>
      <trkpt lat="46.71427" lon="-92.51594">
        <ele>387.1</ele>
      </trkpt>
      <trkpt lat="46.71428" lon="-92.51707">
        <ele>386.3</ele>
      </trkpt>
      <trkpt lat="46.7143" lon="-92.5182">
        <ele>386.2</ele>
      </trkpt>
      <trkpt lat="46.71431" lon="-92.51933">
        <ele>387.0</ele>
      </trkpt>
      <trkpt lat="46.71433" lon="-92.52046">
        <ele>387.0</ele>
      </trkpt>
      <trkpt lat="46.71434" lon="-92.52159">
        <ele>386.8</ele>
      </trkpt>
      <trkpt lat="46.71436" lon="-92.52272">
        <ele>387.2</ele>
      </trkpt>
      <trkpt lat="46.71437" lon="-92.52398">
        <ele>387.2</ele>
      </trkpt>
      <trkpt lat="46.71438" lon="-92.52524">
        <ele>386.8</ele>
      </trkpt>
      <trkpt lat="46.7144" lon="-92.5265">
        <ele>386.9</ele>
      </trkpt>
      <trkpt lat="46.71441" lon="-92.52776">
        <ele>387.3</ele>
      </trkpt>
      <trkpt lat="46.71442" lon="-92.52903">
        <ele>387.2</ele>
      </trkpt>
      <trkpt lat="46.71445" lon="-92.53003">
        <ele>387.2</ele>
      </trkpt>
      <trkpt lat="46.71447" lon="-92.53103">
        <ele>387.2</ele>
      </trkpt>
      <trkpt lat="46.7145" lon="-92.53203">
        <ele>387.2</ele>
      </trkpt>
      <trkpt lat="46.71453" lon="-92.53304">
        <ele>388.2</ele>
      </trkpt>
      <trkpt lat="46.71457" lon="-92.53429">
        <ele>389.6</ele>
      </trkpt>
      <trkpt lat="46.71461" lon="-92.53554">
        <ele>390.3</ele>
      </trkpt>
      <trkpt lat="46.71465" lon="-92.53679">
        <ele>390.3</ele>
      </trkpt>
      <trkpt lat="46.71469" lon="-92.53804">
        <ele>390.3</ele>
      </trkpt>
      <trkpt lat="46.71473" lon="-92.5393">
        <ele>390.2</ele>
      </trkpt>
      <trkpt lat="46.71477" lon="-92.54055">
        <ele>390.2</ele>
      </trkpt>
      <trkpt lat="46.71481" lon="-92.5418">
        <ele>390.2</ele>
      </trkpt>
      <trkpt lat="46.71487" lon="-92.54256">
        <ele>390.2</ele>
      </trkpt>
      <trkpt lat="46.71497" lon="-92.54313">
        <ele>390.2</ele>
      </trkpt>
      <trkpt lat="46.71512" lon="-92.54365">
        <ele>390.1</ele>
      </trkpt>
      <trkpt lat="46.71527" lon="-92.54407">
        <ele>390.1</ele>
      </trkpt>
      <trkpt lat="46.71544" lon="-92.54442">
        <ele>389.8</ele>
      </trkpt>
      <trkpt lat="46.71563" lon="-92.54473">
        <ele>389.6</ele>
      </trkpt>
      <trkpt lat="46.71603" lon="-92.54525">
        <ele>389.6</ele>
      </trkpt>
      <trkpt lat="46.71667" lon="-92.54601">
        <ele>390.2</ele>
      </trkpt>
      <trkpt lat="46.71732" lon="-92.54678">
        <ele>390.0</ele>
      </trkpt>
      <trkpt lat="46.71796" lon="-92.54755">
        <ele>390.2</ele>
      </trkpt>
      <trkpt lat="46.71861" lon="-92.54831">
        <ele>390.2</ele>
      </trkpt>
      <trkpt lat="46.71925" lon="-92.54908">
        <ele>390.4</ele>
      </trkpt>
      <trkpt lat="46.71987" lon="-92.54982">
        <ele>393.2</ele>
      </trkpt>
      <trkpt lat="46.72048" lon="-92.55055">
        <ele>393.2</ele>
      </trkpt>
      <trkpt lat="46.72098" lon="-92.55116">
        <ele>393.2</ele>
      </trkpt>
      <trkpt lat="46.72149" lon="-92.55176">
        <ele>392.7</ele>
      </trkpt>
      <trkpt lat="46.72195" lon="-92.55249">
        <ele>393.0</ele>
      </trkpt>
      <trkpt lat="46.72215" lon="-92.55292">
        <ele>393.1</ele>
      </trkpt>
      <trkpt lat="46.72229" lon="-92.55329">
        <ele>393.2</ele>
      </trkpt>
      <trkpt lat="46.72241" lon="-92.55373">
        <ele>393.1</ele>
      </trkpt>
      <trkpt lat="46.72249" lon="-92.55421">
        <ele>393.2</ele>
      </trkpt>
      <trkpt lat="46.72252" lon="-92.55474">
        <ele>393.3</ele>
      </trkpt>
      <trkpt lat="46.72253" lon="-92.55532">
        <ele>393.5</ele>
      </trkpt>
      <trkpt lat="46.72251" lon="-92.55652">
        <ele>394.7</ele>
      </trkpt>
      <trkpt lat="46.7225" lon="-92.55773">
        <ele>395.9</ele>
      </trkpt>
      <trkpt lat="46.72248" lon="-92.55893">
        <ele>397.5</ele>
      </trkpt>
      <trkpt lat="46.72247" lon="-92.56013">
        <ele>398.2</ele>
      </trkpt>
      <trkpt lat="46.72245" lon="-92.56134">
        <ele>396.9</ele>
      </trkpt>
      <trkpt lat="46.72244" lon="-92.56254">
        <ele>396.7</ele>
      </trkpt>
      <trkpt lat="46.72243" lon="-92.56356">
        <ele>396.8</ele>
      </trkpt>
      <trkpt lat="46.72243" lon="-92.56458">
        <ele>397.0</ele>
      </trkpt>
      <trkpt lat="46.72242" lon="-92.5656">
        <ele>398.5</ele>
      </trkpt>
      <trkpt lat="46.72243" lon="-92.56671">
        <ele>399.1</ele>
      </trkpt>
      <trkpt lat="46.72244" lon="-92.56782">
        <ele>398.5</ele>
      </trkpt>
      <trkpt lat="46.72245" lon="-92.56893">
        <ele>397.2</ele>
      </trkpt>
      <trkpt lat="46.72246" lon="-92.57004">
        <ele>396.3</ele>
      </trkpt>
      <trkpt lat="46.72248" lon="-92.57114">
        <ele>396.3</ele>
      </trkpt>
      <trkpt lat="46.7225" lon="-92.57224">
        <ele>396.3</ele>
      </trkpt>
      <trkpt lat="46.72251" lon="-92.57334">
        <ele>396.3</ele>
      </trkpt>
      <trkpt lat="46.72253" lon="-92.57444">
        <ele>396.3</ele>
      </trkpt>
      <trkpt lat="46.72255" lon="-92.57553">
        <ele>396.3</ele>
      </trkpt>
      <trkpt lat="46.72248" lon="-92.57645">
        <ele>396.3</ele>
      </trkpt>
      <trkpt lat="46.72237" lon="-92.57773">
        <ele>397.4</ele>
      </trkpt>
      <trkpt lat="46.72225" lon="-92.57902">
        <ele>397.8</ele>
      </trkpt>
      <trkpt lat="46.72213" lon="-92.58031">
        <ele>398.8</ele>
      </trkpt>
      <trkpt lat="46.72203" lon="-92.58151">
        <ele>399.4</ele>
      </trkpt>
      <trkpt lat="46.72192" lon="-92.58272">
        <ele>399.4</ele>
      </trkpt>
      <trkpt lat="46.72182" lon="-92.58392">
        <ele>398.4</ele>
      </trkpt>
      <trkpt lat="46.72171" lon="-92.58512">
        <ele>397.9</ele>
      </trkpt>
      <trkpt lat="46.72161" lon="-92.58633">
        <ele>398.1</ele>
      </trkpt>
      <trkpt lat="46.72161" lon="-92.58762">
        <ele>398.5</ele>
      </trkpt>
      <trkpt lat="46.72161" lon="-92.58892">
        <ele>399.0</ele>
      </trkpt>
      <trkpt lat="46.72161" lon="-92.59021">
        <ele>399.1</ele>
      </trkpt>
      <trkpt lat="46.72161" lon="-92.59151">
        <ele>399.3</ele>
      </trkpt>
      <trkpt lat="46.72161" lon="-92.5928">
        <ele>399.4</ele>
      </trkpt>
      <trkpt lat="46.72161" lon="-92.5941">
        <ele>399.4</ele>
      </trkpt>
      <trkpt lat="46.72162" lon="-92.5954">
        <ele>399.4</ele>
      </trkpt>
      <trkpt lat="46.72162" lon="-92.59669">
        <ele>399.4</ele>
      </trkpt>
      <trkpt lat="46.72167" lon="-92.59797">
        <ele>399.4</ele>
      </trkpt>
      <trkpt lat="46.72173" lon="-92.59924">
        <ele>399.4</ele>
      </trkpt>
      <trkpt lat="46.72178" lon="-92.60052">
        <ele>399.4</ele>
      </trkpt>
      <trkpt lat="46.72184" lon="-92.60179">
        <ele>399.4</ele>
      </trkpt>
      <trkpt lat="46.72189" lon="-92.60307">
        <ele>399.4</ele>
      </trkpt>
      <trkpt lat="46.72195" lon="-92.60435">
        <ele>399.4</ele>
      </trkpt>
      <trkpt lat="46.722" lon="-92.60562">
        <ele>399.4</ele>
      </trkpt>
      <trkpt lat="46.72206" lon="-92.6069">
        <ele>399.4</ele>
      </trkpt>
      <trkpt lat="46.72207" lon="-92.60812">
        <ele>399.4</ele>
      </trkpt>
      <trkpt lat="46.72208" lon="-92.60934">
        <ele>399.4</ele>
      </trkpt>
      <trkpt lat="46.7221" lon="-92.61056">
        <ele>399.4</ele>
      </trkpt>
      <trkpt lat="46.72211" lon="-92.61179">
        <ele>399.4</ele>
      </trkpt>
      <trkpt lat="46.72211" lon="-92.6128">
        <ele>399.4</ele>
      </trkpt>
      <trkpt lat="46.72211" lon="-92.61381">
        <ele>399.4</ele>
      </trkpt>
      <trkpt lat="46.72212" lon="-92.61482">
        <ele>399.4</ele>
      </trkpt>
      <trkpt lat="46.72207" lon="-92.61545">
        <ele>399.3</ele>
      </trkpt>
      <trkpt lat="46.72193" lon="-92.61595">
        <ele>399.3</ele>
      </trkpt>
      <trkpt lat="46.72177" lon="-92.61634">
        <ele>399.3</ele>
      </trkpt>
      <trkpt lat="46.72193" lon="-92.61659">
        <ele>399.3</ele>
      </trkpt>
      <trkpt lat="46.72205" lon="-92.61687">
        <ele>399.7</ele>
      </trkpt>
      <trkpt lat="46.7221" lon="-92.61703">
        <ele>400.0</ele>
      </trkpt>
      <trkpt lat="46.72213" lon="-92.61719">
        <ele>400.6</ele>
      </trkpt>
      <trkpt lat="46.72216" lon="-92.61742">
        <ele>401.8</ele>
      </trkpt>
      <trkpt lat="46.72217" lon="-92.61779">
        <ele>402.3</ele>
      </trkpt>
      <trkpt lat="46.72217" lon="-92.61903">
        <ele>407.5</ele>
      </trkpt>
      <trkpt lat="46.72217" lon="-92.62026">
        <ele>415.7</ele>
      </trkpt>
      <trkpt lat="46.72217" lon="-92.62149">
        <ele>415.2</ele>
      </trkpt>
      <trkpt lat="46.72217" lon="-92.62273">
        <ele>425.3</ele>
      </trkpt>
      <trkpt lat="46.72217" lon="-92.62396">
        <ele>433.9</ele>
      </trkpt>
      <trkpt lat="46.72217" lon="-92.62519">
        <ele>434.1</ele>
      </trkpt>
      <trkpt lat="46.72217" lon="-92.62638">
        <ele>433.8</ele>
      </trkpt>
      <trkpt lat="46.72217" lon="-92.62756">
        <ele>431.9</ele>
      </trkpt>
      <trkpt lat="46.72217" lon="-92.62874">
        <ele>430.7</ele>
      </trkpt>
      <trkpt lat="46.72217" lon="-92.62993">
        <ele>427.0</ele>
      </trkpt>
      <trkpt lat="46.72218" lon="-92.63111">
        <ele>420.7</ele>
      </trkpt>
      <trkpt lat="46.72218" lon="-92.63229">
        <ele>418.1</ele>
      </trkpt>
      <trkpt lat="46.72218" lon="-92.63347">
        <ele>418.1</ele>
      </trkpt>
      <trkpt lat="46.72218" lon="-92.63466">
        <ele>417.8</ele>
      </trkpt>
      <trkpt lat="46.72218" lon="-92.63584">
        <ele>417.7</ele>
      </trkpt>
      <trkpt lat="46.72215" lon="-92.63638">
        <ele>417.0</ele>
      </trkpt>
      <trkpt lat="46.72203" lon="-92.63689">
        <ele>417.0</ele>
      </trkpt>
      <trkpt lat="46.7219" lon="-92.63731">
        <ele>417.6</ele>
      </trkpt>
      <trkpt lat="46.72171" lon="-92.63772">
        <ele>417.7</ele>
      </trkpt>
      <trkpt lat="46.72205" lon="-92.63842">
        <ele>417.7</ele>
      </trkpt>
      <trkpt lat="46.72214" lon="-92.6389">
        <ele>420.0</ele>
      </trkpt>
      <trkpt lat="46.72217" lon="-92.63997">
        <ele>428.9</ele>
      </trkpt>
      <trkpt lat="46.72221" lon="-92.64105">
        <ele>427.3</ele>
      </trkpt>
      <trkpt lat="46.72223" lon="-92.64225">
        <ele>424.1</ele>
      </trkpt>
      <trkpt lat="46.72225" lon="-92.64346">
        <ele>417.5</ele>
      </trkpt>
      <trkpt lat="46.72226" lon="-92.64466">
        <ele>413.5</ele>
      </trkpt>
      <trkpt lat="46.72228" lon="-92.64586">
        <ele>408.1</ele>
      </trkpt>
      <trkpt lat="46.7223" lon="-92.64707">
        <ele>397.6</ele>
      </trkpt>
      <trkpt lat="46.72232" lon="-92.64827">
        <ele>396.3</ele>
      </trkpt>
      <trkpt lat="46.72234" lon="-92.64947">
        <ele>396.3</ele>
      </trkpt>
      <trkpt lat="46.72235" lon="-92.65073">
        <ele>396.3</ele>
      </trkpt>
      <trkpt lat="46.72236" lon="-92.65199">
        <ele>396.4</ele>
      </trkpt>
      <trkpt lat="46.72236" lon="-92.65324">
        <ele>396.0</ele>
      </trkpt>
      <trkpt lat="46.72237" lon="-92.6545">
        <ele>395.7</ele>
      </trkpt>
      <trkpt lat="46.72238" lon="-92.65576">
        <ele>395.4</ele>
      </trkpt>
      <trkpt lat="46.72239" lon="-92.65701">
        <ele>395.2</ele>
      </trkpt>
      <trkpt lat="46.7224" lon="-92.65827">
        <ele>395.0</ele>
      </trkpt>
      <trkpt lat="46.72241" lon="-92.65946">
        <ele>394.9</ele>
      </trkpt>
      <trkpt lat="46.72243" lon="-92.66064">
        <ele>394.7</ele>
      </trkpt>
      <trkpt lat="46.72244" lon="-92.66182">
        <ele>394.7</ele>
      </trkpt>
      <trkpt lat="46.72245" lon="-92.66301">
        <ele>394.5</ele>
      </trkpt>
      <trkpt lat="46.72247" lon="-92.66419">
        <ele>394.5</ele>
      </trkpt>
      <trkpt lat="46.72248" lon="-92.66537">
        <ele>394.1</ele>
      </trkpt>
      <trkpt lat="46.72249" lon="-92.66656">
        <ele>394.1</ele>
      </trkpt>
      <trkpt lat="46.72251" lon="-92.66774">
        <ele>393.8</ele>
      </trkpt>
      <trkpt lat="46.72252" lon="-92.66892">
        <ele>393.6</ele>
      </trkpt>
      <trkpt lat="46.72252" lon="-92.66963">
        <ele>393.5</ele>
      </trkpt>
      <trkpt lat="46.72252" lon="-92.67035">
        <ele>393.4</ele>
      </trkpt>
      <trkpt lat="46.72253" lon="-92.67065">
        <ele>393.4</ele>
      </trkpt>
      <trkpt lat="46.72324" lon="-92.67067">
        <ele>393.4</ele>
      </trkpt>
      <trkpt lat="46.72395" lon="-92.67068">
        <ele>394.2</ele>
      </trkpt>
      <trkpt lat="46.72465" lon="-92.6707">
        <ele>394.4</ele>
      </trkpt>
      <trkpt lat="46.72536" lon="-92.67071">
        <ele>394.9</ele>
      </trkpt>
      <trkpt lat="46.72583" lon="-92.67054">
        <ele>394.8</ele>
      </trkpt>
      <trkpt lat="46.7263" lon="-92.67038">
        <ele>393.7</ele>
      </trkpt>
      <trkpt lat="46.72712" lon="-92.67058">
        <ele>394.0</ele>
      </trkpt>
      <trkpt lat="46.72798" lon="-92.67054">
        <ele>394.1</ele>
      </trkpt>
      <trkpt lat="46.72885" lon="-92.67051">
        <ele>393.4</ele>
      </trkpt>
      <trkpt lat="46.72971" lon="-92.67048">
        <ele>393.4</ele>
      </trkpt>
      <trkpt lat="46.73058" lon="-92.67044">
        <ele>393.4</ele>
      </trkpt>
      <trkpt lat="46.73144" lon="-92.67041">
        <ele>393.4</ele>
      </trkpt>
      <trkpt lat="46.73231" lon="-92.67038">
        <ele>393.4</ele>
      </trkpt>
      <trkpt lat="46.73317" lon="-92.67035">
        <ele>393.4</ele>
      </trkpt>
      <trkpt lat="46.73404" lon="-92.67031">
        <ele>393.4</ele>
      </trkpt>
      <trkpt lat="46.7349" lon="-92.67028">
        <ele>393.4</ele>
      </trkpt>
      <trkpt lat="46.73577" lon="-92.67025">
        <ele>393.3</ele>
      </trkpt>
      <trkpt lat="46.73646" lon="-92.67027">
        <ele>393.3</ele>
      </trkpt>
      <trkpt lat="46.73645" lon="-92.67148">
        <ele>393.4</ele>
      </trkpt>
      <trkpt lat="46.73645" lon="-92.67269">
        <ele>393.3</ele>
      </trkpt>
      <trkpt lat="46.73644" lon="-92.6739">
        <ele>393.3</ele>
      </trkpt>
      <trkpt lat="46.73644" lon="-92.67512">
        <ele>393.5</ele>
      </trkpt>
      <trkpt lat="46.73643" lon="-92.67633">
        <ele>396.2</ele>
      </trkpt>
      <trkpt lat="46.73643" lon="-92.67754">
        <ele>396.3</ele>
      </trkpt>
      <trkpt lat="46.73642" lon="-92.67875">
        <ele>396.3</ele>
      </trkpt>
      <trkpt lat="46.73644" lon="-92.67995">
        <ele>396.5</ele>
      </trkpt>
      <trkpt lat="46.73645" lon="-92.68115">
        <ele>396.9</ele>
      </trkpt>
      <trkpt lat="46.73647" lon="-92.68234">
        <ele>397.2</ele>
      </trkpt>
      <trkpt lat="46.73648" lon="-92.68354">
        <ele>397.3</ele>
      </trkpt>
      <trkpt lat="46.7365" lon="-92.68474">
        <ele>399.4</ele>
      </trkpt>
      <trkpt lat="46.73651" lon="-92.68593">
        <ele>399.0</ele>
      </trkpt>
      <trkpt lat="46.73652" lon="-92.68713">
        <ele>400.4</ele>
      </trkpt>
      <trkpt lat="46.73654" lon="-92.68833">
        <ele>402.4</ele>
      </trkpt>
      <trkpt lat="46.73652" lon="-92.68955">
        <ele>402.3</ele>
      </trkpt>
      <trkpt lat="46.73649" lon="-92.69076">
        <ele>402.1</ele>
      </trkpt>
      <trkpt lat="46.73647" lon="-92.69198">
        <ele>401.9</ele>
      </trkpt>
      <trkpt lat="46.73638" lon="-92.69258">
        <ele>401.6</ele>
      </trkpt>
      <trkpt lat="46.73609" lon="-92.69312">
        <ele>401.5</ele>
      </trkpt>
      <trkpt lat="46.73565" lon="-92.69377">
        <ele>401.2</ele>
      </trkpt>
      <trkpt lat="46.7352" lon="-92.69442">
        <ele>401.1</ele>
      </trkpt>
      <trkpt lat="46.73476" lon="-92.69508">
        <ele>401.5</ele>
      </trkpt>
      <trkpt lat="46.73486" lon="-92.69561">
        <ele>402.4</ele>
      </trkpt>
      <trkpt lat="46.73517" lon="-92.69602">
        <ele>402.2</ele>
      </trkpt>
      <trkpt lat="46.73573" lon="-92.69642">
        <ele>406.2</ele>
      </trkpt>
      <trkpt lat="46.7363" lon="-92.69683">
        <ele>404.0</ele>
      </trkpt>
      <trkpt lat="46.73652" lon="-92.69726">
        <ele>399.6</ele>
      </trkpt>
      <trkpt lat="46.73659" lon="-92.69775">
        <ele>398.5</ele>
      </trkpt>
      <trkpt lat="46.7366" lon="-92.69897">
        <ele>403.5</ele>
      </trkpt>
      <trkpt lat="46.73661" lon="-92.70019">
        <ele>400.8</ele>
      </trkpt>
      <trkpt lat="46.73662" lon="-92.70141">
        <ele>402.6</ele>
      </trkpt>
      <trkpt lat="46.73662" lon="-92.70262">
        <ele>402.4</ele>
      </trkpt>
      <trkpt lat="46.73663" lon="-92.70384">
        <ele>401.5</ele>
      </trkpt>
      <trkpt lat="46.73664" lon="-92.70506">
        <ele>402.3</ele>
      </trkpt>
      <trkpt lat="46.73665" lon="-92.70627">
        <ele>398.3</ele>
      </trkpt>
      <trkpt lat="46.73665" lon="-92.70757">
        <ele>398.7</ele>
      </trkpt>
      <trkpt lat="46.73665" lon="-92.70887">
        <ele>398.5</ele>
      </trkpt>
      <trkpt lat="46.73664" lon="-92.71017">
        <ele>402.9</ele>
      </trkpt>
      <trkpt lat="46.73664" lon="-92.71147">
        <ele>404.8</ele>
      </trkpt>
      <trkpt lat="46.73664" lon="-92.71276">
        <ele>401.7</ele>
      </trkpt>
      <trkpt lat="46.73663" lon="-92.71406">
        <ele>399.2</ele>
      </trkpt>
      <trkpt lat="46.73663" lon="-92.71536">
        <ele>398.4</ele>
      </trkpt>
      <trkpt lat="46.73663" lon="-92.71666">
        <ele>398.3</ele>
      </trkpt>
      <trkpt lat="46.73663" lon="-92.71796">
        <ele>398.7</ele>
      </trkpt>
      <trkpt lat="46.73662" lon="-92.71926">
        <ele>399.0</ele>
      </trkpt>
      <trkpt lat="46.7367" lon="-92.71979">
        <ele>399.1</ele>
      </trkpt>
      <trkpt lat="46.73692" lon="-92.72014">
        <ele>399.3</ele>
      </trkpt>
      <trkpt lat="46.73728" lon="-92.72037">
        <ele>399.6</ele>
      </trkpt>
      <trkpt lat="46.73812" lon="-92.72074">
        <ele>401.5</ele>
      </trkpt>
      <trkpt lat="46.73843" lon="-92.72108">
        <ele>402.3</ele>
      </trkpt>
      <trkpt lat="46.73865" lon="-92.72157">
        <ele>402.8</ele>
      </trkpt>
      <trkpt lat="46.73874" lon="-92.72215">
        <ele>403.0</ele>
      </trkpt>
      <trkpt lat="46.73878" lon="-92.72289">
        <ele>402.0</ele>
      </trkpt>
      <trkpt lat="46.73881" lon="-92.72363">
        <ele>400.6</ele>
      </trkpt>
      <trkpt lat="46.73918" lon="-92.7243">
        <ele>400.5</ele>
      </trkpt>
      <trkpt lat="46.73974" lon="-92.72481">
        <ele>399.9</ele>
      </trkpt>
      <trkpt lat="46.73989" lon="-92.72529">
        <ele>399.3</ele>
      </trkpt>
      <trkpt lat="46.73973" lon="-92.72633">
        <ele>399.0</ele>
      </trkpt>
      <trkpt lat="46.73949" lon="-92.727">
        <ele>399.0</ele>
      </trkpt>
      <trkpt lat="46.73926" lon="-92.72767">
        <ele>401.9</ele>
      </trkpt>
      <trkpt lat="46.73865" lon="-92.72828">
        <ele>402.1</ele>
      </trkpt>
      <trkpt lat="46.73804" lon="-92.72889">
        <ele>402.3</ele>
      </trkpt>
      <trkpt lat="46.73764" lon="-92.7292">
        <ele>402.3</ele>
      </trkpt>
      <trkpt lat="46.73724" lon="-92.72952">
        <ele>402.4</ele>
      </trkpt>
      <trkpt lat="46.73661" lon="-92.7299">
        <ele>402.4</ele>
      </trkpt>
      <trkpt lat="46.7366" lon="-92.73103">
        <ele>402.6</ele>
      </trkpt>
      <trkpt lat="46.73659" lon="-92.73216">
        <ele>402.5</ele>
      </trkpt>
      <trkpt lat="46.73657" lon="-92.73329">
        <ele>402.6</ele>
      </trkpt>
      <trkpt lat="46.73656" lon="-92.73443">
        <ele>402.4</ele>
      </trkpt>
      <trkpt lat="46.73654" lon="-92.73565">
        <ele>403.5</ele>
      </trkpt>
      <trkpt lat="46.73652" lon="-92.73687">
        <ele>404.7</ele>
      </trkpt>
      <trkpt lat="46.7365" lon="-92.73808">
        <ele>405.1</ele>
      </trkpt>
      <trkpt lat="46.73647" lon="-92.7393">
        <ele>404.9</ele>
      </trkpt>
      <trkpt lat="46.73645" lon="-92.74052">
        <ele>405.1</ele>
      </trkpt>
      <trkpt lat="46.73643" lon="-92.74174">
        <ele>405.2</ele>
      </trkpt>
      <trkpt lat="46.73645" lon="-92.74283">
        <ele>405.1</ele>
      </trkpt>
      <trkpt lat="46.73648" lon="-92.74393">
        <ele>404.9</ele>
      </trkpt>
      <trkpt lat="46.7365" lon="-92.74502">
        <ele>405.0</ele>
      </trkpt>
      <trkpt lat="46.73653" lon="-92.74611">
        <ele>405.0</ele>
      </trkpt>
      <trkpt lat="46.73654" lon="-92.74713">
        <ele>405.2</ele>
      </trkpt>
      <trkpt lat="46.73656" lon="-92.74815">
        <ele>405.4</ele>
      </trkpt>
      <trkpt lat="46.73657" lon="-92.74918">
        <ele>405.0</ele>
      </trkpt>
      <trkpt lat="46.73659" lon="-92.7502">
        <ele>403.8</ele>
      </trkpt>
      <trkpt lat="46.73664" lon="-92.75146">
        <ele>402.8</ele>
      </trkpt>
      <trkpt lat="46.73669" lon="-92.75272">
        <ele>402.4</ele>
      </trkpt>
      <trkpt lat="46.73674" lon="-92.75398">
        <ele>402.4</ele>
      </trkpt>
      <trkpt lat="46.73678" lon="-92.75524">
        <ele>402.4</ele>
      </trkpt>
      <trkpt lat="46.73683" lon="-92.75645">
        <ele>402.7</ele>
      </trkpt>
      <trkpt lat="46.73687" lon="-92.75767">
        <ele>402.8</ele>
      </trkpt>
      <trkpt lat="46.73691" lon="-92.75888">
        <ele>402.8</ele>
      </trkpt>
      <trkpt lat="46.73695" lon="-92.7601">
        <ele>403.3</ele>
      </trkpt>
      <trkpt lat="46.73699" lon="-92.76131">
        <ele>404.8</ele>
      </trkpt>
      <trkpt lat="46.73678" lon="-92.76198">
        <ele>407.7</ele>
      </trkpt>
      <trkpt lat="46.73671" lon="-92.76239">
        <ele>408.1</ele>
      </trkpt>
      <trkpt lat="46.73677" lon="-92.76314">
        <ele>408.4</ele>
      </trkpt>
      <trkpt lat="46.73673" lon="-92.76344">
        <ele>408.8</ele>
      </trkpt>
      <trkpt lat="46.73648" lon="-92.76395">
        <ele>409.0</ele>
      </trkpt>
      <trkpt lat="46.73637" lon="-92.76451">
        <ele>408.6</ele>
      </trkpt>
      <trkpt lat="46.7363" lon="-92.76516">
        <ele>407.9</ele>
      </trkpt>
      <trkpt lat="46.73631" lon="-92.76549">
        <ele>407.7</ele>
      </trkpt>
      <trkpt lat="46.73648" lon="-92.76582">
        <ele>407.3</ele>
      </trkpt>
      <trkpt lat="46.73658" lon="-92.76631">
        <ele>407.2</ele>
      </trkpt>
      <trkpt lat="46.73674" lon="-92.76718">
        <ele>405.8</ele>
      </trkpt>
      <trkpt lat="46.73672" lon="-92.76834">
        <ele>405.4</ele>
      </trkpt>
      <trkpt lat="46.7367" lon="-92.7695">
        <ele>405.2</ele>
      </trkpt>
      <trkpt lat="46.73669" lon="-92.77066">
        <ele>404.8</ele>
      </trkpt>
      <trkpt lat="46.73667" lon="-92.77181">
        <ele>404.0</ele>
      </trkpt>
      <trkpt lat="46.73666" lon="-92.77297">
        <ele>404.0</ele>
      </trkpt>
      <trkpt lat="46.73664" lon="-92.77413">
        <ele>404.0</ele>
      </trkpt>
      <trkpt lat="46.73662" lon="-92.77528">
        <ele>404.0</ele>
      </trkpt>
      <trkpt lat="46.73661" lon="-92.77644">
        <ele>403.9</ele>
      </trkpt>
      <trkpt lat="46.7366" lon="-92.77763">
        <ele>403.9</ele>
      </trkpt>
      <trkpt lat="46.73659" lon="-92.77883">
        <ele>403.9</ele>
      </trkpt>
      <trkpt lat="46.73657" lon="-92.78002">
        <ele>403.9</ele>
      </trkpt>
      <trkpt lat="46.73656" lon="-92.78122">
        <ele>403.9</ele>
      </trkpt>
      <trkpt lat="46.73655" lon="-92.78241">
        <ele>403.9</ele>
      </trkpt>
      <trkpt lat="46.73654" lon="-92.78361">
        <ele>403.9</ele>
      </trkpt>
      <trkpt lat="46.73653" lon="-92.7848">
        <ele>403.9</ele>
      </trkpt>
      <trkpt lat="46.73652" lon="-92.786">
        <ele>403.9</ele>
      </trkpt>
      <trkpt lat="46.73651" lon="-92.78719">
        <ele>403.5</ele>
      </trkpt>
      <trkpt lat="46.73653" lon="-92.78836">
        <ele>403.4</ele>
      </trkpt>
      <trkpt lat="46.73656" lon="-92.78952">
        <ele>403.2</ele>
      </trkpt>
      <trkpt lat="46.73659" lon="-92.79069">
        <ele>403.2</ele>
      </trkpt>
      <trkpt lat="46.73662" lon="-92.79185">
        <ele>403.4</ele>
      </trkpt>
      <trkpt lat="46.73665" lon="-92.79302">
        <ele>403.3</ele>
      </trkpt>
      <trkpt lat="46.73668" lon="-92.79419">
        <ele>403.3</ele>
      </trkpt>
      <trkpt lat="46.73671" lon="-92.79535">
        <ele>403.1</ele>
      </trkpt>
      <trkpt lat="46.73674" lon="-92.79652">
        <ele>402.9</ele>
      </trkpt>
      <trkpt lat="46.73677" lon="-92.79768">
        <ele>402.5</ele>
      </trkpt>
      <trkpt lat="46.7368" lon="-92.79899">
        <ele>402.5</ele>
      </trkpt>
      <trkpt lat="46.73682" lon="-92.8003">
        <ele>402.5</ele>
      </trkpt>
      <trkpt lat="46.73685" lon="-92.80161">
        <ele>402.4</ele>
      </trkpt>
      <trkpt lat="46.73688" lon="-92.80291">
        <ele>402.4</ele>
      </trkpt>
      <trkpt lat="46.7369" lon="-92.80422">
        <ele>402.4</ele>
      </trkpt>
      <trkpt lat="46.73693" lon="-92.80553">
        <ele>402.4</ele>
      </trkpt>
      <trkpt lat="46.73696" lon="-92.80684">
        <ele>402.5</ele>
      </trkpt>
      <trkpt lat="46.73698" lon="-92.80814">
        <ele>402.4</ele>
      </trkpt>
      <trkpt lat="46.73701" lon="-92.80945">
        <ele>402.4</ele>
      </trkpt>
      <trkpt lat="46.73704" lon="-92.81076">
        <ele>402.4</ele>
      </trkpt>
      <trkpt lat="46.73707" lon="-92.81207">
        <ele>402.4</ele>
      </trkpt>
      <trkpt lat="46.73709" lon="-92.81338">
        <ele>402.4</ele>
      </trkpt>
      <trkpt lat="46.73712" lon="-92.81468">
        <ele>402.4</ele>
      </trkpt>
      <trkpt lat="46.73715" lon="-92.81599">
        <ele>402.4</ele>
      </trkpt>
      <trkpt lat="46.73717" lon="-92.8173">
        <ele>402.4</ele>
      </trkpt>
      <trkpt lat="46.7372" lon="-92.81861">
        <ele>402.4</ele>
      </trkpt>
      <trkpt lat="46.7372" lon="-92.81945">
        <ele>401.9</ele>
      </trkpt>
      <trkpt lat="46.73802" lon="-92.81945">
        <ele>402.0</ele>
      </trkpt>
      <trkpt lat="46.73884" lon="-92.81945">
        <ele>402.0</ele>
      </trkpt>
      <trkpt lat="46.73966" lon="-92.81945">
        <ele>402.1</ele>
      </trkpt>
      <trkpt lat="46.74048" lon="-92.81945">
        <ele>402.1</ele>
      </trkpt>
      <trkpt lat="46.7413" lon="-92.81945">
        <ele>402.2</ele>
      </trkpt>
      <trkpt lat="46.74212" lon="-92.81945">
        <ele>402.2</ele>
      </trkpt>
      <trkpt lat="46.74295" lon="-92.81945">
        <ele>402.2</ele>
      </trkpt>
      <trkpt lat="46.74377" lon="-92.81946">
        <ele>402.2</ele>
      </trkpt>
      <trkpt lat="46.74459" lon="-92.81946">
        <ele>402.4</ele>
      </trkpt>
      <trkpt lat="46.7446" lon="-92.82046">
        <ele>402.4</ele>
      </trkpt>
      <trkpt lat="46.74462" lon="-92.82146">
        <ele>402.4</ele>
      </trkpt>
      <trkpt lat="46.74463" lon="-92.82247">
        <ele>402.4</ele>
      </trkpt>
      <trkpt lat="46.74465" lon="-92.82347">
        <ele>402.4</ele>
      </trkpt>
      <trkpt lat="46.74467" lon="-92.82477">
        <ele>402.4</ele>
      </trkpt>
      <trkpt lat="46.74468" lon="-92.82607">
        <ele>402.4</ele>
      </trkpt>
      <trkpt lat="46.7447" lon="-92.82737">
        <ele>402.4</ele>
      </trkpt>
      <trkpt lat="46.74472" lon="-92.82867">
        <ele>402.4</ele>
      </trkpt>
      <trkpt lat="46.74474" lon="-92.82997">
        <ele>402.3</ele>
      </trkpt>
      <trkpt lat="46.74473" lon="-92.83117">
        <ele>402.1</ele>
      </trkpt>
      <trkpt lat="46.74471" lon="-92.83238">
        <ele>402.0</ele>
      </trkpt>
      <trkpt lat="46.7447" lon="-92.83358">
        <ele>401.8</ele>
      </trkpt>
      <trkpt lat="46.74469" lon="-92.83478">
        <ele>401.8</ele>
      </trkpt>
      <trkpt lat="46.74468" lon="-92.83599">
        <ele>401.6</ele>
      </trkpt>
      <trkpt lat="46.74467" lon="-92.83719">
        <ele>401.6</ele>
      </trkpt>
      <trkpt lat="46.74466" lon="-92.8384">
        <ele>401.6</ele>
      </trkpt>
      <trkpt lat="46.74465" lon="-92.8396">
        <ele>401.6</ele>
      </trkpt>
      <trkpt lat="46.74464" lon="-92.84081">
        <ele>401.5</ele>
      </trkpt>
      <trkpt lat="46.74551" lon="-92.84078">
        <ele>401.7</ele>
      </trkpt>
      <trkpt lat="46.74638" lon="-92.84075">
        <ele>401.8</ele>
      </trkpt>
      <trkpt lat="46.74725" lon="-92.84073">
        <ele>402.0</ele>
      </trkpt>
      <trkpt lat="46.74812" lon="-92.8407">
        <ele>401.9</ele>
      </trkpt>
      <trkpt lat="46.74899" lon="-92.84067">
        <ele>401.9</ele>
      </trkpt>
      <trkpt lat="46.74985" lon="-92.84065">
        <ele>402.0</ele>
      </trkpt>
      <trkpt lat="46.75071" lon="-92.84062">
        <ele>402.5</ele>
      </trkpt>
      <trkpt lat="46.75157" lon="-92.8406">
        <ele>402.6</ele>
      </trkpt>
      <trkpt lat="46.75242" lon="-92.84058">
        <ele>402.6</ele>
      </trkpt>
      <trkpt lat="46.75328" lon="-92.84055">
        <ele>402.7</ele>
      </trkpt>
      <trkpt lat="46.75413" lon="-92.84053">
        <ele>403.8</ele>
      </trkpt>
      <trkpt lat="46.75499" lon="-92.84051">
        <ele>405.2</ele>
      </trkpt>
      <trkpt lat="46.75585" lon="-92.84048">
        <ele>409.5</ele>
      </trkpt>
      <trkpt lat="46.75599" lon="-92.84164">
        <ele>411.5</ele>
      </trkpt>
      <trkpt lat="46.75613" lon="-92.84279">
        <ele>409.7</ele>
      </trkpt>
      <trkpt lat="46.7562" lon="-92.84299">
        <ele>409.4</ele>
      </trkpt>
      <trkpt lat="46.75646" lon="-92.84314">
        <ele>408.3</ele>
      </trkpt>
      <trkpt lat="46.75702" lon="-92.84341">
        <ele>405.3</ele>
      </trkpt>
      <trkpt lat="46.75759" lon="-92.84367">
        <ele>405.4</ele>
      </trkpt>
      <trkpt lat="46.75823" lon="-92.84404">
        <ele>406.1</ele>
      </trkpt>
      <trkpt lat="46.75887" lon="-92.8444">
        <ele>407.0</ele>
      </trkpt>
      <trkpt lat="46.75901" lon="-92.84455">
        <ele>407.0</ele>
      </trkpt>
      <trkpt lat="46.75914" lon="-92.84474">
        <ele>406.9</ele>
      </trkpt>
      <trkpt lat="46.75945" lon="-92.84558">
        <ele>405.6</ele>
      </trkpt>
      <trkpt lat="46.75965" lon="-92.8462">
        <ele>405.3</ele>
      </trkpt>
      <trkpt lat="46.75982" lon="-92.84681">
        <ele>405.6</ele>
      </trkpt>
      <trkpt lat="46.75996" lon="-92.84721">
        <ele>405.7</ele>
      </trkpt>
      <trkpt lat="46.76024" lon="-92.84789">
        <ele>405.9</ele>
      </trkpt>
      <trkpt lat="46.76052" lon="-92.8487">
        <ele>405.4</ele>
      </trkpt>
      <trkpt lat="46.76057" lon="-92.849">
        <ele>405.3</ele>
      </trkpt>
      <trkpt lat="46.76055" lon="-92.84944">
        <ele>405.3</ele>
      </trkpt>
      <trkpt lat="46.76047" lon="-92.85024">
        <ele>405.4</ele>
      </trkpt>
      <trkpt lat="46.76046" lon="-92.85095">
        <ele>405.4</ele>
      </trkpt>
      <trkpt lat="46.76045" lon="-92.85167">
        <ele>404.9</ele>
      </trkpt>
      <trkpt lat="46.76043" lon="-92.85206">
        <ele>404.6</ele>
      </trkpt>
      <trkpt lat="46.76045" lon="-92.8525">
        <ele>404.2</ele>
      </trkpt>
      <trkpt lat="46.76063" lon="-92.85318">
        <ele>403.9</ele>
      </trkpt>
      <trkpt lat="46.76082" lon="-92.85385">
        <ele>403.9</ele>
      </trkpt>
      <trkpt lat="46.7611" lon="-92.85497">
        <ele>404.1</ele>
      </trkpt>
      <trkpt lat="46.76132" lon="-92.85578">
        <ele>404.7</ele>
      </trkpt>
      <trkpt lat="46.76155" lon="-92.8566">
        <ele>404.8</ele>
      </trkpt>
      <trkpt lat="46.76185" lon="-92.85739">
        <ele>405.1</ele>
      </trkpt>
      <trkpt lat="46.76226" lon="-92.85828">
        <ele>405.4</ele>
      </trkpt>
      <trkpt lat="46.76256" lon="-92.85905">
        <ele>405.6</ele>
      </trkpt>
      <trkpt lat="46.76289" lon="-92.86015">
        <ele>405.6</ele>
      </trkpt>
      <trkpt lat="46.76301" lon="-92.86063">
        <ele>405.6</ele>
      </trkpt>
      <trkpt lat="46.76304" lon="-92.86095">
        <ele>405.6</ele>
      </trkpt>
      <trkpt lat="46.76298" lon="-92.86144">
        <ele>405.6</ele>
      </trkpt>
      <trkpt lat="46.76285" lon="-92.86234">
        <ele>405.6</ele>
      </trkpt>
      <trkpt lat="46.76272" lon="-92.86324">
        <ele>405.7</ele>
      </trkpt>
      <trkpt lat="46.76263" lon="-92.86397">
        <ele>405.6</ele>
      </trkpt>
      <trkpt lat="46.76257" lon="-92.86481">
        <ele>405.6</ele>
      </trkpt>
      <trkpt lat="46.76256" lon="-92.86598">
        <ele>405.6</ele>
      </trkpt>
      <trkpt lat="46.76254" lon="-92.86715">
        <ele>405.9</ele>
      </trkpt>
      <trkpt lat="46.76253" lon="-92.86832">
        <ele>405.3</ele>
      </trkpt>
      <trkpt lat="46.7625" lon="-92.86949">
        <ele>402.5</ele>
      </trkpt>
      <trkpt lat="46.76248" lon="-92.87067">
        <ele>403.2</ele>
      </trkpt>
      <trkpt lat="46.76245" lon="-92.87184">
        <ele>403.3</ele>
      </trkpt>
      <trkpt lat="46.76243" lon="-92.87302">
        <ele>403.1</ele>
      </trkpt>
      <trkpt lat="46.76244" lon="-92.87355">
        <ele>403.2</ele>
      </trkpt>
      <trkpt lat="46.76252" lon="-92.87407">
        <ele>403.2</ele>
      </trkpt>
      <trkpt lat="46.76268" lon="-92.87455">
        <ele>403.1</ele>
      </trkpt>
      <trkpt lat="46.76292" lon="-92.87532">
        <ele>402.3</ele>
      </trkpt>
      <trkpt lat="46.76296" lon="-92.87575">
        <ele>402.4</ele>
      </trkpt>
      <trkpt lat="46.76295" lon="-92.87611">
        <ele>402.8</ele>
      </trkpt>
      <trkpt lat="46.76294" lon="-92.87645">
        <ele>403.1</ele>
      </trkpt>
      <trkpt lat="46.76287" lon="-92.87772">
        <ele>402.4</ele>
      </trkpt>
      <trkpt lat="46.76259" lon="-92.87875">
        <ele>402.3</ele>
      </trkpt>
      <trkpt lat="46.76239" lon="-92.87928">
        <ele>402.9</ele>
      </trkpt>
      <trkpt lat="46.76218" lon="-92.88">
        <ele>403.0</ele>
      </trkpt>
      <trkpt lat="46.76192" lon="-92.88085">
        <ele>400.7</ele>
      </trkpt>
      <trkpt lat="46.76179" lon="-92.88164">
        <ele>400.1</ele>
      </trkpt>
      <trkpt lat="46.76175" lon="-92.88291">
        <ele>399.9</ele>
      </trkpt>
      <trkpt lat="46.76251" lon="-92.88287">
        <ele>401.7</ele>
      </trkpt>
      <trkpt lat="46.76327" lon="-92.88284">
        <ele>401.9</ele>
      </trkpt>
      <trkpt lat="46.76403" lon="-92.8828">
        <ele>400.7</ele>
      </trkpt>
      <trkpt lat="46.76479" lon="-92.88277">
        <ele>399.3</ele>
      </trkpt>
      <trkpt lat="46.76554" lon="-92.88273">
        <ele>399.2</ele>
      </trkpt>
      <trkpt lat="46.7663" lon="-92.8827">
        <ele>399.1</ele>
      </trkpt>
      <trkpt lat="46.76703" lon="-92.88268">
        <ele>398.9</ele>
      </trkpt>
      <trkpt lat="46.76776" lon="-92.88267">
        <ele>398.4</ele>
      </trkpt>
      <trkpt lat="46.76848" lon="-92.88265">
        <ele>397.5</ele>
      </trkpt>
      <trkpt lat="46.76921" lon="-92.88263">
        <ele>396.7</ele>
      </trkpt>
      <trkpt lat="46.76993" lon="-92.88262">
        <ele>397.1</ele>
      </trkpt>
      <trkpt lat="46.77083" lon="-92.88259">
        <ele>396.6</ele>
      </trkpt>
      <trkpt lat="46.77172" lon="-92.88256">
        <ele>395.4</ele>
      </trkpt>
      <trkpt lat="46.77261" lon="-92.88253">
        <ele>393.7</ele>
      </trkpt>
      <trkpt lat="46.77351" lon="-92.8825">
        <ele>393.6</ele>
      </trkpt>
      <trkpt lat="46.7744" lon="-92.88247">
        <ele>393.6</ele>
      </trkpt>
      <trkpt lat="46.77529" lon="-92.88244">
        <ele>393.7</ele>
      </trkpt>
      <trkpt lat="46.77618" lon="-92.88241">
        <ele>394.2</ele>
      </trkpt>
      <trkpt lat="46.77708" lon="-92.88238">
        <ele>396.5</ele>
      </trkpt>
      <trkpt lat="46.77797" lon="-92.88235">
        <ele>399.3</ele>
      </trkpt>
      <trkpt lat="46.77886" lon="-92.88232">
        <ele>402.9</ele>
      </trkpt>
      <trkpt lat="46.77976" lon="-92.88229">
        <ele>402.7</ele>
      </trkpt>
      <trkpt lat="46.78065" lon="-92.88226">
        <ele>402.8</ele>
      </trkpt>
      <trkpt lat="46.78145" lon="-92.8822">
        <ele>402.8</ele>
      </trkpt>
      <trkpt lat="46.78225" lon="-92.88214">
        <ele>401.0</ele>
      </trkpt>
      <trkpt lat="46.78304" lon="-92.88209">
        <ele>398.7</ele>
      </trkpt>
      <trkpt lat="46.78384" lon="-92.88203">
        <ele>396.9</ele>
      </trkpt>
      <trkpt lat="46.78464" lon="-92.88198">
        <ele>396.4</ele>
      </trkpt>
      <trkpt lat="46.78544" lon="-92.88192">
        <ele>393.8</ele>
      </trkpt>
      <trkpt lat="46.7859" lon="-92.88186">
        <ele>391.3</ele>
      </trkpt>
      <trkpt lat="46.78637" lon="-92.8818">
        <ele>390.9</ele>
      </trkpt>
      <trkpt lat="46.78703" lon="-92.88178">
        <ele>393.1</ele>
      </trkpt>
      <trkpt lat="46.78768" lon="-92.88175">
        <ele>393.0</ele>
      </trkpt>
      <trkpt lat="46.78834" lon="-92.88173">
        <ele>393.8</ele>
      </trkpt>
      <trkpt lat="46.78902" lon="-92.88168">
        <ele>393.6</ele>
      </trkpt>
      <trkpt lat="46.78971" lon="-92.88163">
        <ele>393.5</ele>
      </trkpt>
      <trkpt lat="46.79029" lon="-92.8816">
        <ele>396.6</ele>
      </trkpt>
      <trkpt lat="46.79088" lon="-92.88158">
        <ele>396.5</ele>
      </trkpt>
      <trkpt lat="46.79154" lon="-92.88169">
        <ele>396.4</ele>
      </trkpt>
      <trkpt lat="46.79224" lon="-92.88192">
        <ele>396.3</ele>
      </trkpt>
      <trkpt lat="46.7927" lon="-92.88228">
        <ele>396.3</ele>
      </trkpt>
      <trkpt lat="46.79317" lon="-92.88263">
        <ele>393.7</ele>
      </trkpt>
      <trkpt lat="46.79351" lon="-92.88298">
        <ele>393.4</ele>
      </trkpt>
      <trkpt lat="46.79372" lon="-92.88325">
        <ele>393.3</ele>
      </trkpt>
      <trkpt lat="46.79397" lon="-92.8836">
        <ele>394.5</ele>
      </trkpt>
      <trkpt lat="46.79437" lon="-92.88426">
        <ele>393.9</ele>
      </trkpt>
      <trkpt lat="46.79467" lon="-92.88497">
        <ele>394.1</ele>
      </trkpt>
      <trkpt lat="46.79493" lon="-92.88576">
        <ele>393.8</ele>
      </trkpt>
      <trkpt lat="46.7951" lon="-92.8865">
        <ele>393.2</ele>
      </trkpt>
      <trkpt lat="46.7952" lon="-92.88748">
        <ele>391.9</ele>
      </trkpt>
      <trkpt lat="46.79523" lon="-92.88854">
        <ele>390.8</ele>
      </trkpt>
      <trkpt lat="46.79524" lon="-92.88963">
        <ele>390.7</ele>
      </trkpt>
      <trkpt lat="46.79524" lon="-92.89073">
        <ele>393.7</ele>
      </trkpt>
      <trkpt lat="46.79524" lon="-92.89182">
        <ele>396.0</ele>
      </trkpt>
      <trkpt lat="46.79525" lon="-92.89291">
        <ele>397.4</ele>
      </trkpt>
      <trkpt lat="46.79529" lon="-92.89383">
        <ele>399.7</ele>
      </trkpt>
      <trkpt lat="46.79534" lon="-92.89475">
        <ele>402.4</ele>
      </trkpt>
      <trkpt lat="46.79556" lon="-92.89562">
        <ele>402.9</ele>
      </trkpt>
      <trkpt lat="46.79583" lon="-92.89632">
        <ele>403.8</ele>
      </trkpt>
      <trkpt lat="46.79613" lon="-92.89694">
        <ele>403.7</ele>
      </trkpt>
      <trkpt lat="46.79656" lon="-92.89764">
        <ele>404.6</ele>
      </trkpt>
      <trkpt lat="46.79727" lon="-92.89839">
        <ele>403.0</ele>
      </trkpt>
      <trkpt lat="46.79798" lon="-92.89913">
        <ele>403.0</ele>
      </trkpt>
      <trkpt lat="46.7985" lon="-92.89967">
        <ele>402.5</ele>
      </trkpt>
      <trkpt lat="46.79902" lon="-92.9002">
        <ele>402.6</ele>
      </trkpt>
      <trkpt lat="46.79955" lon="-92.90074">
        <ele>400.0</ele>
      </trkpt>
      <trkpt lat="46.80018" lon="-92.90156">
        <ele>400.3</ele>
      </trkpt>
      <trkpt lat="46.80082" lon="-92.90237">
        <ele>400.2</ele>
      </trkpt>
      <trkpt lat="46.80144" lon="-92.90313">
        <ele>402.8</ele>
      </trkpt>
      <trkpt lat="46.80205" lon="-92.90389">
        <ele>404.9</ele>
      </trkpt>
      <trkpt lat="46.80262" lon="-92.90464">
        <ele>405.0</ele>
      </trkpt>
      <trkpt lat="46.8032" lon="-92.90538">
        <ele>404.7</ele>
      </trkpt>
      <trkpt lat="46.80385" lon="-92.90621">
        <ele>404.3</ele>
      </trkpt>
      <trkpt lat="46.8045" lon="-92.90705">
        <ele>402.4</ele>
      </trkpt>
      <trkpt lat="46.80515" lon="-92.90788">
        <ele>402.2</ele>
      </trkpt>
      <trkpt lat="46.8058" lon="-92.90871">
        <ele>398.8</ele>
      </trkpt>
      <trkpt lat="46.80645" lon="-92.90955">
        <ele>397.4</ele>
      </trkpt>
      <trkpt lat="46.80707" lon="-92.91033">
        <ele>396.4</ele>
      </trkpt>
      <trkpt lat="46.80769" lon="-92.91111">
        <ele>394.4</ele>
      </trkpt>
      <trkpt lat="46.80831" lon="-92.91189">
        <ele>393.7</ele>
      </trkpt>
      <trkpt lat="46.80893" lon="-92.91267">
        <ele>393.1</ele>
      </trkpt>
      <trkpt lat="46.80949" lon="-92.91346">
        <ele>394.3</ele>
      </trkpt>
      <trkpt lat="46.80994" lon="-92.91391">
        <ele>395.2</ele>
      </trkpt>
      <trkpt lat="46.81039" lon="-92.91436">
        <ele>396.1</ele>
      </trkpt>
      <trkpt lat="46.81101" lon="-92.91478">
        <ele>397.7</ele>
      </trkpt>
      <trkpt lat="46.81175" lon="-92.91497">
        <ele>396.3</ele>
      </trkpt>
      <trkpt lat="46.81212" lon="-92.91504">
        <ele>396.7</ele>
      </trkpt>
      <trkpt lat="46.81291" lon="-92.91496">
        <ele>396.5</ele>
      </trkpt>
      <trkpt lat="46.81348" lon="-92.91476">
        <ele>396.2</ele>
      </trkpt>
      <trkpt lat="46.81403" lon="-92.91444">
        <ele>396.9</ele>
      </trkpt>
      <trkpt lat="46.8147" lon="-92.91398">
        <ele>395.6</ele>
      </trkpt>
      <trkpt lat="46.81537" lon="-92.91352">
        <ele>394.1</ele>
      </trkpt>
      <trkpt lat="46.81604" lon="-92.91307">
        <ele>394.2</ele>
      </trkpt>
      <trkpt lat="46.81677" lon="-92.91275">
        <ele>393.9</ele>
      </trkpt>
      <trkpt lat="46.81724" lon="-92.91264">
        <ele>394.1</ele>
      </trkpt>
      <trkpt lat="46.8177" lon="-92.91253">
        <ele>393.5</ele>
      </trkpt>
      <trkpt lat="46.81834" lon="-92.91249">
        <ele>393.4</ele>
      </trkpt>
      <trkpt lat="46.81917" lon="-92.91251">
        <ele>393.6</ele>
      </trkpt>
      <trkpt lat="46.82" lon="-92.91253">
        <ele>393.6</ele>
      </trkpt>
      <trkpt lat="46.82083" lon="-92.91254">
        <ele>393.4</ele>
      </trkpt>
      <trkpt lat="46.82166" lon="-92.91256">
        <ele>393.1</ele>
      </trkpt>
      <trkpt lat="46.82241" lon="-92.91256">
        <ele>392.8</ele>
      </trkpt>
      <trkpt lat="46.82316" lon="-92.91256">
        <ele>392.5</ele>
      </trkpt>
      <trkpt lat="46.82391" lon="-92.91256">
        <ele>392.2</ele>
      </trkpt>
      <trkpt lat="46.82477" lon="-92.91253">
        <ele>391.9</ele>
      </trkpt>
      <trkpt lat="46.82563" lon="-92.9125">
        <ele>391.6</ele>
      </trkpt>
      <trkpt lat="46.82648" lon="-92.91247">
        <ele>391.3</ele>
      </trkpt>
      <trkpt lat="46.82734" lon="-92.91244">
        <ele>390.9</ele>
      </trkpt>
      <trkpt lat="46.8282" lon="-92.9124">
        <ele>390.9</ele>
      </trkpt>
      <trkpt lat="46.82905" lon="-92.91237">
        <ele>390.6</ele>
      </trkpt>
      <trkpt lat="46.82991" lon="-92.91234">
        <ele>390.3</ele>
      </trkpt>
      <trkpt lat="46.83054" lon="-92.91231">
        <ele>390.3</ele>
      </trkpt>
      <trkpt lat="46.83117" lon="-92.91227">
        <ele>390.3</ele>
      </trkpt>
      <trkpt lat="46.83195" lon="-92.91224">
        <ele>389.2</ele>
      </trkpt>
      <trkpt lat="46.83273" lon="-92.91222">
        <ele>389.0</ele>
      </trkpt>
      <trkpt lat="46.83352" lon="-92.91219">
        <ele>388.8</ele>
      </trkpt>
      <trkpt lat="46.8343" lon="-92.91216">
        <ele>387.9</ele>
      </trkpt>
      <trkpt lat="46.83508" lon="-92.91214">
        <ele>387.3</ele>
      </trkpt>
      <trkpt lat="46.83586" lon="-92.91211">
        <ele>387.3</ele>
      </trkpt>
      <trkpt lat="46.83665" lon="-92.91208">
        <ele>387.3</ele>
      </trkpt>
      <trkpt lat="46.83754" lon="-92.91206">
        <ele>387.3</ele>
      </trkpt>
      <trkpt lat="46.83844" lon="-92.91204">
        <ele>387.2</ele>
      </trkpt>
      <trkpt lat="46.83917" lon="-92.91201">
        <ele>387.2</ele>
      </trkpt>
      <trkpt lat="46.83991" lon="-92.91197">
        <ele>387.3</ele>
      </trkpt>
      <trkpt lat="46.84064" lon="-92.91193">
        <ele>387.1</ele>
      </trkpt>
      <trkpt lat="46.8413" lon="-92.91182">
        <ele>386.8</ele>
      </trkpt>
      <trkpt lat="46.84182" lon="-92.91167">
        <ele>385.8</ele>
      </trkpt>
      <trkpt lat="46.84239" lon="-92.91142">
        <ele>385.8</ele>
      </trkpt>
      <trkpt lat="46.84286" lon="-92.91114">
        <ele>385.0</ele>
      </trkpt>
      <trkpt lat="46.84349" lon="-92.91065">
        <ele>386.4</ele>
      </trkpt>
      <trkpt lat="46.84411" lon="-92.91017">
        <ele>386.5</ele>
      </trkpt>
      <trkpt lat="46.84459" lon="-92.90984">
        <ele>386.0</ele>
      </trkpt>
      <trkpt lat="46.84507" lon="-92.9095">
        <ele>385.6</ele>
      </trkpt>
      <trkpt lat="46.84554" lon="-92.90924">
        <ele>386.0</ele>
      </trkpt>
      <trkpt lat="46.84608" lon="-92.90905">
        <ele>384.6</ele>
      </trkpt>
      <trkpt lat="46.8469" lon="-92.90893">
        <ele>384.7</ele>
      </trkpt>
      <trkpt lat="46.84761" lon="-92.90892">
        <ele>384.5</ele>
      </trkpt>
      <trkpt lat="46.84832" lon="-92.90891">
        <ele>384.5</ele>
      </trkpt>
      <trkpt lat="46.84904" lon="-92.9089">
        <ele>384.6</ele>
      </trkpt>
      <trkpt lat="46.84975" lon="-92.9089">
        <ele>386.1</ele>
      </trkpt>
      <trkpt lat="46.85037" lon="-92.90894">
        <ele>386.4</ele>
      </trkpt>
      <trkpt lat="46.85084" lon="-92.90904">
        <ele>385.7</ele>
      </trkpt>
      <trkpt lat="46.85131" lon="-92.90914">
        <ele>386.3</ele>
      </trkpt>
      <trkpt lat="46.85191" lon="-92.9094">
        <ele>386.2</ele>
      </trkpt>
      <trkpt lat="46.85217" lon="-92.90954">
        <ele>386.6</ele>
      </trkpt>
      <trkpt lat="46.85255" lon="-92.90976">
        <ele>385.6</ele>
      </trkpt>
      <trkpt lat="46.8531" lon="-92.91017">
        <ele>384.7</ele>
      </trkpt>
      <trkpt lat="46.85378" lon="-92.91064">
        <ele>384.5</ele>
      </trkpt>
      <trkpt lat="46.85447" lon="-92.91111">
        <ele>387.3</ele>
      </trkpt>
      <trkpt lat="46.85501" lon="-92.91138">
        <ele>387.3</ele>
      </trkpt>
      <trkpt lat="46.85553" lon="-92.91155">
        <ele>387.3</ele>
      </trkpt>
      <trkpt lat="46.85618" lon="-92.91167">
        <ele>387.3</ele>
      </trkpt>
      <trkpt lat="46.85699" lon="-92.91166">
        <ele>387.3</ele>
      </trkpt>
      <trkpt lat="46.85779" lon="-92.91165">
        <ele>387.3</ele>
      </trkpt>
      <trkpt lat="46.8586" lon="-92.91164">
        <ele>387.3</ele>
      </trkpt>
      <trkpt lat="46.85941" lon="-92.91163">
        <ele>387.2</ele>
      </trkpt>
      <trkpt lat="46.86021" lon="-92.91163">
        <ele>387.1</ele>
      </trkpt>
      <trkpt lat="46.86095" lon="-92.91169">
        <ele>387.2</ele>
      </trkpt>
      <trkpt lat="46.8617" lon="-92.91175">
        <ele>387.3</ele>
      </trkpt>
      <trkpt lat="46.86244" lon="-92.91181">
        <ele>387.3</ele>
      </trkpt>
      <trkpt lat="46.86304" lon="-92.91187">
        <ele>387.3</ele>
      </trkpt>
      <trkpt lat="46.86356" lon="-92.91186">
        <ele>387.3</ele>
      </trkpt>
      <trkpt lat="46.86421" lon="-92.9118">
        <ele>388.1</ele>
      </trkpt>
      <trkpt lat="46.86486" lon="-92.91174">
        <ele>388.8</ele>
      </trkpt>
      <trkpt lat="46.86533" lon="-92.91166">
        <ele>388.5</ele>
      </trkpt>
      <trkpt lat="46.8658" lon="-92.91158">
        <ele>388.4</ele>
      </trkpt>
      <trkpt lat="46.86647" lon="-92.9115">
        <ele>388.0</ele>
      </trkpt>
      <trkpt lat="46.86713" lon="-92.91142">
        <ele>390.0</ele>
      </trkpt>
      <trkpt lat="46.8676" lon="-92.91142">
        <ele>390.2</ele>
      </trkpt>
      <trkpt lat="46.86807" lon="-92.91143">
        <ele>391.5</ele>
      </trkpt>
      <trkpt lat="46.86889" lon="-92.91147">
        <ele>393.4</ele>
      </trkpt>
      <trkpt lat="46.8697" lon="-92.91151">
        <ele>394.0</ele>
      </trkpt>
      <trkpt lat="46.87042" lon="-92.91154">
        <ele>393.3</ele>
      </trkpt>
      <trkpt lat="46.87113" lon="-92.91157">
        <ele>391.9</ele>
      </trkpt>
      <trkpt lat="46.87185" lon="-92.9116">
        <ele>390.3</ele>
      </trkpt>
      <trkpt lat="46.87256" lon="-92.91163">
        <ele>389.6</ele>
      </trkpt>
      <trkpt lat="46.87325" lon="-92.91163">
        <ele>390.2</ele>
      </trkpt>
      <trkpt lat="46.87395" lon="-92.91164">
        <ele>390.3</ele>
      </trkpt>
      <trkpt lat="46.87448" lon="-92.91163">
        <ele>390.7</ele>
      </trkpt>
      <trkpt lat="46.87502" lon="-92.91162">
        <ele>391.1</ele>
      </trkpt>
      <trkpt lat="46.87578" lon="-92.91155">
        <ele>391.7</ele>
      </trkpt>
      <trkpt lat="46.87653" lon="-92.91149">
        <ele>392.3</ele>
      </trkpt>
      <trkpt lat="46.87728" lon="-92.91142">
        <ele>392.6</ele>
      </trkpt>
      <trkpt lat="46.87804" lon="-92.91136">
        <ele>392.0</ele>
      </trkpt>
      <trkpt lat="46.8786" lon="-92.91135">
        <ele>391.8</ele>
      </trkpt>
      <trkpt lat="46.87917" lon="-92.91135">
        <ele>392.1</ele>
      </trkpt>
      <trkpt lat="46.87999" lon="-92.91136">
        <ele>392.5</ele>
      </trkpt>
      <trkpt lat="46.88081" lon="-92.91136">
        <ele>393.4</ele>
      </trkpt>
      <trkpt lat="46.88164" lon="-92.91137">
        <ele>393.4</ele>
      </trkpt>
      <trkpt lat="46.88235" lon="-92.91137">
        <ele>393.4</ele>
      </trkpt>
      <trkpt lat="46.88306" lon="-92.91137">
        <ele>393.4</ele>
      </trkpt>
      <trkpt lat="46.88395" lon="-92.91139">
        <ele>393.4</ele>
      </trkpt>
      <trkpt lat="46.88485" lon="-92.9114">
        <ele>393.4</ele>
      </trkpt>
      <trkpt lat="46.88575" lon="-92.91142">
        <ele>393.2</ele>
      </trkpt>
      <trkpt lat="46.88663" lon="-92.91143">
        <ele>393.1</ele>
      </trkpt>
      <trkpt lat="46.88752" lon="-92.91143">
        <ele>393.1</ele>
      </trkpt>
      <trkpt lat="46.88841" lon="-92.91144">
        <ele>392.8</ele>
      </trkpt>
      <trkpt lat="46.88929" lon="-92.91144">
        <ele>392.8</ele>
      </trkpt>
      <trkpt lat="46.89018" lon="-92.91145">
        <ele>392.5</ele>
      </trkpt>
      <trkpt lat="46.89107" lon="-92.91146">
        <ele>392.6</ele>
      </trkpt>
      <trkpt lat="46.89196" lon="-92.91146">
        <ele>393.3</ele>
      </trkpt>
      <trkpt lat="46.89279" lon="-92.91145">
        <ele>393.4</ele>
      </trkpt>
      <trkpt lat="46.89363" lon="-92.91144">
        <ele>392.7</ele>
      </trkpt>
      <trkpt lat="46.89447" lon="-92.91143">
        <ele>391.6</ele>
      </trkpt>
      <trkpt lat="46.89531" lon="-92.91141">
        <ele>390.4</ele>
      </trkpt>
      <trkpt lat="46.89614" lon="-92.9114">
        <ele>390.3</ele>
      </trkpt>
      <trkpt lat="46.89696" lon="-92.91139">
        <ele>390.0</ele>
      </trkpt>
      <trkpt lat="46.89777" lon="-92.91138">
        <ele>389.7</ele>
      </trkpt>
      <trkpt lat="46.89859" lon="-92.91138">
        <ele>389.5</ele>
      </trkpt>
      <trkpt lat="46.8994" lon="-92.91137">
        <ele>389.4</ele>
      </trkpt>
      <trkpt lat="46.90022" lon="-92.91136">
        <ele>389.1</ele>
      </trkpt>
      <trkpt lat="46.90103" lon="-92.91135">
        <ele>389.1</ele>
      </trkpt>
      <trkpt lat="46.90184" lon="-92.91134">
        <ele>389.1</ele>
      </trkpt>
      <trkpt lat="46.90266" lon="-92.91133">
        <ele>388.8</ele>
      </trkpt>
      <trkpt lat="46.90347" lon="-92.91132">
        <ele>388.8</ele>
      </trkpt>
      <trkpt lat="46.90432" lon="-92.91131">
        <ele>388.8</ele>
      </trkpt>
      <trkpt lat="46.90517" lon="-92.91129">
        <ele>388.8</ele>
      </trkpt>
      <trkpt lat="46.90601" lon="-92.91127">
        <ele>388.8</ele>
      </trkpt>
      <trkpt lat="46.90686" lon="-92.91126">
        <ele>389.1</ele>
      </trkpt>
      <trkpt lat="46.90762" lon="-92.91125">
        <ele>388.9</ele>
      </trkpt>
      <trkpt lat="46.90839" lon="-92.91125">
        <ele>388.8</ele>
      </trkpt>
      <trkpt lat="46.90915" lon="-92.91124">
        <ele>388.5</ele>
      </trkpt>
      <trkpt lat="46.90991" lon="-92.91124">
        <ele>388.2</ele>
      </trkpt>
      <trkpt lat="46.91068" lon="-92.91123">
        <ele>387.9</ele>
      </trkpt>
      <trkpt lat="46.91079" lon="-92.91122">
        <ele>387.9</ele>
      </trkpt>
      <trkpt lat="46.91163" lon="-92.91121">
        <ele>387.7</ele>
      </trkpt>
      <trkpt lat="46.91248" lon="-92.91119">
        <ele>387.4</ele>
      </trkpt>
      <trkpt lat="46.91333" lon="-92.91118">
        <ele>387.3</ele>
      </trkpt>
      <trkpt lat="46.91418" lon="-92.91117">
        <ele>387.0</ele>
      </trkpt>
      <trkpt lat="46.91503" lon="-92.91116">
        <ele>386.6</ele>
      </trkpt>
      <trkpt lat="46.91576" lon="-92.91119">
        <ele>385.8</ele>
      </trkpt>
      <trkpt lat="46.91649" lon="-92.91122">
        <ele>385.8</ele>
      </trkpt>
      <trkpt lat="46.91722" lon="-92.91125">
        <ele>385.3</ele>
      </trkpt>
      <trkpt lat="46.91796" lon="-92.91128">
        <ele>384.6</ele>
      </trkpt>
      <trkpt lat="46.9187" lon="-92.91131">
        <ele>383.1</ele>
      </trkpt>
      <trkpt lat="46.91943" lon="-92.91135">
        <ele>381.4</ele>
      </trkpt>
      <trkpt lat="46.92017" lon="-92.91139">
        <ele>381.2</ele>
      </trkpt>
      <trkpt lat="46.92032" lon="-92.91136">
        <ele>381.2</ele>
      </trkpt>
      <trkpt lat="46.92041" lon="-92.9113">
        <ele>381.2</ele>
      </trkpt>
      <trkpt lat="46.92049" lon="-92.91121">
        <ele>381.2</ele>
      </trkpt>
      <trkpt lat="46.92093" lon="-92.91174">
        <ele>381.1</ele>
      </trkpt>
      <trkpt lat="46.9212" lon="-92.91204">
        <ele>381.1</ele>
      </trkpt>
      <trkpt lat="46.92141" lon="-92.9123">
        <ele>381.2</ele>
      </trkpt>
      <trkpt lat="46.922" lon="-92.91299">
        <ele>381.4</ele>
      </trkpt>
      <trkpt lat="46.92259" lon="-92.91368">
        <ele>382.2</ele>
      </trkpt>
      <trkpt lat="46.92318" lon="-92.91437">
        <ele>383.5</ele>
      </trkpt>
      <trkpt lat="46.92377" lon="-92.91506">
        <ele>383.7</ele>
      </trkpt>
      <trkpt lat="46.92387" lon="-92.91493">
        <ele>383.6</ele>
      </trkpt>
      <trkpt lat="46.92395" lon="-92.91487">
        <ele>383.6</ele>
      </trkpt>
      <trkpt lat="46.92405" lon="-92.91484">
        <ele>383.6</ele>
      </trkpt>
      <trkpt lat="46.92417" lon="-92.91483">
        <ele>383.6</ele>
      </trkpt>
      <trkpt lat="46.92466" lon="-92.91483">
        <ele>383.6</ele>
      </trkpt>
      <trkpt lat="46.92516" lon="-92.91484">
        <ele>383.3</ele>
      </trkpt>
      <trkpt lat="46.92518" lon="-92.91499">
        <ele>383.3</ele>
      </trkpt>
      <trkpt lat="46.92522" lon="-92.91507">
        <ele>383.4</ele>
      </trkpt>
      <trkpt lat="46.92564" lon="-92.91556">
        <ele>383.3</ele>
      </trkpt>
      <trkpt lat="46.92606" lon="-92.91604">
        <ele>383.0</ele>
      </trkpt>
      <trkpt lat="46.92651" lon="-92.91655">
        <ele>382.9</ele>
      </trkpt>
      <trkpt lat="46.92696" lon="-92.91705">
        <ele>382.4</ele>
      </trkpt>
      <trkpt lat="46.92696" lon="-92.9179">
        <ele>382.8</ele>
      </trkpt>
      <trkpt lat="46.92696" lon="-92.91881">
        <ele>383.0</ele>
      </trkpt>
      <trkpt lat="46.92696" lon="-92.91987">
        <ele>383.1</ele>
      </trkpt>
      <trkpt lat="46.92696" lon="-92.92094">
        <ele>383.3</ele>
      </trkpt>
      <trkpt lat="46.92696" lon="-92.92201">
        <ele>383.3</ele>
      </trkpt>
      <trkpt lat="46.92741" lon="-92.922">
        <ele>383.1</ele>
      </trkpt>
      <trkpt lat="46.92786" lon="-92.922">
        <ele>383.0</ele>
      </trkpt>
      <trkpt lat="46.92828" lon="-92.92199">
        <ele>382.7</ele>
      </trkpt>
      <trkpt lat="46.92905" lon="-92.92194">
        <ele>380.5</ele>
      </trkpt>
      <trkpt lat="46.92917" lon="-92.92191">
        <ele>380.2</ele>
      </trkpt>
      <trkpt lat="46.92931" lon="-92.92184">
        <ele>379.9</ele>
      </trkpt>
      <trkpt lat="46.92945" lon="-92.92172">
        <ele>379.7</ele>
      </trkpt>
      <trkpt lat="46.92983" lon="-92.92218">
        <ele>378.1</ele>
      </trkpt>
      <trkpt lat="46.93052" lon="-92.92299">
        <ele>380.4</ele>
      </trkpt>
      <trkpt lat="46.93121" lon="-92.9238">
        <ele>380.4</ele>
      </trkpt>
      <trkpt lat="46.9319" lon="-92.9246">
        <ele>379.6</ele>
      </trkpt>
      <trkpt lat="46.93259" lon="-92.92541">
        <ele>379.7</ele>
      </trkpt>
      <trkpt lat="46.93328" lon="-92.92622">
        <ele>379.7</ele>
      </trkpt>
      <trkpt lat="46.93397" lon="-92.92703">
        <ele>379.7</ele>
      </trkpt>
      <trkpt lat="46.93466" lon="-92.92784">
        <ele>379.7</ele>
      </trkpt>
      <trkpt lat="46.93535" lon="-92.92865">
        <ele>379.9</ele>
      </trkpt>
      <trkpt lat="46.93572" lon="-92.92817">
        <ele>381.0</ele>
      </trkpt>
      <trkpt lat="46.9358" lon="-92.92809">
        <ele>381.0</ele>
      </trkpt>
      <trkpt lat="46.9359" lon="-92.92808">
        <ele>380.8</ele>
      </trkpt>
      <trkpt lat="46.93598" lon="-92.9281">
        <ele>380.6</ele>
      </trkpt>
      <trkpt lat="46.93605" lon="-92.92814">
        <ele>380.6</ele>
      </trkpt>
      <trkpt lat="46.93614" lon="-92.92822">
        <ele>380.7</ele>
      </trkpt>
      <trkpt lat="46.93676" lon="-92.92895">
        <ele>381.3</ele>
      </trkpt>
      <trkpt lat="46.93738" lon="-92.92968">
        <ele>381.1</ele>
      </trkpt>
      <trkpt lat="46.938" lon="-92.93041">
        <ele>380.7</ele>
      </trkpt>
      <trkpt lat="46.93862" lon="-92.93114">
        <ele>380.6</ele>
      </trkpt>
      <trkpt lat="46.93924" lon="-92.93187">
        <ele>380.9</ele>
      </trkpt>
      <trkpt lat="46.93986" lon="-92.9326">
        <ele>380.8</ele>
      </trkpt>
      <trkpt lat="46.94048" lon="-92.93333">
        <ele>381.2</ele>
      </trkpt>
      <trkpt lat="46.94089" lon="-92.93379">
        <ele>381.2</ele>
      </trkpt>
      <trkpt lat="46.94129" lon="-92.93426">
        <ele>381.2</ele>
      </trkpt>
      <trkpt lat="46.94173" lon="-92.9348">
        <ele>381.2</ele>
      </trkpt>
      <trkpt lat="46.94214" lon="-92.93534">
        <ele>381.2</ele>
      </trkpt>
      <trkpt lat="46.94255" lon="-92.93588">
        <ele>381.2</ele>
      </trkpt>
      <trkpt lat="46.9431" lon="-92.93675">
        <ele>381.2</ele>
      </trkpt>
      <trkpt lat="46.94366" lon="-92.93766">
        <ele>381.2</ele>
      </trkpt>
      <trkpt lat="46.94422" lon="-92.93857">
        <ele>381.2</ele>
      </trkpt>
      <trkpt lat="46.94477" lon="-92.93948">
        <ele>381.5</ele>
      </trkpt>
      <trkpt lat="46.94533" lon="-92.9404">
        <ele>382.0</ele>
      </trkpt>
      <trkpt lat="46.94589" lon="-92.94131">
        <ele>382.1</ele>
      </trkpt>
      <trkpt lat="46.94645" lon="-92.94222">
        <ele>382.4</ele>
      </trkpt>
      <trkpt lat="46.94701" lon="-92.94313">
        <ele>383.2</ele>
      </trkpt>
      <trkpt lat="46.94756" lon="-92.94405">
        <ele>384.0</ele>
      </trkpt>
      <trkpt lat="46.94816" lon="-92.94501">
        <ele>384.3</ele>
      </trkpt>
      <trkpt lat="46.94875" lon="-92.94598">
        <ele>384.3</ele>
      </trkpt>
      <trkpt lat="46.94934" lon="-92.94694">
        <ele>384.3</ele>
      </trkpt>
      <trkpt lat="46.94994" lon="-92.94791">
        <ele>384.3</ele>
      </trkpt>
      <trkpt lat="46.95053" lon="-92.94887">
        <ele>384.3</ele>
      </trkpt>
      <trkpt lat="46.95112" lon="-92.94984">
        <ele>384.9</ele>
      </trkpt>
      <trkpt lat="46.95171" lon="-92.9508">
        <ele>385.6</ele>
      </trkpt>
      <trkpt lat="46.95231" lon="-92.95177">
        <ele>385.6</ele>
      </trkpt>
      <trkpt lat="46.9529" lon="-92.95274">
        <ele>385.7</ele>
      </trkpt>
      <trkpt lat="46.95298" lon="-92.95298">
        <ele>385.7</ele>
      </trkpt>
      <trkpt lat="46.95274" lon="-92.95298">
        <ele>385.8</ele>
      </trkpt>
      <trkpt lat="46.95198" lon="-92.95292">
        <ele>385.8</ele>
      </trkpt>
      <trkpt lat="46.95123" lon="-92.95286">
        <ele>385.8</ele>
      </trkpt>
      <trkpt lat="46.95048" lon="-92.9528">
        <ele>385.5</ele>
      </trkpt>
      <trkpt lat="46.94973" lon="-92.95275">
        <ele>385.5</ele>
      </trkpt>
      <trkpt lat="46.94898" lon="-92.95269">
        <ele>385.1</ele>
      </trkpt>
      <trkpt lat="46.94938" lon="-92.95368">
        <ele>385.3</ele>
      </trkpt>
      <trkpt lat="46.94979" lon="-92.95466">
        <ele>385.7</ele>
      </trkpt>
      <trkpt lat="46.9502" lon="-92.95565">
        <ele>385.8</ele>
      </trkpt>
      <trkpt lat="46.9506" lon="-92.95663">
        <ele>385.8</ele>
      </trkpt>
      <trkpt lat="46.95108" lon="-92.95773">
        <ele>385.9</ele>
      </trkpt>
      <trkpt lat="46.95155" lon="-92.95882">
        <ele>385.8</ele>
      </trkpt>
      <trkpt lat="46.95203" lon="-92.95992">
        <ele>385.8</ele>
      </trkpt>
      <trkpt lat="46.95251" lon="-92.96102">
        <ele>385.8</ele>
      </trkpt>
      <trkpt lat="46.95298" lon="-92.96212">
        <ele>385.8</ele>
      </trkpt>
      <trkpt lat="46.95346" lon="-92.96321">
        <ele>385.8</ele>
      </trkpt>
      <trkpt lat="46.95394" lon="-92.96431">
        <ele>385.8</ele>
      </trkpt>
      <trkpt lat="46.95435" lon="-92.96533">
        <ele>385.8</ele>
      </trkpt>
      <trkpt lat="46.95469" lon="-92.96608">
        <ele>385.8</ele>
      </trkpt>
      <trkpt lat="46.95516" lon="-92.9672">
        <ele>385.8</ele>
      </trkpt>
      <trkpt lat="46.95562" lon="-92.96833">
        <ele>385.6</ele>
      </trkpt>
      <trkpt lat="46.95609" lon="-92.96945">
        <ele>385.8</ele>
      </trkpt>
      <trkpt lat="46.95656" lon="-92.97057">
        <ele>385.8</ele>
      </trkpt>
      <trkpt lat="46.95703" lon="-92.97169">
        <ele>386.0</ele>
      </trkpt>
      <trkpt lat="46.95749" lon="-92.97282">
        <ele>385.7</ele>
      </trkpt>
      <trkpt lat="46.95796" lon="-92.97394">
        <ele>385.8</ele>
      </trkpt>
      <trkpt lat="46.95843" lon="-92.97506">
        <ele>385.2</ele>
      </trkpt>
      <trkpt lat="46.95889" lon="-92.97619">
        <ele>385.7</ele>
      </trkpt>
      <trkpt lat="46.95936" lon="-92.97731">
        <ele>385.8</ele>
      </trkpt>
      <trkpt lat="46.95983" lon="-92.97843">
        <ele>385.8</ele>
      </trkpt>
      <trkpt lat="46.96026" lon="-92.97934">
        <ele>385.8</ele>
      </trkpt>
      <trkpt lat="46.9607" lon="-92.98024">
        <ele>385.8</ele>
      </trkpt>
      <trkpt lat="46.96113" lon="-92.98114">
        <ele>386.1</ele>
      </trkpt>
      <trkpt lat="46.96156" lon="-92.98204">
        <ele>386.7</ele>
      </trkpt>
      <trkpt lat="46.962" lon="-92.98294">
        <ele>386.1</ele>
      </trkpt>
      <trkpt lat="46.96252" lon="-92.98371">
        <ele>386.0</ele>
      </trkpt>
      <trkpt lat="46.96305" lon="-92.98448">
        <ele>385.9</ele>
      </trkpt>
      <trkpt lat="46.9637" lon="-92.98523">
        <ele>385.8</ele>
      </trkpt>
      <trkpt lat="46.96435" lon="-92.98598">
        <ele>385.8</ele>
      </trkpt>
      <trkpt lat="46.96506" lon="-92.9867">
        <ele>385.7</ele>
      </trkpt>
      <trkpt lat="46.96577" lon="-92.98742">
        <ele>384.4</ele>
      </trkpt>
      <trkpt lat="46.96648" lon="-92.98814">
        <ele>384.3</ele>
      </trkpt>
      <trkpt lat="46.96718" lon="-92.98886">
        <ele>384.3</ele>
      </trkpt>
      <trkpt lat="46.96789" lon="-92.98959">
        <ele>384.3</ele>
      </trkpt>
      <trkpt lat="46.9686" lon="-92.99031">
        <ele>384.3</ele>
      </trkpt>
      <trkpt lat="46.96931" lon="-92.99103">
        <ele>384.3</ele>
      </trkpt>
      <trkpt lat="46.97002" lon="-92.99175">
        <ele>384.3</ele>
      </trkpt>
      <trkpt lat="46.97073" lon="-92.99247">
        <ele>384.3</ele>
      </trkpt>
      <trkpt lat="46.97143" lon="-92.99317">
        <ele>384.3</ele>
      </trkpt>
      <trkpt lat="46.97213" lon="-92.99388">
        <ele>384.3</ele>
      </trkpt>
      <trkpt lat="46.97283" lon="-92.99458">
        <ele>384.3</ele>
      </trkpt>
      <trkpt lat="46.97353" lon="-92.99529">
        <ele>384.3</ele>
      </trkpt>
      <trkpt lat="46.97424" lon="-92.996">
        <ele>384.3</ele>
      </trkpt>
      <trkpt lat="46.97494" lon="-92.9967">
        <ele>384.3</ele>
      </trkpt>
      <trkpt lat="46.97564" lon="-92.99741">
        <ele>384.3</ele>
      </trkpt>
      <trkpt lat="46.97634" lon="-92.99811">
        <ele>384.3</ele>
      </trkpt>
      <trkpt lat="46.97705" lon="-92.99882">
        <ele>384.3</ele>
      </trkpt>
      <trkpt lat="46.97775" lon="-92.99952">
        <ele>384.5</ele>
      </trkpt>
      <trkpt lat="46.97845" lon="-93.00023">
        <ele>385.0</ele>
      </trkpt>
      <trkpt lat="46.97893" lon="-93.00078">
        <ele>385.2</ele>
      </trkpt>
      <trkpt lat="46.97939" lon="-93.00131">
        <ele>385.4</ele>
      </trkpt>
      <trkpt lat="46.97984" lon="-93.00188">
        <ele>385.7</ele>
      </trkpt>
      <trkpt lat="46.98044" lon="-93.00271">
        <ele>385.8</ele>
      </trkpt>
      <trkpt lat="46.98074" lon="-93.00315">
        <ele>385.8</ele>
      </trkpt>
      <trkpt lat="46.98101" lon="-93.00359">
        <ele>385.8</ele>
      </trkpt>
      <trkpt lat="46.98138" lon="-93.00422">
        <ele>385.8</ele>
      </trkpt>
      <trkpt lat="46.98176" lon="-93.00492">
        <ele>385.8</ele>
      </trkpt>
      <trkpt lat="46.98213" lon="-93.00564">
        <ele>385.8</ele>
      </trkpt>
      <trkpt lat="46.98265" lon="-93.0067">
        <ele>385.8</ele>
      </trkpt>
      <trkpt lat="46.98317" lon="-93.00777">
        <ele>385.8</ele>
      </trkpt>
      <trkpt lat="46.98368" lon="-93.00883">
        <ele>385.8</ele>
      </trkpt>
      <trkpt lat="46.9842" lon="-93.00989">
        <ele>385.8</ele>
      </trkpt>
      <trkpt lat="46.98472" lon="-93.01095">
        <ele>385.8</ele>
      </trkpt>
      <trkpt lat="46.98524" lon="-93.01202">
        <ele>385.8</ele>
      </trkpt>
      <trkpt lat="46.98575" lon="-93.01308">
        <ele>385.8</ele>
      </trkpt>
      <trkpt lat="46.98627" lon="-93.01414">
        <ele>385.9</ele>
      </trkpt>
      <trkpt lat="46.98679" lon="-93.0152">
        <ele>387.3</ele>
      </trkpt>
      <trkpt lat="46.98732" lon="-93.01627">
        <ele>387.3</ele>
      </trkpt>
      <trkpt lat="46.98784" lon="-93.01733">
        <ele>387.3</ele>
      </trkpt>
      <trkpt lat="46.98836" lon="-93.01839">
        <ele>387.3</ele>
      </trkpt>
      <trkpt lat="46.98889" lon="-93.01945">
        <ele>387.3</ele>
      </trkpt>
      <trkpt lat="46.98941" lon="-93.02052">
        <ele>387.0</ele>
      </trkpt>
      <trkpt lat="46.98993" lon="-93.02158">
        <ele>387.0</ele>
      </trkpt>
      <trkpt lat="46.99045" lon="-93.02264">
        <ele>387.0</ele>
      </trkpt>
      <trkpt lat="46.99098" lon="-93.0237">
        <ele>387.0</ele>
      </trkpt>
      <trkpt lat="46.9915" lon="-93.02477">
        <ele>387.0</ele>
      </trkpt>
      <trkpt lat="46.99202" lon="-93.02583">
        <ele>387.3</ele>
      </trkpt>
      <trkpt lat="46.99255" lon="-93.02689">
        <ele>387.3</ele>
      </trkpt>
      <trkpt lat="46.99307" lon="-93.02795">
        <ele>387.3</ele>
      </trkpt>
      <trkpt lat="46.99359" lon="-93.02902">
        <ele>387.3</ele>
      </trkpt>
      <trkpt lat="46.99411" lon="-93.03008">
        <ele>387.3</ele>
      </trkpt>
      <trkpt lat="46.99457" lon="-93.03101">
        <ele>387.3</ele>
      </trkpt>
      <trkpt lat="46.99502" lon="-93.03194">
        <ele>387.3</ele>
      </trkpt>
      <trkpt lat="46.99547" lon="-93.03286">
        <ele>387.3</ele>
      </trkpt>
      <trkpt lat="46.99593" lon="-93.03379">
        <ele>387.3</ele>
      </trkpt>
      <trkpt lat="46.99638" lon="-93.03472">
        <ele>387.3</ele>
      </trkpt>
      <trkpt lat="46.99679" lon="-93.03555">
        <ele>387.3</ele>
      </trkpt>
      <trkpt lat="46.9973" lon="-93.03663">
        <ele>387.3</ele>
      </trkpt>
      <trkpt lat="46.9978" lon="-93.03772">
        <ele>387.3</ele>
      </trkpt>
      <trkpt lat="46.99824" lon="-93.03867">
        <ele>387.7</ele>
      </trkpt>
      <trkpt lat="46.99867" lon="-93.03962">
        <ele>388.9</ele>
      </trkpt>
      <trkpt lat="46.99911" lon="-93.04058">
        <ele>388.9</ele>
      </trkpt>
      <trkpt lat="46.99946" lon="-93.04133">
        <ele>388.9</ele>
      </trkpt>
      <trkpt lat="46.99981" lon="-93.04208">
        <ele>389.0</ele>
      </trkpt>
      <trkpt lat="47.00028" lon="-93.04311">
        <ele>389.8</ele>
      </trkpt>
      <trkpt lat="47.00076" lon="-93.04415">
        <ele>389.3</ele>
      </trkpt>
      <trkpt lat="47.00123" lon="-93.04518">
        <ele>389.1</ele>
      </trkpt>
      <trkpt lat="47.0017" lon="-93.04622">
        <ele>388.6</ele>
      </trkpt>
      <trkpt lat="47.00218" lon="-93.04725">
        <ele>387.7</ele>
      </trkpt>
      <trkpt lat="47.0024" lon="-93.04776">
        <ele>387.4</ele>
      </trkpt>
      <trkpt lat="47.00269" lon="-93.04848">
        <ele>387.3</ele>
      </trkpt>
      <trkpt lat="47.00296" lon="-93.04922">
        <ele>386.8</ele>
      </trkpt>
      <trkpt lat="47.00326" lon="-93.05021">
        <ele>386.5</ele>
      </trkpt>
      <trkpt lat="47.00358" lon="-93.05128">
        <ele>387.1</ele>
      </trkpt>
      <trkpt lat="47.0039" lon="-93.05235">
        <ele>387.3</ele>
      </trkpt>
      <trkpt lat="47.00422" lon="-93.05342">
        <ele>387.7</ele>
      </trkpt>
      <trkpt lat="47.00454" lon="-93.05449">
        <ele>388.1</ele>
      </trkpt>
      <trkpt lat="47.00486" lon="-93.05556">
        <ele>388.5</ele>
      </trkpt>
      <trkpt lat="47.00518" lon="-93.05663">
        <ele>388.2</ele>
      </trkpt>
      <trkpt lat="47.00551" lon="-93.05773">
        <ele>387.7</ele>
      </trkpt>
      <trkpt lat="47.00584" lon="-93.05883">
        <ele>387.3</ele>
      </trkpt>
      <trkpt lat="47.00617" lon="-93.05993">
        <ele>387.3</ele>
      </trkpt>
      <trkpt lat="47.0065" lon="-93.06103">
        <ele>387.3</ele>
      </trkpt>
      <trkpt lat="47.00683" lon="-93.06213">
        <ele>387.3</ele>
      </trkpt>
      <trkpt lat="47.00716" lon="-93.06324">
        <ele>387.3</ele>
      </trkpt>
      <trkpt lat="47.00749" lon="-93.06434">
        <ele>387.9</ele>
      </trkpt>
      <trkpt lat="47.00782" lon="-93.06544">
        <ele>388.4</ele>
      </trkpt>
      <trkpt lat="47.00815" lon="-93.06654">
        <ele>387.5</ele>
      </trkpt>
      <trkpt lat="47.00826" lon="-93.06688">
        <ele>387.3</ele>
      </trkpt>
      <trkpt lat="47.00855" lon="-93.06767">
        <ele>387.3</ele>
      </trkpt>
      <trkpt lat="47.00873" lon="-93.06809">
        <ele>387.3</ele>
      </trkpt>
      <trkpt lat="47.00888" lon="-93.06839">
        <ele>387.3</ele>
      </trkpt>
      <trkpt lat="47.00896" lon="-93.06856">
        <ele>387.3</ele>
      </trkpt>
      <trkpt lat="47.00893" lon="-93.06887">
        <ele>387.3</ele>
      </trkpt>
      <trkpt lat="47.00891" lon="-93.06952">
        <ele>387.3</ele>
      </trkpt>
      <trkpt lat="47.00888" lon="-93.06997">
        <ele>387.2</ele>
      </trkpt>
      <trkpt lat="47.00881" lon="-93.07077">
        <ele>387.3</ele>
      </trkpt>
      <trkpt lat="47.00872" lon="-93.07128">
        <ele>387.3</ele>
      </trkpt>
      <trkpt lat="47.00864" lon="-93.07166">
        <ele>387.3</ele>
      </trkpt>
      <trkpt lat="47.00853" lon="-93.0721">
        <ele>387.3</ele>
      </trkpt>
      <trkpt lat="47.00844" lon="-93.07243">
        <ele>387.3</ele>
      </trkpt>
      <trkpt lat="47.0082" lon="-93.07314">
        <ele>387.3</ele>
      </trkpt>
      <trkpt lat="47.00797" lon="-93.07378">
        <ele>387.3</ele>
      </trkpt>
      <trkpt lat="47.00773" lon="-93.07443">
        <ele>387.3</ele>
      </trkpt>
      <trkpt lat="47.00737" lon="-93.07549">
        <ele>387.3</ele>
      </trkpt>
      <trkpt lat="47.00697" lon="-93.07659">
        <ele>387.3</ele>
      </trkpt>
      <trkpt lat="47.00658" lon="-93.0777">
        <ele>387.3</ele>
      </trkpt>
      <trkpt lat="47.00618" lon="-93.0788">
        <ele>387.3</ele>
      </trkpt>
      <trkpt lat="47.00578" lon="-93.07991">
        <ele>387.3</ele>
      </trkpt>
      <trkpt lat="47.00539" lon="-93.08101">
        <ele>387.3</ele>
      </trkpt>
      <trkpt lat="47.00499" lon="-93.08211">
        <ele>387.3</ele>
      </trkpt>
      <trkpt lat="47.0046" lon="-93.08322">
        <ele>387.3</ele>
      </trkpt>
      <trkpt lat="47.0042" lon="-93.08432">
        <ele>387.3</ele>
      </trkpt>
      <trkpt lat="47.0038" lon="-93.08542">
        <ele>387.3</ele>
      </trkpt>
      <trkpt lat="47.00341" lon="-93.08653">
        <ele>387.3</ele>
      </trkpt>
      <trkpt lat="47.00301" lon="-93.08763">
        <ele>387.3</ele>
      </trkpt>
      <trkpt lat="47.00262" lon="-93.08874">
        <ele>387.3</ele>
      </trkpt>
      <trkpt lat="47.00221" lon="-93.08991">
        <ele>387.3</ele>
      </trkpt>
      <trkpt lat="47.00185" lon="-93.09107">
        <ele>387.3</ele>
      </trkpt>
      <trkpt lat="47.00155" lon="-93.0922">
        <ele>387.3</ele>
      </trkpt>
      <trkpt lat="47.00133" lon="-93.0931">
        <ele>387.3</ele>
      </trkpt>
      <trkpt lat="47.00109" lon="-93.09434">
        <ele>387.3</ele>
      </trkpt>
      <trkpt lat="47.00084" lon="-93.09558">
        <ele>387.3</ele>
      </trkpt>
      <trkpt lat="47.0006" lon="-93.09682">
        <ele>387.2</ele>
      </trkpt>
      <trkpt lat="47.00035" lon="-93.09806">
        <ele>387.3</ele>
      </trkpt>
      <trkpt lat="47.00011" lon="-93.0993">
        <ele>387.2</ele>
      </trkpt>
      <trkpt lat="46.99986" lon="-93.10054">
        <ele>386.6</ele>
      </trkpt>
      <trkpt lat="46.99962" lon="-93.10178">
        <ele>386.5</ele>
      </trkpt>
      <trkpt lat="46.99937" lon="-93.10303">
        <ele>386.3</ele>
      </trkpt>
      <trkpt lat="46.99913" lon="-93.10427">
        <ele>385.7</ele>
      </trkpt>
      <trkpt lat="46.99889" lon="-93.10551">
        <ele>385.6</ele>
      </trkpt>
      <trkpt lat="46.99864" lon="-93.10675">
        <ele>385.6</ele>
      </trkpt>
      <trkpt lat="46.9984" lon="-93.10799">
        <ele>385.6</ele>
      </trkpt>
      <trkpt lat="46.99815" lon="-93.10923">
        <ele>385.7</ele>
      </trkpt>
      <trkpt lat="46.99791" lon="-93.11047">
        <ele>385.8</ele>
      </trkpt>
      <trkpt lat="46.99766" lon="-93.11171">
        <ele>385.8</ele>
      </trkpt>
      <trkpt lat="46.99742" lon="-93.11295">
        <ele>385.8</ele>
      </trkpt>
      <trkpt lat="46.99717" lon="-93.11419">
        <ele>385.8</ele>
      </trkpt>
      <trkpt lat="46.99693" lon="-93.11543">
        <ele>385.8</ele>
      </trkpt>
      <trkpt lat="46.99668" lon="-93.11667">
        <ele>385.8</ele>
      </trkpt>
      <trkpt lat="46.99644" lon="-93.11791">
        <ele>385.8</ele>
      </trkpt>
      <trkpt lat="46.9962" lon="-93.11915">
        <ele>385.8</ele>
      </trkpt>
      <trkpt lat="46.99595" lon="-93.1204">
        <ele>385.8</ele>
      </trkpt>
      <trkpt lat="46.99576" lon="-93.12134">
        <ele>385.8</ele>
      </trkpt>
      <trkpt lat="46.99557" lon="-93.12228">
        <ele>385.6</ele>
      </trkpt>
      <trkpt lat="46.99538" lon="-93.12322">
        <ele>386.6</ele>
      </trkpt>
      <trkpt lat="46.99528" lon="-93.12402">
        <ele>385.5</ele>
      </trkpt>
      <trkpt lat="46.99518" lon="-93.12483">
        <ele>385.4</ele>
      </trkpt>
      <trkpt lat="46.99514" lon="-93.12559">
        <ele>385.7</ele>
      </trkpt>
      <trkpt lat="46.9951" lon="-93.12636">
        <ele>385.8</ele>
      </trkpt>
      <trkpt lat="46.99511" lon="-93.12721">
        <ele>385.4</ele>
      </trkpt>
      <trkpt lat="46.99513" lon="-93.12807">
        <ele>385.4</ele>
      </trkpt>
      <trkpt lat="46.99523" lon="-93.12911">
        <ele>385.4</ele>
      </trkpt>
      <trkpt lat="46.99534" lon="-93.13016">
        <ele>385.5</ele>
      </trkpt>
      <trkpt lat="46.99547" lon="-93.13138">
        <ele>386.8</ele>
      </trkpt>
      <trkpt lat="46.9956" lon="-93.1326">
        <ele>387.0</ele>
      </trkpt>
      <trkpt lat="46.99573" lon="-93.13381">
        <ele>385.8</ele>
      </trkpt>
      <trkpt lat="46.99586" lon="-93.13503">
        <ele>386.2</ele>
      </trkpt>
      <trkpt lat="46.99599" lon="-93.13625">
        <ele>384.6</ele>
      </trkpt>
      <trkpt lat="46.99612" lon="-93.13747">
        <ele>384.4</ele>
      </trkpt>
      <trkpt lat="46.99625" lon="-93.13869">
        <ele>384.3</ele>
      </trkpt>
      <trkpt lat="46.99638" lon="-93.13991">
        <ele>384.3</ele>
      </trkpt>
      <trkpt lat="46.99651" lon="-93.14113">
        <ele>384.3</ele>
      </trkpt>
      <trkpt lat="46.99664" lon="-93.14235">
        <ele>384.0</ele>
      </trkpt>
      <trkpt lat="46.99677" lon="-93.14357">
        <ele>383.2</ele>
      </trkpt>
      <trkpt lat="46.9969" lon="-93.14479">
        <ele>382.7</ele>
      </trkpt>
      <trkpt lat="46.99703" lon="-93.146">
        <ele>382.7</ele>
      </trkpt>
      <trkpt lat="46.99716" lon="-93.14722">
        <ele>382.1</ele>
      </trkpt>
      <trkpt lat="46.99729" lon="-93.14836">
        <ele>381.5</ele>
      </trkpt>
      <trkpt lat="46.99739" lon="-93.14946">
        <ele>382.6</ele>
      </trkpt>
      <trkpt lat="46.99742" lon="-93.15032">
        <ele>382.4</ele>
      </trkpt>
      <trkpt lat="46.99745" lon="-93.15119">
        <ele>381.2</ele>
      </trkpt>
      <trkpt lat="46.99741" lon="-93.15246">
        <ele>381.2</ele>
      </trkpt>
      <trkpt lat="46.99738" lon="-93.15373">
        <ele>381.4</ele>
      </trkpt>
      <trkpt lat="46.99735" lon="-93.155">
        <ele>381.2</ele>
      </trkpt>
      <trkpt lat="46.99732" lon="-93.15627">
        <ele>381.4</ele>
      </trkpt>
      <trkpt lat="46.99729" lon="-93.15754">
        <ele>381.2</ele>
      </trkpt>
      <trkpt lat="46.99725" lon="-93.15881">
        <ele>381.2</ele>
      </trkpt>
      <trkpt lat="46.99722" lon="-93.16008">
        <ele>381.2</ele>
      </trkpt>
      <trkpt lat="46.99719" lon="-93.16135">
        <ele>381.2</ele>
      </trkpt>
      <trkpt lat="46.99714" lon="-93.16266">
        <ele>381.2</ele>
      </trkpt>
      <trkpt lat="46.9971" lon="-93.16396">
        <ele>381.2</ele>
      </trkpt>
      <trkpt lat="46.99705" lon="-93.16527">
        <ele>381.2</ele>
      </trkpt>
      <trkpt lat="46.99701" lon="-93.16657">
        <ele>381.2</ele>
      </trkpt>
      <trkpt lat="46.99696" lon="-93.16782">
        <ele>381.6</ele>
      </trkpt>
      <trkpt lat="46.9969" lon="-93.16906">
        <ele>381.8</ele>
      </trkpt>
      <trkpt lat="46.99685" lon="-93.17031">
        <ele>381.3</ele>
      </trkpt>
      <trkpt lat="46.9968" lon="-93.17155">
        <ele>381.2</ele>
      </trkpt>
      <trkpt lat="46.99675" lon="-93.17279">
        <ele>381.7</ele>
      </trkpt>
      <trkpt lat="46.99669" lon="-93.17404">
        <ele>381.7</ele>
      </trkpt>
      <trkpt lat="46.99664" lon="-93.17528">
        <ele>382.9</ele>
      </trkpt>
      <trkpt lat="46.99659" lon="-93.17653">
        <ele>381.3</ele>
      </trkpt>
      <trkpt lat="46.99654" lon="-93.17777">
        <ele>381.4</ele>
      </trkpt>
      <trkpt lat="46.99649" lon="-93.17902">
        <ele>381.5</ele>
      </trkpt>
      <trkpt lat="46.99643" lon="-93.18025">
        <ele>381.3</ele>
      </trkpt>
      <trkpt lat="46.99638" lon="-93.18149">
        <ele>381.4</ele>
      </trkpt>
      <trkpt lat="46.99632" lon="-93.18273">
        <ele>381.5</ele>
      </trkpt>
      <trkpt lat="46.9963" lon="-93.18367">
        <ele>381.3</ele>
      </trkpt>
      <trkpt lat="46.99627" lon="-93.18461">
        <ele>381.4</ele>
      </trkpt>
      <trkpt lat="46.99628" lon="-93.18553">
        <ele>381.1</ele>
      </trkpt>
      <trkpt lat="46.9963" lon="-93.18644">
        <ele>381.1</ele>
      </trkpt>
      <trkpt lat="46.99638" lon="-93.18757">
        <ele>381.2</ele>
      </trkpt>
      <trkpt lat="46.99646" lon="-93.18871">
        <ele>380.6</ele>
      </trkpt>
      <trkpt lat="46.99663" lon="-93.18998">
        <ele>381.1</ele>
      </trkpt>
      <trkpt lat="46.9968" lon="-93.19125">
        <ele>381.2</ele>
      </trkpt>
      <trkpt lat="46.99696" lon="-93.19253">
        <ele>381.2</ele>
      </trkpt>
      <trkpt lat="46.99711" lon="-93.19371">
        <ele>381.1</ele>
      </trkpt>
      <trkpt lat="46.99726" lon="-93.19489">
        <ele>381.2</ele>
      </trkpt>
      <trkpt lat="46.99741" lon="-93.19608">
        <ele>381.2</ele>
      </trkpt>
      <trkpt lat="46.99756" lon="-93.19726">
        <ele>381.2</ele>
      </trkpt>
      <trkpt lat="46.99772" lon="-93.19845">
        <ele>380.8</ele>
      </trkpt>
      <trkpt lat="46.99787" lon="-93.19963">
        <ele>380.9</ele>
      </trkpt>
      <trkpt lat="46.99802" lon="-93.20081">
        <ele>381.2</ele>
      </trkpt>
      <trkpt lat="46.99817" lon="-93.202">
        <ele>381.2</ele>
      </trkpt>
      <trkpt lat="46.99832" lon="-93.20318">
        <ele>381.3</ele>
      </trkpt>
      <trkpt lat="46.99847" lon="-93.20436">
        <ele>381.3</ele>
      </trkpt>
      <trkpt lat="46.99862" lon="-93.20554">
        <ele>381.3</ele>
      </trkpt>
      <trkpt lat="46.99878" lon="-93.20673">
        <ele>381.4</ele>
      </trkpt>
      <trkpt lat="46.99893" lon="-93.20791">
        <ele>381.4</ele>
      </trkpt>
      <trkpt lat="46.99908" lon="-93.20909">
        <ele>381.2</ele>
      </trkpt>
      <trkpt lat="46.99923" lon="-93.21027">
        <ele>381.2</ele>
      </trkpt>
      <trkpt lat="46.99938" lon="-93.21145">
        <ele>381.3</ele>
      </trkpt>
      <trkpt lat="46.99953" lon="-93.21263">
        <ele>381.3</ele>
      </trkpt>
      <trkpt lat="46.99969" lon="-93.21382">
        <ele>381.0</ele>
      </trkpt>
      <trkpt lat="46.99977" lon="-93.21447">
        <ele>380.8</ele>
      </trkpt>
      <trkpt lat="46.99984" lon="-93.21512">
        <ele>381.0</ele>
      </trkpt>
      <trkpt lat="46.99998" lon="-93.2162">
        <ele>381.3</ele>
      </trkpt>
      <trkpt lat="47.00012" lon="-93.21728">
        <ele>381.4</ele>
      </trkpt>
      <trkpt lat="47.00025" lon="-93.21814">
        <ele>383.3</ele>
      </trkpt>
      <trkpt lat="47.00044" lon="-93.21923">
        <ele>384.0</ele>
      </trkpt>
      <trkpt lat="47.00067" lon="-93.2201">
        <ele>384.0</ele>
      </trkpt>
      <trkpt lat="47.00092" lon="-93.22093">
        <ele>382.4</ele>
      </trkpt>
      <trkpt lat="47.00126" lon="-93.22195">
        <ele>382.1</ele>
      </trkpt>
      <trkpt lat="47.00162" lon="-93.22286">
        <ele>381.2</ele>
      </trkpt>
      <trkpt lat="47.00198" lon="-93.22378">
        <ele>380.8</ele>
      </trkpt>
      <trkpt lat="47.00234" lon="-93.2247">
        <ele>378.2</ele>
      </trkpt>
      <trkpt lat="47.0027" lon="-93.22561">
        <ele>379.0</ele>
      </trkpt>
      <trkpt lat="47.00306" lon="-93.22653">
        <ele>380.9</ele>
      </trkpt>
      <trkpt lat="47.00341" lon="-93.22745">
        <ele>381.2</ele>
      </trkpt>
      <trkpt lat="47.00366" lon="-93.22817">
        <ele>381.2</ele>
      </trkpt>
      <trkpt lat="47.00386" lon="-93.22888">
        <ele>381.2</ele>
      </trkpt>
      <trkpt lat="47.00405" lon="-93.22977">
        <ele>381.2</ele>
      </trkpt>
      <trkpt lat="47.00415" lon="-93.23046">
        <ele>381.3</ele>
      </trkpt>
      <trkpt lat="47.00428" lon="-93.23158">
        <ele>381.1</ele>
      </trkpt>
      <trkpt lat="47.00432" lon="-93.23281">
        <ele>381.4</ele>
      </trkpt>
      <trkpt lat="47.00432" lon="-93.23409">
        <ele>383.4</ele>
      </trkpt>
      <trkpt lat="47.00432" lon="-93.23538">
        <ele>384.3</ele>
      </trkpt>
      <trkpt lat="47.00431" lon="-93.23666">
        <ele>384.5</ele>
      </trkpt>
      <trkpt lat="47.00431" lon="-93.23794">
        <ele>387.3</ele>
      </trkpt>
      <trkpt lat="47.00431" lon="-93.23922">
        <ele>387.4</ele>
      </trkpt>
      <trkpt lat="47.0043" lon="-93.2405">
        <ele>387.4</ele>
      </trkpt>
      <trkpt lat="47.0043" lon="-93.24179">
        <ele>387.4</ele>
      </trkpt>
      <trkpt lat="47.0043" lon="-93.24307">
        <ele>387.4</ele>
      </trkpt>
      <trkpt lat="47.00429" lon="-93.24435">
        <ele>387.4</ele>
      </trkpt>
      <trkpt lat="47.00429" lon="-93.24563">
        <ele>387.3</ele>
      </trkpt>
      <trkpt lat="47.00429" lon="-93.24691">
        <ele>387.4</ele>
      </trkpt>
      <trkpt lat="47.00428" lon="-93.2482">
        <ele>388.7</ele>
      </trkpt>
      <trkpt lat="47.00428" lon="-93.24948">
        <ele>388.6</ele>
      </trkpt>
      <trkpt lat="47.00428" lon="-93.25076">
        <ele>389.0</ele>
      </trkpt>
      <trkpt lat="47.00429" lon="-93.25176">
        <ele>388.8</ele>
      </trkpt>
      <trkpt lat="47.00429" lon="-93.25248">
        <ele>388.5</ele>
      </trkpt>
      <trkpt lat="47.00428" lon="-93.2537">
        <ele>387.7</ele>
      </trkpt>
      <trkpt lat="47.00428" lon="-93.25492">
        <ele>385.7</ele>
      </trkpt>
      <trkpt lat="47.00428" lon="-93.25614">
        <ele>382.7</ele>
      </trkpt>
      <trkpt lat="47.00428" lon="-93.25736">
        <ele>384.3</ele>
      </trkpt>
      <trkpt lat="47.00428" lon="-93.25859">
        <ele>384.6</ele>
      </trkpt>
      <trkpt lat="47.00428" lon="-93.25981">
        <ele>384.9</ele>
      </trkpt>
      <trkpt lat="47.00428" lon="-93.26103">
        <ele>383.2</ele>
      </trkpt>
      <trkpt lat="47.00429" lon="-93.2618">
        <ele>382.5</ele>
      </trkpt>
      <trkpt lat="47.00429" lon="-93.26256">
        <ele>381.0</ele>
      </trkpt>
      <trkpt lat="47.00426" lon="-93.2629">
        <ele>380.0</ele>
      </trkpt>
      <trkpt lat="47.00419" lon="-93.26315">
        <ele>379.0</ele>
      </trkpt>
      <trkpt lat="47.0041" lon="-93.26337">
        <ele>378.6</ele>
      </trkpt>
      <trkpt lat="47.00392" lon="-93.26367">
        <ele>378.8</ele>
      </trkpt>
      <trkpt lat="47.00374" lon="-93.26392">
        <ele>378.5</ele>
      </trkpt>
      <trkpt lat="47.00364" lon="-93.26405">
        <ele>378.6</ele>
      </trkpt>
      <trkpt lat="47.00296" lon="-93.26486">
        <ele>382.0</ele>
      </trkpt>
      <trkpt lat="47.00228" lon="-93.26568">
        <ele>381.5</ele>
      </trkpt>
      <trkpt lat="47.00185" lon="-93.26617">
        <ele>382.0</ele>
      </trkpt>
      <trkpt lat="47.00143" lon="-93.26667">
        <ele>381.9</ele>
      </trkpt>
      <trkpt lat="47.00109" lon="-93.2671">
        <ele>381.8</ele>
      </trkpt>
      <trkpt lat="47.00074" lon="-93.26752">
        <ele>381.8</ele>
      </trkpt>
      <trkpt lat="47.00114" lon="-93.26828">
        <ele>380.0</ele>
      </trkpt>
      <trkpt lat="47.00153" lon="-93.26902">
        <ele>378.4</ele>
      </trkpt>
      <trkpt lat="47.00194" lon="-93.26979">
        <ele>376.7</ele>
      </trkpt>
      <trkpt lat="47.00236" lon="-93.27056">
        <ele>376.5</ele>
      </trkpt>
      <trkpt lat="47.00268" lon="-93.27113">
        <ele>376.7</ele>
      </trkpt>
      <trkpt lat="47.003" lon="-93.2717">
        <ele>376.5</ele>
      </trkpt>
      <trkpt lat="47.00338" lon="-93.27239">
        <ele>376.4</ele>
      </trkpt>
      <trkpt lat="47.00387" lon="-93.27346">
        <ele>378.1</ele>
      </trkpt>
      <trkpt lat="47.00416" lon="-93.27431">
        <ele>378.3</ele>
      </trkpt>
      <trkpt lat="47.0044" lon="-93.27529">
        <ele>379.3</ele>
      </trkpt>
      <trkpt lat="47.00453" lon="-93.27587">
        <ele>379.7</ele>
      </trkpt>
      <trkpt lat="47.0046" lon="-93.27651">
        <ele>379.8</ele>
      </trkpt>
      <trkpt lat="47.00465" lon="-93.2771">
        <ele>380.1</ele>
      </trkpt>
      <trkpt lat="47.00468" lon="-93.27791">
        <ele>381.0</ele>
      </trkpt>
      <trkpt lat="47.00472" lon="-93.27871">
        <ele>381.2</ele>
      </trkpt>
      <trkpt lat="47.00475" lon="-93.2799">
        <ele>379.7</ele>
      </trkpt>
      <trkpt lat="47.00479" lon="-93.28108">
        <ele>379.5</ele>
      </trkpt>
      <trkpt lat="47.00482" lon="-93.28226">
        <ele>378.2</ele>
      </trkpt>
      <trkpt lat="47.00487" lon="-93.28344">
        <ele>378.2</ele>
      </trkpt>
      <trkpt lat="47.00491" lon="-93.28462">
        <ele>378.4</ele>
      </trkpt>
      <trkpt lat="47.00496" lon="-93.28579">
        <ele>378.2</ele>
      </trkpt>
      <trkpt lat="47.00501" lon="-93.28697">
        <ele>378.2</ele>
      </trkpt>
      <trkpt lat="47.00506" lon="-93.28815">
        <ele>381.1</ele>
      </trkpt>
      <trkpt lat="47.0051" lon="-93.28932">
        <ele>381.7</ele>
      </trkpt>
      <trkpt lat="47.00515" lon="-93.2905">
        <ele>382.4</ele>
      </trkpt>
      <trkpt lat="47.0052" lon="-93.29168">
        <ele>379.7</ele>
      </trkpt>
      <trkpt lat="47.0052" lon="-93.29262">
        <ele>378.9</ele>
      </trkpt>
      <trkpt lat="47.00515" lon="-93.29349">
        <ele>381.4</ele>
      </trkpt>
      <trkpt lat="47.00502" lon="-93.29446">
        <ele>382.8</ele>
      </trkpt>
      <trkpt lat="47.00586" lon="-93.29446">
        <ele>381.3</ele>
      </trkpt>
      <trkpt lat="47.0067" lon="-93.29447">
        <ele>379.0</ele>
      </trkpt>
      <trkpt lat="47.00754" lon="-93.29447">
        <ele>378.8</ele>
      </trkpt>
      <trkpt lat="47.00838" lon="-93.29447">
        <ele>381.3</ele>
      </trkpt>
      <trkpt lat="47.00922" lon="-93.29448">
        <ele>381.5</ele>
      </trkpt>
      <trkpt lat="47.01005" lon="-93.29448">
        <ele>381.6</ele>
      </trkpt>
      <trkpt lat="47.01089" lon="-93.29448">
        <ele>382.3</ele>
      </trkpt>
      <trkpt lat="47.01173" lon="-93.29448">
        <ele>382.8</ele>
      </trkpt>
      <trkpt lat="47.01257" lon="-93.29449">
        <ele>382.8</ele>
      </trkpt>
      <trkpt lat="47.01336" lon="-93.29456">
        <ele>382.9</ele>
      </trkpt>
      <trkpt lat="47.01415" lon="-93.29464">
        <ele>383.1</ele>
      </trkpt>
      <trkpt lat="47.01494" lon="-93.29471">
        <ele>382.5</ele>
      </trkpt>
      <trkpt lat="47.01541" lon="-93.29482">
        <ele>381.5</ele>
      </trkpt>
      <trkpt lat="47.0159" lon="-93.295">
        <ele>381.3</ele>
      </trkpt>
      <trkpt lat="47.01646" lon="-93.2953">
        <ele>381.0</ele>
      </trkpt>
      <trkpt lat="47.01701" lon="-93.29567">
        <ele>381.2</ele>
      </trkpt>
      <trkpt lat="47.01755" lon="-93.29619">
        <ele>381.0</ele>
      </trkpt>
      <trkpt lat="47.0179" lon="-93.29664">
        <ele>380.5</ele>
      </trkpt>
      <trkpt lat="47.01817" lon="-93.29701">
        <ele>379.9</ele>
      </trkpt>
      <trkpt lat="47.01837" lon="-93.29735">
        <ele>379.7</ele>
      </trkpt>
      <trkpt lat="47.01858" lon="-93.29774">
        <ele>379.7</ele>
      </trkpt>
      <trkpt lat="47.0188" lon="-93.29819">
        <ele>379.7</ele>
      </trkpt>
      <trkpt lat="47.01922" lon="-93.29925">
        <ele>380.4</ele>
      </trkpt>
      <trkpt lat="47.01955" lon="-93.29997">
        <ele>380.8</ele>
      </trkpt>
      <trkpt lat="47.01988" lon="-93.30069">
        <ele>381.0</ele>
      </trkpt>
      <trkpt lat="47.02023" lon="-93.30153">
        <ele>381.4</ele>
      </trkpt>
      <trkpt lat="47.0207" lon="-93.30261">
        <ele>381.8</ele>
      </trkpt>
      <trkpt lat="47.02116" lon="-93.30369">
        <ele>381.9</ele>
      </trkpt>
      <trkpt lat="47.02163" lon="-93.30477">
        <ele>382.2</ele>
      </trkpt>
      <trkpt lat="47.02209" lon="-93.30585">
        <ele>382.5</ele>
      </trkpt>
      <trkpt lat="47.02256" lon="-93.30693">
        <ele>382.5</ele>
      </trkpt>
      <trkpt lat="47.023" lon="-93.30795">
        <ele>382.5</ele>
      </trkpt>
      <trkpt lat="47.02344" lon="-93.30897">
        <ele>382.5</ele>
      </trkpt>
      <trkpt lat="47.02388" lon="-93.30999">
        <ele>382.5</ele>
      </trkpt>
      <trkpt lat="47.02432" lon="-93.311">
        <ele>382.5</ele>
      </trkpt>
      <trkpt lat="47.02476" lon="-93.31202">
        <ele>382.5</ele>
      </trkpt>
      <trkpt lat="47.0252" lon="-93.31304">
        <ele>382.5</ele>
      </trkpt>
      <trkpt lat="47.02564" lon="-93.31406">
        <ele>382.5</ele>
      </trkpt>
      <trkpt lat="47.02608" lon="-93.31508">
        <ele>382.5</ele>
      </trkpt>
      <trkpt lat="47.02651" lon="-93.31605">
        <ele>382.5</ele>
      </trkpt>
      <trkpt lat="47.02693" lon="-93.31703">
        <ele>382.6</ele>
      </trkpt>
      <trkpt lat="47.02736" lon="-93.31801">
        <ele>381.0</ele>
      </trkpt>
      <trkpt lat="47.02778" lon="-93.31899">
        <ele>380.1</ele>
      </trkpt>
      <trkpt lat="47.02821" lon="-93.31997">
        <ele>381.2</ele>
      </trkpt>
      <trkpt lat="47.02868" lon="-93.32105">
        <ele>381.2</ele>
      </trkpt>
      <trkpt lat="47.02914" lon="-93.32213">
        <ele>381.1</ele>
      </trkpt>
      <trkpt lat="47.02961" lon="-93.32321">
        <ele>380.4</ele>
      </trkpt>
      <trkpt lat="47.03007" lon="-93.32429">
        <ele>381.3</ele>
      </trkpt>
      <trkpt lat="47.03054" lon="-93.32537">
        <ele>380.9</ele>
      </trkpt>
      <trkpt lat="47.03101" lon="-93.32646">
        <ele>379.7</ele>
      </trkpt>
      <trkpt lat="47.03147" lon="-93.32754">
        <ele>378.7</ele>
      </trkpt>
      <trkpt lat="47.03194" lon="-93.32862">
        <ele>378.2</ele>
      </trkpt>
      <trkpt lat="47.03232" lon="-93.32953">
        <ele>378.2</ele>
      </trkpt>
      <trkpt lat="47.03273" lon="-93.33034">
        <ele>378.2</ele>
      </trkpt>
      <trkpt lat="47.0333" lon="-93.33122">
        <ele>378.1</ele>
      </trkpt>
      <trkpt lat="47.03386" lon="-93.3321">
        <ele>378.1</ele>
      </trkpt>
      <trkpt lat="47.03443" lon="-93.33298">
        <ele>378.0</ele>
      </trkpt>
      <trkpt lat="47.035" lon="-93.33386">
        <ele>378.0</ele>
      </trkpt>
      <trkpt lat="47.03557" lon="-93.33475">
        <ele>378.6</ele>
      </trkpt>
      <trkpt lat="47.03601" lon="-93.33542">
        <ele>378.9</ele>
      </trkpt>
      <trkpt lat="47.03645" lon="-93.33609">
        <ele>379.1</ele>
      </trkpt>
      <trkpt lat="47.03689" lon="-93.33676">
        <ele>380.7</ele>
      </trkpt>
      <trkpt lat="47.03731" lon="-93.33747">
        <ele>381.8</ele>
      </trkpt>
      <trkpt lat="47.03771" lon="-93.33829">
        <ele>381.9</ele>
      </trkpt>
      <trkpt lat="47.03809" lon="-93.33924">
        <ele>381.2</ele>
      </trkpt>
      <trkpt lat="47.03846" lon="-93.34019">
        <ele>381.3</ele>
      </trkpt>
      <trkpt lat="47.03884" lon="-93.34114">
        <ele>382.0</ele>
      </trkpt>
      <trkpt lat="47.03922" lon="-93.34209">
        <ele>381.7</ele>
      </trkpt>
      <trkpt lat="47.0396" lon="-93.34304">
        <ele>382.6</ele>
      </trkpt>
      <trkpt lat="47.03996" lon="-93.34376">
        <ele>382.8</ele>
      </trkpt>
      <trkpt lat="47.0404" lon="-93.34454">
        <ele>381.3</ele>
      </trkpt>
      <trkpt lat="47.04099" lon="-93.34532">
        <ele>381.8</ele>
      </trkpt>
      <trkpt lat="47.04158" lon="-93.34611">
        <ele>383.6</ele>
      </trkpt>
      <trkpt lat="47.04218" lon="-93.34689">
        <ele>383.5</ele>
      </trkpt>
      <trkpt lat="47.04273" lon="-93.34764">
        <ele>383.0</ele>
      </trkpt>
      <trkpt lat="47.04328" lon="-93.34839">
        <ele>382.7</ele>
      </trkpt>
      <trkpt lat="47.04384" lon="-93.34914">
        <ele>382.5</ele>
      </trkpt>
      <trkpt lat="47.04439" lon="-93.34989">
        <ele>382.7</ele>
      </trkpt>
      <trkpt lat="47.04494" lon="-93.35064">
        <ele>382.1</ele>
      </trkpt>
      <trkpt lat="47.0455" lon="-93.35139">
        <ele>382.8</ele>
      </trkpt>
      <trkpt lat="47.04582" lon="-93.35184">
        <ele>382.6</ele>
      </trkpt>
      <trkpt lat="47.04615" lon="-93.35244">
        <ele>381.9</ele>
      </trkpt>
      <trkpt lat="47.0464" lon="-93.35307">
        <ele>382.2</ele>
      </trkpt>
      <trkpt lat="47.04662" lon="-93.35376">
        <ele>382.3</ele>
      </trkpt>
      <trkpt lat="47.0469" lon="-93.35491">
        <ele>381.2</ele>
      </trkpt>
      <trkpt lat="47.04718" lon="-93.35607">
        <ele>382.3</ele>
      </trkpt>
      <trkpt lat="47.04746" lon="-93.35723">
        <ele>382.3</ele>
      </trkpt>
      <trkpt lat="47.04775" lon="-93.35839">
        <ele>381.2</ele>
      </trkpt>
      <trkpt lat="47.04803" lon="-93.35955">
        <ele>381.2</ele>
      </trkpt>
      <trkpt lat="47.04822" lon="-93.36035">
        <ele>381.2</ele>
      </trkpt>
      <trkpt lat="47.04841" lon="-93.36115">
        <ele>381.2</ele>
      </trkpt>
      <trkpt lat="47.04864" lon="-93.36194">
        <ele>381.2</ele>
      </trkpt>
      <trkpt lat="47.04897" lon="-93.3629">
        <ele>381.2</ele>
      </trkpt>
      <trkpt lat="47.04929" lon="-93.36385">
        <ele>381.2</ele>
      </trkpt>
      <trkpt lat="47.04962" lon="-93.36481">
        <ele>381.2</ele>
      </trkpt>
      <trkpt lat="47.04994" lon="-93.36576">
        <ele>381.2</ele>
      </trkpt>
      <trkpt lat="47.05025" lon="-93.36665">
        <ele>381.1</ele>
      </trkpt>
      <trkpt lat="47.05056" lon="-93.36754">
        <ele>377.7</ele>
      </trkpt>
      <trkpt lat="47.05086" lon="-93.36843">
        <ele>379.6</ele>
      </trkpt>
      <trkpt lat="47.0511" lon="-93.36917">
        <ele>381.1</ele>
      </trkpt>
      <trkpt lat="47.05134" lon="-93.3699">
        <ele>381.2</ele>
      </trkpt>
      <trkpt lat="47.05161" lon="-93.37088">
        <ele>381.2</ele>
      </trkpt>
      <trkpt lat="47.05189" lon="-93.37186">
        <ele>381.2</ele>
      </trkpt>
      <trkpt lat="47.05218" lon="-93.373">
        <ele>381.2</ele>
      </trkpt>
      <trkpt lat="47.05247" lon="-93.37414">
        <ele>381.2</ele>
      </trkpt>
      <trkpt lat="47.05277" lon="-93.37528">
        <ele>380.9</ele>
      </trkpt>
      <trkpt lat="47.05306" lon="-93.37642">
        <ele>379.6</ele>
      </trkpt>
      <trkpt lat="47.05336" lon="-93.37756">
        <ele>379.7</ele>
      </trkpt>
      <trkpt lat="47.05365" lon="-93.3787">
        <ele>379.9</ele>
      </trkpt>
      <trkpt lat="47.05394" lon="-93.37984">
        <ele>379.7</ele>
      </trkpt>
      <trkpt lat="47.05424" lon="-93.38099">
        <ele>379.9</ele>
      </trkpt>
      <trkpt lat="47.05449" lon="-93.38188">
        <ele>379.3</ele>
      </trkpt>
      <trkpt lat="47.05474" lon="-93.38277">
        <ele>379.1</ele>
      </trkpt>
      <trkpt lat="47.05499" lon="-93.38367">
        <ele>380.8</ele>
      </trkpt>
      <trkpt lat="47.05528" lon="-93.38442">
        <ele>380.6</ele>
      </trkpt>
      <trkpt lat="47.0555" lon="-93.38484">
        <ele>380.8</ele>
      </trkpt>
      <trkpt lat="47.056" lon="-93.38559">
        <ele>379.7</ele>
      </trkpt>
      <trkpt lat="47.0565" lon="-93.38634">
        <ele>379.7</ele>
      </trkpt>
      <trkpt lat="47.057" lon="-93.38709">
        <ele>378.8</ele>
      </trkpt>
      <trkpt lat="47.0574" lon="-93.38772">
        <ele>380.4</ele>
      </trkpt>
      <trkpt lat="47.05781" lon="-93.38835">
        <ele>381.5</ele>
      </trkpt>
      <trkpt lat="47.05816" lon="-93.389">
        <ele>381.2</ele>
      </trkpt>
      <trkpt lat="47.05863" lon="-93.39">
        <ele>381.3</ele>
      </trkpt>
      <trkpt lat="47.05911" lon="-93.39101">
        <ele>381.9</ele>
      </trkpt>
      <trkpt lat="47.05959" lon="-93.39201">
        <ele>381.5</ele>
      </trkpt>
      <trkpt lat="47.06007" lon="-93.39301">
        <ele>381.5</ele>
      </trkpt>
      <trkpt lat="47.0604" lon="-93.39365">
        <ele>381.6</ele>
      </trkpt>
      <trkpt lat="47.06081" lon="-93.39419">
        <ele>381.6</ele>
      </trkpt>
      <trkpt lat="47.06116" lon="-93.39455">
        <ele>381.6</ele>
      </trkpt>
      <trkpt lat="47.06191" lon="-93.39523">
        <ele>381.3</ele>
      </trkpt>
      <trkpt lat="47.06267" lon="-93.39591">
        <ele>381.3</ele>
      </trkpt>
      <trkpt lat="47.06342" lon="-93.39659">
        <ele>382.0</ele>
      </trkpt>
      <trkpt lat="47.06417" lon="-93.39727">
        <ele>382.0</ele>
      </trkpt>
      <trkpt lat="47.06492" lon="-93.39794">
        <ele>382.8</ele>
      </trkpt>
      <trkpt lat="47.06568" lon="-93.39862">
        <ele>382.8</ele>
      </trkpt>
      <trkpt lat="47.06643" lon="-93.3993">
        <ele>383.0</ele>
      </trkpt>
      <trkpt lat="47.06718" lon="-93.39998">
        <ele>383.7</ele>
      </trkpt>
      <trkpt lat="47.06794" lon="-93.40066">
        <ele>384.3</ele>
      </trkpt>
      <trkpt lat="47.06869" lon="-93.40134">
        <ele>384.3</ele>
      </trkpt>
      <trkpt lat="47.06944" lon="-93.40202">
        <ele>385.3</ele>
      </trkpt>
      <trkpt lat="47.07019" lon="-93.4027">
        <ele>385.5</ele>
      </trkpt>
      <trkpt lat="47.07061" lon="-93.40297">
        <ele>385.2</ele>
      </trkpt>
      <trkpt lat="47.07102" lon="-93.40325">
        <ele>385.4</ele>
      </trkpt>
      <trkpt lat="47.07159" lon="-93.40355">
        <ele>385.6</ele>
      </trkpt>
      <trkpt lat="47.07245" lon="-93.40381">
        <ele>385.6</ele>
      </trkpt>
      <trkpt lat="47.07331" lon="-93.40408">
        <ele>384.8</ele>
      </trkpt>
      <trkpt lat="47.07418" lon="-93.40434">
        <ele>384.9</ele>
      </trkpt>
      <trkpt lat="47.07504" lon="-93.40461">
        <ele>385.3</ele>
      </trkpt>
      <trkpt lat="47.0759" lon="-93.40487">
        <ele>385.6</ele>
      </trkpt>
      <trkpt lat="47.07676" lon="-93.40513">
        <ele>384.3</ele>
      </trkpt>
      <trkpt lat="47.07762" lon="-93.4054">
        <ele>385.1</ele>
      </trkpt>
      <trkpt lat="47.07849" lon="-93.40566">
        <ele>385.8</ele>
      </trkpt>
      <trkpt lat="47.07935" lon="-93.40593">
        <ele>386.3</ele>
      </trkpt>
      <trkpt lat="47.08021" lon="-93.40619">
        <ele>387.3</ele>
      </trkpt>
      <trkpt lat="47.08107" lon="-93.40645">
        <ele>387.4</ele>
      </trkpt>
      <trkpt lat="47.08193" lon="-93.40672">
        <ele>387.4</ele>
      </trkpt>
      <trkpt lat="47.0828" lon="-93.40698">
        <ele>387.6</ele>
      </trkpt>
      <trkpt lat="47.08357" lon="-93.40714">
        <ele>388.1</ele>
      </trkpt>
      <trkpt lat="47.08424" lon="-93.40721">
        <ele>387.8</ele>
      </trkpt>
      <trkpt lat="47.08488" lon="-93.40721">
        <ele>387.4</ele>
      </trkpt>
      <trkpt lat="47.08551" lon="-93.40721">
        <ele>387.4</ele>
      </trkpt>
      <trkpt lat="47.08615" lon="-93.40722">
        <ele>388.0</ele>
      </trkpt>
      <trkpt lat="47.08662" lon="-93.40728">
        <ele>387.4</ele>
      </trkpt>
      <trkpt lat="47.08709" lon="-93.40735">
        <ele>388.4</ele>
      </trkpt>
      <trkpt lat="47.08795" lon="-93.40754">
        <ele>389.1</ele>
      </trkpt>
      <trkpt lat="47.08851" lon="-93.40769">
        <ele>387.9</ele>
      </trkpt>
      <trkpt lat="47.08908" lon="-93.40784">
        <ele>387.5</ele>
      </trkpt>
      <trkpt lat="47.08992" lon="-93.40805">
        <ele>388.9</ele>
      </trkpt>
      <trkpt lat="47.09076" lon="-93.40826">
        <ele>389.6</ele>
      </trkpt>
      <trkpt lat="47.0916" lon="-93.40847">
        <ele>388.9</ele>
      </trkpt>
      <trkpt lat="47.09243" lon="-93.40868">
        <ele>387.8</ele>
      </trkpt>
      <trkpt lat="47.09327" lon="-93.40889">
        <ele>387.4</ele>
      </trkpt>
      <trkpt lat="47.09411" lon="-93.4091">
        <ele>388.3</ele>
      </trkpt>
      <trkpt lat="47.09495" lon="-93.40931">
        <ele>387.4</ele>
      </trkpt>
      <trkpt lat="47.09579" lon="-93.40952">
        <ele>387.5</ele>
      </trkpt>
      <trkpt lat="47.09663" lon="-93.40973">
        <ele>387.5</ele>
      </trkpt>
      <trkpt lat="47.09747" lon="-93.40994">
        <ele>389.1</ele>
      </trkpt>
      <trkpt lat="47.09831" lon="-93.41015">
        <ele>388.9</ele>
      </trkpt>
      <trkpt lat="47.09914" lon="-93.41036">
        <ele>388.9</ele>
      </trkpt>
      <trkpt lat="47.09998" lon="-93.41057">
        <ele>388.2</ele>
      </trkpt>
      <trkpt lat="47.10082" lon="-93.41078">
        <ele>387.5</ele>
      </trkpt>
      <trkpt lat="47.10166" lon="-93.41099">
        <ele>387.4</ele>
      </trkpt>
      <trkpt lat="47.1025" lon="-93.4112">
        <ele>387.3</ele>
      </trkpt>
      <trkpt lat="47.10334" lon="-93.41141">
        <ele>387.4</ele>
      </trkpt>
      <trkpt lat="47.10418" lon="-93.41162">
        <ele>387.3</ele>
      </trkpt>
      <trkpt lat="47.10488" lon="-93.41179">
        <ele>387.1</ele>
      </trkpt>
      <trkpt lat="47.10559" lon="-93.41196">
        <ele>386.9</ele>
      </trkpt>
      <trkpt lat="47.10624" lon="-93.412">
        <ele>387.2</ele>
      </trkpt>
      <trkpt lat="47.10692" lon="-93.41195">
        <ele>387.0</ele>
      </trkpt>
      <trkpt lat="47.10752" lon="-93.41184">
        <ele>387.3</ele>
      </trkpt>
      <trkpt lat="47.1083" lon="-93.41162">
        <ele>387.1</ele>
      </trkpt>
      <trkpt lat="47.10914" lon="-93.41121">
        <ele>387.4</ele>
      </trkpt>
      <trkpt lat="47.10991" lon="-93.41085">
        <ele>388.7</ele>
      </trkpt>
      <trkpt lat="47.11068" lon="-93.41049">
        <ele>390.4</ele>
      </trkpt>
      <trkpt lat="47.11145" lon="-93.41013">
        <ele>391.7</ele>
      </trkpt>
      <trkpt lat="47.11222" lon="-93.40978">
        <ele>390.4</ele>
      </trkpt>
      <trkpt lat="47.11299" lon="-93.40942">
        <ele>389.2</ele>
      </trkpt>
      <trkpt lat="47.11376" lon="-93.40906">
        <ele>389.8</ele>
      </trkpt>
      <trkpt lat="47.11453" lon="-93.4087">
        <ele>388.1</ele>
      </trkpt>
      <trkpt lat="47.1153" lon="-93.40834">
        <ele>385.4</ele>
      </trkpt>
      <trkpt lat="47.11607" lon="-93.40798">
        <ele>384.3</ele>
      </trkpt>
      <trkpt lat="47.11685" lon="-93.40763">
        <ele>384.3</ele>
      </trkpt>
      <trkpt lat="47.11741" lon="-93.40741">
        <ele>384.7</ele>
      </trkpt>
      <trkpt lat="47.11801" lon="-93.40726">
        <ele>384.6</ele>
      </trkpt>
      <trkpt lat="47.11874" lon="-93.40716">
        <ele>384.3</ele>
      </trkpt>
      <trkpt lat="47.11954" lon="-93.40717">
        <ele>384.3</ele>
      </trkpt>
      <trkpt lat="47.12034" lon="-93.40718">
        <ele>384.5</ele>
      </trkpt>
      <trkpt lat="47.12114" lon="-93.40719">
        <ele>385.1</ele>
      </trkpt>
      <trkpt lat="47.12194" lon="-93.4072">
        <ele>385.8</ele>
      </trkpt>
      <trkpt lat="47.12274" lon="-93.40721">
        <ele>385.8</ele>
      </trkpt>
      <trkpt lat="47.12354" lon="-93.40722">
        <ele>385.5</ele>
      </trkpt>
      <trkpt lat="47.12426" lon="-93.40726">
        <ele>385.6</ele>
      </trkpt>
      <trkpt lat="47.12497" lon="-93.40729">
        <ele>385.3</ele>
      </trkpt>
      <trkpt lat="47.12581" lon="-93.40738">
        <ele>384.4</ele>
      </trkpt>
      <trkpt lat="47.12665" lon="-93.40746">
        <ele>384.3</ele>
      </trkpt>
      <trkpt lat="47.1275" lon="-93.40755">
        <ele>384.4</ele>
      </trkpt>
      <trkpt lat="47.12834" lon="-93.40763">
        <ele>383.1</ele>
      </trkpt>
      <trkpt lat="47.12918" lon="-93.40771">
        <ele>380.4</ele>
      </trkpt>
      <trkpt lat="47.13002" lon="-93.4078">
        <ele>382.4</ele>
      </trkpt>
      <trkpt lat="47.13086" lon="-93.40788">
        <ele>383.7</ele>
      </trkpt>
      <trkpt lat="47.13162" lon="-93.40795">
        <ele>384.2</ele>
      </trkpt>
      <trkpt lat="47.13237" lon="-93.40802">
        <ele>384.3</ele>
      </trkpt>
      <trkpt lat="47.13313" lon="-93.40809">
        <ele>384.3</ele>
      </trkpt>
      <trkpt lat="47.13388" lon="-93.40816">
        <ele>383.4</ele>
      </trkpt>
      <trkpt lat="47.13464" lon="-93.40823">
        <ele>383.8</ele>
      </trkpt>
      <trkpt lat="47.13539" lon="-93.4083">
        <ele>384.4</ele>
      </trkpt>
      <trkpt lat="47.13596" lon="-93.4084">
        <ele>384.5</ele>
      </trkpt>
      <trkpt lat="47.13678" lon="-93.40867">
        <ele>384.5</ele>
      </trkpt>
      <trkpt lat="47.1376" lon="-93.40895">
        <ele>384.4</ele>
      </trkpt>
      <trkpt lat="47.13842" lon="-93.40922">
        <ele>384.6</ele>
      </trkpt>
      <trkpt lat="47.13924" lon="-93.40949">
        <ele>385.1</ele>
      </trkpt>
      <trkpt lat="47.13968" lon="-93.40965">
        <ele>385.4</ele>
      </trkpt>
      <trkpt lat="47.14012" lon="-93.40981">
        <ele>385.5</ele>
      </trkpt>
      <trkpt lat="47.14097" lon="-93.4102">
        <ele>385.7</ele>
      </trkpt>
      <trkpt lat="47.14156" lon="-93.41063">
        <ele>386.5</ele>
      </trkpt>
      <trkpt lat="47.14214" lon="-93.4111">
        <ele>387.0</ele>
      </trkpt>
      <trkpt lat="47.14271" lon="-93.41157">
        <ele>387.1</ele>
      </trkpt>
      <trkpt lat="47.14316" lon="-93.41198">
        <ele>387.3</ele>
      </trkpt>
      <trkpt lat="47.14361" lon="-93.41239">
        <ele>387.7</ele>
      </trkpt>
      <trkpt lat="47.14417" lon="-93.413">
        <ele>388.8</ele>
      </trkpt>
      <trkpt lat="47.14471" lon="-93.41363">
        <ele>390.4</ele>
      </trkpt>
      <trkpt lat="47.14512" lon="-93.41419">
        <ele>389.4</ele>
      </trkpt>
      <trkpt lat="47.14555" lon="-93.41486">
        <ele>388.6</ele>
      </trkpt>
      <trkpt lat="47.14601" lon="-93.41566">
        <ele>388.4</ele>
      </trkpt>
      <trkpt lat="47.14641" lon="-93.41643">
        <ele>388.5</ele>
      </trkpt>
      <trkpt lat="47.14674" lon="-93.41721">
        <ele>387.9</ele>
      </trkpt>
      <trkpt lat="47.14707" lon="-93.41812">
        <ele>387.8</ele>
      </trkpt>
      <trkpt lat="47.14739" lon="-93.4191">
        <ele>387.4</ele>
      </trkpt>
      <trkpt lat="47.14771" lon="-93.42008">
        <ele>387.7</ele>
      </trkpt>
      <trkpt lat="47.14803" lon="-93.42106">
        <ele>389.3</ele>
      </trkpt>
      <trkpt lat="47.14836" lon="-93.42204">
        <ele>389.6</ele>
      </trkpt>
      <trkpt lat="47.14867" lon="-93.42283">
        <ele>387.6</ele>
      </trkpt>
      <trkpt lat="47.14905" lon="-93.42368">
        <ele>387.8</ele>
      </trkpt>
      <trkpt lat="47.14951" lon="-93.42451">
        <ele>388.6</ele>
      </trkpt>
      <trkpt lat="47.14997" lon="-93.42535">
        <ele>390.4</ele>
      </trkpt>
      <trkpt lat="47.15043" lon="-93.42619">
        <ele>390.4</ele>
      </trkpt>
      <trkpt lat="47.15089" lon="-93.42702">
        <ele>390.4</ele>
      </trkpt>
      <trkpt lat="47.15135" lon="-93.42786">
        <ele>390.4</ele>
      </trkpt>
      <trkpt lat="47.15188" lon="-93.42884">
        <ele>390.4</ele>
      </trkpt>
      <trkpt lat="47.15241" lon="-93.42982">
        <ele>390.4</ele>
      </trkpt>
      <trkpt lat="47.15295" lon="-93.43081">
        <ele>391.7</ele>
      </trkpt>
      <trkpt lat="47.15349" lon="-93.4318">
        <ele>392.0</ele>
      </trkpt>
      <trkpt lat="47.15404" lon="-93.43279">
        <ele>390.9</ele>
      </trkpt>
      <trkpt lat="47.15458" lon="-93.43378">
        <ele>391.2</ele>
      </trkpt>
      <trkpt lat="47.15512" lon="-93.43478">
        <ele>392.8</ele>
      </trkpt>
      <trkpt lat="47.15566" lon="-93.43577">
        <ele>390.6</ele>
      </trkpt>
      <trkpt lat="47.1562" lon="-93.43676">
        <ele>390.2</ele>
      </trkpt>
      <trkpt lat="47.15674" lon="-93.43775">
        <ele>391.4</ele>
      </trkpt>
      <trkpt lat="47.15728" lon="-93.43874">
        <ele>394.3</ele>
      </trkpt>
      <trkpt lat="47.15783" lon="-93.43973">
        <ele>395.3</ele>
      </trkpt>
      <trkpt lat="47.15821" lon="-93.44044">
        <ele>396.7</ele>
      </trkpt>
      <trkpt lat="47.15859" lon="-93.44115">
        <ele>398.8</ele>
      </trkpt>
      <trkpt lat="47.15897" lon="-93.44186">
        <ele>401.0</ele>
      </trkpt>
      <trkpt lat="47.15957" lon="-93.44281">
        <ele>404.6</ele>
      </trkpt>
      <trkpt lat="47.15998" lon="-93.44332">
        <ele>406.3</ele>
      </trkpt>
      <trkpt lat="47.16039" lon="-93.44384">
        <ele>405.9</ele>
      </trkpt>
      <trkpt lat="47.16106" lon="-93.44459">
        <ele>409.4</ele>
      </trkpt>
      <trkpt lat="47.16173" lon="-93.44534">
        <ele>410.0</ele>
      </trkpt>
      <trkpt lat="47.1624" lon="-93.44609">
        <ele>409.3</ele>
      </trkpt>
      <trkpt lat="47.16307" lon="-93.44684">
        <ele>408.3</ele>
      </trkpt>
      <trkpt lat="47.16374" lon="-93.44759">
        <ele>407.2</ele>
      </trkpt>
      <trkpt lat="47.16441" lon="-93.44834">
        <ele>405.9</ele>
      </trkpt>
      <trkpt lat="47.16508" lon="-93.44909">
        <ele>404.7</ele>
      </trkpt>
      <trkpt lat="47.1657" lon="-93.44978">
        <ele>403.1</ele>
      </trkpt>
      <trkpt lat="47.16631" lon="-93.45047">
        <ele>401.7</ele>
      </trkpt>
      <trkpt lat="47.16693" lon="-93.45117">
        <ele>401.7</ele>
      </trkpt>
      <trkpt lat="47.16754" lon="-93.45186">
        <ele>401.8</ele>
      </trkpt>
      <trkpt lat="47.16815" lon="-93.45255">
        <ele>401.4</ele>
      </trkpt>
      <trkpt lat="47.16877" lon="-93.45325">
        <ele>401.3</ele>
      </trkpt>
      <trkpt lat="47.16938" lon="-93.45394">
        <ele>401.0</ele>
      </trkpt>
      <trkpt lat="47.17007" lon="-93.45471">
        <ele>401.5</ele>
      </trkpt>
      <trkpt lat="47.17076" lon="-93.45548">
        <ele>402.1</ele>
      </trkpt>
      <trkpt lat="47.17146" lon="-93.45625">
        <ele>403.1</ele>
      </trkpt>
      <trkpt lat="47.17215" lon="-93.45702">
        <ele>403.8</ele>
      </trkpt>
      <trkpt lat="47.17284" lon="-93.45779">
        <ele>405.4</ele>
      </trkpt>
      <trkpt lat="47.17353" lon="-93.45856">
        <ele>406.3</ele>
      </trkpt>
      <trkpt lat="47.17423" lon="-93.45933">
        <ele>408.2</ele>
      </trkpt>
      <trkpt lat="47.17461" lon="-93.4598">
        <ele>409.3</ele>
      </trkpt>
      <trkpt lat="47.175" lon="-93.46026">
        <ele>411.4</ele>
      </trkpt>
      <trkpt lat="47.17555" lon="-93.46088">
        <ele>412.6</ele>
      </trkpt>
      <trkpt lat="47.1761" lon="-93.4615">
        <ele>413.1</ele>
      </trkpt>
      <trkpt lat="47.17665" lon="-93.46212">
        <ele>408.4</ele>
      </trkpt>
      <trkpt lat="47.1772" lon="-93.46274">
        <ele>409.1</ele>
      </trkpt>
      <trkpt lat="47.17778" lon="-93.46326">
        <ele>410.1</ele>
      </trkpt>
      <trkpt lat="47.1784" lon="-93.46365">
        <ele>409.1</ele>
      </trkpt>
      <trkpt lat="47.17906" lon="-93.46396">
        <ele>412.7</ele>
      </trkpt>
      <trkpt lat="47.17971" lon="-93.46426">
        <ele>411.9</ele>
      </trkpt>
      <trkpt lat="47.18037" lon="-93.46456">
        <ele>411.7</ele>
      </trkpt>
      <trkpt lat="47.18103" lon="-93.46493">
        <ele>409.4</ele>
      </trkpt>
      <trkpt lat="47.18174" lon="-93.46542">
        <ele>407.4</ele>
      </trkpt>
      <trkpt lat="47.18241" lon="-93.466">
        <ele>405.7</ele>
      </trkpt>
      <trkpt lat="47.18306" lon="-93.46659">
        <ele>403.4</ele>
      </trkpt>
      <trkpt lat="47.1837" lon="-93.46718">
        <ele>401.8</ele>
      </trkpt>
      <trkpt lat="47.18435" lon="-93.46776">
        <ele>399.9</ele>
      </trkpt>
      <trkpt lat="47.18499" lon="-93.46835">
        <ele>398.0</ele>
      </trkpt>
      <trkpt lat="47.18563" lon="-93.46894">
        <ele>396.8</ele>
      </trkpt>
      <trkpt lat="47.18628" lon="-93.46952">
        <ele>395.6</ele>
      </trkpt>
      <trkpt lat="47.18668" lon="-93.46993">
        <ele>394.4</ele>
      </trkpt>
      <trkpt lat="47.18706" lon="-93.47036">
        <ele>393.7</ele>
      </trkpt>
      <trkpt lat="47.18774" lon="-93.47112">
        <ele>393.6</ele>
      </trkpt>
      <trkpt lat="47.18843" lon="-93.47187">
        <ele>393.0</ele>
      </trkpt>
      <trkpt lat="47.18912" lon="-93.47263">
        <ele>390.8</ele>
      </trkpt>
      <trkpt lat="47.1898" lon="-93.47339">
        <ele>390.4</ele>
      </trkpt>
      <trkpt lat="47.19049" lon="-93.47415">
        <ele>390.5</ele>
      </trkpt>
      <trkpt lat="47.19118" lon="-93.47491">
        <ele>387.8</ele>
      </trkpt>
      <trkpt lat="47.19187" lon="-93.47567">
        <ele>387.4</ele>
      </trkpt>
      <trkpt lat="47.19245" lon="-93.47629">
        <ele>389.0</ele>
      </trkpt>
      <trkpt lat="47.19304" lon="-93.47691">
        <ele>390.2</ele>
      </trkpt>
      <trkpt lat="47.19362" lon="-93.47753">
        <ele>390.4</ele>
      </trkpt>
      <trkpt lat="47.194" lon="-93.47794">
        <ele>390.4</ele>
      </trkpt>
      <trkpt lat="47.19461" lon="-93.47844">
        <ele>390.4</ele>
      </trkpt>
      <trkpt lat="47.1953" lon="-93.47889">
        <ele>390.4</ele>
      </trkpt>
      <trkpt lat="47.19581" lon="-93.47917">
        <ele>390.3</ele>
      </trkpt>
      <trkpt lat="47.19624" lon="-93.47935">
        <ele>390.4</ele>
      </trkpt>
      <trkpt lat="47.19702" lon="-93.4796">
        <ele>390.4</ele>
      </trkpt>
      <trkpt lat="47.19781" lon="-93.47984">
        <ele>390.4</ele>
      </trkpt>
      <trkpt lat="47.19846" lon="-93.48007">
        <ele>390.4</ele>
      </trkpt>
      <trkpt lat="47.19907" lon="-93.48036">
        <ele>390.4</ele>
      </trkpt>
      <trkpt lat="47.19976" lon="-93.48073">
        <ele>390.4</ele>
      </trkpt>
      <trkpt lat="47.20045" lon="-93.4811">
        <ele>390.7</ele>
      </trkpt>
      <trkpt lat="47.20113" lon="-93.48148">
        <ele>390.7</ele>
      </trkpt>
      <trkpt lat="47.20182" lon="-93.48185">
        <ele>390.7</ele>
      </trkpt>
      <trkpt lat="47.20251" lon="-93.48222">
        <ele>391.4</ele>
      </trkpt>
      <trkpt lat="47.20333" lon="-93.48266">
        <ele>391.7</ele>
      </trkpt>
      <trkpt lat="47.20416" lon="-93.4831">
        <ele>390.3</ele>
      </trkpt>
      <trkpt lat="47.20498" lon="-93.48353">
        <ele>389.5</ele>
      </trkpt>
      <trkpt lat="47.20574" lon="-93.48386">
        <ele>388.8</ele>
      </trkpt>
      <trkpt lat="47.2065" lon="-93.4842">
        <ele>388.4</ele>
      </trkpt>
      <trkpt lat="47.20726" lon="-93.48453">
        <ele>387.4</ele>
      </trkpt>
      <trkpt lat="47.20802" lon="-93.48486">
        <ele>387.3</ele>
      </trkpt>
      <trkpt lat="47.20877" lon="-93.4852">
        <ele>387.8</ele>
      </trkpt>
      <trkpt lat="47.20946" lon="-93.48547">
        <ele>388.1</ele>
      </trkpt>
      <trkpt lat="47.21015" lon="-93.48575">
        <ele>388.2</ele>
      </trkpt>
      <trkpt lat="47.21083" lon="-93.48602">
        <ele>388.2</ele>
      </trkpt>
      <trkpt lat="47.21152" lon="-93.4863">
        <ele>388.1</ele>
      </trkpt>
      <trkpt lat="47.21216" lon="-93.48657">
        <ele>388.4</ele>
      </trkpt>
      <trkpt lat="47.2128" lon="-93.48685">
        <ele>388.7</ele>
      </trkpt>
      <trkpt lat="47.21311" lon="-93.48704">
        <ele>389.0</ele>
      </trkpt>
      <trkpt lat="47.21347" lon="-93.48739">
        <ele>389.3</ele>
      </trkpt>
      <trkpt lat="47.21404" lon="-93.4881">
        <ele>390.1</ele>
      </trkpt>
      <trkpt lat="47.21461" lon="-93.4888">
        <ele>391.9</ele>
      </trkpt>
      <trkpt lat="47.21518" lon="-93.48951">
        <ele>394.3</ele>
      </trkpt>
      <trkpt lat="47.21574" lon="-93.49022">
        <ele>392.9</ele>
      </trkpt>
      <trkpt lat="47.21631" lon="-93.49092">
        <ele>392.3</ele>
      </trkpt>
      <trkpt lat="47.21692" lon="-93.49167">
        <ele>392.2</ele>
      </trkpt>
      <trkpt lat="47.21753" lon="-93.49242">
        <ele>389.7</ele>
      </trkpt>
      <trkpt lat="47.21813" lon="-93.49316">
        <ele>388.5</ele>
      </trkpt>
      <trkpt lat="47.21874" lon="-93.49391">
        <ele>386.4</ele>
      </trkpt>
      <trkpt lat="47.21935" lon="-93.49465">
        <ele>386.9</ele>
      </trkpt>
      <trkpt lat="47.21986" lon="-93.4953">
        <ele>388.9</ele>
      </trkpt>
      <trkpt lat="47.22037" lon="-93.49595">
        <ele>389.4</ele>
      </trkpt>
      <trkpt lat="47.22058" lon="-93.49627">
        <ele>389.7</ele>
      </trkpt>
      <trkpt lat="47.22074" lon="-93.49661">
        <ele>389.7</ele>
      </trkpt>
      <trkpt lat="47.22119" lon="-93.49774">
        <ele>390.6</ele>
      </trkpt>
      <trkpt lat="47.22163" lon="-93.49886">
        <ele>391.2</ele>
      </trkpt>
      <trkpt lat="47.22208" lon="-93.49998">
        <ele>392.3</ele>
      </trkpt>
      <trkpt lat="47.22251" lon="-93.50107">
        <ele>392.5</ele>
      </trkpt>
      <trkpt lat="47.22293" lon="-93.50216">
        <ele>392.4</ele>
      </trkpt>
      <trkpt lat="47.22336" lon="-93.50325">
        <ele>390.4</ele>
      </trkpt>
      <trkpt lat="47.22379" lon="-93.50434">
        <ele>391.4</ele>
      </trkpt>
      <trkpt lat="47.22422" lon="-93.50543">
        <ele>392.3</ele>
      </trkpt>
      <trkpt lat="47.22465" lon="-93.50652">
        <ele>393.4</ele>
      </trkpt>
      <trkpt lat="47.22508" lon="-93.5076">
        <ele>393.4</ele>
      </trkpt>
      <trkpt lat="47.22551" lon="-93.50869">
        <ele>393.4</ele>
      </trkpt>
      <trkpt lat="47.22585" lon="-93.50955">
        <ele>393.4</ele>
      </trkpt>
      <trkpt lat="47.22619" lon="-93.51041">
        <ele>393.4</ele>
      </trkpt>
      <trkpt lat="47.22653" lon="-93.51126">
        <ele>393.1</ele>
      </trkpt>
      <trkpt lat="47.22695" lon="-93.51228">
        <ele>392.3</ele>
      </trkpt>
      <trkpt lat="47.22705" lon="-93.51252">
        <ele>392.4</ele>
      </trkpt>
      <trkpt lat="47.22735" lon="-93.51327">
        <ele>391.7</ele>
      </trkpt>
      <trkpt lat="47.22766" lon="-93.51401">
        <ele>390.8</ele>
      </trkpt>
      <trkpt lat="47.2279" lon="-93.51466">
        <ele>389.7</ele>
      </trkpt>
      <trkpt lat="47.22823" lon="-93.51546">
        <ele>388.9</ele>
      </trkpt>
      <trkpt lat="47.22853" lon="-93.51618">
        <ele>388.3</ele>
      </trkpt>
      <trkpt lat="47.22884" lon="-93.5169">
        <ele>388.0</ele>
      </trkpt>
      <trkpt lat="47.22907" lon="-93.51741">
        <ele>387.8</ele>
      </trkpt>
      <trkpt lat="47.22916" lon="-93.51753">
        <ele>388.0</ele>
      </trkpt>
      <trkpt lat="47.22921" lon="-93.51754">
        <ele>387.9</ele>
      </trkpt>
      <trkpt lat="47.2293" lon="-93.51761">
        <ele>387.3</ele>
      </trkpt>
      <trkpt lat="47.22933" lon="-93.51766">
        <ele>387.0</ele>
      </trkpt>
      <trkpt lat="47.22935" lon="-93.51772">
        <ele>386.8</ele>
      </trkpt>
      <trkpt lat="47.22937" lon="-93.51782">
        <ele>386.7</ele>
      </trkpt>
      <trkpt lat="47.22938" lon="-93.51792">
        <ele>386.9</ele>
      </trkpt>
      <trkpt lat="47.22937" lon="-93.51797">
        <ele>387.2</ele>
      </trkpt>
      <trkpt lat="47.22939" lon="-93.51806">
        <ele>387.5</ele>
      </trkpt>
      <trkpt lat="47.22944" lon="-93.51833">
        <ele>388.1</ele>
      </trkpt>
      <trkpt lat="47.22953" lon="-93.51865">
        <ele>388.1</ele>
      </trkpt>
      <trkpt lat="47.22969" lon="-93.51901">
        <ele>387.9</ele>
      </trkpt>
      <trkpt lat="47.2301" lon="-93.52003">
        <ele>388.9</ele>
      </trkpt>
      <trkpt lat="47.23051" lon="-93.52104">
        <ele>388.8</ele>
      </trkpt>
      <trkpt lat="47.23056" lon="-93.52101">
        <ele>388.7</ele>
      </trkpt>
      <trkpt lat="47.23062" lon="-93.52097">
        <ele>388.6</ele>
      </trkpt>
      <trkpt lat="47.23066" lon="-93.52097">
        <ele>388.5</ele>
      </trkpt>
      <trkpt lat="47.2307" lon="-93.52098">
        <ele>388.5</ele>
      </trkpt>
      <trkpt lat="47.23076" lon="-93.52102">
        <ele>388.5</ele>
      </trkpt>
      <trkpt lat="47.23115" lon="-93.52106">
        <ele>387.9</ele>
      </trkpt>
      <trkpt lat="47.23129" lon="-93.52109">
        <ele>387.9</ele>
      </trkpt>
      <trkpt lat="47.23154" lon="-93.52118">
        <ele>387.2</ele>
      </trkpt>
      <trkpt lat="47.23161" lon="-93.52122">
        <ele>387.0</ele>
      </trkpt>
      <trkpt lat="47.23164" lon="-93.52128">
        <ele>387.1</ele>
      </trkpt>
      <trkpt lat="47.23186" lon="-93.52177">
        <ele>385.7</ele>
      </trkpt>
      <trkpt lat="47.23196" lon="-93.52195">
        <ele>385.5</ele>
      </trkpt>
      <trkpt lat="47.23208" lon="-93.52211">
        <ele>384.7</ele>
      </trkpt>
      <trkpt lat="47.23215" lon="-93.52219">
        <ele>384.0</ele>
      </trkpt>
      <trkpt lat="47.23247" lon="-93.52266">
        <ele>384.1</ele>
      </trkpt>
      <trkpt lat="47.23258" lon="-93.52273">
        <ele>384.1</ele>
      </trkpt>
      <trkpt lat="47.23336" lon="-93.5232">
        <ele>384.3</ele>
      </trkpt>
      <trkpt lat="47.23349" lon="-93.52328">
        <ele>384.3</ele>
      </trkpt>
      <trkpt lat="47.23357" lon="-93.52335">
        <ele>384.4</ele>
      </trkpt>
      <trkpt lat="47.23366" lon="-93.52349">
        <ele>385.2</ele>
      </trkpt>
      <trkpt lat="47.23366" lon="-93.52375">
        <ele>385.0</ele>
      </trkpt>
      <trkpt lat="47.23363" lon="-93.52376">
        <ele>384.8</ele>
      </trkpt>
      <trkpt lat="47.23361" lon="-93.52379">
        <ele>384.7</ele>
      </trkpt>
      <trkpt lat="47.23363" lon="-93.52429">
        <ele>384.7</ele>
      </trkpt>
      <trkpt lat="47.23365" lon="-93.52442">
        <ele>384.8</ele>
      </trkpt>
      <trkpt lat="47.23368" lon="-93.52453">
        <ele>384.8</ele>
      </trkpt>
      <trkpt lat="47.2338" lon="-93.52492">
        <ele>384.9</ele>
      </trkpt>
      <trkpt lat="47.23383" lon="-93.52504">
        <ele>384.7</ele>
      </trkpt>
      <trkpt lat="47.23384" lon="-93.52517">
        <ele>384.5</ele>
      </trkpt>
      <trkpt lat="47.23385" lon="-93.52584">
        <ele>383.7</ele>
      </trkpt>
      <trkpt lat="47.23344" lon="-93.52558">
        <ele>382.3</ele>
      </trkpt>
      <trkpt lat="47.2334" lon="-93.5256">
        <ele>382.2</ele>
      </trkpt>
      <trkpt lat="47.23334" lon="-93.5256">
        <ele>382.1</ele>
      </trkpt>
      <trkpt lat="47.23326" lon="-93.52556">
        <ele>382.0</ele>
      </trkpt>
      <trkpt lat="47.23334" lon="-93.5256">
        <ele>382.1</ele>
      </trkpt>
      <trkpt lat="47.2334" lon="-93.5256">
        <ele>382.2</ele>
      </trkpt>
      <trkpt lat="47.23344" lon="-93.52558">
        <ele>382.3</ele>
      </trkpt>
      <trkpt lat="47.23385" lon="-93.52584">
        <ele>383.7</ele>
      </trkpt>
      <trkpt lat="47.23384" lon="-93.52517">
        <ele>384.5</ele>
      </trkpt>
      <trkpt lat="47.23383" lon="-93.52504">
        <ele>384.7</ele>
      </trkpt>
      <trkpt lat="47.2338" lon="-93.52492">
        <ele>384.9</ele>
      </trkpt>
      <trkpt lat="47.23368" lon="-93.52453">
        <ele>384.8</ele>
      </trkpt>
      <trkpt lat="47.23365" lon="-93.52442">
        <ele>384.8</ele>
      </trkpt>
      <trkpt lat="47.23363" lon="-93.52429">
        <ele>384.7</ele>
      </trkpt>
      <trkpt lat="47.23361" lon="-93.52379">
        <ele>384.7</ele>
      </trkpt>
      <trkpt lat="47.23363" lon="-93.52376">
        <ele>384.8</ele>
      </trkpt>
      <trkpt lat="47.2341" lon="-93.52375">
        <ele>390.3</ele>
      </trkpt>
      <trkpt lat="47.23458" lon="-93.52375">
        <ele>390.9</ele>
      </trkpt>
      <trkpt lat="47.23465" lon="-93.52369">
        <ele>391.0</ele>
      </trkpt>
      <trkpt lat="47.23489" lon="-93.52369">
        <ele>391.0</ele>
      </trkpt>
      <trkpt lat="47.23521" lon="-93.52369">
        <ele>391.0</ele>
      </trkpt>
      <trkpt lat="47.23526" lon="-93.52374">
        <ele>391.0</ele>
      </trkpt>
      <trkpt lat="47.23612" lon="-93.52374">
        <ele>390.8</ele>
      </trkpt>
      <trkpt lat="47.23697" lon="-93.52375">
        <ele>391.3</ele>
      </trkpt>
      <trkpt lat="47.23749" lon="-93.52373">
        <ele>391.8</ele>
      </trkpt>
      <trkpt lat="47.23801" lon="-93.52372">
        <ele>392.1</ele>
      </trkpt>
      <trkpt lat="47.23883" lon="-93.52372">
        <ele>393.2</ele>
      </trkpt>
      <trkpt lat="47.23965" lon="-93.52372">
        <ele>394.3</ele>
      </trkpt>
      <trkpt lat="47.24047" lon="-93.52372">
        <ele>395.5</ele>
      </trkpt>
      <trkpt lat="47.24129" lon="-93.52372">
        <ele>397.1</ele>
      </trkpt>
      <trkpt lat="47.24211" lon="-93.52373">
        <ele>398.7</ele>
      </trkpt>
      <trkpt lat="47.24294" lon="-93.52373">
        <ele>399.8</ele>
      </trkpt>
      <trkpt lat="47.2436" lon="-93.52371">
        <ele>400.7</ele>
      </trkpt>
      <trkpt lat="47.24426" lon="-93.5237">
        <ele>400.1</ele>
      </trkpt>
      <trkpt lat="47.2446" lon="-93.52297">
        <ele>399.8</ele>
      </trkpt>
      <trkpt lat="47.24465" lon="-93.52291">
        <ele>399.7</ele>
      </trkpt>
      <trkpt lat="47.24472" lon="-93.52286">
        <ele>399.5</ele>
      </trkpt>
      <trkpt lat="47.2448" lon="-93.52284">
        <ele>399.2</ele>
      </trkpt>
      <trkpt lat="47.24555" lon="-93.52286">
        <ele>396.5</ele>
      </trkpt>
      <trkpt lat="47.24563" lon="-93.5229">
        <ele>395.8</ele>
      </trkpt>
      <trkpt lat="47.24577" lon="-93.52301">
        <ele>395.0</ele>
      </trkpt>
      <trkpt lat="47.24586" lon="-93.5231">
        <ele>394.6</ele>
      </trkpt>
      <trkpt lat="47.24592" lon="-93.52313">
        <ele>394.4</ele>
      </trkpt>
      <trkpt lat="47.24598" lon="-93.52311">
        <ele>394.5</ele>
      </trkpt>
      <trkpt lat="47.24605" lon="-93.52312">
        <ele>394.4</ele>
      </trkpt>
      <trkpt lat="47.24615" lon="-93.52304">
        <ele>394.8</ele>
      </trkpt>
      <trkpt lat="47.24619" lon="-93.52299">
        <ele>395.0</ele>
      </trkpt>
      <trkpt lat="47.24623" lon="-93.52292">
        <ele>395.3</ele>
      </trkpt>
      <trkpt lat="47.24628" lon="-93.52287">
        <ele>395.5</ele>
      </trkpt>
      <trkpt lat="47.24633" lon="-93.52275">
        <ele>396.0</ele>
      </trkpt>
      <trkpt lat="47.24638" lon="-93.52276">
        <ele>396.0</ele>
      </trkpt>
      <trkpt lat="47.24693" lon="-93.52276">
        <ele>396.7</ele>
      </trkpt>
      <trkpt lat="47.24747" lon="-93.52275">
        <ele>397.6</ele>
      </trkpt>
      <trkpt lat="47.24808" lon="-93.5227">
        <ele>397.0</ele>
      </trkpt>
      <trkpt lat="47.24839" lon="-93.5225">
        <ele>396.7</ele>
      </trkpt>
      <trkpt lat="47.24854" lon="-93.52277">
        <ele>396.2</ele>
      </trkpt>
      <trkpt lat="47.24869" lon="-93.52295">
        <ele>396.2</ele>
      </trkpt>
      <trkpt lat="47.24919" lon="-93.52276">
        <ele>396.7</ele>
      </trkpt>
      <trkpt lat="47.24983" lon="-93.52249">
        <ele>397.9</ele>
      </trkpt>
      <trkpt lat="47.25006" lon="-93.52246">
        <ele>398.4</ele>
      </trkpt>
      <trkpt lat="47.25051" lon="-93.52235">
        <ele>399.8</ele>
      </trkpt>
      <trkpt lat="47.25091" lon="-93.52208">
        <ele>400.2</ele>
      </trkpt>
      <trkpt lat="47.25145" lon="-93.52182">
        <ele>400.4</ele>
      </trkpt>
      <trkpt lat="47.2516" lon="-93.52168">
        <ele>400.8</ele>
      </trkpt>
      <trkpt lat="47.25175" lon="-93.52138">
        <ele>401.0</ele>
      </trkpt>
      <trkpt lat="47.25189" lon="-93.5209">
        <ele>401.2</ele>
      </trkpt>
      <trkpt lat="47.25199" lon="-93.52071">
        <ele>401.4</ele>
      </trkpt>
      <trkpt lat="47.25253" lon="-93.52028">
        <ele>408.6</ele>
      </trkpt>
      <trkpt lat="47.25297" lon="-93.51994">
        <ele>407.0</ele>
      </trkpt>
      <trkpt lat="47.25342" lon="-93.51959">
        <ele>406.5</ele>
      </trkpt>
      <trkpt lat="47.25372" lon="-93.51928">
        <ele>408.7</ele>
      </trkpt>
      <trkpt lat="47.25389" lon="-93.51918">
        <ele>410.0</ele>
      </trkpt>
      <trkpt lat="47.25406" lon="-93.51915">
        <ele>410.7</ele>
      </trkpt>
      <trkpt lat="47.25427" lon="-93.51924">
        <ele>410.1</ele>
      </trkpt>
      <trkpt lat="47.25454" lon="-93.51951">
        <ele>408.7</ele>
      </trkpt>
      <trkpt lat="47.25477" lon="-93.51965">
        <ele>407.5</ele>
      </trkpt>
      <trkpt lat="47.255" lon="-93.51973">
        <ele>406.7</ele>
      </trkpt>
      <trkpt lat="47.2553" lon="-93.51977">
        <ele>406.3</ele>
      </trkpt>
      <trkpt lat="47.25554" lon="-93.51968">
        <ele>403.9</ele>
      </trkpt>
      <trkpt lat="47.25619" lon="-93.51929">
        <ele>400.3</ele>
      </trkpt>
      <trkpt lat="47.25649" lon="-93.51918">
        <ele>399.5</ele>
      </trkpt>
      <trkpt lat="47.25688" lon="-93.51886">
        <ele>398.9</ele>
      </trkpt>
      <trkpt lat="47.25714" lon="-93.51861">
        <ele>398.5</ele>
      </trkpt>
      <trkpt lat="47.25736" lon="-93.51827">
        <ele>398.2</ele>
      </trkpt>
      <trkpt lat="47.25777" lon="-93.51771">
        <ele>397.9</ele>
      </trkpt>
      <trkpt lat="47.25796" lon="-93.51751">
        <ele>397.7</ele>
      </trkpt>
      <trkpt lat="47.25815" lon="-93.51743">
        <ele>397.6</ele>
      </trkpt>
      <trkpt lat="47.25835" lon="-93.51742">
        <ele>397.6</ele>
      </trkpt>
      <trkpt lat="47.25847" lon="-93.51743">
        <ele>397.7</ele>
      </trkpt>
      <trkpt lat="47.25866" lon="-93.51731">
        <ele>397.6</ele>
      </trkpt>
      <trkpt lat="47.25886" lon="-93.51702">
        <ele>397.2</ele>
      </trkpt>
      <trkpt lat="47.25919" lon="-93.51646">
        <ele>396.2</ele>
      </trkpt>
      <trkpt lat="47.25932" lon="-93.51609">
        <ele>396.3</ele>
      </trkpt>
      <trkpt lat="47.25929" lon="-93.51585">
        <ele>396.4</ele>
      </trkpt>
      <trkpt lat="47.25898" lon="-93.51514">
        <ele>396.8</ele>
      </trkpt>
      <trkpt lat="47.25853" lon="-93.51418">
        <ele>397.1</ele>
      </trkpt>
      <trkpt lat="47.25809" lon="-93.51322">
        <ele>399.6</ele>
      </trkpt>
      <trkpt lat="47.25785" lon="-93.51264">
        <ele>400.8</ele>
      </trkpt>
      <trkpt lat="47.25768" lon="-93.51208">
        <ele>401.5</ele>
      </trkpt>
      <trkpt lat="47.25757" lon="-93.51172">
        <ele>401.8</ele>
      </trkpt>
      <trkpt lat="47.25753" lon="-93.51124">
        <ele>402.2</ele>
      </trkpt>
      <trkpt lat="47.25758" lon="-93.51102">
        <ele>402.3</ele>
      </trkpt>
      <trkpt lat="47.25799" lon="-93.51024">
        <ele>403.2</ele>
      </trkpt>
      <trkpt lat="47.2584" lon="-93.50946">
        <ele>402.0</ele>
      </trkpt>
      <trkpt lat="47.25881" lon="-93.50868">
        <ele>397.2</ele>
      </trkpt>
      <trkpt lat="47.25903" lon="-93.50841">
        <ele>394.3</ele>
      </trkpt>
      <trkpt lat="47.2596" lon="-93.50788">
        <ele>392.4</ele>
      </trkpt>
      <trkpt lat="47.26016" lon="-93.50736">
        <ele>391.9</ele>
      </trkpt>
      <trkpt lat="47.26044" lon="-93.50707">
        <ele>391.6</ele>
      </trkpt>
      <trkpt lat="47.26071" lon="-93.50683">
        <ele>391.6</ele>
      </trkpt>
      <trkpt lat="47.2614" lon="-93.50618">
        <ele>391.6</ele>
      </trkpt>
      <trkpt lat="47.26204" lon="-93.50556">
        <ele>391.6</ele>
      </trkpt>
      <trkpt lat="47.26269" lon="-93.50494">
        <ele>391.6</ele>
      </trkpt>
      <trkpt lat="47.26305" lon="-93.50458">
        <ele>391.6</ele>
      </trkpt>
      <trkpt lat="47.26324" lon="-93.50437">
        <ele>391.6</ele>
      </trkpt>
      <trkpt lat="47.26352" lon="-93.50416">
        <ele>391.6</ele>
      </trkpt>
      <trkpt lat="47.2638" lon="-93.50397">
        <ele>392.2</ele>
      </trkpt>
      <trkpt lat="47.26431" lon="-93.50371">
        <ele>393.5</ele>
      </trkpt>
      <trkpt lat="47.26445" lon="-93.50374">
        <ele>394.0</ele>
      </trkpt>
      <trkpt lat="47.26469" lon="-93.50385">
        <ele>394.5</ele>
      </trkpt>
      <trkpt lat="47.26499" lon="-93.50406">
        <ele>394.7</ele>
      </trkpt>
      <trkpt lat="47.26539" lon="-93.50445">
        <ele>394.7</ele>
      </trkpt>
      <trkpt lat="47.26564" lon="-93.50467">
        <ele>394.7</ele>
      </trkpt>
      <trkpt lat="47.26586" lon="-93.5048">
        <ele>395.4</ele>
      </trkpt>
      <trkpt lat="47.26646" lon="-93.50526">
        <ele>397.9</ele>
      </trkpt>
      <trkpt lat="47.26698" lon="-93.50568">
        <ele>399.6</ele>
      </trkpt>
      <trkpt lat="47.26759" lon="-93.50619">
        <ele>399.9</ele>
      </trkpt>
      <trkpt lat="47.26776" lon="-93.5063">
        <ele>400.0</ele>
      </trkpt>
      <trkpt lat="47.26787" lon="-93.50635">
        <ele>400.0</ele>
      </trkpt>
      <trkpt lat="47.26783" lon="-93.50661">
        <ele>399.7</ele>
      </trkpt>
      <trkpt lat="47.26768" lon="-93.50698">
        <ele>397.6</ele>
      </trkpt>
      <trkpt lat="47.26753" lon="-93.50729">
        <ele>395.3</ele>
      </trkpt>
      <trkpt lat="47.26788" lon="-93.5078">
        <ele>395.4</ele>
      </trkpt>
      <trkpt lat="47.26822" lon="-93.50831">
        <ele>395.4</ele>
      </trkpt>
      <trkpt lat="47.26849" lon="-93.5086">
        <ele>395.5</ele>
      </trkpt>
    </trkseg>
  </trk>
</gpx>
