<?xml version="1.0" encoding="UTF-8"?>
<gpx xmlns:gpxdata="http://www.cluetrust.com/XML/GPXDATA/1/0" xmlns:xsi="http://www.w3.org/2001/XMLSchema-instance" xmlns="http://www.topografix.com/GPX/1/1" version="1.1" creator="http://ridewithgps.com/" xsi:schemaLocation="http://www.topografix.com/GPX/1/1 http://www.topografix.com/GPX/1/1/gpx.xsd http://www.cluetrust.com/XML/GPXDATA/1/0 http://www.cluetrust.com/Schemas/gpxdata10.xsd">
  <metadata>
    <name>Mankato to Winona</name>
    <link href="https://ridewithgps.com/routes/56067057">
      <text>Mankato to Winona</text>
    </link>
    <time>2026-07-10T18:14:11Z</time>
  </metadata>
  <trk>
    <name>Mankato to Winona</name>
    <trkseg>
      <trkpt lat="44.1649" lon="-94.00233">
        <ele>240.2</ele>
      </trkpt>
      <trkpt lat="44.16498" lon="-94.00224">
        <ele>240.1</ele>
      </trkpt>
      <trkpt lat="44.16472" lon="-94.00171">
        <ele>240.6</ele>
      </trkpt>
      <trkpt lat="44.16484" lon="-94.0016">
        <ele>240.5</ele>
      </trkpt>
      <trkpt lat="44.16505" lon="-94.00197">
        <ele>240.1</ele>
      </trkpt>
      <trkpt lat="44.1651" lon="-94.00192">
        <ele>240.1</ele>
      </trkpt>
      <trkpt lat="44.1651" lon="-94.00192">
        <ele>240.1</ele>
      </trkpt>
      <trkpt lat="44.16518" lon="-94.00184">
        <ele>240.0</ele>
      </trkpt>
      <trkpt lat="44.16499" lon="-94.00145">
        <ele>240.4</ele>
      </trkpt>
      <trkpt lat="44.16491" lon="-94.00128">
        <ele>240.6</ele>
      </trkpt>
      <trkpt lat="44.16519" lon="-94.001">
        <ele>240.5</ele>
      </trkpt>
      <trkpt lat="44.16571" lon="-94.00053">
        <ele>239.7</ele>
      </trkpt>
      <trkpt lat="44.16622" lon="-94.00006">
        <ele>239.3</ele>
      </trkpt>
      <trkpt lat="44.16676" lon="-93.99955">
        <ele>239.2</ele>
      </trkpt>
      <trkpt lat="44.16729" lon="-93.99904">
        <ele>239.3</ele>
      </trkpt>
      <trkpt lat="44.16794" lon="-93.99841">
        <ele>239.7</ele>
      </trkpt>
      <trkpt lat="44.16859" lon="-93.99778">
        <ele>239.9</ele>
      </trkpt>
      <trkpt lat="44.16924" lon="-93.99715">
        <ele>240.1</ele>
      </trkpt>
      <trkpt lat="44.16989" lon="-93.99652">
        <ele>240.4</ele>
      </trkpt>
      <trkpt lat="44.1705" lon="-93.99593">
        <ele>241.5</ele>
      </trkpt>
      <trkpt lat="44.17112" lon="-93.99534">
        <ele>242.6</ele>
      </trkpt>
      <trkpt lat="44.17174" lon="-93.99475">
        <ele>243.4</ele>
      </trkpt>
      <trkpt lat="44.17236" lon="-93.99416">
        <ele>244.9</ele>
      </trkpt>
      <trkpt lat="44.17298" lon="-93.99357">
        <ele>245.9</ele>
      </trkpt>
      <trkpt lat="44.1736" lon="-93.99297">
        <ele>246.7</ele>
      </trkpt>
      <trkpt lat="44.17369" lon="-93.99289">
        <ele>246.9</ele>
      </trkpt>
      <trkpt lat="44.17415" lon="-93.99244">
        <ele>249.2</ele>
      </trkpt>
      <trkpt lat="44.17462" lon="-93.992">
        <ele>251.0</ele>
      </trkpt>
      <trkpt lat="44.17521" lon="-93.99143">
        <ele>252.3</ele>
      </trkpt>
      <trkpt lat="44.17579" lon="-93.99085">
        <ele>253.7</ele>
      </trkpt>
      <trkpt lat="44.17638" lon="-93.99027">
        <ele>254.8</ele>
      </trkpt>
      <trkpt lat="44.17688" lon="-93.98981">
        <ele>255.3</ele>
      </trkpt>
      <trkpt lat="44.17738" lon="-93.98935">
        <ele>255.9</ele>
      </trkpt>
      <trkpt lat="44.17803" lon="-93.98873">
        <ele>256.4</ele>
      </trkpt>
      <trkpt lat="44.17868" lon="-93.98812">
        <ele>257.6</ele>
      </trkpt>
      <trkpt lat="44.17871" lon="-93.98799">
        <ele>257.7</ele>
      </trkpt>
      <trkpt lat="44.17921" lon="-93.98747">
        <ele>258.6</ele>
      </trkpt>
      <trkpt lat="44.17971" lon="-93.98696">
        <ele>259.8</ele>
      </trkpt>
      <trkpt lat="44.18025" lon="-93.98644">
        <ele>261.5</ele>
      </trkpt>
      <trkpt lat="44.18079" lon="-93.98593">
        <ele>262.6</ele>
      </trkpt>
      <trkpt lat="44.18049" lon="-93.9853">
        <ele>263.0</ele>
      </trkpt>
      <trkpt lat="44.18019" lon="-93.98467">
        <ele>263.8</ele>
      </trkpt>
      <trkpt lat="44.18064" lon="-93.98424">
        <ele>263.8</ele>
      </trkpt>
      <trkpt lat="44.18109" lon="-93.98382">
        <ele>262.5</ele>
      </trkpt>
      <trkpt lat="44.18097" lon="-93.98359">
        <ele>262.6</ele>
      </trkpt>
      <trkpt lat="44.18089" lon="-93.9834">
        <ele>263.2</ele>
      </trkpt>
      <trkpt lat="44.18083" lon="-93.98325">
        <ele>263.8</ele>
      </trkpt>
      <trkpt lat="44.18076" lon="-93.98317">
        <ele>263.5</ele>
      </trkpt>
      <trkpt lat="44.18055" lon="-93.98309">
        <ele>261.9</ele>
      </trkpt>
      <trkpt lat="44.18024" lon="-93.98285">
        <ele>264.4</ele>
      </trkpt>
      <trkpt lat="44.18012" lon="-93.98268">
        <ele>264.8</ele>
      </trkpt>
      <trkpt lat="44.18001" lon="-93.98249">
        <ele>264.9</ele>
      </trkpt>
      <trkpt lat="44.17988" lon="-93.98224">
        <ele>265.3</ele>
      </trkpt>
      <trkpt lat="44.17976" lon="-93.98197">
        <ele>265.7</ele>
      </trkpt>
      <trkpt lat="44.17953" lon="-93.98081">
        <ele>266.2</ele>
      </trkpt>
      <trkpt lat="44.17931" lon="-93.97965">
        <ele>270.6</ele>
      </trkpt>
      <trkpt lat="44.17929" lon="-93.97941">
        <ele>270.6</ele>
      </trkpt>
      <trkpt lat="44.17929" lon="-93.97907">
        <ele>270.8</ele>
      </trkpt>
      <trkpt lat="44.17935" lon="-93.97783">
        <ele>271.3</ele>
      </trkpt>
      <trkpt lat="44.17941" lon="-93.97658">
        <ele>272.0</ele>
      </trkpt>
      <trkpt lat="44.17941" lon="-93.97615">
        <ele>271.9</ele>
      </trkpt>
      <trkpt lat="44.1794" lon="-93.97592">
        <ele>271.9</ele>
      </trkpt>
      <trkpt lat="44.17933" lon="-93.97555">
        <ele>272.1</ele>
      </trkpt>
      <trkpt lat="44.17924" lon="-93.97533">
        <ele>271.7</ele>
      </trkpt>
      <trkpt lat="44.17901" lon="-93.9749">
        <ele>273.5</ele>
      </trkpt>
      <trkpt lat="44.17893" lon="-93.97472">
        <ele>273.8</ele>
      </trkpt>
      <trkpt lat="44.17872" lon="-93.97442">
        <ele>274.2</ele>
      </trkpt>
      <trkpt lat="44.17865" lon="-93.97426">
        <ele>274.5</ele>
      </trkpt>
      <trkpt lat="44.17854" lon="-93.97396">
        <ele>274.4</ele>
      </trkpt>
      <trkpt lat="44.17846" lon="-93.97379">
        <ele>274.6</ele>
      </trkpt>
      <trkpt lat="44.17836" lon="-93.97364">
        <ele>275.2</ele>
      </trkpt>
      <trkpt lat="44.1782" lon="-93.97348">
        <ele>275.4</ele>
      </trkpt>
      <trkpt lat="44.17764" lon="-93.97311">
        <ele>275.0</ele>
      </trkpt>
      <trkpt lat="44.17714" lon="-93.97269">
        <ele>279.9</ele>
      </trkpt>
      <trkpt lat="44.17696" lon="-93.97242">
        <ele>282.1</ele>
      </trkpt>
      <trkpt lat="44.17685" lon="-93.97216">
        <ele>281.6</ele>
      </trkpt>
      <trkpt lat="44.17677" lon="-93.97187">
        <ele>282.4</ele>
      </trkpt>
      <trkpt lat="44.17677" lon="-93.9717">
        <ele>283.3</ele>
      </trkpt>
      <trkpt lat="44.17679" lon="-93.9715">
        <ele>284.2</ele>
      </trkpt>
      <trkpt lat="44.17684" lon="-93.97123">
        <ele>285.7</ele>
      </trkpt>
      <trkpt lat="44.17695" lon="-93.97089">
        <ele>286.8</ele>
      </trkpt>
      <trkpt lat="44.17715" lon="-93.97046">
        <ele>288.6</ele>
      </trkpt>
      <trkpt lat="44.17754" lon="-93.96973">
        <ele>293.8</ele>
      </trkpt>
      <trkpt lat="44.17759" lon="-93.96961">
        <ele>294.1</ele>
      </trkpt>
      <trkpt lat="44.17763" lon="-93.96945">
        <ele>294.9</ele>
      </trkpt>
      <trkpt lat="44.17766" lon="-93.96923">
        <ele>297.3</ele>
      </trkpt>
      <trkpt lat="44.17766" lon="-93.96899">
        <ele>301.3</ele>
      </trkpt>
      <trkpt lat="44.17768" lon="-93.96892">
        <ele>302.2</ele>
      </trkpt>
      <trkpt lat="44.17765" lon="-93.96843">
        <ele>304.9</ele>
      </trkpt>
      <trkpt lat="44.17775" lon="-93.96838">
        <ele>304.8</ele>
      </trkpt>
      <trkpt lat="44.17792" lon="-93.96827">
        <ele>305.2</ele>
      </trkpt>
      <trkpt lat="44.17802" lon="-93.96819">
        <ele>305.2</ele>
      </trkpt>
      <trkpt lat="44.17828" lon="-93.96794">
        <ele>304.9</ele>
      </trkpt>
      <trkpt lat="44.17848" lon="-93.96769">
        <ele>304.9</ele>
      </trkpt>
      <trkpt lat="44.1787" lon="-93.96732">
        <ele>305.2</ele>
      </trkpt>
      <trkpt lat="44.17913" lon="-93.96647">
        <ele>306.0</ele>
      </trkpt>
      <trkpt lat="44.17951" lon="-93.96565">
        <ele>306.4</ele>
      </trkpt>
      <trkpt lat="44.1799" lon="-93.96482">
        <ele>306.4</ele>
      </trkpt>
      <trkpt lat="44.18007" lon="-93.96445">
        <ele>306.3</ele>
      </trkpt>
      <trkpt lat="44.18018" lon="-93.96416">
        <ele>306.2</ele>
      </trkpt>
      <trkpt lat="44.18037" lon="-93.96377">
        <ele>306.1</ele>
      </trkpt>
      <trkpt lat="44.18038" lon="-93.96367">
        <ele>306.1</ele>
      </trkpt>
      <trkpt lat="44.18087" lon="-93.96265">
        <ele>305.9</ele>
      </trkpt>
      <trkpt lat="44.18093" lon="-93.96249">
        <ele>305.8</ele>
      </trkpt>
      <trkpt lat="44.18112" lon="-93.9618">
        <ele>305.7</ele>
      </trkpt>
      <trkpt lat="44.18118" lon="-93.9615">
        <ele>305.7</ele>
      </trkpt>
      <trkpt lat="44.18124" lon="-93.9609">
        <ele>305.5</ele>
      </trkpt>
      <trkpt lat="44.18122" lon="-93.96032">
        <ele>305.5</ele>
      </trkpt>
      <trkpt lat="44.18122" lon="-93.95942">
        <ele>305.3</ele>
      </trkpt>
      <trkpt lat="44.18121" lon="-93.95852">
        <ele>305.0</ele>
      </trkpt>
      <trkpt lat="44.1812" lon="-93.95762">
        <ele>304.9</ele>
      </trkpt>
      <trkpt lat="44.18122" lon="-93.95728">
        <ele>305.0</ele>
      </trkpt>
      <trkpt lat="44.18121" lon="-93.95617">
        <ele>305.3</ele>
      </trkpt>
      <trkpt lat="44.18121" lon="-93.95507">
        <ele>304.9</ele>
      </trkpt>
      <trkpt lat="44.1812" lon="-93.95397">
        <ele>304.9</ele>
      </trkpt>
      <trkpt lat="44.1812" lon="-93.95287">
        <ele>304.9</ele>
      </trkpt>
      <trkpt lat="44.1812" lon="-93.95177">
        <ele>305.0</ele>
      </trkpt>
      <trkpt lat="44.18119" lon="-93.95067">
        <ele>305.0</ele>
      </trkpt>
      <trkpt lat="44.18119" lon="-93.94957">
        <ele>305.3</ele>
      </trkpt>
      <trkpt lat="44.18116" lon="-93.94934">
        <ele>305.3</ele>
      </trkpt>
      <trkpt lat="44.18119" lon="-93.94867">
        <ele>305.7</ele>
      </trkpt>
      <trkpt lat="44.18098" lon="-93.94857">
        <ele>305.7</ele>
      </trkpt>
      <trkpt lat="44.18114" lon="-93.94845">
        <ele>305.9</ele>
      </trkpt>
      <trkpt lat="44.18116" lon="-93.94838">
        <ele>305.9</ele>
      </trkpt>
      <trkpt lat="44.18116" lon="-93.94744">
        <ele>306.4</ele>
      </trkpt>
      <trkpt lat="44.18115" lon="-93.94651">
        <ele>306.5</ele>
      </trkpt>
      <trkpt lat="44.18122" lon="-93.94651">
        <ele>306.5</ele>
      </trkpt>
      <trkpt lat="44.18122" lon="-93.94545">
        <ele>306.8</ele>
      </trkpt>
      <trkpt lat="44.18122" lon="-93.94439">
        <ele>307.8</ele>
      </trkpt>
      <trkpt lat="44.18123" lon="-93.94333">
        <ele>308.0</ele>
      </trkpt>
      <trkpt lat="44.18124" lon="-93.94285">
        <ele>307.9</ele>
      </trkpt>
      <trkpt lat="44.18123" lon="-93.94162">
        <ele>307.9</ele>
      </trkpt>
      <trkpt lat="44.18124" lon="-93.94154">
        <ele>307.9</ele>
      </trkpt>
      <trkpt lat="44.18126" lon="-93.94147">
        <ele>307.9</ele>
      </trkpt>
      <trkpt lat="44.18126" lon="-93.94065">
        <ele>307.8</ele>
      </trkpt>
      <trkpt lat="44.18121" lon="-93.93952">
        <ele>307.7</ele>
      </trkpt>
      <trkpt lat="44.18122" lon="-93.93938">
        <ele>307.7</ele>
      </trkpt>
      <trkpt lat="44.18121" lon="-93.93906">
        <ele>307.6</ele>
      </trkpt>
      <trkpt lat="44.18123" lon="-93.93786">
        <ele>307.6</ele>
      </trkpt>
      <trkpt lat="44.18125" lon="-93.93665">
        <ele>307.8</ele>
      </trkpt>
      <trkpt lat="44.18127" lon="-93.93545">
        <ele>307.8</ele>
      </trkpt>
      <trkpt lat="44.18127" lon="-93.93451">
        <ele>307.8</ele>
      </trkpt>
      <trkpt lat="44.18128" lon="-93.93357">
        <ele>307.9</ele>
      </trkpt>
      <trkpt lat="44.18128" lon="-93.93263">
        <ele>307.9</ele>
      </trkpt>
      <trkpt lat="44.18129" lon="-93.93168">
        <ele>307.8</ele>
      </trkpt>
      <trkpt lat="44.18142" lon="-93.93168">
        <ele>307.8</ele>
      </trkpt>
      <trkpt lat="44.18142" lon="-93.93084">
        <ele>307.8</ele>
      </trkpt>
      <trkpt lat="44.18142" lon="-93.93">
        <ele>307.8</ele>
      </trkpt>
      <trkpt lat="44.18143" lon="-93.92917">
        <ele>307.9</ele>
      </trkpt>
      <trkpt lat="44.18142" lon="-93.92797">
        <ele>307.8</ele>
      </trkpt>
      <trkpt lat="44.18142" lon="-93.92677">
        <ele>304.9</ele>
      </trkpt>
      <trkpt lat="44.18141" lon="-93.92557">
        <ele>305.0</ele>
      </trkpt>
      <trkpt lat="44.18141" lon="-93.92529">
        <ele>305.0</ele>
      </trkpt>
      <trkpt lat="44.18142" lon="-93.92445">
        <ele>304.9</ele>
      </trkpt>
      <trkpt lat="44.18142" lon="-93.92361">
        <ele>304.8</ele>
      </trkpt>
      <trkpt lat="44.18143" lon="-93.92277">
        <ele>304.8</ele>
      </trkpt>
      <trkpt lat="44.18145" lon="-93.92204">
        <ele>305.0</ele>
      </trkpt>
      <trkpt lat="44.1815" lon="-93.92154">
        <ele>307.8</ele>
      </trkpt>
      <trkpt lat="44.18149" lon="-93.92067">
        <ele>307.3</ele>
      </trkpt>
      <trkpt lat="44.18149" lon="-93.91981">
        <ele>308.0</ele>
      </trkpt>
      <trkpt lat="44.18148" lon="-93.91895">
        <ele>308.4</ele>
      </trkpt>
      <trkpt lat="44.18167" lon="-93.91895">
        <ele>308.4</ele>
      </trkpt>
      <trkpt lat="44.18167" lon="-93.91779">
        <ele>308.9</ele>
      </trkpt>
      <trkpt lat="44.18166" lon="-93.91664">
        <ele>309.3</ele>
      </trkpt>
      <trkpt lat="44.18168" lon="-93.91653">
        <ele>309.3</ele>
      </trkpt>
      <trkpt lat="44.18175" lon="-93.9165">
        <ele>309.3</ele>
      </trkpt>
      <trkpt lat="44.1822" lon="-93.91651">
        <ele>309.2</ele>
      </trkpt>
      <trkpt lat="44.18231" lon="-93.91646">
        <ele>309.2</ele>
      </trkpt>
      <trkpt lat="44.18234" lon="-93.91632">
        <ele>309.2</ele>
      </trkpt>
      <trkpt lat="44.18234" lon="-93.91529">
        <ele>309.5</ele>
      </trkpt>
      <trkpt lat="44.18233" lon="-93.91426">
        <ele>309.3</ele>
      </trkpt>
      <trkpt lat="44.18235" lon="-93.91416">
        <ele>309.3</ele>
      </trkpt>
      <trkpt lat="44.18242" lon="-93.91406">
        <ele>309.3</ele>
      </trkpt>
      <trkpt lat="44.18251" lon="-93.91403">
        <ele>309.3</ele>
      </trkpt>
      <trkpt lat="44.18314" lon="-93.91404">
        <ele>309.2</ele>
      </trkpt>
      <trkpt lat="44.18377" lon="-93.91404">
        <ele>309.0</ele>
      </trkpt>
      <trkpt lat="44.18397" lon="-93.91404">
        <ele>308.7</ele>
      </trkpt>
      <trkpt lat="44.18405" lon="-93.91397">
        <ele>308.6</ele>
      </trkpt>
      <trkpt lat="44.18408" lon="-93.91384">
        <ele>308.5</ele>
      </trkpt>
      <trkpt lat="44.18391" lon="-93.91282">
        <ele>308.8</ele>
      </trkpt>
      <trkpt lat="44.18373" lon="-93.9118">
        <ele>308.1</ele>
      </trkpt>
      <trkpt lat="44.18355" lon="-93.91078">
        <ele>308.4</ele>
      </trkpt>
      <trkpt lat="44.18337" lon="-93.90975">
        <ele>308.2</ele>
      </trkpt>
      <trkpt lat="44.1832" lon="-93.90875">
        <ele>307.9</ele>
      </trkpt>
      <trkpt lat="44.18302" lon="-93.90774">
        <ele>305.3</ele>
      </trkpt>
      <trkpt lat="44.18284" lon="-93.90674">
        <ele>305.1</ele>
      </trkpt>
      <trkpt lat="44.18266" lon="-93.90573">
        <ele>305.0</ele>
      </trkpt>
      <trkpt lat="44.18249" lon="-93.90473">
        <ele>303.2</ele>
      </trkpt>
      <trkpt lat="44.18235" lon="-93.90399">
        <ele>302.0</ele>
      </trkpt>
      <trkpt lat="44.18221" lon="-93.90326">
        <ele>301.5</ele>
      </trkpt>
      <trkpt lat="44.18206" lon="-93.90238">
        <ele>301.1</ele>
      </trkpt>
      <trkpt lat="44.1819" lon="-93.9015">
        <ele>301.1</ele>
      </trkpt>
      <trkpt lat="44.18185" lon="-93.90108">
        <ele>301.2</ele>
      </trkpt>
      <trkpt lat="44.1818" lon="-93.90066">
        <ele>301.2</ele>
      </trkpt>
      <trkpt lat="44.18177" lon="-93.9001">
        <ele>301.3</ele>
      </trkpt>
      <trkpt lat="44.18176" lon="-93.89987">
        <ele>301.3</ele>
      </trkpt>
      <trkpt lat="44.18177" lon="-93.89938">
        <ele>301.2</ele>
      </trkpt>
      <trkpt lat="44.18178" lon="-93.8989">
        <ele>301.2</ele>
      </trkpt>
      <trkpt lat="44.1818" lon="-93.89861">
        <ele>301.5</ele>
      </trkpt>
      <trkpt lat="44.18185" lon="-93.8982">
        <ele>301.7</ele>
      </trkpt>
      <trkpt lat="44.18194" lon="-93.89759">
        <ele>302.6</ele>
      </trkpt>
      <trkpt lat="44.18206" lon="-93.89702">
        <ele>303.1</ele>
      </trkpt>
      <trkpt lat="44.18234" lon="-93.89601">
        <ele>301.8</ele>
      </trkpt>
      <trkpt lat="44.18255" lon="-93.89531">
        <ele>301.8</ele>
      </trkpt>
      <trkpt lat="44.18276" lon="-93.8946">
        <ele>301.6</ele>
      </trkpt>
      <trkpt lat="44.18282" lon="-93.89439">
        <ele>301.6</ele>
      </trkpt>
      <trkpt lat="44.1831" lon="-93.89344">
        <ele>301.4</ele>
      </trkpt>
      <trkpt lat="44.18337" lon="-93.89249">
        <ele>301.6</ele>
      </trkpt>
      <trkpt lat="44.18365" lon="-93.89154">
        <ele>301.8</ele>
      </trkpt>
      <trkpt lat="44.18393" lon="-93.8906">
        <ele>302.2</ele>
      </trkpt>
      <trkpt lat="44.18421" lon="-93.88965">
        <ele>304.3</ele>
      </trkpt>
      <trkpt lat="44.18452" lon="-93.88855">
        <ele>304.8</ele>
      </trkpt>
      <trkpt lat="44.18484" lon="-93.88746">
        <ele>305.2</ele>
      </trkpt>
      <trkpt lat="44.18515" lon="-93.88636">
        <ele>304.8</ele>
      </trkpt>
      <trkpt lat="44.18545" lon="-93.88537">
        <ele>304.8</ele>
      </trkpt>
      <trkpt lat="44.18575" lon="-93.88439">
        <ele>304.7</ele>
      </trkpt>
      <trkpt lat="44.18603" lon="-93.88339">
        <ele>304.7</ele>
      </trkpt>
      <trkpt lat="44.18625" lon="-93.88231">
        <ele>304.7</ele>
      </trkpt>
      <trkpt lat="44.18647" lon="-93.88123">
        <ele>304.6</ele>
      </trkpt>
      <trkpt lat="44.18664" lon="-93.88028">
        <ele>305.0</ele>
      </trkpt>
      <trkpt lat="44.18681" lon="-93.87932">
        <ele>304.9</ele>
      </trkpt>
      <trkpt lat="44.18698" lon="-93.87837">
        <ele>307.4</ele>
      </trkpt>
      <trkpt lat="44.18715" lon="-93.87742">
        <ele>307.8</ele>
      </trkpt>
      <trkpt lat="44.18734" lon="-93.87638">
        <ele>308.0</ele>
      </trkpt>
      <trkpt lat="44.18753" lon="-93.87534">
        <ele>308.1</ele>
      </trkpt>
      <trkpt lat="44.18771" lon="-93.8743">
        <ele>310.6</ele>
      </trkpt>
      <trkpt lat="44.18792" lon="-93.87318">
        <ele>310.9</ele>
      </trkpt>
      <trkpt lat="44.18813" lon="-93.87206">
        <ele>310.9</ele>
      </trkpt>
      <trkpt lat="44.18833" lon="-93.87094">
        <ele>311.1</ele>
      </trkpt>
      <trkpt lat="44.18854" lon="-93.86982">
        <ele>311.2</ele>
      </trkpt>
      <trkpt lat="44.18875" lon="-93.8687">
        <ele>311.5</ele>
      </trkpt>
      <trkpt lat="44.18895" lon="-93.86754">
        <ele>311.8</ele>
      </trkpt>
      <trkpt lat="44.18913" lon="-93.86653">
        <ele>312.7</ele>
      </trkpt>
      <trkpt lat="44.18931" lon="-93.86551">
        <ele>313.7</ele>
      </trkpt>
      <trkpt lat="44.18949" lon="-93.86449">
        <ele>314.1</ele>
      </trkpt>
      <trkpt lat="44.18967" lon="-93.86348">
        <ele>314.0</ele>
      </trkpt>
      <trkpt lat="44.18987" lon="-93.8624">
        <ele>314.1</ele>
      </trkpt>
      <trkpt lat="44.19007" lon="-93.86131">
        <ele>314.3</ele>
      </trkpt>
      <trkpt lat="44.19027" lon="-93.86023">
        <ele>314.6</ele>
      </trkpt>
      <trkpt lat="44.19047" lon="-93.85915">
        <ele>314.4</ele>
      </trkpt>
      <trkpt lat="44.19067" lon="-93.85807">
        <ele>314.8</ele>
      </trkpt>
      <trkpt lat="44.19089" lon="-93.85687">
        <ele>315.4</ele>
      </trkpt>
      <trkpt lat="44.1911" lon="-93.85567">
        <ele>315.5</ele>
      </trkpt>
      <trkpt lat="44.19132" lon="-93.85447">
        <ele>315.2</ele>
      </trkpt>
      <trkpt lat="44.19154" lon="-93.85327">
        <ele>315.3</ele>
      </trkpt>
      <trkpt lat="44.19176" lon="-93.85207">
        <ele>315.9</ele>
      </trkpt>
      <trkpt lat="44.19197" lon="-93.85087">
        <ele>316.0</ele>
      </trkpt>
      <trkpt lat="44.19219" lon="-93.84967">
        <ele>316.3</ele>
      </trkpt>
      <trkpt lat="44.19241" lon="-93.84847">
        <ele>316.2</ele>
      </trkpt>
      <trkpt lat="44.19261" lon="-93.84734">
        <ele>315.3</ele>
      </trkpt>
      <trkpt lat="44.19282" lon="-93.8462">
        <ele>314.0</ele>
      </trkpt>
      <trkpt lat="44.19302" lon="-93.84507">
        <ele>313.8</ele>
      </trkpt>
      <trkpt lat="44.19323" lon="-93.84393">
        <ele>312.7</ele>
      </trkpt>
      <trkpt lat="44.19343" lon="-93.8428">
        <ele>312.6</ele>
      </trkpt>
      <trkpt lat="44.19364" lon="-93.84166">
        <ele>313.4</ele>
      </trkpt>
      <trkpt lat="44.19384" lon="-93.84049">
        <ele>314.4</ele>
      </trkpt>
      <trkpt lat="44.194" lon="-93.83988">
        <ele>315.4</ele>
      </trkpt>
      <trkpt lat="44.19416" lon="-93.83927">
        <ele>316.9</ele>
      </trkpt>
      <trkpt lat="44.19453" lon="-93.83835">
        <ele>317.1</ele>
      </trkpt>
      <trkpt lat="44.1949" lon="-93.83748">
        <ele>316.7</ele>
      </trkpt>
      <trkpt lat="44.19535" lon="-93.83665">
        <ele>316.7</ele>
      </trkpt>
      <trkpt lat="44.1959" lon="-93.83574">
        <ele>316.8</ele>
      </trkpt>
      <trkpt lat="44.19644" lon="-93.83482">
        <ele>317.2</ele>
      </trkpt>
      <trkpt lat="44.19698" lon="-93.83391">
        <ele>317.2</ele>
      </trkpt>
      <trkpt lat="44.19752" lon="-93.833">
        <ele>316.8</ele>
      </trkpt>
      <trkpt lat="44.19807" lon="-93.83209">
        <ele>314.7</ele>
      </trkpt>
      <trkpt lat="44.19861" lon="-93.83118">
        <ele>310.9</ele>
      </trkpt>
      <trkpt lat="44.19915" lon="-93.83026">
        <ele>312.6</ele>
      </trkpt>
      <trkpt lat="44.19969" lon="-93.82935">
        <ele>314.2</ele>
      </trkpt>
      <trkpt lat="44.20024" lon="-93.82844">
        <ele>315.3</ele>
      </trkpt>
      <trkpt lat="44.20078" lon="-93.82753">
        <ele>315.1</ele>
      </trkpt>
      <trkpt lat="44.20132" lon="-93.82662">
        <ele>315.1</ele>
      </trkpt>
      <trkpt lat="44.20181" lon="-93.82577">
        <ele>315.4</ele>
      </trkpt>
      <trkpt lat="44.2023" lon="-93.82492">
        <ele>315.7</ele>
      </trkpt>
      <trkpt lat="44.20265" lon="-93.82433">
        <ele>315.7</ele>
      </trkpt>
      <trkpt lat="44.203" lon="-93.82374">
        <ele>316.2</ele>
      </trkpt>
      <trkpt lat="44.20351" lon="-93.82284">
        <ele>317.9</ele>
      </trkpt>
      <trkpt lat="44.20396" lon="-93.82188">
        <ele>319.4</ele>
      </trkpt>
      <trkpt lat="44.2041" lon="-93.82154">
        <ele>319.3</ele>
      </trkpt>
      <trkpt lat="44.2043" lon="-93.82096">
        <ele>319.9</ele>
      </trkpt>
      <trkpt lat="44.20448" lon="-93.82028">
        <ele>320.2</ele>
      </trkpt>
      <trkpt lat="44.20464" lon="-93.81976">
        <ele>320.2</ele>
      </trkpt>
      <trkpt lat="44.20491" lon="-93.81872">
        <ele>319.9</ele>
      </trkpt>
      <trkpt lat="44.20517" lon="-93.81768">
        <ele>319.8</ele>
      </trkpt>
      <trkpt lat="44.20544" lon="-93.81663">
        <ele>319.9</ele>
      </trkpt>
      <trkpt lat="44.2057" lon="-93.81559">
        <ele>320.4</ele>
      </trkpt>
      <trkpt lat="44.206" lon="-93.81445">
        <ele>320.2</ele>
      </trkpt>
      <trkpt lat="44.20629" lon="-93.8133">
        <ele>319.7</ele>
      </trkpt>
      <trkpt lat="44.20659" lon="-93.81216">
        <ele>319.8</ele>
      </trkpt>
      <trkpt lat="44.20688" lon="-93.81101">
        <ele>319.4</ele>
      </trkpt>
      <trkpt lat="44.2071" lon="-93.81014">
        <ele>319.1</ele>
      </trkpt>
      <trkpt lat="44.20731" lon="-93.80927">
        <ele>319.5</ele>
      </trkpt>
      <trkpt lat="44.20753" lon="-93.8084">
        <ele>320.0</ele>
      </trkpt>
      <trkpt lat="44.20779" lon="-93.80737">
        <ele>317.8</ele>
      </trkpt>
      <trkpt lat="44.20806" lon="-93.80635">
        <ele>320.0</ele>
      </trkpt>
      <trkpt lat="44.20833" lon="-93.80532">
        <ele>319.6</ele>
      </trkpt>
      <trkpt lat="44.20859" lon="-93.80429">
        <ele>318.9</ele>
      </trkpt>
      <trkpt lat="44.20886" lon="-93.80327">
        <ele>317.4</ele>
      </trkpt>
      <trkpt lat="44.20912" lon="-93.80224">
        <ele>317.0</ele>
      </trkpt>
      <trkpt lat="44.20935" lon="-93.80129">
        <ele>318.1</ele>
      </trkpt>
      <trkpt lat="44.20958" lon="-93.80033">
        <ele>319.6</ele>
      </trkpt>
      <trkpt lat="44.20982" lon="-93.79938">
        <ele>319.2</ele>
      </trkpt>
      <trkpt lat="44.21003" lon="-93.79851">
        <ele>318.3</ele>
      </trkpt>
      <trkpt lat="44.21024" lon="-93.79765">
        <ele>317.1</ele>
      </trkpt>
      <trkpt lat="44.21036" lon="-93.79694">
        <ele>317.0</ele>
      </trkpt>
      <trkpt lat="44.21048" lon="-93.79623">
        <ele>317.0</ele>
      </trkpt>
      <trkpt lat="44.21054" lon="-93.79526">
        <ele>317.0</ele>
      </trkpt>
      <trkpt lat="44.2106" lon="-93.79428">
        <ele>317.0</ele>
      </trkpt>
      <trkpt lat="44.21066" lon="-93.7933">
        <ele>317.0</ele>
      </trkpt>
      <trkpt lat="44.21076" lon="-93.79206">
        <ele>316.9</ele>
      </trkpt>
      <trkpt lat="44.21086" lon="-93.79081">
        <ele>317.0</ele>
      </trkpt>
      <trkpt lat="44.21092" lon="-93.78987">
        <ele>317.0</ele>
      </trkpt>
      <trkpt lat="44.21098" lon="-93.78892">
        <ele>316.9</ele>
      </trkpt>
      <trkpt lat="44.21103" lon="-93.78797">
        <ele>317.0</ele>
      </trkpt>
      <trkpt lat="44.21109" lon="-93.78734">
        <ele>317.0</ele>
      </trkpt>
      <trkpt lat="44.21115" lon="-93.78671">
        <ele>317.1</ele>
      </trkpt>
      <trkpt lat="44.21121" lon="-93.78585">
        <ele>317.1</ele>
      </trkpt>
      <trkpt lat="44.21127" lon="-93.78499">
        <ele>316.9</ele>
      </trkpt>
      <trkpt lat="44.21143" lon="-93.78395">
        <ele>317.0</ele>
      </trkpt>
      <trkpt lat="44.2116" lon="-93.78291">
        <ele>314.3</ele>
      </trkpt>
      <trkpt lat="44.21177" lon="-93.78186">
        <ele>318.7</ele>
      </trkpt>
      <trkpt lat="44.21195" lon="-93.78083">
        <ele>320.3</ele>
      </trkpt>
      <trkpt lat="44.21213" lon="-93.7798">
        <ele>319.9</ele>
      </trkpt>
      <trkpt lat="44.21231" lon="-93.77876">
        <ele>317.7</ele>
      </trkpt>
      <trkpt lat="44.2125" lon="-93.77771">
        <ele>317.5</ele>
      </trkpt>
      <trkpt lat="44.21269" lon="-93.77667">
        <ele>319.4</ele>
      </trkpt>
      <trkpt lat="44.21283" lon="-93.77584">
        <ele>320.1</ele>
      </trkpt>
      <trkpt lat="44.21298" lon="-93.77502">
        <ele>319.9</ele>
      </trkpt>
      <trkpt lat="44.21312" lon="-93.7742">
        <ele>319.7</ele>
      </trkpt>
      <trkpt lat="44.2133" lon="-93.77319">
        <ele>319.8</ele>
      </trkpt>
      <trkpt lat="44.21348" lon="-93.77217">
        <ele>320.0</ele>
      </trkpt>
      <trkpt lat="44.21366" lon="-93.77116">
        <ele>320.0</ele>
      </trkpt>
      <trkpt lat="44.21384" lon="-93.77014">
        <ele>320.1</ele>
      </trkpt>
      <trkpt lat="44.21398" lon="-93.76914">
        <ele>322.1</ele>
      </trkpt>
      <trkpt lat="44.21406" lon="-93.768">
        <ele>322.2</ele>
      </trkpt>
      <trkpt lat="44.21414" lon="-93.76693">
        <ele>321.4</ele>
      </trkpt>
      <trkpt lat="44.21422" lon="-93.76587">
        <ele>321.1</ele>
      </trkpt>
      <trkpt lat="44.2143" lon="-93.7648">
        <ele>321.6</ele>
      </trkpt>
      <trkpt lat="44.21438" lon="-93.76374">
        <ele>322.9</ele>
      </trkpt>
      <trkpt lat="44.21447" lon="-93.76268">
        <ele>324.6</ele>
      </trkpt>
      <trkpt lat="44.21452" lon="-93.76171">
        <ele>325.1</ele>
      </trkpt>
      <trkpt lat="44.21458" lon="-93.76074">
        <ele>324.7</ele>
      </trkpt>
      <trkpt lat="44.21464" lon="-93.75999">
        <ele>324.1</ele>
      </trkpt>
      <trkpt lat="44.21462" lon="-93.75918">
        <ele>323.4</ele>
      </trkpt>
      <trkpt lat="44.21455" lon="-93.75828">
        <ele>323.3</ele>
      </trkpt>
      <trkpt lat="44.21441" lon="-93.75736">
        <ele>323.8</ele>
      </trkpt>
      <trkpt lat="44.21419" lon="-93.75653">
        <ele>323.9</ele>
      </trkpt>
      <trkpt lat="44.21395" lon="-93.75578">
        <ele>324.0</ele>
      </trkpt>
      <trkpt lat="44.21362" lon="-93.75479">
        <ele>325.7</ele>
      </trkpt>
      <trkpt lat="44.21329" lon="-93.75381">
        <ele>325.6</ele>
      </trkpt>
      <trkpt lat="44.21292" lon="-93.75284">
        <ele>325.0</ele>
      </trkpt>
      <trkpt lat="44.21256" lon="-93.75186">
        <ele>325.7</ele>
      </trkpt>
      <trkpt lat="44.21233" lon="-93.75128">
        <ele>325.1</ele>
      </trkpt>
      <trkpt lat="44.21209" lon="-93.7507">
        <ele>324.7</ele>
      </trkpt>
      <trkpt lat="44.21185" lon="-93.75016">
        <ele>325.3</ele>
      </trkpt>
      <trkpt lat="44.21161" lon="-93.74962">
        <ele>325.8</ele>
      </trkpt>
      <trkpt lat="44.21119" lon="-93.74879">
        <ele>326.4</ele>
      </trkpt>
      <trkpt lat="44.21076" lon="-93.74796">
        <ele>328.3</ele>
      </trkpt>
      <trkpt lat="44.21033" lon="-93.74714">
        <ele>328.9</ele>
      </trkpt>
      <trkpt lat="44.21005" lon="-93.74651">
        <ele>328.2</ele>
      </trkpt>
      <trkpt lat="44.20978" lon="-93.74589">
        <ele>327.1</ele>
      </trkpt>
      <trkpt lat="44.2095" lon="-93.74505">
        <ele>327.6</ele>
      </trkpt>
      <trkpt lat="44.20932" lon="-93.74437">
        <ele>327.8</ele>
      </trkpt>
      <trkpt lat="44.20903" lon="-93.74323">
        <ele>326.5</ele>
      </trkpt>
      <trkpt lat="44.20875" lon="-93.74208">
        <ele>326.2</ele>
      </trkpt>
      <trkpt lat="44.20847" lon="-93.74094">
        <ele>326.1</ele>
      </trkpt>
      <trkpt lat="44.20818" lon="-93.7398">
        <ele>326.1</ele>
      </trkpt>
      <trkpt lat="44.2079" lon="-93.73865">
        <ele>326.1</ele>
      </trkpt>
      <trkpt lat="44.2076" lon="-93.73748">
        <ele>325.2</ele>
      </trkpt>
      <trkpt lat="44.20731" lon="-93.73631">
        <ele>323.7</ele>
      </trkpt>
      <trkpt lat="44.20701" lon="-93.73513">
        <ele>323.6</ele>
      </trkpt>
      <trkpt lat="44.20672" lon="-93.73396">
        <ele>323.3</ele>
      </trkpt>
      <trkpt lat="44.20642" lon="-93.73279">
        <ele>322.9</ele>
      </trkpt>
      <trkpt lat="44.20613" lon="-93.73161">
        <ele>323.2</ele>
      </trkpt>
      <trkpt lat="44.20583" lon="-93.73044">
        <ele>322.7</ele>
      </trkpt>
      <trkpt lat="44.20553" lon="-93.72927">
        <ele>320.0</ele>
      </trkpt>
      <trkpt lat="44.20524" lon="-93.72809">
        <ele>320.1</ele>
      </trkpt>
      <trkpt lat="44.20494" lon="-93.72692">
        <ele>320.2</ele>
      </trkpt>
      <trkpt lat="44.20475" lon="-93.72611">
        <ele>321.6</ele>
      </trkpt>
      <trkpt lat="44.20455" lon="-93.72531">
        <ele>320.3</ele>
      </trkpt>
      <trkpt lat="44.20436" lon="-93.7245">
        <ele>320.1</ele>
      </trkpt>
      <trkpt lat="44.20417" lon="-93.72345">
        <ele>321.0</ele>
      </trkpt>
      <trkpt lat="44.2041" lon="-93.7227">
        <ele>323.3</ele>
      </trkpt>
      <trkpt lat="44.20402" lon="-93.72194">
        <ele>323.6</ele>
      </trkpt>
      <trkpt lat="44.20395" lon="-93.72102">
        <ele>323.4</ele>
      </trkpt>
      <trkpt lat="44.20387" lon="-93.72011">
        <ele>323.2</ele>
      </trkpt>
      <trkpt lat="44.2038" lon="-93.71919">
        <ele>323.2</ele>
      </trkpt>
      <trkpt lat="44.20379" lon="-93.71908">
        <ele>323.2</ele>
      </trkpt>
      <trkpt lat="44.20369" lon="-93.71797">
        <ele>323.4</ele>
      </trkpt>
      <trkpt lat="44.20359" lon="-93.71687">
        <ele>325.5</ele>
      </trkpt>
      <trkpt lat="44.2035" lon="-93.71603">
        <ele>326.1</ele>
      </trkpt>
      <trkpt lat="44.2034" lon="-93.71519">
        <ele>326.1</ele>
      </trkpt>
      <trkpt lat="44.2032" lon="-93.71414">
        <ele>326.1</ele>
      </trkpt>
      <trkpt lat="44.20299" lon="-93.71309">
        <ele>326.0</ele>
      </trkpt>
      <trkpt lat="44.20278" lon="-93.71204">
        <ele>325.8</ele>
      </trkpt>
      <trkpt lat="44.20257" lon="-93.71099">
        <ele>325.5</ele>
      </trkpt>
      <trkpt lat="44.20236" lon="-93.70993">
        <ele>323.6</ele>
      </trkpt>
      <trkpt lat="44.20215" lon="-93.70887">
        <ele>319.8</ele>
      </trkpt>
      <trkpt lat="44.20193" lon="-93.70781">
        <ele>320.9</ele>
      </trkpt>
      <trkpt lat="44.20172" lon="-93.70675">
        <ele>321.8</ele>
      </trkpt>
      <trkpt lat="44.20151" lon="-93.70569">
        <ele>321.6</ele>
      </trkpt>
      <trkpt lat="44.20129" lon="-93.70462">
        <ele>321.2</ele>
      </trkpt>
      <trkpt lat="44.20108" lon="-93.70356">
        <ele>320.8</ele>
      </trkpt>
      <trkpt lat="44.20087" lon="-93.7025">
        <ele>319.9</ele>
      </trkpt>
      <trkpt lat="44.20067" lon="-93.70152">
        <ele>318.6</ele>
      </trkpt>
      <trkpt lat="44.20048" lon="-93.70054">
        <ele>320.2</ele>
      </trkpt>
      <trkpt lat="44.20029" lon="-93.69956">
        <ele>321.7</ele>
      </trkpt>
      <trkpt lat="44.20009" lon="-93.69855">
        <ele>323.7</ele>
      </trkpt>
      <trkpt lat="44.19989" lon="-93.69755">
        <ele>323.9</ele>
      </trkpt>
      <trkpt lat="44.19968" lon="-93.69654">
        <ele>324.5</ele>
      </trkpt>
      <trkpt lat="44.19952" lon="-93.69541">
        <ele>324.3</ele>
      </trkpt>
      <trkpt lat="44.19944" lon="-93.69417">
        <ele>324.2</ele>
      </trkpt>
      <trkpt lat="44.19936" lon="-93.69293">
        <ele>323.4</ele>
      </trkpt>
      <trkpt lat="44.19928" lon="-93.69169">
        <ele>323.6</ele>
      </trkpt>
      <trkpt lat="44.1992" lon="-93.69047">
        <ele>324.9</ele>
      </trkpt>
      <trkpt lat="44.19912" lon="-93.68925">
        <ele>325.9</ele>
      </trkpt>
      <trkpt lat="44.19904" lon="-93.68803">
        <ele>325.8</ele>
      </trkpt>
      <trkpt lat="44.19896" lon="-93.6868">
        <ele>324.7</ele>
      </trkpt>
      <trkpt lat="44.19887" lon="-93.68563">
        <ele>322.9</ele>
      </trkpt>
      <trkpt lat="44.19879" lon="-93.68445">
        <ele>323.3</ele>
      </trkpt>
      <trkpt lat="44.19871" lon="-93.68343">
        <ele>323.1</ele>
      </trkpt>
      <trkpt lat="44.19863" lon="-93.68241">
        <ele>320.9</ele>
      </trkpt>
      <trkpt lat="44.19855" lon="-93.68139">
        <ele>320.5</ele>
      </trkpt>
      <trkpt lat="44.19856" lon="-93.68051">
        <ele>320.6</ele>
      </trkpt>
      <trkpt lat="44.19861" lon="-93.67981">
        <ele>321.1</ele>
      </trkpt>
      <trkpt lat="44.19863" lon="-93.67894">
        <ele>321.0</ele>
      </trkpt>
      <trkpt lat="44.19862" lon="-93.67873">
        <ele>321.1</ele>
      </trkpt>
      <trkpt lat="44.19853" lon="-93.67819">
        <ele>321.2</ele>
      </trkpt>
      <trkpt lat="44.1984" lon="-93.67766">
        <ele>320.7</ele>
      </trkpt>
      <trkpt lat="44.19825" lon="-93.67727">
        <ele>320.0</ele>
      </trkpt>
      <trkpt lat="44.19818" lon="-93.67646">
        <ele>318.8</ele>
      </trkpt>
      <trkpt lat="44.19812" lon="-93.67564">
        <ele>318.9</ele>
      </trkpt>
      <trkpt lat="44.19805" lon="-93.67451">
        <ele>318.4</ele>
      </trkpt>
      <trkpt lat="44.19799" lon="-93.67337">
        <ele>317.2</ele>
      </trkpt>
      <trkpt lat="44.19799" lon="-93.67293">
        <ele>317.0</ele>
      </trkpt>
      <trkpt lat="44.19796" lon="-93.67266">
        <ele>316.9</ele>
      </trkpt>
      <trkpt lat="44.19799" lon="-93.67203">
        <ele>316.0</ele>
      </trkpt>
      <trkpt lat="44.19803" lon="-93.67155">
        <ele>316.4</ele>
      </trkpt>
      <trkpt lat="44.19818" lon="-93.6706">
        <ele>318.6</ele>
      </trkpt>
      <trkpt lat="44.19837" lon="-93.66982">
        <ele>319.7</ele>
      </trkpt>
      <trkpt lat="44.19853" lon="-93.6692">
        <ele>317.6</ele>
      </trkpt>
      <trkpt lat="44.19869" lon="-93.66858">
        <ele>317.3</ele>
      </trkpt>
      <trkpt lat="44.19894" lon="-93.66752">
        <ele>314.0</ele>
      </trkpt>
      <trkpt lat="44.19919" lon="-93.66646">
        <ele>314.0</ele>
      </trkpt>
      <trkpt lat="44.19944" lon="-93.66547">
        <ele>313.8</ele>
      </trkpt>
      <trkpt lat="44.19968" lon="-93.66448">
        <ele>312.4</ele>
      </trkpt>
      <trkpt lat="44.19974" lon="-93.6638">
        <ele>311.8</ele>
      </trkpt>
      <trkpt lat="44.19973" lon="-93.66333">
        <ele>311.8</ele>
      </trkpt>
      <trkpt lat="44.1997" lon="-93.66264">
        <ele>312.4</ele>
      </trkpt>
      <trkpt lat="44.19959" lon="-93.66195">
        <ele>313.1</ele>
      </trkpt>
      <trkpt lat="44.19942" lon="-93.66102">
        <ele>313.6</ele>
      </trkpt>
      <trkpt lat="44.19933" lon="-93.66033">
        <ele>313.8</ele>
      </trkpt>
      <trkpt lat="44.19934" lon="-93.65961">
        <ele>313.4</ele>
      </trkpt>
      <trkpt lat="44.19935" lon="-93.6589">
        <ele>312.9</ele>
      </trkpt>
      <trkpt lat="44.1994" lon="-93.65819">
        <ele>312.3</ele>
      </trkpt>
      <trkpt lat="44.19945" lon="-93.65748">
        <ele>312.3</ele>
      </trkpt>
      <trkpt lat="44.1995" lon="-93.65678">
        <ele>313.0</ele>
      </trkpt>
      <trkpt lat="44.19954" lon="-93.65609">
        <ele>313.6</ele>
      </trkpt>
      <trkpt lat="44.19957" lon="-93.65545">
        <ele>313.7</ele>
      </trkpt>
      <trkpt lat="44.19959" lon="-93.65481">
        <ele>313.4</ele>
      </trkpt>
      <trkpt lat="44.19957" lon="-93.65412">
        <ele>312.3</ele>
      </trkpt>
      <trkpt lat="44.19954" lon="-93.65342">
        <ele>311.7</ele>
      </trkpt>
      <trkpt lat="44.19943" lon="-93.65245">
        <ele>313.0</ele>
      </trkpt>
      <trkpt lat="44.19933" lon="-93.65149">
        <ele>313.8</ele>
      </trkpt>
      <trkpt lat="44.19924" lon="-93.65057">
        <ele>314.2</ele>
      </trkpt>
      <trkpt lat="44.19915" lon="-93.64966">
        <ele>316.6</ele>
      </trkpt>
      <trkpt lat="44.19906" lon="-93.64874">
        <ele>317.0</ele>
      </trkpt>
      <trkpt lat="44.19901" lon="-93.64813">
        <ele>317.1</ele>
      </trkpt>
      <trkpt lat="44.19898" lon="-93.64744">
        <ele>315.8</ele>
      </trkpt>
      <trkpt lat="44.199" lon="-93.64676">
        <ele>314.5</ele>
      </trkpt>
      <trkpt lat="44.19903" lon="-93.64608">
        <ele>313.6</ele>
      </trkpt>
      <trkpt lat="44.19908" lon="-93.64525">
        <ele>317.3</ele>
      </trkpt>
      <trkpt lat="44.19916" lon="-93.64445">
        <ele>317.1</ele>
      </trkpt>
      <trkpt lat="44.19924" lon="-93.64364">
        <ele>317.2</ele>
      </trkpt>
      <trkpt lat="44.19934" lon="-93.64255">
        <ele>320.6</ele>
      </trkpt>
      <trkpt lat="44.19944" lon="-93.64145">
        <ele>320.0</ele>
      </trkpt>
      <trkpt lat="44.19956" lon="-93.64083">
        <ele>320.9</ele>
      </trkpt>
      <trkpt lat="44.19969" lon="-93.64021">
        <ele>321.0</ele>
      </trkpt>
      <trkpt lat="44.19997" lon="-93.63905">
        <ele>321.1</ele>
      </trkpt>
      <trkpt lat="44.20026" lon="-93.63789">
        <ele>322.7</ele>
      </trkpt>
      <trkpt lat="44.20054" lon="-93.63672">
        <ele>322.5</ele>
      </trkpt>
      <trkpt lat="44.20082" lon="-93.63556">
        <ele>323.1</ele>
      </trkpt>
      <trkpt lat="44.20111" lon="-93.6344">
        <ele>321.8</ele>
      </trkpt>
      <trkpt lat="44.20139" lon="-93.63324">
        <ele>319.0</ele>
      </trkpt>
      <trkpt lat="44.20168" lon="-93.63208">
        <ele>319.7</ele>
      </trkpt>
      <trkpt lat="44.20183" lon="-93.63128">
        <ele>317.8</ele>
      </trkpt>
      <trkpt lat="44.20197" lon="-93.63047">
        <ele>317.4</ele>
      </trkpt>
      <trkpt lat="44.20216" lon="-93.62928">
        <ele>317.1</ele>
      </trkpt>
      <trkpt lat="44.20234" lon="-93.6281">
        <ele>317.8</ele>
      </trkpt>
      <trkpt lat="44.20254" lon="-93.62688">
        <ele>318.0</ele>
      </trkpt>
      <trkpt lat="44.20275" lon="-93.62567">
        <ele>318.3</ele>
      </trkpt>
      <trkpt lat="44.20295" lon="-93.62445">
        <ele>317.6</ele>
      </trkpt>
      <trkpt lat="44.20308" lon="-93.62348">
        <ele>317.2</ele>
      </trkpt>
      <trkpt lat="44.20321" lon="-93.62251">
        <ele>316.9</ele>
      </trkpt>
      <trkpt lat="44.20335" lon="-93.62154">
        <ele>317.1</ele>
      </trkpt>
      <trkpt lat="44.20348" lon="-93.62057">
        <ele>316.8</ele>
      </trkpt>
      <trkpt lat="44.20357" lon="-93.61973">
        <ele>316.3</ele>
      </trkpt>
      <trkpt lat="44.20367" lon="-93.61888">
        <ele>316.2</ele>
      </trkpt>
      <trkpt lat="44.20378" lon="-93.61774">
        <ele>314.6</ele>
      </trkpt>
      <trkpt lat="44.2039" lon="-93.61661">
        <ele>315.2</ele>
      </trkpt>
      <trkpt lat="44.20401" lon="-93.61547">
        <ele>316.2</ele>
      </trkpt>
      <trkpt lat="44.20413" lon="-93.61433">
        <ele>316.9</ele>
      </trkpt>
      <trkpt lat="44.20424" lon="-93.61319">
        <ele>317.0</ele>
      </trkpt>
      <trkpt lat="44.20436" lon="-93.61205">
        <ele>317.5</ele>
      </trkpt>
      <trkpt lat="44.20448" lon="-93.61091">
        <ele>320.1</ele>
      </trkpt>
      <trkpt lat="44.20459" lon="-93.60977">
        <ele>319.6</ele>
      </trkpt>
      <trkpt lat="44.20471" lon="-93.60863">
        <ele>319.6</ele>
      </trkpt>
      <trkpt lat="44.2048" lon="-93.60776">
        <ele>321.7</ele>
      </trkpt>
      <trkpt lat="44.2049" lon="-93.60688">
        <ele>321.1</ele>
      </trkpt>
      <trkpt lat="44.20499" lon="-93.606">
        <ele>320.4</ele>
      </trkpt>
      <trkpt lat="44.20507" lon="-93.60512">
        <ele>320.1</ele>
      </trkpt>
      <trkpt lat="44.20516" lon="-93.60424">
        <ele>320.0</ele>
      </trkpt>
      <trkpt lat="44.20521" lon="-93.60346">
        <ele>319.9</ele>
      </trkpt>
      <trkpt lat="44.20519" lon="-93.6027">
        <ele>319.6</ele>
      </trkpt>
      <trkpt lat="44.20518" lon="-93.60195">
        <ele>318.1</ele>
      </trkpt>
      <trkpt lat="44.20513" lon="-93.60091">
        <ele>316.9</ele>
      </trkpt>
      <trkpt lat="44.20509" lon="-93.59987">
        <ele>315.9</ele>
      </trkpt>
      <trkpt lat="44.20507" lon="-93.59921">
        <ele>315.6</ele>
      </trkpt>
      <trkpt lat="44.20505" lon="-93.59855">
        <ele>314.4</ele>
      </trkpt>
      <trkpt lat="44.20499" lon="-93.59736">
        <ele>315.0</ele>
      </trkpt>
      <trkpt lat="44.20494" lon="-93.59666">
        <ele>313.9</ele>
      </trkpt>
      <trkpt lat="44.2049" lon="-93.59597">
        <ele>313.9</ele>
      </trkpt>
      <trkpt lat="44.2049" lon="-93.59512">
        <ele>313.9</ele>
      </trkpt>
      <trkpt lat="44.20494" lon="-93.59438">
        <ele>313.9</ele>
      </trkpt>
      <trkpt lat="44.20509" lon="-93.59357">
        <ele>313.9</ele>
      </trkpt>
      <trkpt lat="44.2053" lon="-93.5927">
        <ele>314.1</ele>
      </trkpt>
      <trkpt lat="44.20559" lon="-93.59185">
        <ele>316.8</ele>
      </trkpt>
      <trkpt lat="44.2059" lon="-93.59113">
        <ele>317.0</ele>
      </trkpt>
      <trkpt lat="44.20622" lon="-93.59041">
        <ele>318.4</ele>
      </trkpt>
      <trkpt lat="44.20654" lon="-93.58951">
        <ele>318.6</ele>
      </trkpt>
      <trkpt lat="44.20678" lon="-93.58856">
        <ele>318.9</ele>
      </trkpt>
      <trkpt lat="44.20699" lon="-93.58764">
        <ele>320.2</ele>
      </trkpt>
      <trkpt lat="44.20712" lon="-93.58704">
        <ele>318.5</ele>
      </trkpt>
      <trkpt lat="44.20724" lon="-93.58644">
        <ele>315.9</ele>
      </trkpt>
      <trkpt lat="44.20739" lon="-93.58568">
        <ele>315.5</ele>
      </trkpt>
      <trkpt lat="44.20753" lon="-93.58493">
        <ele>314.8</ele>
      </trkpt>
      <trkpt lat="44.20774" lon="-93.58378">
        <ele>314.7</ele>
      </trkpt>
      <trkpt lat="44.20789" lon="-93.58284">
        <ele>314.0</ele>
      </trkpt>
      <trkpt lat="44.20806" lon="-93.58164">
        <ele>313.5</ele>
      </trkpt>
      <trkpt lat="44.20824" lon="-93.58045">
        <ele>314.0</ele>
      </trkpt>
      <trkpt lat="44.20841" lon="-93.57926">
        <ele>314.5</ele>
      </trkpt>
      <trkpt lat="44.20843" lon="-93.57913">
        <ele>314.6</ele>
      </trkpt>
      <trkpt lat="44.2086" lon="-93.57806">
        <ele>315.1</ele>
      </trkpt>
      <trkpt lat="44.20882" lon="-93.57689">
        <ele>313.3</ele>
      </trkpt>
      <trkpt lat="44.20896" lon="-93.57636">
        <ele>314.0</ele>
      </trkpt>
      <trkpt lat="44.20913" lon="-93.57584">
        <ele>313.8</ele>
      </trkpt>
      <trkpt lat="44.20933" lon="-93.5754">
        <ele>313.2</ele>
      </trkpt>
      <trkpt lat="44.20965" lon="-93.57481">
        <ele>313.1</ele>
      </trkpt>
      <trkpt lat="44.21001" lon="-93.5742">
        <ele>313.0</ele>
      </trkpt>
      <trkpt lat="44.2105" lon="-93.57351">
        <ele>312.0</ele>
      </trkpt>
      <trkpt lat="44.21083" lon="-93.57301">
        <ele>311.2</ele>
      </trkpt>
      <trkpt lat="44.21102" lon="-93.57268">
        <ele>310.8</ele>
      </trkpt>
      <trkpt lat="44.21109" lon="-93.57256">
        <ele>310.6</ele>
      </trkpt>
      <trkpt lat="44.21114" lon="-93.57245">
        <ele>310.5</ele>
      </trkpt>
      <trkpt lat="44.21122" lon="-93.57226">
        <ele>310.7</ele>
      </trkpt>
      <trkpt lat="44.21135" lon="-93.57202">
        <ele>310.0</ele>
      </trkpt>
      <trkpt lat="44.21172" lon="-93.57141">
        <ele>310.5</ele>
      </trkpt>
      <trkpt lat="44.21195" lon="-93.57107">
        <ele>309.9</ele>
      </trkpt>
      <trkpt lat="44.21205" lon="-93.57086">
        <ele>309.7</ele>
      </trkpt>
      <trkpt lat="44.21283" lon="-93.57086">
        <ele>308.3</ele>
      </trkpt>
      <trkpt lat="44.2136" lon="-93.57085">
        <ele>308.5</ele>
      </trkpt>
      <trkpt lat="44.21438" lon="-93.57084">
        <ele>308.8</ele>
      </trkpt>
      <trkpt lat="44.21515" lon="-93.57084">
        <ele>307.9</ele>
      </trkpt>
      <trkpt lat="44.21593" lon="-93.57083">
        <ele>307.9</ele>
      </trkpt>
      <trkpt lat="44.2167" lon="-93.57082">
        <ele>308.2</ele>
      </trkpt>
      <trkpt lat="44.2167" lon="-93.57006">
        <ele>308.3</ele>
      </trkpt>
      <trkpt lat="44.21669" lon="-93.56929">
        <ele>308.8</ele>
      </trkpt>
      <trkpt lat="44.2167" lon="-93.56853">
        <ele>309.3</ele>
      </trkpt>
      <trkpt lat="44.21669" lon="-93.56741">
        <ele>308.4</ele>
      </trkpt>
      <trkpt lat="44.21669" lon="-93.56628">
        <ele>306.2</ele>
      </trkpt>
      <trkpt lat="44.21596" lon="-93.56629">
        <ele>307.2</ele>
      </trkpt>
      <trkpt lat="44.21596" lon="-93.56554">
        <ele>307.3</ele>
      </trkpt>
      <trkpt lat="44.21595" lon="-93.5648">
        <ele>307.4</ele>
      </trkpt>
      <trkpt lat="44.21595" lon="-93.5639">
        <ele>307.6</ele>
      </trkpt>
      <trkpt lat="44.21595" lon="-93.563">
        <ele>307.7</ele>
      </trkpt>
      <trkpt lat="44.21595" lon="-93.56211">
        <ele>308.8</ele>
      </trkpt>
      <trkpt lat="44.21598" lon="-93.56184">
        <ele>308.8</ele>
      </trkpt>
      <trkpt lat="44.21606" lon="-93.56154">
        <ele>308.7</ele>
      </trkpt>
      <trkpt lat="44.2161" lon="-93.56135">
        <ele>308.6</ele>
      </trkpt>
      <trkpt lat="44.21611" lon="-93.56124">
        <ele>308.5</ele>
      </trkpt>
      <trkpt lat="44.21614" lon="-93.56033">
        <ele>307.9</ele>
      </trkpt>
      <trkpt lat="44.2161" lon="-93.56002">
        <ele>307.9</ele>
      </trkpt>
      <trkpt lat="44.2161" lon="-93.55985">
        <ele>307.9</ele>
      </trkpt>
      <trkpt lat="44.21618" lon="-93.55951">
        <ele>307.7</ele>
      </trkpt>
      <trkpt lat="44.21663" lon="-93.5595">
        <ele>308.2</ele>
      </trkpt>
      <trkpt lat="44.21673" lon="-93.55906">
        <ele>309.0</ele>
      </trkpt>
      <trkpt lat="44.2169" lon="-93.55824">
        <ele>310.9</ele>
      </trkpt>
      <trkpt lat="44.21704" lon="-93.55766">
        <ele>310.4</ele>
      </trkpt>
      <trkpt lat="44.21719" lon="-93.55689">
        <ele>311.0</ele>
      </trkpt>
      <trkpt lat="44.21729" lon="-93.55619">
        <ele>309.6</ele>
      </trkpt>
      <trkpt lat="44.21739" lon="-93.5555">
        <ele>309.8</ele>
      </trkpt>
      <trkpt lat="44.2175" lon="-93.5546">
        <ele>309.6</ele>
      </trkpt>
      <trkpt lat="44.21761" lon="-93.5537">
        <ele>308.7</ele>
      </trkpt>
      <trkpt lat="44.21772" lon="-93.5528">
        <ele>308.8</ele>
      </trkpt>
      <trkpt lat="44.21791" lon="-93.55168">
        <ele>308.4</ele>
      </trkpt>
      <trkpt lat="44.21823" lon="-93.55051">
        <ele>307.2</ele>
      </trkpt>
      <trkpt lat="44.21858" lon="-93.54972">
        <ele>308.7</ele>
      </trkpt>
      <trkpt lat="44.219" lon="-93.54879">
        <ele>310.3</ele>
      </trkpt>
      <trkpt lat="44.21943" lon="-93.54788">
        <ele>312.6</ele>
      </trkpt>
      <trkpt lat="44.2198" lon="-93.54677">
        <ele>309.2</ele>
      </trkpt>
      <trkpt lat="44.22008" lon="-93.54589">
        <ele>309.0</ele>
      </trkpt>
      <trkpt lat="44.22037" lon="-93.54501">
        <ele>307.1</ele>
      </trkpt>
      <trkpt lat="44.22065" lon="-93.54413">
        <ele>309.4</ele>
      </trkpt>
      <trkpt lat="44.22093" lon="-93.54325">
        <ele>309.6</ele>
      </trkpt>
      <trkpt lat="44.22097" lon="-93.54315">
        <ele>309.6</ele>
      </trkpt>
      <trkpt lat="44.22122" lon="-93.54235">
        <ele>309.9</ele>
      </trkpt>
      <trkpt lat="44.22147" lon="-93.54154">
        <ele>306.6</ele>
      </trkpt>
      <trkpt lat="44.22173" lon="-93.54074">
        <ele>307.1</ele>
      </trkpt>
      <trkpt lat="44.22207" lon="-93.5396">
        <ele>306.4</ele>
      </trkpt>
      <trkpt lat="44.22242" lon="-93.53846">
        <ele>307.6</ele>
      </trkpt>
      <trkpt lat="44.22277" lon="-93.53732">
        <ele>309.6</ele>
      </trkpt>
      <trkpt lat="44.22311" lon="-93.53618">
        <ele>311.9</ele>
      </trkpt>
      <trkpt lat="44.22336" lon="-93.53541">
        <ele>312.3</ele>
      </trkpt>
      <trkpt lat="44.22361" lon="-93.53464">
        <ele>311.4</ele>
      </trkpt>
      <trkpt lat="44.22386" lon="-93.53387">
        <ele>310.8</ele>
      </trkpt>
      <trkpt lat="44.22412" lon="-93.53306">
        <ele>311.2</ele>
      </trkpt>
      <trkpt lat="44.22437" lon="-93.53224">
        <ele>311.8</ele>
      </trkpt>
      <trkpt lat="44.22459" lon="-93.53138">
        <ele>312.2</ele>
      </trkpt>
      <trkpt lat="44.2247" lon="-93.5306">
        <ele>314.1</ele>
      </trkpt>
      <trkpt lat="44.22473" lon="-93.52968">
        <ele>315.6</ele>
      </trkpt>
      <trkpt lat="44.22459" lon="-93.52857">
        <ele>316.1</ele>
      </trkpt>
      <trkpt lat="44.22444" lon="-93.52746">
        <ele>313.9</ele>
      </trkpt>
      <trkpt lat="44.22429" lon="-93.52635">
        <ele>313.0</ele>
      </trkpt>
      <trkpt lat="44.2241" lon="-93.52529">
        <ele>310.8</ele>
      </trkpt>
      <trkpt lat="44.22401" lon="-93.5246">
        <ele>310.9</ele>
      </trkpt>
      <trkpt lat="44.22401" lon="-93.52352">
        <ele>314.0</ele>
      </trkpt>
      <trkpt lat="44.22401" lon="-93.52244">
        <ele>313.8</ele>
      </trkpt>
      <trkpt lat="44.22411" lon="-93.52135">
        <ele>316.2</ele>
      </trkpt>
      <trkpt lat="44.22421" lon="-93.52027">
        <ele>313.2</ele>
      </trkpt>
      <trkpt lat="44.22432" lon="-93.51918">
        <ele>314.0</ele>
      </trkpt>
      <trkpt lat="44.22443" lon="-93.5181">
        <ele>311.0</ele>
      </trkpt>
      <trkpt lat="44.22455" lon="-93.51701">
        <ele>310.5</ele>
      </trkpt>
      <trkpt lat="44.22467" lon="-93.51627">
        <ele>310.5</ele>
      </trkpt>
      <trkpt lat="44.22488" lon="-93.51566">
        <ele>310.4</ele>
      </trkpt>
      <trkpt lat="44.22508" lon="-93.51505">
        <ele>310.7</ele>
      </trkpt>
      <trkpt lat="44.22544" lon="-93.51408">
        <ele>313.2</ele>
      </trkpt>
      <trkpt lat="44.22581" lon="-93.51315">
        <ele>312.6</ele>
      </trkpt>
      <trkpt lat="44.22601" lon="-93.51247">
        <ele>312.0</ele>
      </trkpt>
      <trkpt lat="44.2262" lon="-93.51163">
        <ele>314.3</ele>
      </trkpt>
      <trkpt lat="44.22629" lon="-93.51103">
        <ele>313.8</ele>
      </trkpt>
      <trkpt lat="44.22633" lon="-93.51045">
        <ele>313.1</ele>
      </trkpt>
      <trkpt lat="44.22633" lon="-93.50943">
        <ele>314.1</ele>
      </trkpt>
      <trkpt lat="44.22633" lon="-93.50841">
        <ele>315.5</ele>
      </trkpt>
      <trkpt lat="44.22634" lon="-93.50739">
        <ele>317.1</ele>
      </trkpt>
      <trkpt lat="44.22634" lon="-93.50637">
        <ele>319.4</ele>
      </trkpt>
      <trkpt lat="44.22639" lon="-93.5056">
        <ele>320.5</ele>
      </trkpt>
      <trkpt lat="44.22645" lon="-93.50484">
        <ele>320.8</ele>
      </trkpt>
      <trkpt lat="44.22658" lon="-93.50412">
        <ele>319.3</ele>
      </trkpt>
      <trkpt lat="44.22671" lon="-93.5034">
        <ele>318.6</ele>
      </trkpt>
      <trkpt lat="44.22695" lon="-93.50225">
        <ele>317.0</ele>
      </trkpt>
      <trkpt lat="44.22719" lon="-93.5011">
        <ele>322.0</ele>
      </trkpt>
      <trkpt lat="44.22744" lon="-93.49996">
        <ele>323.5</ele>
      </trkpt>
      <trkpt lat="44.22768" lon="-93.49881">
        <ele>323.4</ele>
      </trkpt>
      <trkpt lat="44.22792" lon="-93.49766">
        <ele>322.9</ele>
      </trkpt>
      <trkpt lat="44.22817" lon="-93.49651">
        <ele>320.2</ele>
      </trkpt>
      <trkpt lat="44.22841" lon="-93.49537">
        <ele>321.6</ele>
      </trkpt>
      <trkpt lat="44.22865" lon="-93.49422">
        <ele>319.9</ele>
      </trkpt>
      <trkpt lat="44.22889" lon="-93.49307">
        <ele>319.9</ele>
      </trkpt>
      <trkpt lat="44.22914" lon="-93.49192">
        <ele>319.9</ele>
      </trkpt>
      <trkpt lat="44.22938" lon="-93.49078">
        <ele>319.9</ele>
      </trkpt>
      <trkpt lat="44.22962" lon="-93.48963">
        <ele>319.9</ele>
      </trkpt>
      <trkpt lat="44.22987" lon="-93.48848">
        <ele>319.9</ele>
      </trkpt>
      <trkpt lat="44.23011" lon="-93.48733">
        <ele>320.0</ele>
      </trkpt>
      <trkpt lat="44.23028" lon="-93.48645">
        <ele>321.6</ele>
      </trkpt>
      <trkpt lat="44.23035" lon="-93.48597">
        <ele>321.6</ele>
      </trkpt>
      <trkpt lat="44.23045" lon="-93.48494">
        <ele>321.4</ele>
      </trkpt>
      <trkpt lat="44.23049" lon="-93.48435">
        <ele>320.8</ele>
      </trkpt>
      <trkpt lat="44.23051" lon="-93.48312">
        <ele>320.3</ele>
      </trkpt>
      <trkpt lat="44.23053" lon="-93.48188">
        <ele>318.0</ele>
      </trkpt>
      <trkpt lat="44.23055" lon="-93.48065">
        <ele>317.2</ele>
      </trkpt>
      <trkpt lat="44.23057" lon="-93.47942">
        <ele>317.0</ele>
      </trkpt>
      <trkpt lat="44.23059" lon="-93.47822">
        <ele>317.4</ele>
      </trkpt>
      <trkpt lat="44.23061" lon="-93.47701">
        <ele>319.6</ele>
      </trkpt>
      <trkpt lat="44.23063" lon="-93.47581">
        <ele>318.3</ele>
      </trkpt>
      <trkpt lat="44.23066" lon="-93.47461">
        <ele>317.2</ele>
      </trkpt>
      <trkpt lat="44.23068" lon="-93.47377">
        <ele>316.8</ele>
      </trkpt>
      <trkpt lat="44.2307" lon="-93.47293">
        <ele>313.9</ele>
      </trkpt>
      <trkpt lat="44.23073" lon="-93.47215">
        <ele>314.7</ele>
      </trkpt>
      <trkpt lat="44.23076" lon="-93.47136">
        <ele>316.4</ele>
      </trkpt>
      <trkpt lat="44.23085" lon="-93.47066">
        <ele>314.1</ele>
      </trkpt>
      <trkpt lat="44.23095" lon="-93.46996">
        <ele>314.2</ele>
      </trkpt>
      <trkpt lat="44.2311" lon="-93.46873">
        <ele>312.7</ele>
      </trkpt>
      <trkpt lat="44.23126" lon="-93.4675">
        <ele>310.9</ele>
      </trkpt>
      <trkpt lat="44.23142" lon="-93.46627">
        <ele>310.9</ele>
      </trkpt>
      <trkpt lat="44.23156" lon="-93.46535">
        <ele>311.2</ele>
      </trkpt>
      <trkpt lat="44.23171" lon="-93.46443">
        <ele>311.8</ele>
      </trkpt>
      <trkpt lat="44.23177" lon="-93.46393">
        <ele>311.9</ele>
      </trkpt>
      <trkpt lat="44.23181" lon="-93.46299">
        <ele>312.1</ele>
      </trkpt>
      <trkpt lat="44.23175" lon="-93.46182">
        <ele>309.7</ele>
      </trkpt>
      <trkpt lat="44.23164" lon="-93.46111">
        <ele>307.8</ele>
      </trkpt>
      <trkpt lat="44.23143" lon="-93.46018">
        <ele>307.7</ele>
      </trkpt>
      <trkpt lat="44.23122" lon="-93.45925">
        <ele>306.8</ele>
      </trkpt>
      <trkpt lat="44.23105" lon="-93.45839">
        <ele>305.1</ele>
      </trkpt>
      <trkpt lat="44.23088" lon="-93.45754">
        <ele>307.6</ele>
      </trkpt>
      <trkpt lat="44.23084" lon="-93.45723">
        <ele>307.9</ele>
      </trkpt>
      <trkpt lat="44.23082" lon="-93.45686">
        <ele>307.9</ele>
      </trkpt>
      <trkpt lat="44.23082" lon="-93.45632">
        <ele>307.7</ele>
      </trkpt>
      <trkpt lat="44.23087" lon="-93.4553">
        <ele>308.5</ele>
      </trkpt>
      <trkpt lat="44.23092" lon="-93.45468">
        <ele>309.1</ele>
      </trkpt>
      <trkpt lat="44.23099" lon="-93.45363">
        <ele>310.0</ele>
      </trkpt>
      <trkpt lat="44.23106" lon="-93.45259">
        <ele>309.3</ele>
      </trkpt>
      <trkpt lat="44.23116" lon="-93.45152">
        <ele>308.6</ele>
      </trkpt>
      <trkpt lat="44.23125" lon="-93.45045">
        <ele>309.0</ele>
      </trkpt>
      <trkpt lat="44.23134" lon="-93.44939">
        <ele>309.7</ele>
      </trkpt>
      <trkpt lat="44.23148" lon="-93.44861">
        <ele>308.8</ele>
      </trkpt>
      <trkpt lat="44.23161" lon="-93.44783">
        <ele>306.6</ele>
      </trkpt>
      <trkpt lat="44.23178" lon="-93.44712">
        <ele>307.6</ele>
      </trkpt>
      <trkpt lat="44.23195" lon="-93.4464">
        <ele>306.2</ele>
      </trkpt>
      <trkpt lat="44.23221" lon="-93.44522">
        <ele>306.1</ele>
      </trkpt>
      <trkpt lat="44.23248" lon="-93.44404">
        <ele>309.8</ele>
      </trkpt>
      <trkpt lat="44.23275" lon="-93.44285">
        <ele>310.8</ele>
      </trkpt>
      <trkpt lat="44.23295" lon="-93.44214">
        <ele>311.2</ele>
      </trkpt>
      <trkpt lat="44.23315" lon="-93.44143">
        <ele>311.1</ele>
      </trkpt>
      <trkpt lat="44.23342" lon="-93.44072">
        <ele>311.2</ele>
      </trkpt>
      <trkpt lat="44.23366" lon="-93.44017">
        <ele>311.3</ele>
      </trkpt>
      <trkpt lat="44.23407" lon="-93.43935">
        <ele>311.1</ele>
      </trkpt>
      <trkpt lat="44.23454" lon="-93.4384">
        <ele>310.8</ele>
      </trkpt>
      <trkpt lat="44.23502" lon="-93.43746">
        <ele>310.4</ele>
      </trkpt>
      <trkpt lat="44.23549" lon="-93.43652">
        <ele>310.6</ele>
      </trkpt>
      <trkpt lat="44.23584" lon="-93.43575">
        <ele>309.7</ele>
      </trkpt>
      <trkpt lat="44.2362" lon="-93.43498">
        <ele>309.0</ele>
      </trkpt>
      <trkpt lat="44.23665" lon="-93.43418">
        <ele>309.9</ele>
      </trkpt>
      <trkpt lat="44.23706" lon="-93.43337">
        <ele>309.4</ele>
      </trkpt>
      <trkpt lat="44.23747" lon="-93.43255">
        <ele>308.0</ele>
      </trkpt>
      <trkpt lat="44.23775" lon="-93.43184">
        <ele>307.1</ele>
      </trkpt>
      <trkpt lat="44.23802" lon="-93.43113">
        <ele>307.9</ele>
      </trkpt>
      <trkpt lat="44.23835" lon="-93.43015">
        <ele>307.3</ele>
      </trkpt>
      <trkpt lat="44.23867" lon="-93.42917">
        <ele>307.0</ele>
      </trkpt>
      <trkpt lat="44.23899" lon="-93.4282">
        <ele>306.9</ele>
      </trkpt>
      <trkpt lat="44.23931" lon="-93.42722">
        <ele>306.7</ele>
      </trkpt>
      <trkpt lat="44.23935" lon="-93.42711">
        <ele>306.7</ele>
      </trkpt>
      <trkpt lat="44.23961" lon="-93.42631">
        <ele>306.6</ele>
      </trkpt>
      <trkpt lat="44.23988" lon="-93.4255">
        <ele>306.4</ele>
      </trkpt>
      <trkpt lat="44.24014" lon="-93.4247">
        <ele>305.4</ele>
      </trkpt>
      <trkpt lat="44.24038" lon="-93.42396">
        <ele>305.2</ele>
      </trkpt>
      <trkpt lat="44.24062" lon="-93.42321">
        <ele>304.6</ele>
      </trkpt>
      <trkpt lat="44.24085" lon="-93.42243">
        <ele>304.8</ele>
      </trkpt>
      <trkpt lat="44.24104" lon="-93.42152">
        <ele>303.4</ele>
      </trkpt>
      <trkpt lat="44.24123" lon="-93.42062">
        <ele>304.4</ele>
      </trkpt>
      <trkpt lat="44.24144" lon="-93.41958">
        <ele>303.0</ele>
      </trkpt>
      <trkpt lat="44.24165" lon="-93.41855">
        <ele>301.8</ele>
      </trkpt>
      <trkpt lat="44.24186" lon="-93.41751">
        <ele>300.1</ele>
      </trkpt>
      <trkpt lat="44.24207" lon="-93.41648">
        <ele>300.3</ele>
      </trkpt>
      <trkpt lat="44.24227" lon="-93.41545">
        <ele>300.1</ele>
      </trkpt>
      <trkpt lat="44.24248" lon="-93.41441">
        <ele>299.4</ele>
      </trkpt>
      <trkpt lat="44.24267" lon="-93.41356">
        <ele>298.7</ele>
      </trkpt>
      <trkpt lat="44.24285" lon="-93.41271">
        <ele>298.6</ele>
      </trkpt>
      <trkpt lat="44.24303" lon="-93.41186">
        <ele>300.1</ele>
      </trkpt>
      <trkpt lat="44.24315" lon="-93.41123">
        <ele>301.3</ele>
      </trkpt>
      <trkpt lat="44.24339" lon="-93.41003">
        <ele>303.5</ele>
      </trkpt>
      <trkpt lat="44.24364" lon="-93.40883">
        <ele>303.4</ele>
      </trkpt>
      <trkpt lat="44.24388" lon="-93.40763">
        <ele>298.9</ele>
      </trkpt>
      <trkpt lat="44.24412" lon="-93.40643">
        <ele>298.7</ele>
      </trkpt>
      <trkpt lat="44.24436" lon="-93.40523">
        <ele>298.7</ele>
      </trkpt>
      <trkpt lat="44.2446" lon="-93.40403">
        <ele>298.7</ele>
      </trkpt>
      <trkpt lat="44.24484" lon="-93.40286">
        <ele>300.3</ele>
      </trkpt>
      <trkpt lat="44.24509" lon="-93.40169">
        <ele>301.6</ele>
      </trkpt>
      <trkpt lat="44.24533" lon="-93.40052">
        <ele>301.9</ele>
      </trkpt>
      <trkpt lat="44.24557" lon="-93.39935">
        <ele>302.2</ele>
      </trkpt>
      <trkpt lat="44.24578" lon="-93.39828">
        <ele>302.5</ele>
      </trkpt>
      <trkpt lat="44.24599" lon="-93.39721">
        <ele>303.3</ele>
      </trkpt>
      <trkpt lat="44.2462" lon="-93.39615">
        <ele>305.3</ele>
      </trkpt>
      <trkpt lat="44.24641" lon="-93.39508">
        <ele>307.5</ele>
      </trkpt>
      <trkpt lat="44.24662" lon="-93.39402">
        <ele>307.9</ele>
      </trkpt>
      <trkpt lat="44.24671" lon="-93.39376">
        <ele>307.9</ele>
      </trkpt>
      <trkpt lat="44.24699" lon="-93.39265">
        <ele>307.9</ele>
      </trkpt>
      <trkpt lat="44.24727" lon="-93.39154">
        <ele>307.9</ele>
      </trkpt>
      <trkpt lat="44.24756" lon="-93.39043">
        <ele>307.9</ele>
      </trkpt>
      <trkpt lat="44.24784" lon="-93.38933">
        <ele>307.9</ele>
      </trkpt>
      <trkpt lat="44.24812" lon="-93.38822">
        <ele>307.9</ele>
      </trkpt>
      <trkpt lat="44.2484" lon="-93.38711">
        <ele>307.8</ele>
      </trkpt>
      <trkpt lat="44.24868" lon="-93.386">
        <ele>307.8</ele>
      </trkpt>
      <trkpt lat="44.24897" lon="-93.38489">
        <ele>308.0</ele>
      </trkpt>
      <trkpt lat="44.24925" lon="-93.38378">
        <ele>308.1</ele>
      </trkpt>
      <trkpt lat="44.24946" lon="-93.38295">
        <ele>308.1</ele>
      </trkpt>
      <trkpt lat="44.24968" lon="-93.38212">
        <ele>307.9</ele>
      </trkpt>
      <trkpt lat="44.24989" lon="-93.38129">
        <ele>307.8</ele>
      </trkpt>
      <trkpt lat="44.25014" lon="-93.38028">
        <ele>307.6</ele>
      </trkpt>
      <trkpt lat="44.25038" lon="-93.37927">
        <ele>306.3</ele>
      </trkpt>
      <trkpt lat="44.25057" lon="-93.37848">
        <ele>305.3</ele>
      </trkpt>
      <trkpt lat="44.25077" lon="-93.37771">
        <ele>305.1</ele>
      </trkpt>
      <trkpt lat="44.25079" lon="-93.3776">
        <ele>305.0</ele>
      </trkpt>
      <trkpt lat="44.25108" lon="-93.37647">
        <ele>304.8</ele>
      </trkpt>
      <trkpt lat="44.25135" lon="-93.37543">
        <ele>304.7</ele>
      </trkpt>
      <trkpt lat="44.25162" lon="-93.37439">
        <ele>304.6</ele>
      </trkpt>
      <trkpt lat="44.25189" lon="-93.37335">
        <ele>304.3</ele>
      </trkpt>
      <trkpt lat="44.25216" lon="-93.37231">
        <ele>303.6</ele>
      </trkpt>
      <trkpt lat="44.25242" lon="-93.37126">
        <ele>302.9</ele>
      </trkpt>
      <trkpt lat="44.25269" lon="-93.37021">
        <ele>302.1</ele>
      </trkpt>
      <trkpt lat="44.25295" lon="-93.36916">
        <ele>301.8</ele>
      </trkpt>
      <trkpt lat="44.25322" lon="-93.36811">
        <ele>302.5</ele>
      </trkpt>
      <trkpt lat="44.25349" lon="-93.36706">
        <ele>303.0</ele>
      </trkpt>
      <trkpt lat="44.25376" lon="-93.36602">
        <ele>303.0</ele>
      </trkpt>
      <trkpt lat="44.25403" lon="-93.36497">
        <ele>303.2</ele>
      </trkpt>
      <trkpt lat="44.2543" lon="-93.36392">
        <ele>303.0</ele>
      </trkpt>
      <trkpt lat="44.25446" lon="-93.36321">
        <ele>302.9</ele>
      </trkpt>
      <trkpt lat="44.25461" lon="-93.36249">
        <ele>302.9</ele>
      </trkpt>
      <trkpt lat="44.25481" lon="-93.36139">
        <ele>302.7</ele>
      </trkpt>
      <trkpt lat="44.25501" lon="-93.36029">
        <ele>302.6</ele>
      </trkpt>
      <trkpt lat="44.2552" lon="-93.3592">
        <ele>302.5</ele>
      </trkpt>
      <trkpt lat="44.2554" lon="-93.3581">
        <ele>301.6</ele>
      </trkpt>
      <trkpt lat="44.25564" lon="-93.35692">
        <ele>301.6</ele>
      </trkpt>
      <trkpt lat="44.25566" lon="-93.3568">
        <ele>301.6</ele>
      </trkpt>
      <trkpt lat="44.25589" lon="-93.35564">
        <ele>301.7</ele>
      </trkpt>
      <trkpt lat="44.25611" lon="-93.35448">
        <ele>302.1</ele>
      </trkpt>
      <trkpt lat="44.25633" lon="-93.35332">
        <ele>304.0</ele>
      </trkpt>
      <trkpt lat="44.25655" lon="-93.35216">
        <ele>302.2</ele>
      </trkpt>
      <trkpt lat="44.25673" lon="-93.35107">
        <ele>302.0</ele>
      </trkpt>
      <trkpt lat="44.25689" lon="-93.3502">
        <ele>299.7</ele>
      </trkpt>
      <trkpt lat="44.25705" lon="-93.34934">
        <ele>299.7</ele>
      </trkpt>
      <trkpt lat="44.25722" lon="-93.34847">
        <ele>299.6</ele>
      </trkpt>
      <trkpt lat="44.25741" lon="-93.34771">
        <ele>299.6</ele>
      </trkpt>
      <trkpt lat="44.2576" lon="-93.34722">
        <ele>299.5</ele>
      </trkpt>
      <trkpt lat="44.2579" lon="-93.3466">
        <ele>299.1</ele>
      </trkpt>
      <trkpt lat="44.2582" lon="-93.34599">
        <ele>299.5</ele>
      </trkpt>
      <trkpt lat="44.25839" lon="-93.34566">
        <ele>299.7</ele>
      </trkpt>
      <trkpt lat="44.25859" lon="-93.34541">
        <ele>299.5</ele>
      </trkpt>
      <trkpt lat="44.25901" lon="-93.34491">
        <ele>299.1</ele>
      </trkpt>
      <trkpt lat="44.25937" lon="-93.34454">
        <ele>298.9</ele>
      </trkpt>
      <trkpt lat="44.25996" lon="-93.34398">
        <ele>299.0</ele>
      </trkpt>
      <trkpt lat="44.26054" lon="-93.34341">
        <ele>298.8</ele>
      </trkpt>
      <trkpt lat="44.26112" lon="-93.34285">
        <ele>299.1</ele>
      </trkpt>
      <trkpt lat="44.26171" lon="-93.34232">
        <ele>299.3</ele>
      </trkpt>
      <trkpt lat="44.26231" lon="-93.34179">
        <ele>299.7</ele>
      </trkpt>
      <trkpt lat="44.26275" lon="-93.34144">
        <ele>299.8</ele>
      </trkpt>
      <trkpt lat="44.26319" lon="-93.34108">
        <ele>300.4</ele>
      </trkpt>
      <trkpt lat="44.26326" lon="-93.34102">
        <ele>300.5</ele>
      </trkpt>
      <trkpt lat="44.26338" lon="-93.34093">
        <ele>300.7</ele>
      </trkpt>
      <trkpt lat="44.26386" lon="-93.34061">
        <ele>301.5</ele>
      </trkpt>
      <trkpt lat="44.26469" lon="-93.34022">
        <ele>305.0</ele>
      </trkpt>
      <trkpt lat="44.26529" lon="-93.33998">
        <ele>305.3</ele>
      </trkpt>
      <trkpt lat="44.26591" lon="-93.33971">
        <ele>305.3</ele>
      </trkpt>
      <trkpt lat="44.26654" lon="-93.33943">
        <ele>305.4</ele>
      </trkpt>
      <trkpt lat="44.26716" lon="-93.33915">
        <ele>306.0</ele>
      </trkpt>
      <trkpt lat="44.26791" lon="-93.3388">
        <ele>306.3</ele>
      </trkpt>
      <trkpt lat="44.26865" lon="-93.33846">
        <ele>306.2</ele>
      </trkpt>
      <trkpt lat="44.2694" lon="-93.33811">
        <ele>306.1</ele>
      </trkpt>
      <trkpt lat="44.27015" lon="-93.33776">
        <ele>306.2</ele>
      </trkpt>
      <trkpt lat="44.2709" lon="-93.33741">
        <ele>306.2</ele>
      </trkpt>
      <trkpt lat="44.27166" lon="-93.33704">
        <ele>306.2</ele>
      </trkpt>
      <trkpt lat="44.27251" lon="-93.33664">
        <ele>305.8</ele>
      </trkpt>
      <trkpt lat="44.27336" lon="-93.33624">
        <ele>306.0</ele>
      </trkpt>
      <trkpt lat="44.27421" lon="-93.33584">
        <ele>305.0</ele>
      </trkpt>
      <trkpt lat="44.27487" lon="-93.33555">
        <ele>304.4</ele>
      </trkpt>
      <trkpt lat="44.27552" lon="-93.33527">
        <ele>303.9</ele>
      </trkpt>
      <trkpt lat="44.27617" lon="-93.33498">
        <ele>302.7</ele>
      </trkpt>
      <trkpt lat="44.27683" lon="-93.33469">
        <ele>302.6</ele>
      </trkpt>
      <trkpt lat="44.27747" lon="-93.33438">
        <ele>303.5</ele>
      </trkpt>
      <trkpt lat="44.2781" lon="-93.33406">
        <ele>302.1</ele>
      </trkpt>
      <trkpt lat="44.27868" lon="-93.3337">
        <ele>302.9</ele>
      </trkpt>
      <trkpt lat="44.27925" lon="-93.33334">
        <ele>304.0</ele>
      </trkpt>
      <trkpt lat="44.27947" lon="-93.33317">
        <ele>304.2</ele>
      </trkpt>
      <trkpt lat="44.27989" lon="-93.33278">
        <ele>304.2</ele>
      </trkpt>
      <trkpt lat="44.28033" lon="-93.33224">
        <ele>304.4</ele>
      </trkpt>
      <trkpt lat="44.28092" lon="-93.33138">
        <ele>304.5</ele>
      </trkpt>
      <trkpt lat="44.28133" lon="-93.33075">
        <ele>304.5</ele>
      </trkpt>
      <trkpt lat="44.28175" lon="-93.33013">
        <ele>304.6</ele>
      </trkpt>
      <trkpt lat="44.28211" lon="-93.32961">
        <ele>304.6</ele>
      </trkpt>
      <trkpt lat="44.28247" lon="-93.32909">
        <ele>304.6</ele>
      </trkpt>
      <trkpt lat="44.2828" lon="-93.32859">
        <ele>304.6</ele>
      </trkpt>
      <trkpt lat="44.28313" lon="-93.32809">
        <ele>304.7</ele>
      </trkpt>
      <trkpt lat="44.28367" lon="-93.32719">
        <ele>304.6</ele>
      </trkpt>
      <trkpt lat="44.28421" lon="-93.32629">
        <ele>304.5</ele>
      </trkpt>
      <trkpt lat="44.28475" lon="-93.32539">
        <ele>304.4</ele>
      </trkpt>
      <trkpt lat="44.28529" lon="-93.32449">
        <ele>304.2</ele>
      </trkpt>
      <trkpt lat="44.28583" lon="-93.32359">
        <ele>303.8</ele>
      </trkpt>
      <trkpt lat="44.28637" lon="-93.32269">
        <ele>304.0</ele>
      </trkpt>
      <trkpt lat="44.28691" lon="-93.32179">
        <ele>304.0</ele>
      </trkpt>
      <trkpt lat="44.28739" lon="-93.32092">
        <ele>303.7</ele>
      </trkpt>
      <trkpt lat="44.28755" lon="-93.3206">
        <ele>303.8</ele>
      </trkpt>
      <trkpt lat="44.2878" lon="-93.32001">
        <ele>303.8</ele>
      </trkpt>
      <trkpt lat="44.28816" lon="-93.31912">
        <ele>303.4</ele>
      </trkpt>
      <trkpt lat="44.28852" lon="-93.31823">
        <ele>303.0</ele>
      </trkpt>
      <trkpt lat="44.28888" lon="-93.31734">
        <ele>301.6</ele>
      </trkpt>
      <trkpt lat="44.28914" lon="-93.31667">
        <ele>301.4</ele>
      </trkpt>
      <trkpt lat="44.28941" lon="-93.31599">
        <ele>301.4</ele>
      </trkpt>
      <trkpt lat="44.28971" lon="-93.31528">
        <ele>301.4</ele>
      </trkpt>
      <trkpt lat="44.29001" lon="-93.31457">
        <ele>300.8</ele>
      </trkpt>
      <trkpt lat="44.29039" lon="-93.31358">
        <ele>300.0</ele>
      </trkpt>
      <trkpt lat="44.29077" lon="-93.3126">
        <ele>299.0</ele>
      </trkpt>
      <trkpt lat="44.2908" lon="-93.31239">
        <ele>299.0</ele>
      </trkpt>
      <trkpt lat="44.29119" lon="-93.31138">
        <ele>298.9</ele>
      </trkpt>
      <trkpt lat="44.29132" lon="-93.31095">
        <ele>298.9</ele>
      </trkpt>
      <trkpt lat="44.29151" lon="-93.31047">
        <ele>298.9</ele>
      </trkpt>
      <trkpt lat="44.29164" lon="-93.31015">
        <ele>298.9</ele>
      </trkpt>
      <trkpt lat="44.29177" lon="-93.30992">
        <ele>298.8</ele>
      </trkpt>
      <trkpt lat="44.29211" lon="-93.30913">
        <ele>298.7</ele>
      </trkpt>
      <trkpt lat="44.29246" lon="-93.30834">
        <ele>298.7</ele>
      </trkpt>
      <trkpt lat="44.29283" lon="-93.30745">
        <ele>298.7</ele>
      </trkpt>
      <trkpt lat="44.2932" lon="-93.30656">
        <ele>298.7</ele>
      </trkpt>
      <trkpt lat="44.29357" lon="-93.30566">
        <ele>298.7</ele>
      </trkpt>
      <trkpt lat="44.29392" lon="-93.3048">
        <ele>298.7</ele>
      </trkpt>
      <trkpt lat="44.29427" lon="-93.30394">
        <ele>298.7</ele>
      </trkpt>
      <trkpt lat="44.29462" lon="-93.30308">
        <ele>298.7</ele>
      </trkpt>
      <trkpt lat="44.29465" lon="-93.30302">
        <ele>298.7</ele>
      </trkpt>
      <trkpt lat="44.29472" lon="-93.30293">
        <ele>298.7</ele>
      </trkpt>
      <trkpt lat="44.29487" lon="-93.30272">
        <ele>298.6</ele>
      </trkpt>
      <trkpt lat="44.29522" lon="-93.30182">
        <ele>298.4</ele>
      </trkpt>
      <trkpt lat="44.29558" lon="-93.30092">
        <ele>298.0</ele>
      </trkpt>
      <trkpt lat="44.29593" lon="-93.30001">
        <ele>297.6</ele>
      </trkpt>
      <trkpt lat="44.29629" lon="-93.29911">
        <ele>296.9</ele>
      </trkpt>
      <trkpt lat="44.29664" lon="-93.29821">
        <ele>296.7</ele>
      </trkpt>
      <trkpt lat="44.29692" lon="-93.29755">
        <ele>296.5</ele>
      </trkpt>
      <trkpt lat="44.29721" lon="-93.29689">
        <ele>296.2</ele>
      </trkpt>
      <trkpt lat="44.29747" lon="-93.29619">
        <ele>296.1</ele>
      </trkpt>
      <trkpt lat="44.29773" lon="-93.2955">
        <ele>296.3</ele>
      </trkpt>
      <trkpt lat="44.29811" lon="-93.29448">
        <ele>296.3</ele>
      </trkpt>
      <trkpt lat="44.2985" lon="-93.29347">
        <ele>296.0</ele>
      </trkpt>
      <trkpt lat="44.29875" lon="-93.29258">
        <ele>295.8</ele>
      </trkpt>
      <trkpt lat="44.29889" lon="-93.29184">
        <ele>295.7</ele>
      </trkpt>
      <trkpt lat="44.29903" lon="-93.2911">
        <ele>295.6</ele>
      </trkpt>
      <trkpt lat="44.29914" lon="-93.2905">
        <ele>295.7</ele>
      </trkpt>
      <trkpt lat="44.29931" lon="-93.2905">
        <ele>295.7</ele>
      </trkpt>
      <trkpt lat="44.29948" lon="-93.29052">
        <ele>295.6</ele>
      </trkpt>
      <trkpt lat="44.29959" lon="-93.29054">
        <ele>295.6</ele>
      </trkpt>
      <trkpt lat="44.29969" lon="-93.29054">
        <ele>295.7</ele>
      </trkpt>
      <trkpt lat="44.29995" lon="-93.29057">
        <ele>295.7</ele>
      </trkpt>
      <trkpt lat="44.30052" lon="-93.29055">
        <ele>295.8</ele>
      </trkpt>
      <trkpt lat="44.3007" lon="-93.29048">
        <ele>295.8</ele>
      </trkpt>
      <trkpt lat="44.30111" lon="-93.29047">
        <ele>296.0</ele>
      </trkpt>
      <trkpt lat="44.30189" lon="-93.29047">
        <ele>295.6</ele>
      </trkpt>
      <trkpt lat="44.30211" lon="-93.29037">
        <ele>295.7</ele>
      </trkpt>
      <trkpt lat="44.30268" lon="-93.29035">
        <ele>296.6</ele>
      </trkpt>
      <trkpt lat="44.30311" lon="-93.29034">
        <ele>297.2</ele>
      </trkpt>
      <trkpt lat="44.30349" lon="-93.29042">
        <ele>297.9</ele>
      </trkpt>
      <trkpt lat="44.30394" lon="-93.29043">
        <ele>298.5</ele>
      </trkpt>
      <trkpt lat="44.30451" lon="-93.2904">
        <ele>299.1</ele>
      </trkpt>
      <trkpt lat="44.30517" lon="-93.29041">
        <ele>301.4</ele>
      </trkpt>
      <trkpt lat="44.30546" lon="-93.2904">
        <ele>301.4</ele>
      </trkpt>
      <trkpt lat="44.30631" lon="-93.29052">
        <ele>301.2</ele>
      </trkpt>
      <trkpt lat="44.3067" lon="-93.29061">
        <ele>301.4</ele>
      </trkpt>
      <trkpt lat="44.30736" lon="-93.29087">
        <ele>302.5</ele>
      </trkpt>
      <trkpt lat="44.30802" lon="-93.29114">
        <ele>304.0</ele>
      </trkpt>
      <trkpt lat="44.30868" lon="-93.2914">
        <ele>305.4</ele>
      </trkpt>
      <trkpt lat="44.30886" lon="-93.29157">
        <ele>306.1</ele>
      </trkpt>
      <trkpt lat="44.30894" lon="-93.29161">
        <ele>305.9</ele>
      </trkpt>
      <trkpt lat="44.30928" lon="-93.29174">
        <ele>305.6</ele>
      </trkpt>
      <trkpt lat="44.30977" lon="-93.29188">
        <ele>305.4</ele>
      </trkpt>
      <trkpt lat="44.30985" lon="-93.29195">
        <ele>305.1</ele>
      </trkpt>
      <trkpt lat="44.30992" lon="-93.29203">
        <ele>304.9</ele>
      </trkpt>
      <trkpt lat="44.30997" lon="-93.29215">
        <ele>304.6</ele>
      </trkpt>
      <trkpt lat="44.31003" lon="-93.29223">
        <ele>304.5</ele>
      </trkpt>
      <trkpt lat="44.31011" lon="-93.2923">
        <ele>304.6</ele>
      </trkpt>
      <trkpt lat="44.31024" lon="-93.29236">
        <ele>305.0</ele>
      </trkpt>
      <trkpt lat="44.31033" lon="-93.29236">
        <ele>305.0</ele>
      </trkpt>
      <trkpt lat="44.31041" lon="-93.29234">
        <ele>304.9</ele>
      </trkpt>
      <trkpt lat="44.31044" lon="-93.2923">
        <ele>304.9</ele>
      </trkpt>
      <trkpt lat="44.3105" lon="-93.2922">
        <ele>305.1</ele>
      </trkpt>
      <trkpt lat="44.31054" lon="-93.29211">
        <ele>305.2</ele>
      </trkpt>
      <trkpt lat="44.31074" lon="-93.29141">
        <ele>306.3</ele>
      </trkpt>
      <trkpt lat="44.31079" lon="-93.29125">
        <ele>306.5</ele>
      </trkpt>
      <trkpt lat="44.31086" lon="-93.2911">
        <ele>306.8</ele>
      </trkpt>
      <trkpt lat="44.31102" lon="-93.29122">
        <ele>306.4</ele>
      </trkpt>
      <trkpt lat="44.31142" lon="-93.29137">
        <ele>305.5</ele>
      </trkpt>
      <trkpt lat="44.31152" lon="-93.29141">
        <ele>305.3</ele>
      </trkpt>
      <trkpt lat="44.3116" lon="-93.29149">
        <ele>305.1</ele>
      </trkpt>
      <trkpt lat="44.31168" lon="-93.29173">
        <ele>305.2</ele>
      </trkpt>
      <trkpt lat="44.31171" lon="-93.29178">
        <ele>305.2</ele>
      </trkpt>
      <trkpt lat="44.31176" lon="-93.29182">
        <ele>305.2</ele>
      </trkpt>
      <trkpt lat="44.3125" lon="-93.29211">
        <ele>306.1</ele>
      </trkpt>
      <trkpt lat="44.31325" lon="-93.29239">
        <ele>308.4</ele>
      </trkpt>
      <trkpt lat="44.31357" lon="-93.29253">
        <ele>308.4</ele>
      </trkpt>
      <trkpt lat="44.31383" lon="-93.29269">
        <ele>307.9</ele>
      </trkpt>
      <trkpt lat="44.31389" lon="-93.29272">
        <ele>307.9</ele>
      </trkpt>
      <trkpt lat="44.31396" lon="-93.29273">
        <ele>307.8</ele>
      </trkpt>
      <trkpt lat="44.3141" lon="-93.29271">
        <ele>307.8</ele>
      </trkpt>
      <trkpt lat="44.31431" lon="-93.29263">
        <ele>307.8</ele>
      </trkpt>
      <trkpt lat="44.31462" lon="-93.29262">
        <ele>307.8</ele>
      </trkpt>
      <trkpt lat="44.31539" lon="-93.29261">
        <ele>309.3</ele>
      </trkpt>
      <trkpt lat="44.31616" lon="-93.29261">
        <ele>310.7</ele>
      </trkpt>
      <trkpt lat="44.31693" lon="-93.2926">
        <ele>310.6</ele>
      </trkpt>
      <trkpt lat="44.31771" lon="-93.29259">
        <ele>310.3</ele>
      </trkpt>
      <trkpt lat="44.31848" lon="-93.29258">
        <ele>310.1</ele>
      </trkpt>
      <trkpt lat="44.31891" lon="-93.29261">
        <ele>309.8</ele>
      </trkpt>
      <trkpt lat="44.31941" lon="-93.29261">
        <ele>309.5</ele>
      </trkpt>
      <trkpt lat="44.31953" lon="-93.2926">
        <ele>309.4</ele>
      </trkpt>
      <trkpt lat="44.32015" lon="-93.2925">
        <ele>308.8</ele>
      </trkpt>
      <trkpt lat="44.3203" lon="-93.29249">
        <ele>308.7</ele>
      </trkpt>
      <trkpt lat="44.32072" lon="-93.29249">
        <ele>308.2</ele>
      </trkpt>
      <trkpt lat="44.32086" lon="-93.29251">
        <ele>308.1</ele>
      </trkpt>
      <trkpt lat="44.32094" lon="-93.29252">
        <ele>308.0</ele>
      </trkpt>
      <trkpt lat="44.321" lon="-93.29255">
        <ele>308.0</ele>
      </trkpt>
      <trkpt lat="44.32111" lon="-93.29265">
        <ele>307.9</ele>
      </trkpt>
      <trkpt lat="44.32118" lon="-93.29269">
        <ele>307.8</ele>
      </trkpt>
      <trkpt lat="44.32154" lon="-93.29191">
        <ele>307.9</ele>
      </trkpt>
      <trkpt lat="44.32178" lon="-93.29149">
        <ele>308.1</ele>
      </trkpt>
      <trkpt lat="44.32186" lon="-93.29139">
        <ele>308.2</ele>
      </trkpt>
      <trkpt lat="44.32201" lon="-93.29123">
        <ele>308.5</ele>
      </trkpt>
      <trkpt lat="44.32214" lon="-93.29112">
        <ele>308.9</ele>
      </trkpt>
      <trkpt lat="44.32235" lon="-93.291">
        <ele>309.3</ele>
      </trkpt>
      <trkpt lat="44.32263" lon="-93.29086">
        <ele>308.9</ele>
      </trkpt>
      <trkpt lat="44.32335" lon="-93.29058">
        <ele>307.8</ele>
      </trkpt>
      <trkpt lat="44.32372" lon="-93.29046">
        <ele>307.9</ele>
      </trkpt>
      <trkpt lat="44.32442" lon="-93.29032">
        <ele>307.9</ele>
      </trkpt>
      <trkpt lat="44.3248" lon="-93.29026">
        <ele>307.8</ele>
      </trkpt>
      <trkpt lat="44.32535" lon="-93.29019">
        <ele>307.8</ele>
      </trkpt>
      <trkpt lat="44.32557" lon="-93.29021">
        <ele>307.9</ele>
      </trkpt>
      <trkpt lat="44.32573" lon="-93.29019">
        <ele>308.0</ele>
      </trkpt>
      <trkpt lat="44.32618" lon="-93.29014">
        <ele>308.2</ele>
      </trkpt>
      <trkpt lat="44.32663" lon="-93.29009">
        <ele>308.2</ele>
      </trkpt>
      <trkpt lat="44.32732" lon="-93.28996">
        <ele>308.0</ele>
      </trkpt>
      <trkpt lat="44.32788" lon="-93.28983">
        <ele>308.8</ele>
      </trkpt>
      <trkpt lat="44.32844" lon="-93.28969">
        <ele>309.6</ele>
      </trkpt>
      <trkpt lat="44.32906" lon="-93.28953">
        <ele>310.0</ele>
      </trkpt>
      <trkpt lat="44.32969" lon="-93.28936">
        <ele>309.9</ele>
      </trkpt>
      <trkpt lat="44.33032" lon="-93.2892">
        <ele>309.5</ele>
      </trkpt>
      <trkpt lat="44.33084" lon="-93.28907">
        <ele>308.8</ele>
      </trkpt>
      <trkpt lat="44.33136" lon="-93.28894">
        <ele>308.0</ele>
      </trkpt>
      <trkpt lat="44.33133" lon="-93.28881">
        <ele>308.0</ele>
      </trkpt>
      <trkpt lat="44.33203" lon="-93.28863">
        <ele>307.9</ele>
      </trkpt>
      <trkpt lat="44.33274" lon="-93.28845">
        <ele>307.8</ele>
      </trkpt>
      <trkpt lat="44.33344" lon="-93.28827">
        <ele>307.6</ele>
      </trkpt>
      <trkpt lat="44.33428" lon="-93.28807">
        <ele>307.7</ele>
      </trkpt>
      <trkpt lat="44.33489" lon="-93.28801">
        <ele>308.2</ele>
      </trkpt>
      <trkpt lat="44.33549" lon="-93.28795">
        <ele>308.1</ele>
      </trkpt>
      <trkpt lat="44.3361" lon="-93.2879">
        <ele>307.6</ele>
      </trkpt>
      <trkpt lat="44.33666" lon="-93.28782">
        <ele>307.4</ele>
      </trkpt>
      <trkpt lat="44.3368" lon="-93.28776">
        <ele>307.4</ele>
      </trkpt>
      <trkpt lat="44.33691" lon="-93.28765">
        <ele>307.5</ele>
      </trkpt>
      <trkpt lat="44.3371" lon="-93.28753">
        <ele>307.5</ele>
      </trkpt>
      <trkpt lat="44.33727" lon="-93.28739">
        <ele>307.4</ele>
      </trkpt>
      <trkpt lat="44.33744" lon="-93.28722">
        <ele>307.4</ele>
      </trkpt>
      <trkpt lat="44.33763" lon="-93.28697">
        <ele>307.6</ele>
      </trkpt>
      <trkpt lat="44.33779" lon="-93.28667">
        <ele>307.9</ele>
      </trkpt>
      <trkpt lat="44.33789" lon="-93.28644">
        <ele>307.9</ele>
      </trkpt>
      <trkpt lat="44.33798" lon="-93.28618">
        <ele>307.9</ele>
      </trkpt>
      <trkpt lat="44.33807" lon="-93.28571">
        <ele>307.9</ele>
      </trkpt>
      <trkpt lat="44.33819" lon="-93.28507">
        <ele>307.6</ele>
      </trkpt>
      <trkpt lat="44.33826" lon="-93.28483">
        <ele>307.2</ele>
      </trkpt>
      <trkpt lat="44.33833" lon="-93.28463">
        <ele>306.8</ele>
      </trkpt>
      <trkpt lat="44.33842" lon="-93.28443">
        <ele>306.2</ele>
      </trkpt>
      <trkpt lat="44.33866" lon="-93.28404">
        <ele>304.9</ele>
      </trkpt>
      <trkpt lat="44.33881" lon="-93.28385">
        <ele>304.7</ele>
      </trkpt>
      <trkpt lat="44.33895" lon="-93.28373">
        <ele>304.7</ele>
      </trkpt>
      <trkpt lat="44.33925" lon="-93.28353">
        <ele>304.8</ele>
      </trkpt>
      <trkpt lat="44.33938" lon="-93.28345">
        <ele>304.8</ele>
      </trkpt>
      <trkpt lat="44.33951" lon="-93.28339">
        <ele>304.9</ele>
      </trkpt>
      <trkpt lat="44.33966" lon="-93.28335">
        <ele>305.0</ele>
      </trkpt>
      <trkpt lat="44.33981" lon="-93.28333">
        <ele>305.0</ele>
      </trkpt>
      <trkpt lat="44.33997" lon="-93.28332">
        <ele>305.0</ele>
      </trkpt>
      <trkpt lat="44.34034" lon="-93.28333">
        <ele>305.2</ele>
      </trkpt>
      <trkpt lat="44.3409" lon="-93.28338">
        <ele>305.0</ele>
      </trkpt>
      <trkpt lat="44.34157" lon="-93.28347">
        <ele>304.9</ele>
      </trkpt>
      <trkpt lat="44.3424" lon="-93.28357">
        <ele>304.7</ele>
      </trkpt>
      <trkpt lat="44.34324" lon="-93.28367">
        <ele>302.1</ele>
      </trkpt>
      <trkpt lat="44.34403" lon="-93.28375">
        <ele>307.8</ele>
      </trkpt>
      <trkpt lat="44.34482" lon="-93.28384">
        <ele>308.5</ele>
      </trkpt>
      <trkpt lat="44.34556" lon="-93.28391">
        <ele>309.7</ele>
      </trkpt>
      <trkpt lat="44.3463" lon="-93.28397">
        <ele>310.9</ele>
      </trkpt>
      <trkpt lat="44.34684" lon="-93.28402">
        <ele>311.0</ele>
      </trkpt>
      <trkpt lat="44.34739" lon="-93.28406">
        <ele>311.0</ele>
      </trkpt>
      <trkpt lat="44.34763" lon="-93.2841">
        <ele>311.0</ele>
      </trkpt>
      <trkpt lat="44.34842" lon="-93.28417">
        <ele>310.9</ele>
      </trkpt>
      <trkpt lat="44.34863" lon="-93.2842">
        <ele>310.9</ele>
      </trkpt>
      <trkpt lat="44.34893" lon="-93.28429">
        <ele>310.7</ele>
      </trkpt>
      <trkpt lat="44.34931" lon="-93.28443">
        <ele>310.6</ele>
      </trkpt>
      <trkpt lat="44.35008" lon="-93.28476">
        <ele>311.0</ele>
      </trkpt>
      <trkpt lat="44.35085" lon="-93.28509">
        <ele>311.3</ele>
      </trkpt>
      <trkpt lat="44.35161" lon="-93.28542">
        <ele>311.6</ele>
      </trkpt>
      <trkpt lat="44.35238" lon="-93.28575">
        <ele>311.8</ele>
      </trkpt>
      <trkpt lat="44.35264" lon="-93.28584">
        <ele>311.7</ele>
      </trkpt>
      <trkpt lat="44.35302" lon="-93.2859">
        <ele>311.7</ele>
      </trkpt>
      <trkpt lat="44.35352" lon="-93.28591">
        <ele>311.0</ele>
      </trkpt>
      <trkpt lat="44.35432" lon="-93.28588">
        <ele>308.5</ele>
      </trkpt>
      <trkpt lat="44.35513" lon="-93.28585">
        <ele>310.0</ele>
      </trkpt>
      <trkpt lat="44.35549" lon="-93.2858">
        <ele>311.0</ele>
      </trkpt>
      <trkpt lat="44.35611" lon="-93.28567">
        <ele>311.7</ele>
      </trkpt>
      <trkpt lat="44.35682" lon="-93.28549">
        <ele>312.0</ele>
      </trkpt>
      <trkpt lat="44.35752" lon="-93.28531">
        <ele>312.2</ele>
      </trkpt>
      <trkpt lat="44.3577" lon="-93.28528">
        <ele>312.7</ele>
      </trkpt>
      <trkpt lat="44.35799" lon="-93.28529">
        <ele>313.9</ele>
      </trkpt>
      <trkpt lat="44.35823" lon="-93.28532">
        <ele>313.7</ele>
      </trkpt>
      <trkpt lat="44.35875" lon="-93.28541">
        <ele>313.0</ele>
      </trkpt>
      <trkpt lat="44.35922" lon="-93.28551">
        <ele>313.2</ele>
      </trkpt>
      <trkpt lat="44.3597" lon="-93.28561">
        <ele>312.2</ele>
      </trkpt>
      <trkpt lat="44.36017" lon="-93.28572">
        <ele>311.5</ele>
      </trkpt>
      <trkpt lat="44.36084" lon="-93.28586">
        <ele>310.3</ele>
      </trkpt>
      <trkpt lat="44.36152" lon="-93.286">
        <ele>307.5</ele>
      </trkpt>
      <trkpt lat="44.36221" lon="-93.28618">
        <ele>311.2</ele>
      </trkpt>
      <trkpt lat="44.36273" lon="-93.28633">
        <ele>311.2</ele>
      </trkpt>
      <trkpt lat="44.36342" lon="-93.28657">
        <ele>310.9</ele>
      </trkpt>
      <trkpt lat="44.36412" lon="-93.2868">
        <ele>311.0</ele>
      </trkpt>
      <trkpt lat="44.36481" lon="-93.28704">
        <ele>310.6</ele>
      </trkpt>
      <trkpt lat="44.36551" lon="-93.28728">
        <ele>311.0</ele>
      </trkpt>
      <trkpt lat="44.36587" lon="-93.28738">
        <ele>309.6</ele>
      </trkpt>
      <trkpt lat="44.3661" lon="-93.28743">
        <ele>308.0</ele>
      </trkpt>
      <trkpt lat="44.36649" lon="-93.28748">
        <ele>305.5</ele>
      </trkpt>
      <trkpt lat="44.36732" lon="-93.28754">
        <ele>312.9</ele>
      </trkpt>
      <trkpt lat="44.36787" lon="-93.28755">
        <ele>317.1</ele>
      </trkpt>
      <trkpt lat="44.36848" lon="-93.28759">
        <ele>320.1</ele>
      </trkpt>
      <trkpt lat="44.36908" lon="-93.28763">
        <ele>322.8</ele>
      </trkpt>
      <trkpt lat="44.36969" lon="-93.28766">
        <ele>322.7</ele>
      </trkpt>
      <trkpt lat="44.36987" lon="-93.28767">
        <ele>322.6</ele>
      </trkpt>
      <trkpt lat="44.3702" lon="-93.28763">
        <ele>322.3</ele>
      </trkpt>
      <trkpt lat="44.37101" lon="-93.28746">
        <ele>324.2</ele>
      </trkpt>
      <trkpt lat="44.37183" lon="-93.28729">
        <ele>327.0</ele>
      </trkpt>
      <trkpt lat="44.37242" lon="-93.28719">
        <ele>329.5</ele>
      </trkpt>
      <trkpt lat="44.37286" lon="-93.28709">
        <ele>331.1</ele>
      </trkpt>
      <trkpt lat="44.3734" lon="-93.287">
        <ele>332.0</ele>
      </trkpt>
      <trkpt lat="44.3739" lon="-93.28701">
        <ele>332.1</ele>
      </trkpt>
      <trkpt lat="44.37461" lon="-93.287">
        <ele>328.5</ele>
      </trkpt>
      <trkpt lat="44.37533" lon="-93.28699">
        <ele>326.5</ele>
      </trkpt>
      <trkpt lat="44.37604" lon="-93.28699">
        <ele>329.4</ele>
      </trkpt>
      <trkpt lat="44.3762" lon="-93.28697">
        <ele>329.6</ele>
      </trkpt>
      <trkpt lat="44.37668" lon="-93.2869">
        <ele>328.0</ele>
      </trkpt>
      <trkpt lat="44.37708" lon="-93.28681">
        <ele>325.7</ele>
      </trkpt>
      <trkpt lat="44.37742" lon="-93.28671">
        <ele>325.2</ele>
      </trkpt>
      <trkpt lat="44.37771" lon="-93.28661">
        <ele>324.9</ele>
      </trkpt>
      <trkpt lat="44.37819" lon="-93.2864">
        <ele>324.0</ele>
      </trkpt>
      <trkpt lat="44.37833" lon="-93.28633">
        <ele>323.7</ele>
      </trkpt>
      <trkpt lat="44.37875" lon="-93.2861">
        <ele>323.6</ele>
      </trkpt>
      <trkpt lat="44.37948" lon="-93.28562">
        <ele>323.1</ele>
      </trkpt>
      <trkpt lat="44.38022" lon="-93.28514">
        <ele>323.1</ele>
      </trkpt>
      <trkpt lat="44.38095" lon="-93.28466">
        <ele>323.1</ele>
      </trkpt>
      <trkpt lat="44.38169" lon="-93.28418">
        <ele>323.1</ele>
      </trkpt>
      <trkpt lat="44.38243" lon="-93.2837">
        <ele>322.6</ele>
      </trkpt>
      <trkpt lat="44.38316" lon="-93.28322">
        <ele>320.7</ele>
      </trkpt>
      <trkpt lat="44.3839" lon="-93.28274">
        <ele>320.6</ele>
      </trkpt>
      <trkpt lat="44.38463" lon="-93.28225">
        <ele>321.7</ele>
      </trkpt>
      <trkpt lat="44.38503" lon="-93.28203">
        <ele>322.2</ele>
      </trkpt>
      <trkpt lat="44.38522" lon="-93.28195">
        <ele>322.4</ele>
      </trkpt>
      <trkpt lat="44.38529" lon="-93.28194">
        <ele>322.5</ele>
      </trkpt>
      <trkpt lat="44.3854" lon="-93.28191">
        <ele>322.6</ele>
      </trkpt>
      <trkpt lat="44.38579" lon="-93.28187">
        <ele>323.1</ele>
      </trkpt>
      <trkpt lat="44.38664" lon="-93.28186">
        <ele>326.1</ele>
      </trkpt>
      <trkpt lat="44.38748" lon="-93.28185">
        <ele>326.1</ele>
      </trkpt>
      <trkpt lat="44.38827" lon="-93.28186">
        <ele>323.1</ele>
      </trkpt>
      <trkpt lat="44.38906" lon="-93.28187">
        <ele>327.4</ele>
      </trkpt>
      <trkpt lat="44.38984" lon="-93.28188">
        <ele>330.7</ele>
      </trkpt>
      <trkpt lat="44.39063" lon="-93.28188">
        <ele>332.3</ele>
      </trkpt>
      <trkpt lat="44.39141" lon="-93.28189">
        <ele>332.3</ele>
      </trkpt>
      <trkpt lat="44.39219" lon="-93.28189">
        <ele>329.9</ele>
      </trkpt>
      <trkpt lat="44.39297" lon="-93.28189">
        <ele>327.1</ele>
      </trkpt>
      <trkpt lat="44.39376" lon="-93.28189">
        <ele>326.4</ele>
      </trkpt>
      <trkpt lat="44.39454" lon="-93.28189">
        <ele>327.0</ele>
      </trkpt>
      <trkpt lat="44.39541" lon="-93.2819">
        <ele>326.4</ele>
      </trkpt>
      <trkpt lat="44.39628" lon="-93.28191">
        <ele>326.6</ele>
      </trkpt>
      <trkpt lat="44.39716" lon="-93.28191">
        <ele>325.0</ele>
      </trkpt>
      <trkpt lat="44.39803" lon="-93.28192">
        <ele>323.7</ele>
      </trkpt>
      <trkpt lat="44.3989" lon="-93.28193">
        <ele>324.0</ele>
      </trkpt>
      <trkpt lat="44.39978" lon="-93.28194">
        <ele>324.1</ele>
      </trkpt>
      <trkpt lat="44.39977" lon="-93.28097">
        <ele>321.9</ele>
      </trkpt>
      <trkpt lat="44.39977" lon="-93.28">
        <ele>320.1</ele>
      </trkpt>
      <trkpt lat="44.39977" lon="-93.27902">
        <ele>320.2</ele>
      </trkpt>
      <trkpt lat="44.39977" lon="-93.27805">
        <ele>323.5</ele>
      </trkpt>
      <trkpt lat="44.39975" lon="-93.27708">
        <ele>325.8</ele>
      </trkpt>
      <trkpt lat="44.39974" lon="-93.27612">
        <ele>326.3</ele>
      </trkpt>
      <trkpt lat="44.39972" lon="-93.27515">
        <ele>326.6</ele>
      </trkpt>
      <trkpt lat="44.3997" lon="-93.27418">
        <ele>327.0</ele>
      </trkpt>
      <trkpt lat="44.39969" lon="-93.27293">
        <ele>323.2</ele>
      </trkpt>
      <trkpt lat="44.39967" lon="-93.27168">
        <ele>317.1</ele>
      </trkpt>
      <trkpt lat="44.39966" lon="-93.27043">
        <ele>317.5</ele>
      </trkpt>
      <trkpt lat="44.39965" lon="-93.26918">
        <ele>317.6</ele>
      </trkpt>
      <trkpt lat="44.39964" lon="-93.26793">
        <ele>318.8</ele>
      </trkpt>
      <trkpt lat="44.39962" lon="-93.26668">
        <ele>319.2</ele>
      </trkpt>
      <trkpt lat="44.39961" lon="-93.26543">
        <ele>318.6</ele>
      </trkpt>
      <trkpt lat="44.3996" lon="-93.26418">
        <ele>320.1</ele>
      </trkpt>
      <trkpt lat="44.39959" lon="-93.26293">
        <ele>320.1</ele>
      </trkpt>
      <trkpt lat="44.39957" lon="-93.26168">
        <ele>318.2</ele>
      </trkpt>
      <trkpt lat="44.39957" lon="-93.26048">
        <ele>318.6</ele>
      </trkpt>
      <trkpt lat="44.39957" lon="-93.25928">
        <ele>318.9</ele>
      </trkpt>
      <trkpt lat="44.39957" lon="-93.25808">
        <ele>315.1</ele>
      </trkpt>
      <trkpt lat="44.39957" lon="-93.25688">
        <ele>312.5</ele>
      </trkpt>
      <trkpt lat="44.39957" lon="-93.25567">
        <ele>310.9</ele>
      </trkpt>
      <trkpt lat="44.39956" lon="-93.25474">
        <ele>309.3</ele>
      </trkpt>
      <trkpt lat="44.39956" lon="-93.2538">
        <ele>307.9</ele>
      </trkpt>
      <trkpt lat="44.39956" lon="-93.25287">
        <ele>310.4</ele>
      </trkpt>
      <trkpt lat="44.39956" lon="-93.25251">
        <ele>310.5</ele>
      </trkpt>
      <trkpt lat="44.39956" lon="-93.25173">
        <ele>309.3</ele>
      </trkpt>
      <trkpt lat="44.39956" lon="-93.25095">
        <ele>308.2</ele>
      </trkpt>
      <trkpt lat="44.39955" lon="-93.24992">
        <ele>307.8</ele>
      </trkpt>
      <trkpt lat="44.39954" lon="-93.24889">
        <ele>308.0</ele>
      </trkpt>
      <trkpt lat="44.39954" lon="-93.24786">
        <ele>307.8</ele>
      </trkpt>
      <trkpt lat="44.39953" lon="-93.24682">
        <ele>307.8</ele>
      </trkpt>
      <trkpt lat="44.39952" lon="-93.24579">
        <ele>308.0</ele>
      </trkpt>
      <trkpt lat="44.39953" lon="-93.24524">
        <ele>308.2</ele>
      </trkpt>
      <trkpt lat="44.39952" lon="-93.24428">
        <ele>307.8</ele>
      </trkpt>
      <trkpt lat="44.39951" lon="-93.24332">
        <ele>307.8</ele>
      </trkpt>
      <trkpt lat="44.39951" lon="-93.24236">
        <ele>307.2</ele>
      </trkpt>
      <trkpt lat="44.3995" lon="-93.2414">
        <ele>306.1</ele>
      </trkpt>
      <trkpt lat="44.39949" lon="-93.24022">
        <ele>305.7</ele>
      </trkpt>
      <trkpt lat="44.39948" lon="-93.23904">
        <ele>305.2</ele>
      </trkpt>
      <trkpt lat="44.39947" lon="-93.23786">
        <ele>304.9</ele>
      </trkpt>
      <trkpt lat="44.39946" lon="-93.23669">
        <ele>303.0</ele>
      </trkpt>
      <trkpt lat="44.39945" lon="-93.23551">
        <ele>302.6</ele>
      </trkpt>
      <trkpt lat="44.39944" lon="-93.23433">
        <ele>303.2</ele>
      </trkpt>
      <trkpt lat="44.39943" lon="-93.23315">
        <ele>304.4</ele>
      </trkpt>
      <trkpt lat="44.39942" lon="-93.23197">
        <ele>303.8</ele>
      </trkpt>
      <trkpt lat="44.39942" lon="-93.23141">
        <ele>302.9</ele>
      </trkpt>
      <trkpt lat="44.39942" lon="-93.23025">
        <ele>301.8</ele>
      </trkpt>
      <trkpt lat="44.39941" lon="-93.2291">
        <ele>302.9</ele>
      </trkpt>
      <trkpt lat="44.3994" lon="-93.22795">
        <ele>304.2</ele>
      </trkpt>
      <trkpt lat="44.3994" lon="-93.22679">
        <ele>305.0</ele>
      </trkpt>
      <trkpt lat="44.39939" lon="-93.22564">
        <ele>305.1</ele>
      </trkpt>
      <trkpt lat="44.39938" lon="-93.22449">
        <ele>304.6</ele>
      </trkpt>
      <trkpt lat="44.39937" lon="-93.22333">
        <ele>301.1</ele>
      </trkpt>
      <trkpt lat="44.39937" lon="-93.22218">
        <ele>295.7</ele>
      </trkpt>
      <trkpt lat="44.3994" lon="-93.22139">
        <ele>296.5</ele>
      </trkpt>
      <trkpt lat="44.3994" lon="-93.22131">
        <ele>296.6</ele>
      </trkpt>
      <trkpt lat="44.40006" lon="-93.22122">
        <ele>295.7</ele>
      </trkpt>
      <trkpt lat="44.40093" lon="-93.22122">
        <ele>297.5</ele>
      </trkpt>
      <trkpt lat="44.4018" lon="-93.22122">
        <ele>298.5</ele>
      </trkpt>
      <trkpt lat="44.40266" lon="-93.22121">
        <ele>295.6</ele>
      </trkpt>
      <trkpt lat="44.40353" lon="-93.22121">
        <ele>298.6</ele>
      </trkpt>
      <trkpt lat="44.40436" lon="-93.22119">
        <ele>301.6</ele>
      </trkpt>
      <trkpt lat="44.40519" lon="-93.22117">
        <ele>302.7</ele>
      </trkpt>
      <trkpt lat="44.40576" lon="-93.22117">
        <ele>303.2</ele>
      </trkpt>
      <trkpt lat="44.40634" lon="-93.22116">
        <ele>302.8</ele>
      </trkpt>
      <trkpt lat="44.40705" lon="-93.22113">
        <ele>302.3</ele>
      </trkpt>
      <trkpt lat="44.40777" lon="-93.2211">
        <ele>301.0</ele>
      </trkpt>
      <trkpt lat="44.4086" lon="-93.22108">
        <ele>298.7</ele>
      </trkpt>
      <trkpt lat="44.40944" lon="-93.22106">
        <ele>294.6</ele>
      </trkpt>
      <trkpt lat="44.41027" lon="-93.22105">
        <ele>288.7</ele>
      </trkpt>
      <trkpt lat="44.4111" lon="-93.22103">
        <ele>287.1</ele>
      </trkpt>
      <trkpt lat="44.41194" lon="-93.22102">
        <ele>288.4</ele>
      </trkpt>
      <trkpt lat="44.41277" lon="-93.221">
        <ele>290.1</ele>
      </trkpt>
      <trkpt lat="44.41337" lon="-93.221">
        <ele>291.5</ele>
      </trkpt>
      <trkpt lat="44.41365" lon="-93.22098">
        <ele>292.5</ele>
      </trkpt>
      <trkpt lat="44.41383" lon="-93.22092">
        <ele>292.8</ele>
      </trkpt>
      <trkpt lat="44.414" lon="-93.22083">
        <ele>292.7</ele>
      </trkpt>
      <trkpt lat="44.41409" lon="-93.22074">
        <ele>292.8</ele>
      </trkpt>
      <trkpt lat="44.41424" lon="-93.22062">
        <ele>293.3</ele>
      </trkpt>
      <trkpt lat="44.41484" lon="-93.22007">
        <ele>297.4</ele>
      </trkpt>
      <trkpt lat="44.41545" lon="-93.21952">
        <ele>298.9</ele>
      </trkpt>
      <trkpt lat="44.41606" lon="-93.21897">
        <ele>299.6</ele>
      </trkpt>
      <trkpt lat="44.41667" lon="-93.21842">
        <ele>299.4</ele>
      </trkpt>
      <trkpt lat="44.41705" lon="-93.21807">
        <ele>299.8</ele>
      </trkpt>
      <trkpt lat="44.41742" lon="-93.21771">
        <ele>299.1</ele>
      </trkpt>
      <trkpt lat="44.41763" lon="-93.21751">
        <ele>299.0</ele>
      </trkpt>
      <trkpt lat="44.41833" lon="-93.21689">
        <ele>300.1</ele>
      </trkpt>
      <trkpt lat="44.41894" lon="-93.21634">
        <ele>300.7</ele>
      </trkpt>
      <trkpt lat="44.41955" lon="-93.21579">
        <ele>300.2</ele>
      </trkpt>
      <trkpt lat="44.42003" lon="-93.21538">
        <ele>300.1</ele>
      </trkpt>
      <trkpt lat="44.42051" lon="-93.21497">
        <ele>300.4</ele>
      </trkpt>
      <trkpt lat="44.42086" lon="-93.21465">
        <ele>300.4</ele>
      </trkpt>
      <trkpt lat="44.42159" lon="-93.21398">
        <ele>298.0</ele>
      </trkpt>
      <trkpt lat="44.42231" lon="-93.21332">
        <ele>296.8</ele>
      </trkpt>
      <trkpt lat="44.42303" lon="-93.21266">
        <ele>295.4</ele>
      </trkpt>
      <trkpt lat="44.42376" lon="-93.21199">
        <ele>295.2</ele>
      </trkpt>
      <trkpt lat="44.42448" lon="-93.21133">
        <ele>293.7</ele>
      </trkpt>
      <trkpt lat="44.42521" lon="-93.21067">
        <ele>292.8</ele>
      </trkpt>
      <trkpt lat="44.42593" lon="-93.21001">
        <ele>290.6</ele>
      </trkpt>
      <trkpt lat="44.42669" lon="-93.20948">
        <ele>287.9</ele>
      </trkpt>
      <trkpt lat="44.42745" lon="-93.20896">
        <ele>286.1</ele>
      </trkpt>
      <trkpt lat="44.42801" lon="-93.20854">
        <ele>283.6</ele>
      </trkpt>
      <trkpt lat="44.42848" lon="-93.20823">
        <ele>284.6</ele>
      </trkpt>
      <trkpt lat="44.42894" lon="-93.20793">
        <ele>284.9</ele>
      </trkpt>
      <trkpt lat="44.42943" lon="-93.20758">
        <ele>284.8</ele>
      </trkpt>
      <trkpt lat="44.42992" lon="-93.20723">
        <ele>284.6</ele>
      </trkpt>
      <trkpt lat="44.4304" lon="-93.2069">
        <ele>283.5</ele>
      </trkpt>
      <trkpt lat="44.43089" lon="-93.20657">
        <ele>283.0</ele>
      </trkpt>
      <trkpt lat="44.43054" lon="-93.20562">
        <ele>280.1</ele>
      </trkpt>
      <trkpt lat="44.43029" lon="-93.20491">
        <ele>277.9</ele>
      </trkpt>
      <trkpt lat="44.43018" lon="-93.20462">
        <ele>278.5</ele>
      </trkpt>
      <trkpt lat="44.43005" lon="-93.20426">
        <ele>279.1</ele>
      </trkpt>
      <trkpt lat="44.42974" lon="-93.20341">
        <ele>280.7</ele>
      </trkpt>
      <trkpt lat="44.43016" lon="-93.2031">
        <ele>280.1</ele>
      </trkpt>
      <trkpt lat="44.43058" lon="-93.20278">
        <ele>279.8</ele>
      </trkpt>
      <trkpt lat="44.43062" lon="-93.20273">
        <ele>279.9</ele>
      </trkpt>
      <trkpt lat="44.43065" lon="-93.20269">
        <ele>279.9</ele>
      </trkpt>
      <trkpt lat="44.43065" lon="-93.20264">
        <ele>280.0</ele>
      </trkpt>
      <trkpt lat="44.43071" lon="-93.20265">
        <ele>279.8</ele>
      </trkpt>
      <trkpt lat="44.43082" lon="-93.20268">
        <ele>279.6</ele>
      </trkpt>
      <trkpt lat="44.43089" lon="-93.20272">
        <ele>279.5</ele>
      </trkpt>
      <trkpt lat="44.43095" lon="-93.20278">
        <ele>279.3</ele>
      </trkpt>
      <trkpt lat="44.43123" lon="-93.20317">
        <ele>278.0</ele>
      </trkpt>
      <trkpt lat="44.43128" lon="-93.20322">
        <ele>277.5</ele>
      </trkpt>
      <trkpt lat="44.43133" lon="-93.20325">
        <ele>277.1</ele>
      </trkpt>
      <trkpt lat="44.4314" lon="-93.20326">
        <ele>276.8</ele>
      </trkpt>
      <trkpt lat="44.43148" lon="-93.20324">
        <ele>276.6</ele>
      </trkpt>
      <trkpt lat="44.43164" lon="-93.20315">
        <ele>276.7</ele>
      </trkpt>
      <trkpt lat="44.43193" lon="-93.20289">
        <ele>277.0</ele>
      </trkpt>
      <trkpt lat="44.43227" lon="-93.20249">
        <ele>277.7</ele>
      </trkpt>
      <trkpt lat="44.43262" lon="-93.20202">
        <ele>277.9</ele>
      </trkpt>
      <trkpt lat="44.43297" lon="-93.20156">
        <ele>277.9</ele>
      </trkpt>
      <trkpt lat="44.43317" lon="-93.20127">
        <ele>277.5</ele>
      </trkpt>
      <trkpt lat="44.43329" lon="-93.20108">
        <ele>276.9</ele>
      </trkpt>
      <trkpt lat="44.43342" lon="-93.20081">
        <ele>276.4</ele>
      </trkpt>
      <trkpt lat="44.43374" lon="-93.20033">
        <ele>276.4</ele>
      </trkpt>
      <trkpt lat="44.43406" lon="-93.19985">
        <ele>276.2</ele>
      </trkpt>
      <trkpt lat="44.4345" lon="-93.19911">
        <ele>276.1</ele>
      </trkpt>
      <trkpt lat="44.43493" lon="-93.19837">
        <ele>276.0</ele>
      </trkpt>
      <trkpt lat="44.43537" lon="-93.19762">
        <ele>276.0</ele>
      </trkpt>
      <trkpt lat="44.43555" lon="-93.19734">
        <ele>276.1</ele>
      </trkpt>
      <trkpt lat="44.43564" lon="-93.19707">
        <ele>276.4</ele>
      </trkpt>
      <trkpt lat="44.43579" lon="-93.19649">
        <ele>277.4</ele>
      </trkpt>
      <trkpt lat="44.43588" lon="-93.19626">
        <ele>277.6</ele>
      </trkpt>
      <trkpt lat="44.43623" lon="-93.1956">
        <ele>277.5</ele>
      </trkpt>
      <trkpt lat="44.43653" lon="-93.19543">
        <ele>277.4</ele>
      </trkpt>
      <trkpt lat="44.43689" lon="-93.19526">
        <ele>277.1</ele>
      </trkpt>
      <trkpt lat="44.43718" lon="-93.19516">
        <ele>277.2</ele>
      </trkpt>
      <trkpt lat="44.43742" lon="-93.19518">
        <ele>277.4</ele>
      </trkpt>
      <trkpt lat="44.43769" lon="-93.19525">
        <ele>277.1</ele>
      </trkpt>
      <trkpt lat="44.43784" lon="-93.19526">
        <ele>276.8</ele>
      </trkpt>
      <trkpt lat="44.43799" lon="-93.1951">
        <ele>277.4</ele>
      </trkpt>
      <trkpt lat="44.43808" lon="-93.19475">
        <ele>277.4</ele>
      </trkpt>
      <trkpt lat="44.43809" lon="-93.19434">
        <ele>277.4</ele>
      </trkpt>
      <trkpt lat="44.43819" lon="-93.19394">
        <ele>277.3</ele>
      </trkpt>
      <trkpt lat="44.43842" lon="-93.19354">
        <ele>277.4</ele>
      </trkpt>
      <trkpt lat="44.43873" lon="-93.19315">
        <ele>277.4</ele>
      </trkpt>
      <trkpt lat="44.43902" lon="-93.19286">
        <ele>277.4</ele>
      </trkpt>
      <trkpt lat="44.43948" lon="-93.19262">
        <ele>276.4</ele>
      </trkpt>
      <trkpt lat="44.43979" lon="-93.19253">
        <ele>276.7</ele>
      </trkpt>
      <trkpt lat="44.4402" lon="-93.19252">
        <ele>276.9</ele>
      </trkpt>
      <trkpt lat="44.44074" lon="-93.1923">
        <ele>277.2</ele>
      </trkpt>
      <trkpt lat="44.44121" lon="-93.19219">
        <ele>276.8</ele>
      </trkpt>
      <trkpt lat="44.44171" lon="-93.19202">
        <ele>276.0</ele>
      </trkpt>
      <trkpt lat="44.44208" lon="-93.19199">
        <ele>275.6</ele>
      </trkpt>
      <trkpt lat="44.44238" lon="-93.19184">
        <ele>275.4</ele>
      </trkpt>
      <trkpt lat="44.4427" lon="-93.19118">
        <ele>275.5</ele>
      </trkpt>
      <trkpt lat="44.44285" lon="-93.19058">
        <ele>275.7</ele>
      </trkpt>
      <trkpt lat="44.44287" lon="-93.18998">
        <ele>276.0</ele>
      </trkpt>
      <trkpt lat="44.44311" lon="-93.18932">
        <ele>276.3</ele>
      </trkpt>
      <trkpt lat="44.44326" lon="-93.18858">
        <ele>277.0</ele>
      </trkpt>
      <trkpt lat="44.44342" lon="-93.18766">
        <ele>278.2</ele>
      </trkpt>
      <trkpt lat="44.44361" lon="-93.1869">
        <ele>278.6</ele>
      </trkpt>
      <trkpt lat="44.44384" lon="-93.18624">
        <ele>278.2</ele>
      </trkpt>
      <trkpt lat="44.44395" lon="-93.18587">
        <ele>277.5</ele>
      </trkpt>
      <trkpt lat="44.444" lon="-93.18527">
        <ele>277.1</ele>
      </trkpt>
      <trkpt lat="44.44413" lon="-93.18495">
        <ele>276.7</ele>
      </trkpt>
      <trkpt lat="44.44434" lon="-93.18459">
        <ele>276.0</ele>
      </trkpt>
      <trkpt lat="44.44431" lon="-93.18433">
        <ele>276.1</ele>
      </trkpt>
      <trkpt lat="44.4443" lon="-93.18381">
        <ele>276.1</ele>
      </trkpt>
      <trkpt lat="44.44406" lon="-93.18327">
        <ele>277.0</ele>
      </trkpt>
      <trkpt lat="44.44381" lon="-93.183">
        <ele>277.3</ele>
      </trkpt>
      <trkpt lat="44.44365" lon="-93.18274">
        <ele>278.6</ele>
      </trkpt>
      <trkpt lat="44.44365" lon="-93.18244">
        <ele>280.2</ele>
      </trkpt>
      <trkpt lat="44.44397" lon="-93.18153">
        <ele>280.0</ele>
      </trkpt>
      <trkpt lat="44.44446" lon="-93.18059">
        <ele>278.1</ele>
      </trkpt>
      <trkpt lat="44.44491" lon="-93.17987">
        <ele>278.8</ele>
      </trkpt>
      <trkpt lat="44.44518" lon="-93.17936">
        <ele>278.7</ele>
      </trkpt>
      <trkpt lat="44.4453" lon="-93.1791">
        <ele>278.7</ele>
      </trkpt>
      <trkpt lat="44.44549" lon="-93.17891">
        <ele>277.1</ele>
      </trkpt>
      <trkpt lat="44.44579" lon="-93.17822">
        <ele>280.4</ele>
      </trkpt>
      <trkpt lat="44.44608" lon="-93.1777">
        <ele>280.6</ele>
      </trkpt>
      <trkpt lat="44.44667" lon="-93.17696">
        <ele>278.1</ele>
      </trkpt>
      <trkpt lat="44.44727" lon="-93.17621">
        <ele>277.4</ele>
      </trkpt>
      <trkpt lat="44.44766" lon="-93.17575">
        <ele>277.5</ele>
      </trkpt>
      <trkpt lat="44.44804" lon="-93.17528">
        <ele>275.8</ele>
      </trkpt>
      <trkpt lat="44.44851" lon="-93.17483">
        <ele>274.8</ele>
      </trkpt>
      <trkpt lat="44.44892" lon="-93.17438">
        <ele>275.9</ele>
      </trkpt>
      <trkpt lat="44.44916" lon="-93.17425">
        <ele>275.5</ele>
      </trkpt>
      <trkpt lat="44.44934" lon="-93.17389">
        <ele>275.7</ele>
      </trkpt>
      <trkpt lat="44.44937" lon="-93.17357">
        <ele>276.2</ele>
      </trkpt>
      <trkpt lat="44.44936" lon="-93.17299">
        <ele>277.3</ele>
      </trkpt>
      <trkpt lat="44.44933" lon="-93.17264">
        <ele>278.4</ele>
      </trkpt>
      <trkpt lat="44.44952" lon="-93.17214">
        <ele>278.8</ele>
      </trkpt>
      <trkpt lat="44.44971" lon="-93.17194">
        <ele>278.4</ele>
      </trkpt>
      <trkpt lat="44.44996" lon="-93.17162">
        <ele>278.0</ele>
      </trkpt>
      <trkpt lat="44.45047" lon="-93.17107">
        <ele>277.0</ele>
      </trkpt>
      <trkpt lat="44.45057" lon="-93.17085">
        <ele>276.9</ele>
      </trkpt>
      <trkpt lat="44.4506" lon="-93.17069">
        <ele>277.0</ele>
      </trkpt>
      <trkpt lat="44.45057" lon="-93.17055">
        <ele>277.2</ele>
      </trkpt>
      <trkpt lat="44.45076" lon="-93.1703">
        <ele>276.9</ele>
      </trkpt>
      <trkpt lat="44.451" lon="-93.1701">
        <ele>276.5</ele>
      </trkpt>
      <trkpt lat="44.45143" lon="-93.17004">
        <ele>275.4</ele>
      </trkpt>
      <trkpt lat="44.45173" lon="-93.16995">
        <ele>275.0</ele>
      </trkpt>
      <trkpt lat="44.45193" lon="-93.16972">
        <ele>274.3</ele>
      </trkpt>
      <trkpt lat="44.45213" lon="-93.16924">
        <ele>274.3</ele>
      </trkpt>
      <trkpt lat="44.45241" lon="-93.16869">
        <ele>274.2</ele>
      </trkpt>
      <trkpt lat="44.4526" lon="-93.16826">
        <ele>273.8</ele>
      </trkpt>
      <trkpt lat="44.45261" lon="-93.16816">
        <ele>274.0</ele>
      </trkpt>
      <trkpt lat="44.45263" lon="-93.16797">
        <ele>274.2</ele>
      </trkpt>
      <trkpt lat="44.45268" lon="-93.16775">
        <ele>274.3</ele>
      </trkpt>
      <trkpt lat="44.45272" lon="-93.16764">
        <ele>274.0</ele>
      </trkpt>
      <trkpt lat="44.45276" lon="-93.16746">
        <ele>274.0</ele>
      </trkpt>
      <trkpt lat="44.45278" lon="-93.16725">
        <ele>274.2</ele>
      </trkpt>
      <trkpt lat="44.45264" lon="-93.16725">
        <ele>274.5</ele>
      </trkpt>
      <trkpt lat="44.45275" lon="-93.16706">
        <ele>274.7</ele>
      </trkpt>
      <trkpt lat="44.45277" lon="-93.16699">
        <ele>274.9</ele>
      </trkpt>
      <trkpt lat="44.45282" lon="-93.16691">
        <ele>275.1</ele>
      </trkpt>
      <trkpt lat="44.4529" lon="-93.16686">
        <ele>275.3</ele>
      </trkpt>
      <trkpt lat="44.45298" lon="-93.16687">
        <ele>275.5</ele>
      </trkpt>
      <trkpt lat="44.45363" lon="-93.16701">
        <ele>277.2</ele>
      </trkpt>
      <trkpt lat="44.45369" lon="-93.16703">
        <ele>277.4</ele>
      </trkpt>
      <trkpt lat="44.45374" lon="-93.1671">
        <ele>277.6</ele>
      </trkpt>
      <trkpt lat="44.45377" lon="-93.16718">
        <ele>277.8</ele>
      </trkpt>
      <trkpt lat="44.45379" lon="-93.1674">
        <ele>277.8</ele>
      </trkpt>
      <trkpt lat="44.45382" lon="-93.16751">
        <ele>277.9</ele>
      </trkpt>
      <trkpt lat="44.45388" lon="-93.16765">
        <ele>278.1</ele>
      </trkpt>
      <trkpt lat="44.45398" lon="-93.16773">
        <ele>278.5</ele>
      </trkpt>
      <trkpt lat="44.45399" lon="-93.16753">
        <ele>278.5</ele>
      </trkpt>
      <trkpt lat="44.45402" lon="-93.16736">
        <ele>278.5</ele>
      </trkpt>
      <trkpt lat="44.45407" lon="-93.16717">
        <ele>278.6</ele>
      </trkpt>
      <trkpt lat="44.45413" lon="-93.16712">
        <ele>278.7</ele>
      </trkpt>
      <trkpt lat="44.45418" lon="-93.16705">
        <ele>278.8</ele>
      </trkpt>
      <trkpt lat="44.45422" lon="-93.16695">
        <ele>278.8</ele>
      </trkpt>
      <trkpt lat="44.45436" lon="-93.16651">
        <ele>278.9</ele>
      </trkpt>
      <trkpt lat="44.4544" lon="-93.16641">
        <ele>278.9</ele>
      </trkpt>
      <trkpt lat="44.45445" lon="-93.16635">
        <ele>279.0</ele>
      </trkpt>
      <trkpt lat="44.45459" lon="-93.16624">
        <ele>279.2</ele>
      </trkpt>
      <trkpt lat="44.4551" lon="-93.16598">
        <ele>279.7</ele>
      </trkpt>
      <trkpt lat="44.4551" lon="-93.16511">
        <ele>278.8</ele>
      </trkpt>
      <trkpt lat="44.4551" lon="-93.16424">
        <ele>278.4</ele>
      </trkpt>
      <trkpt lat="44.4551" lon="-93.16419">
        <ele>278.3</ele>
      </trkpt>
      <trkpt lat="44.45536" lon="-93.16396">
        <ele>278.3</ele>
      </trkpt>
      <trkpt lat="44.45578" lon="-93.1636">
        <ele>278.3</ele>
      </trkpt>
      <trkpt lat="44.45619" lon="-93.16324">
        <ele>278.3</ele>
      </trkpt>
      <trkpt lat="44.4568" lon="-93.16272">
        <ele>278.4</ele>
      </trkpt>
      <trkpt lat="44.45742" lon="-93.1622">
        <ele>278.4</ele>
      </trkpt>
      <trkpt lat="44.45774" lon="-93.16193">
        <ele>278.3</ele>
      </trkpt>
      <trkpt lat="44.45783" lon="-93.16187">
        <ele>278.3</ele>
      </trkpt>
      <trkpt lat="44.45813" lon="-93.16168">
        <ele>278.2</ele>
      </trkpt>
      <trkpt lat="44.45833" lon="-93.16159">
        <ele>278.2</ele>
      </trkpt>
      <trkpt lat="44.45841" lon="-93.16157">
        <ele>278.2</ele>
      </trkpt>
      <trkpt lat="44.45841" lon="-93.1618">
        <ele>278.5</ele>
      </trkpt>
      <trkpt lat="44.45841" lon="-93.16186">
        <ele>278.5</ele>
      </trkpt>
      <trkpt lat="44.45815" lon="-93.16196">
        <ele>278.6</ele>
      </trkpt>
      <trkpt lat="44.45788" lon="-93.16213">
        <ele>278.6</ele>
      </trkpt>
      <trkpt lat="44.45762" lon="-93.16235">
        <ele>278.7</ele>
      </trkpt>
      <trkpt lat="44.45736" lon="-93.16258">
        <ele>278.8</ele>
      </trkpt>
      <trkpt lat="44.45731" lon="-93.16248">
        <ele>278.6</ele>
      </trkpt>
      <trkpt lat="44.45725" lon="-93.16247">
        <ele>278.6</ele>
      </trkpt>
      <trkpt lat="44.45719" lon="-93.16239">
        <ele>278.4</ele>
      </trkpt>
      <trkpt lat="44.4573" lon="-93.1623">
        <ele>278.4</ele>
      </trkpt>
      <trkpt lat="44.45726" lon="-93.16225">
        <ele>278.4</ele>
      </trkpt>
      <trkpt lat="44.45724" lon="-93.16218">
        <ele>278.3</ele>
      </trkpt>
      <trkpt lat="44.45723" lon="-93.16194">
        <ele>278.0</ele>
      </trkpt>
      <trkpt lat="44.45719" lon="-93.16184">
        <ele>277.9</ele>
      </trkpt>
      <trkpt lat="44.45714" lon="-93.16181">
        <ele>277.8</ele>
      </trkpt>
      <trkpt lat="44.45695" lon="-93.16181">
        <ele>277.7</ele>
      </trkpt>
      <trkpt lat="44.45692" lon="-93.1618">
        <ele>277.6</ele>
      </trkpt>
      <trkpt lat="44.45688" lon="-93.16177">
        <ele>277.6</ele>
      </trkpt>
      <trkpt lat="44.45674" lon="-93.1615">
        <ele>277.4</ele>
      </trkpt>
      <trkpt lat="44.45651" lon="-93.16097">
        <ele>277.1</ele>
      </trkpt>
      <trkpt lat="44.45642" lon="-93.16074">
        <ele>277.0</ele>
      </trkpt>
      <trkpt lat="44.45625" lon="-93.16018">
        <ele>279.8</ele>
      </trkpt>
      <trkpt lat="44.45624" lon="-93.1594">
        <ele>283.5</ele>
      </trkpt>
      <trkpt lat="44.45624" lon="-93.15862">
        <ele>286.4</ele>
      </trkpt>
      <trkpt lat="44.45625" lon="-93.15782">
        <ele>289.4</ele>
      </trkpt>
      <trkpt lat="44.45626" lon="-93.15703">
        <ele>289.6</ele>
      </trkpt>
      <trkpt lat="44.45626" lon="-93.15625">
        <ele>291.4</ele>
      </trkpt>
      <trkpt lat="44.45626" lon="-93.15547">
        <ele>291.8</ele>
      </trkpt>
      <trkpt lat="44.45627" lon="-93.1543">
        <ele>292.6</ele>
      </trkpt>
      <trkpt lat="44.45628" lon="-93.15312">
        <ele>292.7</ele>
      </trkpt>
      <trkpt lat="44.45629" lon="-93.15195">
        <ele>292.7</ele>
      </trkpt>
      <trkpt lat="44.4563" lon="-93.15077">
        <ele>292.3</ele>
      </trkpt>
      <trkpt lat="44.45629" lon="-93.15001">
        <ele>292.9</ele>
      </trkpt>
      <trkpt lat="44.45628" lon="-93.14924">
        <ele>293.2</ele>
      </trkpt>
      <trkpt lat="44.45628" lon="-93.14816">
        <ele>293.3</ele>
      </trkpt>
      <trkpt lat="44.45627" lon="-93.14708">
        <ele>293.4</ele>
      </trkpt>
      <trkpt lat="44.45627" lon="-93.146">
        <ele>290.0</ele>
      </trkpt>
      <trkpt lat="44.45571" lon="-93.146">
        <ele>290.8</ele>
      </trkpt>
      <trkpt lat="44.45514" lon="-93.14599">
        <ele>291.1</ele>
      </trkpt>
      <trkpt lat="44.45445" lon="-93.146">
        <ele>292.6</ele>
      </trkpt>
      <trkpt lat="44.45376" lon="-93.146">
        <ele>292.4</ele>
      </trkpt>
      <trkpt lat="44.45307" lon="-93.14601">
        <ele>291.1</ele>
      </trkpt>
      <trkpt lat="44.45237" lon="-93.14602">
        <ele>294.9</ele>
      </trkpt>
      <trkpt lat="44.45169" lon="-93.14602">
        <ele>294.6</ele>
      </trkpt>
      <trkpt lat="44.45101" lon="-93.14602">
        <ele>295.9</ele>
      </trkpt>
      <trkpt lat="44.45033" lon="-93.14602">
        <ele>297.9</ele>
      </trkpt>
      <trkpt lat="44.44965" lon="-93.14602">
        <ele>295.1</ele>
      </trkpt>
      <trkpt lat="44.44967" lon="-93.14481">
        <ele>294.1</ele>
      </trkpt>
      <trkpt lat="44.44966" lon="-93.1446">
        <ele>293.0</ele>
      </trkpt>
      <trkpt lat="44.44963" lon="-93.14441">
        <ele>292.3</ele>
      </trkpt>
      <trkpt lat="44.44958" lon="-93.14419">
        <ele>292.0</ele>
      </trkpt>
      <trkpt lat="44.44951" lon="-93.14401">
        <ele>291.4</ele>
      </trkpt>
      <trkpt lat="44.44942" lon="-93.14384">
        <ele>290.8</ele>
      </trkpt>
      <trkpt lat="44.44899" lon="-93.14323">
        <ele>292.9</ele>
      </trkpt>
      <trkpt lat="44.44856" lon="-93.14263">
        <ele>292.9</ele>
      </trkpt>
      <trkpt lat="44.44813" lon="-93.14202">
        <ele>293.8</ele>
      </trkpt>
      <trkpt lat="44.44793" lon="-93.14173">
        <ele>294.1</ele>
      </trkpt>
      <trkpt lat="44.44782" lon="-93.14151">
        <ele>294.1</ele>
      </trkpt>
      <trkpt lat="44.44773" lon="-93.1413">
        <ele>294.1</ele>
      </trkpt>
      <trkpt lat="44.44759" lon="-93.14086">
        <ele>293.7</ele>
      </trkpt>
      <trkpt lat="44.44754" lon="-93.14063">
        <ele>293.4</ele>
      </trkpt>
      <trkpt lat="44.4475" lon="-93.1404">
        <ele>292.9</ele>
      </trkpt>
      <trkpt lat="44.44749" lon="-93.14016">
        <ele>292.4</ele>
      </trkpt>
      <trkpt lat="44.44749" lon="-93.1389">
        <ele>289.8</ele>
      </trkpt>
      <trkpt lat="44.44749" lon="-93.13765">
        <ele>287.0</ele>
      </trkpt>
      <trkpt lat="44.44749" lon="-93.13639">
        <ele>287.4</ele>
      </trkpt>
      <trkpt lat="44.44749" lon="-93.13513">
        <ele>289.4</ele>
      </trkpt>
      <trkpt lat="44.44743" lon="-93.13458">
        <ele>291.0</ele>
      </trkpt>
      <trkpt lat="44.44737" lon="-93.1343">
        <ele>291.7</ele>
      </trkpt>
      <trkpt lat="44.44729" lon="-93.13403">
        <ele>292.0</ele>
      </trkpt>
      <trkpt lat="44.44719" lon="-93.13376">
        <ele>292.4</ele>
      </trkpt>
      <trkpt lat="44.44671" lon="-93.13276">
        <ele>293.8</ele>
      </trkpt>
      <trkpt lat="44.44622" lon="-93.13176">
        <ele>294.0</ele>
      </trkpt>
      <trkpt lat="44.44573" lon="-93.13076">
        <ele>294.8</ele>
      </trkpt>
      <trkpt lat="44.44524" lon="-93.12975">
        <ele>295.7</ele>
      </trkpt>
      <trkpt lat="44.44476" lon="-93.12875">
        <ele>296.5</ele>
      </trkpt>
      <trkpt lat="44.44427" lon="-93.12775">
        <ele>298.8</ele>
      </trkpt>
      <trkpt lat="44.44378" lon="-93.12675">
        <ele>300.5</ele>
      </trkpt>
      <trkpt lat="44.44329" lon="-93.12575">
        <ele>300.4</ele>
      </trkpt>
      <trkpt lat="44.44281" lon="-93.12475">
        <ele>300.0</ele>
      </trkpt>
      <trkpt lat="44.44271" lon="-93.12447">
        <ele>300.0</ele>
      </trkpt>
      <trkpt lat="44.44263" lon="-93.12419">
        <ele>300.3</ele>
      </trkpt>
      <trkpt lat="44.44257" lon="-93.12389">
        <ele>301.1</ele>
      </trkpt>
      <trkpt lat="44.44254" lon="-93.12358">
        <ele>301.8</ele>
      </trkpt>
      <trkpt lat="44.44252" lon="-93.12328">
        <ele>301.9</ele>
      </trkpt>
      <trkpt lat="44.44253" lon="-93.12241">
        <ele>304.6</ele>
      </trkpt>
      <trkpt lat="44.44254" lon="-93.12154">
        <ele>306.5</ele>
      </trkpt>
      <trkpt lat="44.44255" lon="-93.12067">
        <ele>308.5</ele>
      </trkpt>
      <trkpt lat="44.44258" lon="-93.11989">
        <ele>311.0</ele>
      </trkpt>
      <trkpt lat="44.44258" lon="-93.11918">
        <ele>313.9</ele>
      </trkpt>
      <trkpt lat="44.44258" lon="-93.11848">
        <ele>316.3</ele>
      </trkpt>
      <trkpt lat="44.44259" lon="-93.11751">
        <ele>319.2</ele>
      </trkpt>
      <trkpt lat="44.44261" lon="-93.11654">
        <ele>317.3</ele>
      </trkpt>
      <trkpt lat="44.44263" lon="-93.11557">
        <ele>314.2</ele>
      </trkpt>
      <trkpt lat="44.44264" lon="-93.11431">
        <ele>311.1</ele>
      </trkpt>
      <trkpt lat="44.44266" lon="-93.11306">
        <ele>308.0</ele>
      </trkpt>
      <trkpt lat="44.44267" lon="-93.1118">
        <ele>305.5</ele>
      </trkpt>
      <trkpt lat="44.44268" lon="-93.11054">
        <ele>303.6</ele>
      </trkpt>
      <trkpt lat="44.4427" lon="-93.10929">
        <ele>301.8</ele>
      </trkpt>
      <trkpt lat="44.44271" lon="-93.10803">
        <ele>301.7</ele>
      </trkpt>
      <trkpt lat="44.44273" lon="-93.10678">
        <ele>302.0</ele>
      </trkpt>
      <trkpt lat="44.44274" lon="-93.10552">
        <ele>300.8</ele>
      </trkpt>
      <trkpt lat="44.44276" lon="-93.10426">
        <ele>300.1</ele>
      </trkpt>
      <trkpt lat="44.44277" lon="-93.10301">
        <ele>300.4</ele>
      </trkpt>
      <trkpt lat="44.44278" lon="-93.10175">
        <ele>299.4</ele>
      </trkpt>
      <trkpt lat="44.4428" lon="-93.10049">
        <ele>302.4</ele>
      </trkpt>
      <trkpt lat="44.44281" lon="-93.0993">
        <ele>306.3</ele>
      </trkpt>
      <trkpt lat="44.44281" lon="-93.09811">
        <ele>305.6</ele>
      </trkpt>
      <trkpt lat="44.44282" lon="-93.09692">
        <ele>307.0</ele>
      </trkpt>
      <trkpt lat="44.44283" lon="-93.09573">
        <ele>307.4</ele>
      </trkpt>
      <trkpt lat="44.44284" lon="-93.09454">
        <ele>308.1</ele>
      </trkpt>
      <trkpt lat="44.44285" lon="-93.09335">
        <ele>309.3</ele>
      </trkpt>
      <trkpt lat="44.44285" lon="-93.09216">
        <ele>312.6</ele>
      </trkpt>
      <trkpt lat="44.44286" lon="-93.09097">
        <ele>316.2</ele>
      </trkpt>
      <trkpt lat="44.44287" lon="-93.08978">
        <ele>314.2</ele>
      </trkpt>
      <trkpt lat="44.44288" lon="-93.08859">
        <ele>311.0</ele>
      </trkpt>
      <trkpt lat="44.44289" lon="-93.0874">
        <ele>308.0</ele>
      </trkpt>
      <trkpt lat="44.44289" lon="-93.08621">
        <ele>306.7</ele>
      </trkpt>
      <trkpt lat="44.4429" lon="-93.08502">
        <ele>308.0</ele>
      </trkpt>
      <trkpt lat="44.44291" lon="-93.08383">
        <ele>309.1</ele>
      </trkpt>
      <trkpt lat="44.44292" lon="-93.08264">
        <ele>312.3</ele>
      </trkpt>
      <trkpt lat="44.44292" lon="-93.08144">
        <ele>315.6</ele>
      </trkpt>
      <trkpt lat="44.44293" lon="-93.08025">
        <ele>314.9</ele>
      </trkpt>
      <trkpt lat="44.44209" lon="-93.08026">
        <ele>313.4</ele>
      </trkpt>
      <trkpt lat="44.44124" lon="-93.08026">
        <ele>309.4</ele>
      </trkpt>
      <trkpt lat="44.4404" lon="-93.08026">
        <ele>306.7</ele>
      </trkpt>
      <trkpt lat="44.43955" lon="-93.08026">
        <ele>304.5</ele>
      </trkpt>
      <trkpt lat="44.4387" lon="-93.08026">
        <ele>303.4</ele>
      </trkpt>
      <trkpt lat="44.43786" lon="-93.08026">
        <ele>301.2</ele>
      </trkpt>
      <trkpt lat="44.43749" lon="-93.08025">
        <ele>300.9</ele>
      </trkpt>
      <trkpt lat="44.43738" lon="-93.08023">
        <ele>300.6</ele>
      </trkpt>
      <trkpt lat="44.43707" lon="-93.08012">
        <ele>299.7</ele>
      </trkpt>
      <trkpt lat="44.43676" lon="-93.07994">
        <ele>299.2</ele>
      </trkpt>
      <trkpt lat="44.43671" lon="-93.0799">
        <ele>299.1</ele>
      </trkpt>
      <trkpt lat="44.43655" lon="-93.07976">
        <ele>298.9</ele>
      </trkpt>
      <trkpt lat="44.43646" lon="-93.07967">
        <ele>298.9</ele>
      </trkpt>
      <trkpt lat="44.43628" lon="-93.07945">
        <ele>298.9</ele>
      </trkpt>
      <trkpt lat="44.43612" lon="-93.07919">
        <ele>298.9</ele>
      </trkpt>
      <trkpt lat="44.43598" lon="-93.0789">
        <ele>299.0</ele>
      </trkpt>
      <trkpt lat="44.43589" lon="-93.07866">
        <ele>299.4</ele>
      </trkpt>
      <trkpt lat="44.43581" lon="-93.07837">
        <ele>299.9</ele>
      </trkpt>
      <trkpt lat="44.43574" lon="-93.07801">
        <ele>300.3</ele>
      </trkpt>
      <trkpt lat="44.43573" lon="-93.07785">
        <ele>300.4</ele>
      </trkpt>
      <trkpt lat="44.43572" lon="-93.07689">
        <ele>300.4</ele>
      </trkpt>
      <trkpt lat="44.43571" lon="-93.07592">
        <ele>301.1</ele>
      </trkpt>
      <trkpt lat="44.4357" lon="-93.07496">
        <ele>301.0</ele>
      </trkpt>
      <trkpt lat="44.43567" lon="-93.07454">
        <ele>300.1</ele>
      </trkpt>
      <trkpt lat="44.43559" lon="-93.07404">
        <ele>299.3</ele>
      </trkpt>
      <trkpt lat="44.43553" lon="-93.07373">
        <ele>299.2</ele>
      </trkpt>
      <trkpt lat="44.43549" lon="-93.07355">
        <ele>299.3</ele>
      </trkpt>
      <trkpt lat="44.43518" lon="-93.07241">
        <ele>300.5</ele>
      </trkpt>
      <trkpt lat="44.43487" lon="-93.07127">
        <ele>300.0</ele>
      </trkpt>
      <trkpt lat="44.43457" lon="-93.07013">
        <ele>299.6</ele>
      </trkpt>
      <trkpt lat="44.43426" lon="-93.06899">
        <ele>298.5</ele>
      </trkpt>
      <trkpt lat="44.43395" lon="-93.06785">
        <ele>297.7</ele>
      </trkpt>
      <trkpt lat="44.43365" lon="-93.06671">
        <ele>297.1</ele>
      </trkpt>
      <trkpt lat="44.43334" lon="-93.06557">
        <ele>294.9</ele>
      </trkpt>
      <trkpt lat="44.43303" lon="-93.06443">
        <ele>292.2</ele>
      </trkpt>
      <trkpt lat="44.43273" lon="-93.06329">
        <ele>288.5</ele>
      </trkpt>
      <trkpt lat="44.43242" lon="-93.06215">
        <ele>287.8</ele>
      </trkpt>
      <trkpt lat="44.43234" lon="-93.06186">
        <ele>287.6</ele>
      </trkpt>
      <trkpt lat="44.43221" lon="-93.06149">
        <ele>287.4</ele>
      </trkpt>
      <trkpt lat="44.43213" lon="-93.06132">
        <ele>287.4</ele>
      </trkpt>
      <trkpt lat="44.43192" lon="-93.06092">
        <ele>287.2</ele>
      </trkpt>
      <trkpt lat="44.43182" lon="-93.06079">
        <ele>287.2</ele>
      </trkpt>
      <trkpt lat="44.43169" lon="-93.06064">
        <ele>287.1</ele>
      </trkpt>
      <trkpt lat="44.43139" lon="-93.06037">
        <ele>286.9</ele>
      </trkpt>
      <trkpt lat="44.43129" lon="-93.0603">
        <ele>286.9</ele>
      </trkpt>
      <trkpt lat="44.43111" lon="-93.0602">
        <ele>286.8</ele>
      </trkpt>
      <trkpt lat="44.43076" lon="-93.06009">
        <ele>286.8</ele>
      </trkpt>
      <trkpt lat="44.43048" lon="-93.06007">
        <ele>286.8</ele>
      </trkpt>
      <trkpt lat="44.42981" lon="-93.06007">
        <ele>286.8</ele>
      </trkpt>
      <trkpt lat="44.42915" lon="-93.06008">
        <ele>286.8</ele>
      </trkpt>
      <trkpt lat="44.42849" lon="-93.06008">
        <ele>287.3</ele>
      </trkpt>
      <trkpt lat="44.42775" lon="-93.0601">
        <ele>287.2</ele>
      </trkpt>
      <trkpt lat="44.42701" lon="-93.06012">
        <ele>287.1</ele>
      </trkpt>
      <trkpt lat="44.42627" lon="-93.06014">
        <ele>287.1</ele>
      </trkpt>
      <trkpt lat="44.42554" lon="-93.06016">
        <ele>286.9</ele>
      </trkpt>
      <trkpt lat="44.4248" lon="-93.06019">
        <ele>287.0</ele>
      </trkpt>
      <trkpt lat="44.42447" lon="-93.06018">
        <ele>287.1</ele>
      </trkpt>
      <trkpt lat="44.42359" lon="-93.06018">
        <ele>287.3</ele>
      </trkpt>
      <trkpt lat="44.42271" lon="-93.06019">
        <ele>289.2</ele>
      </trkpt>
      <trkpt lat="44.42183" lon="-93.06019">
        <ele>289.8</ele>
      </trkpt>
      <trkpt lat="44.42094" lon="-93.06019">
        <ele>290.1</ele>
      </trkpt>
      <trkpt lat="44.42006" lon="-93.06019">
        <ele>290.3</ele>
      </trkpt>
      <trkpt lat="44.41918" lon="-93.06019">
        <ele>290.1</ele>
      </trkpt>
      <trkpt lat="44.4183" lon="-93.06019">
        <ele>290.4</ele>
      </trkpt>
      <trkpt lat="44.41742" lon="-93.0602">
        <ele>290.0</ele>
      </trkpt>
      <trkpt lat="44.41654" lon="-93.0602">
        <ele>290.4</ele>
      </trkpt>
      <trkpt lat="44.41566" lon="-93.0602">
        <ele>289.6</ele>
      </trkpt>
      <trkpt lat="44.41478" lon="-93.0602">
        <ele>289.6</ele>
      </trkpt>
      <trkpt lat="44.4139" lon="-93.0602">
        <ele>289.7</ele>
      </trkpt>
      <trkpt lat="44.41302" lon="-93.06021">
        <ele>290.2</ele>
      </trkpt>
      <trkpt lat="44.41214" lon="-93.06021">
        <ele>290.4</ele>
      </trkpt>
      <trkpt lat="44.41126" lon="-93.06021">
        <ele>290.7</ele>
      </trkpt>
      <trkpt lat="44.41038" lon="-93.06021">
        <ele>291.1</ele>
      </trkpt>
      <trkpt lat="44.4095" lon="-93.06021">
        <ele>291.5</ele>
      </trkpt>
      <trkpt lat="44.40862" lon="-93.06022">
        <ele>291.9</ele>
      </trkpt>
      <trkpt lat="44.40774" lon="-93.06022">
        <ele>292.1</ele>
      </trkpt>
      <trkpt lat="44.40686" lon="-93.06022">
        <ele>292.5</ele>
      </trkpt>
      <trkpt lat="44.40687" lon="-93.05902">
        <ele>292.2</ele>
      </trkpt>
      <trkpt lat="44.40688" lon="-93.05783">
        <ele>292.1</ele>
      </trkpt>
      <trkpt lat="44.4069" lon="-93.05663">
        <ele>292.1</ele>
      </trkpt>
      <trkpt lat="44.40691" lon="-93.05543">
        <ele>291.8</ele>
      </trkpt>
      <trkpt lat="44.40692" lon="-93.05424">
        <ele>291.3</ele>
      </trkpt>
      <trkpt lat="44.40693" lon="-93.05304">
        <ele>290.9</ele>
      </trkpt>
      <trkpt lat="44.40694" lon="-93.05184">
        <ele>290.7</ele>
      </trkpt>
      <trkpt lat="44.40696" lon="-93.05065">
        <ele>290.6</ele>
      </trkpt>
      <trkpt lat="44.40697" lon="-93.04945">
        <ele>290.4</ele>
      </trkpt>
      <trkpt lat="44.40698" lon="-93.04825">
        <ele>290.2</ele>
      </trkpt>
      <trkpt lat="44.40699" lon="-93.04706">
        <ele>290.0</ele>
      </trkpt>
      <trkpt lat="44.40701" lon="-93.04586">
        <ele>291.1</ele>
      </trkpt>
      <trkpt lat="44.40701" lon="-93.04553">
        <ele>291.4</ele>
      </trkpt>
      <trkpt lat="44.40702" lon="-93.0444">
        <ele>292.6</ele>
      </trkpt>
      <trkpt lat="44.40703" lon="-93.04326">
        <ele>293.6</ele>
      </trkpt>
      <trkpt lat="44.40704" lon="-93.04212">
        <ele>293.8</ele>
      </trkpt>
      <trkpt lat="44.40705" lon="-93.04098">
        <ele>295.6</ele>
      </trkpt>
      <trkpt lat="44.40706" lon="-93.03984">
        <ele>295.6</ele>
      </trkpt>
      <trkpt lat="44.40706" lon="-93.03898">
        <ele>295.8</ele>
      </trkpt>
      <trkpt lat="44.40706" lon="-93.03812">
        <ele>297.1</ele>
      </trkpt>
      <trkpt lat="44.40705" lon="-93.03742">
        <ele>298.3</ele>
      </trkpt>
      <trkpt lat="44.40704" lon="-93.03672">
        <ele>299.4</ele>
      </trkpt>
      <trkpt lat="44.40703" lon="-93.03557">
        <ele>301.6</ele>
      </trkpt>
      <trkpt lat="44.40703" lon="-93.03441">
        <ele>305.0</ele>
      </trkpt>
      <trkpt lat="44.40702" lon="-93.03325">
        <ele>305.1</ele>
      </trkpt>
      <trkpt lat="44.40702" lon="-93.0321">
        <ele>306.9</ele>
      </trkpt>
      <trkpt lat="44.40702" lon="-93.03094">
        <ele>309.7</ele>
      </trkpt>
      <trkpt lat="44.40701" lon="-93.02979">
        <ele>312.1</ele>
      </trkpt>
      <trkpt lat="44.40701" lon="-93.02863">
        <ele>314.0</ele>
      </trkpt>
      <trkpt lat="44.40701" lon="-93.02748">
        <ele>316.5</ele>
      </trkpt>
      <trkpt lat="44.407" lon="-93.02632">
        <ele>320.4</ele>
      </trkpt>
      <trkpt lat="44.407" lon="-93.02517">
        <ele>325.6</ele>
      </trkpt>
      <trkpt lat="44.40699" lon="-93.02414">
        <ele>327.6</ele>
      </trkpt>
      <trkpt lat="44.40699" lon="-93.02311">
        <ele>327.7</ele>
      </trkpt>
      <trkpt lat="44.40698" lon="-93.02209">
        <ele>326.7</ele>
      </trkpt>
      <trkpt lat="44.40697" lon="-93.02106">
        <ele>323.3</ele>
      </trkpt>
      <trkpt lat="44.40697" lon="-93.02003">
        <ele>321.4</ele>
      </trkpt>
      <trkpt lat="44.40696" lon="-93.01884">
        <ele>323.4</ele>
      </trkpt>
      <trkpt lat="44.40696" lon="-93.01765">
        <ele>326.9</ele>
      </trkpt>
      <trkpt lat="44.40696" lon="-93.01645">
        <ele>329.9</ele>
      </trkpt>
      <trkpt lat="44.40696" lon="-93.01526">
        <ele>329.2</ele>
      </trkpt>
      <trkpt lat="44.40695" lon="-93.01406">
        <ele>331.5</ele>
      </trkpt>
      <trkpt lat="44.40695" lon="-93.01287">
        <ele>335.1</ele>
      </trkpt>
      <trkpt lat="44.40695" lon="-93.01168">
        <ele>336.3</ele>
      </trkpt>
      <trkpt lat="44.40695" lon="-93.01048">
        <ele>333.5</ele>
      </trkpt>
      <trkpt lat="44.40694" lon="-93.00929">
        <ele>332.3</ele>
      </trkpt>
      <trkpt lat="44.40694" lon="-93.0081">
        <ele>329.4</ele>
      </trkpt>
      <trkpt lat="44.40694" lon="-93.00686">
        <ele>329.3</ele>
      </trkpt>
      <trkpt lat="44.40693" lon="-93.00562">
        <ele>329.2</ele>
      </trkpt>
      <trkpt lat="44.40693" lon="-93.00438">
        <ele>331.2</ele>
      </trkpt>
      <trkpt lat="44.40692" lon="-93.00314">
        <ele>335.5</ele>
      </trkpt>
      <trkpt lat="44.40691" lon="-93.0019">
        <ele>338.5</ele>
      </trkpt>
      <trkpt lat="44.40691" lon="-93.00067">
        <ele>342.6</ele>
      </trkpt>
      <trkpt lat="44.4069" lon="-92.99943">
        <ele>343.8</ele>
      </trkpt>
      <trkpt lat="44.4069" lon="-92.99819">
        <ele>341.3</ele>
      </trkpt>
      <trkpt lat="44.40689" lon="-92.99695">
        <ele>338.3</ele>
      </trkpt>
      <trkpt lat="44.40689" lon="-92.99571">
        <ele>336.5</ele>
      </trkpt>
      <trkpt lat="44.40688" lon="-92.99448">
        <ele>335.6</ele>
      </trkpt>
      <trkpt lat="44.40688" lon="-92.99324">
        <ele>332.9</ele>
      </trkpt>
      <trkpt lat="44.40687" lon="-92.992">
        <ele>338.8</ele>
      </trkpt>
      <trkpt lat="44.40687" lon="-92.99076">
        <ele>339.8</ele>
      </trkpt>
      <trkpt lat="44.40686" lon="-92.98952">
        <ele>343.6</ele>
      </trkpt>
      <trkpt lat="44.40686" lon="-92.98829">
        <ele>347.2</ele>
      </trkpt>
      <trkpt lat="44.40685" lon="-92.98705">
        <ele>346.0</ele>
      </trkpt>
      <trkpt lat="44.40684" lon="-92.98581">
        <ele>339.0</ele>
      </trkpt>
      <trkpt lat="44.40684" lon="-92.98457">
        <ele>340.4</ele>
      </trkpt>
      <trkpt lat="44.4068" lon="-92.98388">
        <ele>342.4</ele>
      </trkpt>
      <trkpt lat="44.40677" lon="-92.98319">
        <ele>342.1</ele>
      </trkpt>
      <trkpt lat="44.40671" lon="-92.98232">
        <ele>342.1</ele>
      </trkpt>
      <trkpt lat="44.40669" lon="-92.9819">
        <ele>341.4</ele>
      </trkpt>
      <trkpt lat="44.40668" lon="-92.98142">
        <ele>340.3</ele>
      </trkpt>
      <trkpt lat="44.40668" lon="-92.98126">
        <ele>340.2</ele>
      </trkpt>
      <trkpt lat="44.40675" lon="-92.98053">
        <ele>340.2</ele>
      </trkpt>
      <trkpt lat="44.40681" lon="-92.9798">
        <ele>343.0</ele>
      </trkpt>
      <trkpt lat="44.40692" lon="-92.97878">
        <ele>346.8</ele>
      </trkpt>
      <trkpt lat="44.40695" lon="-92.9782">
        <ele>350.0</ele>
      </trkpt>
      <trkpt lat="44.40695" lon="-92.97783">
        <ele>350.6</ele>
      </trkpt>
      <trkpt lat="44.40694" lon="-92.9775">
        <ele>351.1</ele>
      </trkpt>
      <trkpt lat="44.4069" lon="-92.97669">
        <ele>351.2</ele>
      </trkpt>
      <trkpt lat="44.40682" lon="-92.97554">
        <ele>349.9</ele>
      </trkpt>
      <trkpt lat="44.40677" lon="-92.97454">
        <ele>348.0</ele>
      </trkpt>
      <trkpt lat="44.40676" lon="-92.97341">
        <ele>348.5</ele>
      </trkpt>
      <trkpt lat="44.40675" lon="-92.97228">
        <ele>350.7</ele>
      </trkpt>
      <trkpt lat="44.40674" lon="-92.97115">
        <ele>351.0</ele>
      </trkpt>
      <trkpt lat="44.40673" lon="-92.96993">
        <ele>351.9</ele>
      </trkpt>
      <trkpt lat="44.40672" lon="-92.9687">
        <ele>352.2</ele>
      </trkpt>
      <trkpt lat="44.40672" lon="-92.96748">
        <ele>351.4</ele>
      </trkpt>
      <trkpt lat="44.40671" lon="-92.96625">
        <ele>351.1</ele>
      </trkpt>
      <trkpt lat="44.4067" lon="-92.96503">
        <ele>350.5</ele>
      </trkpt>
      <trkpt lat="44.40669" lon="-92.9638">
        <ele>347.3</ele>
      </trkpt>
      <trkpt lat="44.40668" lon="-92.96258">
        <ele>343.3</ele>
      </trkpt>
      <trkpt lat="44.40667" lon="-92.96135">
        <ele>341.3</ele>
      </trkpt>
      <trkpt lat="44.40667" lon="-92.96012">
        <ele>341.9</ele>
      </trkpt>
      <trkpt lat="44.40666" lon="-92.9589">
        <ele>347.0</ele>
      </trkpt>
      <trkpt lat="44.40665" lon="-92.95814">
        <ele>347.8</ele>
      </trkpt>
      <trkpt lat="44.40663" lon="-92.95738">
        <ele>348.2</ele>
      </trkpt>
      <trkpt lat="44.40663" lon="-92.95614">
        <ele>350.7</ele>
      </trkpt>
      <trkpt lat="44.40662" lon="-92.9549">
        <ele>351.1</ele>
      </trkpt>
      <trkpt lat="44.40662" lon="-92.95366">
        <ele>350.8</ele>
      </trkpt>
      <trkpt lat="44.40661" lon="-92.95242">
        <ele>350.8</ele>
      </trkpt>
      <trkpt lat="44.4066" lon="-92.95119">
        <ele>349.6</ele>
      </trkpt>
      <trkpt lat="44.4066" lon="-92.94995">
        <ele>350.4</ele>
      </trkpt>
      <trkpt lat="44.40659" lon="-92.94871">
        <ele>350.1</ele>
      </trkpt>
      <trkpt lat="44.40659" lon="-92.94751">
        <ele>346.9</ele>
      </trkpt>
      <trkpt lat="44.40659" lon="-92.9463">
        <ele>338.8</ele>
      </trkpt>
      <trkpt lat="44.40658" lon="-92.9451">
        <ele>330.3</ele>
      </trkpt>
      <trkpt lat="44.40658" lon="-92.9439">
        <ele>320.3</ele>
      </trkpt>
      <trkpt lat="44.40658" lon="-92.94269">
        <ele>315.9</ele>
      </trkpt>
      <trkpt lat="44.40656" lon="-92.9415">
        <ele>308.4</ele>
      </trkpt>
      <trkpt lat="44.40655" lon="-92.94031">
        <ele>302.7</ele>
      </trkpt>
      <trkpt lat="44.40653" lon="-92.93912">
        <ele>298.3</ele>
      </trkpt>
      <trkpt lat="44.40651" lon="-92.93793">
        <ele>294.4</ele>
      </trkpt>
      <trkpt lat="44.4065" lon="-92.93674">
        <ele>293.2</ele>
      </trkpt>
      <trkpt lat="44.40648" lon="-92.93555">
        <ele>285.8</ele>
      </trkpt>
      <trkpt lat="44.40647" lon="-92.93444">
        <ele>280.5</ele>
      </trkpt>
      <trkpt lat="44.40646" lon="-92.93332">
        <ele>280.4</ele>
      </trkpt>
      <trkpt lat="44.40644" lon="-92.93221">
        <ele>280.4</ele>
      </trkpt>
      <trkpt lat="44.40643" lon="-92.93109">
        <ele>280.4</ele>
      </trkpt>
      <trkpt lat="44.40642" lon="-92.93052">
        <ele>280.5</ele>
      </trkpt>
      <trkpt lat="44.40641" lon="-92.92983">
        <ele>280.6</ele>
      </trkpt>
      <trkpt lat="44.4064" lon="-92.92913">
        <ele>282.1</ele>
      </trkpt>
      <trkpt lat="44.40642" lon="-92.92876">
        <ele>283.1</ele>
      </trkpt>
      <trkpt lat="44.40646" lon="-92.9283">
        <ele>285.6</ele>
      </trkpt>
      <trkpt lat="44.40647" lon="-92.92783">
        <ele>287.3</ele>
      </trkpt>
      <trkpt lat="44.40647" lon="-92.92766">
        <ele>287.4</ele>
      </trkpt>
      <trkpt lat="44.40644" lon="-92.92737">
        <ele>287.7</ele>
      </trkpt>
      <trkpt lat="44.40639" lon="-92.92688">
        <ele>287.9</ele>
      </trkpt>
      <trkpt lat="44.40634" lon="-92.92655">
        <ele>288.6</ele>
      </trkpt>
      <trkpt lat="44.40628" lon="-92.92628">
        <ele>289.6</ele>
      </trkpt>
      <trkpt lat="44.4062" lon="-92.92593">
        <ele>291.2</ele>
      </trkpt>
      <trkpt lat="44.40611" lon="-92.92565">
        <ele>292.4</ele>
      </trkpt>
      <trkpt lat="44.40597" lon="-92.92528">
        <ele>293.8</ele>
      </trkpt>
      <trkpt lat="44.40586" lon="-92.92503">
        <ele>295.0</ele>
      </trkpt>
      <trkpt lat="44.40566" lon="-92.92465">
        <ele>297.7</ele>
      </trkpt>
      <trkpt lat="44.40541" lon="-92.92425">
        <ele>300.6</ele>
      </trkpt>
      <trkpt lat="44.40519" lon="-92.92392">
        <ele>302.4</ele>
      </trkpt>
      <trkpt lat="44.40488" lon="-92.92351">
        <ele>305.4</ele>
      </trkpt>
      <trkpt lat="44.40466" lon="-92.92323">
        <ele>306.9</ele>
      </trkpt>
      <trkpt lat="44.40445" lon="-92.92292">
        <ele>308.5</ele>
      </trkpt>
      <trkpt lat="44.40425" lon="-92.9226">
        <ele>310.6</ele>
      </trkpt>
      <trkpt lat="44.40408" lon="-92.92228">
        <ele>312.5</ele>
      </trkpt>
      <trkpt lat="44.40395" lon="-92.922">
        <ele>313.6</ele>
      </trkpt>
      <trkpt lat="44.40383" lon="-92.92171">
        <ele>314.7</ele>
      </trkpt>
      <trkpt lat="44.40372" lon="-92.9214">
        <ele>316.2</ele>
      </trkpt>
      <trkpt lat="44.40361" lon="-92.92106">
        <ele>319.6</ele>
      </trkpt>
      <trkpt lat="44.40351" lon="-92.92069">
        <ele>321.7</ele>
      </trkpt>
      <trkpt lat="44.40343" lon="-92.9203">
        <ele>325.3</ele>
      </trkpt>
      <trkpt lat="44.40332" lon="-92.91959">
        <ele>328.8</ele>
      </trkpt>
      <trkpt lat="44.40321" lon="-92.91888">
        <ele>335.8</ele>
      </trkpt>
      <trkpt lat="44.40311" lon="-92.91814">
        <ele>338.5</ele>
      </trkpt>
      <trkpt lat="44.403" lon="-92.91741">
        <ele>341.1</ele>
      </trkpt>
      <trkpt lat="44.40296" lon="-92.91717">
        <ele>341.8</ele>
      </trkpt>
      <trkpt lat="44.4029" lon="-92.91692">
        <ele>343.3</ele>
      </trkpt>
      <trkpt lat="44.40283" lon="-92.91665">
        <ele>345.8</ele>
      </trkpt>
      <trkpt lat="44.40267" lon="-92.91614">
        <ele>348.5</ele>
      </trkpt>
      <trkpt lat="44.40255" lon="-92.91583">
        <ele>349.0</ele>
      </trkpt>
      <trkpt lat="44.40238" lon="-92.91543">
        <ele>349.4</ele>
      </trkpt>
      <trkpt lat="44.40228" lon="-92.91523">
        <ele>349.7</ele>
      </trkpt>
      <trkpt lat="44.40207" lon="-92.91484">
        <ele>350.3</ele>
      </trkpt>
      <trkpt lat="44.40161" lon="-92.91414">
        <ele>352.2</ele>
      </trkpt>
      <trkpt lat="44.40115" lon="-92.91345">
        <ele>353.1</ele>
      </trkpt>
      <trkpt lat="44.4007" lon="-92.91275">
        <ele>353.6</ele>
      </trkpt>
      <trkpt lat="44.40024" lon="-92.91205">
        <ele>351.7</ele>
      </trkpt>
      <trkpt lat="44.40002" lon="-92.91165">
        <ele>350.8</ele>
      </trkpt>
      <trkpt lat="44.39983" lon="-92.91124">
        <ele>350.7</ele>
      </trkpt>
      <trkpt lat="44.39973" lon="-92.91101">
        <ele>350.8</ele>
      </trkpt>
      <trkpt lat="44.39965" lon="-92.91077">
        <ele>351.7</ele>
      </trkpt>
      <trkpt lat="44.39951" lon="-92.91029">
        <ele>353.4</ele>
      </trkpt>
      <trkpt lat="44.3994" lon="-92.9098">
        <ele>355.5</ele>
      </trkpt>
      <trkpt lat="44.39932" lon="-92.90927">
        <ele>356.9</ele>
      </trkpt>
      <trkpt lat="44.39929" lon="-92.90897">
        <ele>357.7</ele>
      </trkpt>
      <trkpt lat="44.39927" lon="-92.9085">
        <ele>359.0</ele>
      </trkpt>
      <trkpt lat="44.39926" lon="-92.90737">
        <ele>359.9</ele>
      </trkpt>
      <trkpt lat="44.39925" lon="-92.90625">
        <ele>356.9</ele>
      </trkpt>
      <trkpt lat="44.39924" lon="-92.90509">
        <ele>354.0</ele>
      </trkpt>
      <trkpt lat="44.39924" lon="-92.90394">
        <ele>352.8</ele>
      </trkpt>
      <trkpt lat="44.39923" lon="-92.90278">
        <ele>351.1</ele>
      </trkpt>
      <trkpt lat="44.39923" lon="-92.9019">
        <ele>349.4</ele>
      </trkpt>
      <trkpt lat="44.39922" lon="-92.90101">
        <ele>351.4</ele>
      </trkpt>
      <trkpt lat="44.39922" lon="-92.89977">
        <ele>355.7</ele>
      </trkpt>
      <trkpt lat="44.39922" lon="-92.89853">
        <ele>356.8</ele>
      </trkpt>
      <trkpt lat="44.39922" lon="-92.8973">
        <ele>359.1</ele>
      </trkpt>
      <trkpt lat="44.39922" lon="-92.89606">
        <ele>360.2</ele>
      </trkpt>
      <trkpt lat="44.39922" lon="-92.89482">
        <ele>360.3</ele>
      </trkpt>
      <trkpt lat="44.39922" lon="-92.89358">
        <ele>359.2</ele>
      </trkpt>
      <trkpt lat="44.39922" lon="-92.89234">
        <ele>359.5</ele>
      </trkpt>
      <trkpt lat="44.39923" lon="-92.8911">
        <ele>356.1</ele>
      </trkpt>
      <trkpt lat="44.39922" lon="-92.89002">
        <ele>351.7</ele>
      </trkpt>
      <trkpt lat="44.39921" lon="-92.88893">
        <ele>351.7</ele>
      </trkpt>
      <trkpt lat="44.3992" lon="-92.88785">
        <ele>354.0</ele>
      </trkpt>
      <trkpt lat="44.3992" lon="-92.88677">
        <ele>356.2</ele>
      </trkpt>
      <trkpt lat="44.39919" lon="-92.88568">
        <ele>358.1</ele>
      </trkpt>
      <trkpt lat="44.39918" lon="-92.8846">
        <ele>357.5</ele>
      </trkpt>
      <trkpt lat="44.39918" lon="-92.88352">
        <ele>356.3</ele>
      </trkpt>
      <trkpt lat="44.39917" lon="-92.88237">
        <ele>354.8</ele>
      </trkpt>
      <trkpt lat="44.39917" lon="-92.88122">
        <ele>356.7</ele>
      </trkpt>
      <trkpt lat="44.39917" lon="-92.88008">
        <ele>357.4</ele>
      </trkpt>
      <trkpt lat="44.39917" lon="-92.87893">
        <ele>357.8</ele>
      </trkpt>
      <trkpt lat="44.39917" lon="-92.87779">
        <ele>359.0</ele>
      </trkpt>
      <trkpt lat="44.39916" lon="-92.87664">
        <ele>362.3</ele>
      </trkpt>
      <trkpt lat="44.39916" lon="-92.87549">
        <ele>365.8</ele>
      </trkpt>
      <trkpt lat="44.39916" lon="-92.87435">
        <ele>366.2</ele>
      </trkpt>
      <trkpt lat="44.39916" lon="-92.8732">
        <ele>366.4</ele>
      </trkpt>
      <trkpt lat="44.39916" lon="-92.87206">
        <ele>367.9</ele>
      </trkpt>
      <trkpt lat="44.39915" lon="-92.87091">
        <ele>369.0</ele>
      </trkpt>
      <trkpt lat="44.39839" lon="-92.87092">
        <ele>367.4</ele>
      </trkpt>
      <trkpt lat="44.39763" lon="-92.87092">
        <ele>366.2</ele>
      </trkpt>
      <trkpt lat="44.39688" lon="-92.87093">
        <ele>364.3</ele>
      </trkpt>
      <trkpt lat="44.39612" lon="-92.87094">
        <ele>364.8</ele>
      </trkpt>
      <trkpt lat="44.39536" lon="-92.87094">
        <ele>367.2</ele>
      </trkpt>
      <trkpt lat="44.39447" lon="-92.87095">
        <ele>368.2</ele>
      </trkpt>
      <trkpt lat="44.39357" lon="-92.87095">
        <ele>369.5</ele>
      </trkpt>
      <trkpt lat="44.39268" lon="-92.87095">
        <ele>371.3</ele>
      </trkpt>
      <trkpt lat="44.39179" lon="-92.87096">
        <ele>371.2</ele>
      </trkpt>
      <trkpt lat="44.3909" lon="-92.87096">
        <ele>369.7</ele>
      </trkpt>
      <trkpt lat="44.39001" lon="-92.87096">
        <ele>370.0</ele>
      </trkpt>
      <trkpt lat="44.38911" lon="-92.87097">
        <ele>372.6</ele>
      </trkpt>
      <trkpt lat="44.38822" lon="-92.87097">
        <ele>372.4</ele>
      </trkpt>
      <trkpt lat="44.38733" lon="-92.87098">
        <ele>370.1</ele>
      </trkpt>
      <trkpt lat="44.38644" lon="-92.87098">
        <ele>368.1</ele>
      </trkpt>
      <trkpt lat="44.38555" lon="-92.87098">
        <ele>365.8</ele>
      </trkpt>
      <trkpt lat="44.38465" lon="-92.87099">
        <ele>365.6</ele>
      </trkpt>
      <trkpt lat="44.38375" lon="-92.871">
        <ele>363.9</ele>
      </trkpt>
      <trkpt lat="44.38286" lon="-92.87101">
        <ele>362.5</ele>
      </trkpt>
      <trkpt lat="44.38196" lon="-92.87101">
        <ele>360.0</ele>
      </trkpt>
      <trkpt lat="44.38107" lon="-92.87102">
        <ele>358.2</ele>
      </trkpt>
      <trkpt lat="44.38017" lon="-92.87103">
        <ele>355.0</ele>
      </trkpt>
      <trkpt lat="44.37928" lon="-92.87104">
        <ele>354.2</ele>
      </trkpt>
      <trkpt lat="44.37838" lon="-92.87104">
        <ele>354.0</ele>
      </trkpt>
      <trkpt lat="44.37749" lon="-92.87105">
        <ele>355.3</ele>
      </trkpt>
      <trkpt lat="44.37659" lon="-92.87106">
        <ele>358.2</ele>
      </trkpt>
      <trkpt lat="44.37569" lon="-92.87106">
        <ele>358.5</ele>
      </trkpt>
      <trkpt lat="44.3748" lon="-92.87107">
        <ele>358.7</ele>
      </trkpt>
      <trkpt lat="44.3739" lon="-92.87108">
        <ele>359.5</ele>
      </trkpt>
      <trkpt lat="44.37301" lon="-92.87109">
        <ele>360.0</ele>
      </trkpt>
      <trkpt lat="44.37211" lon="-92.87109">
        <ele>357.2</ele>
      </trkpt>
      <trkpt lat="44.37122" lon="-92.8711">
        <ele>354.2</ele>
      </trkpt>
      <trkpt lat="44.37032" lon="-92.87111">
        <ele>350.2</ele>
      </trkpt>
      <trkpt lat="44.36951" lon="-92.87111">
        <ele>346.4</ele>
      </trkpt>
      <trkpt lat="44.36871" lon="-92.87111">
        <ele>351.5</ele>
      </trkpt>
      <trkpt lat="44.3679" lon="-92.87111">
        <ele>354.4</ele>
      </trkpt>
      <trkpt lat="44.3671" lon="-92.87111">
        <ele>354.8</ele>
      </trkpt>
      <trkpt lat="44.36629" lon="-92.87111">
        <ele>353.7</ele>
      </trkpt>
      <trkpt lat="44.36549" lon="-92.87111">
        <ele>353.4</ele>
      </trkpt>
      <trkpt lat="44.36468" lon="-92.8711">
        <ele>353.6</ele>
      </trkpt>
      <trkpt lat="44.36387" lon="-92.8711">
        <ele>355.2</ele>
      </trkpt>
      <trkpt lat="44.36307" lon="-92.8711">
        <ele>358.8</ele>
      </trkpt>
      <trkpt lat="44.36235" lon="-92.87111">
        <ele>362.3</ele>
      </trkpt>
      <trkpt lat="44.36162" lon="-92.87111">
        <ele>363.2</ele>
      </trkpt>
      <trkpt lat="44.3609" lon="-92.87112">
        <ele>360.2</ele>
      </trkpt>
      <trkpt lat="44.36018" lon="-92.87112">
        <ele>358.6</ele>
      </trkpt>
      <trkpt lat="44.35931" lon="-92.87111">
        <ele>356.3</ele>
      </trkpt>
      <trkpt lat="44.35846" lon="-92.87112">
        <ele>354.9</ele>
      </trkpt>
      <trkpt lat="44.35761" lon="-92.87113">
        <ele>355.3</ele>
      </trkpt>
      <trkpt lat="44.35676" lon="-92.87113">
        <ele>355.0</ele>
      </trkpt>
      <trkpt lat="44.35592" lon="-92.87114">
        <ele>354.1</ele>
      </trkpt>
      <trkpt lat="44.35507" lon="-92.87114">
        <ele>354.3</ele>
      </trkpt>
      <trkpt lat="44.35422" lon="-92.87114">
        <ele>354.1</ele>
      </trkpt>
      <trkpt lat="44.35337" lon="-92.87114">
        <ele>353.0</ele>
      </trkpt>
      <trkpt lat="44.35253" lon="-92.87113">
        <ele>349.6</ele>
      </trkpt>
      <trkpt lat="44.35168" lon="-92.87113">
        <ele>343.3</ele>
      </trkpt>
      <trkpt lat="44.35083" lon="-92.87113">
        <ele>340.3</ele>
      </trkpt>
      <trkpt lat="44.34999" lon="-92.87113">
        <ele>339.2</ele>
      </trkpt>
      <trkpt lat="44.34914" lon="-92.87113">
        <ele>344.8</ele>
      </trkpt>
      <trkpt lat="44.34829" lon="-92.87113">
        <ele>349.5</ele>
      </trkpt>
      <trkpt lat="44.34744" lon="-92.87113">
        <ele>353.8</ele>
      </trkpt>
      <trkpt lat="44.3466" lon="-92.87113">
        <ele>356.6</ele>
      </trkpt>
      <trkpt lat="44.34575" lon="-92.87113">
        <ele>359.1</ele>
      </trkpt>
      <trkpt lat="44.3449" lon="-92.87112">
        <ele>362.1</ele>
      </trkpt>
      <trkpt lat="44.34406" lon="-92.87112">
        <ele>363.1</ele>
      </trkpt>
      <trkpt lat="44.34321" lon="-92.87112">
        <ele>365.6</ele>
      </trkpt>
      <trkpt lat="44.34236" lon="-92.87112">
        <ele>365.6</ele>
      </trkpt>
      <trkpt lat="44.34152" lon="-92.87112">
        <ele>362.4</ele>
      </trkpt>
      <trkpt lat="44.34063" lon="-92.87112">
        <ele>360.0</ele>
      </trkpt>
      <trkpt lat="44.33975" lon="-92.87112">
        <ele>360.1</ele>
      </trkpt>
      <trkpt lat="44.33886" lon="-92.87112">
        <ele>359.7</ele>
      </trkpt>
      <trkpt lat="44.33798" lon="-92.87112">
        <ele>360.1</ele>
      </trkpt>
      <trkpt lat="44.3371" lon="-92.87112">
        <ele>362.8</ele>
      </trkpt>
      <trkpt lat="44.33621" lon="-92.87112">
        <ele>363.6</ele>
      </trkpt>
      <trkpt lat="44.33533" lon="-92.87112">
        <ele>363.4</ele>
      </trkpt>
      <trkpt lat="44.33445" lon="-92.87112">
        <ele>361.1</ele>
      </trkpt>
      <trkpt lat="44.33356" lon="-92.87112">
        <ele>361.4</ele>
      </trkpt>
      <trkpt lat="44.33268" lon="-92.87112">
        <ele>361.2</ele>
      </trkpt>
      <trkpt lat="44.3318" lon="-92.87112">
        <ele>360.9</ele>
      </trkpt>
      <trkpt lat="44.33091" lon="-92.87112">
        <ele>360.4</ele>
      </trkpt>
      <trkpt lat="44.33023" lon="-92.87112">
        <ele>361.5</ele>
      </trkpt>
      <trkpt lat="44.32955" lon="-92.87113">
        <ele>362.7</ele>
      </trkpt>
      <trkpt lat="44.32886" lon="-92.87114">
        <ele>365.0</ele>
      </trkpt>
      <trkpt lat="44.32818" lon="-92.87114">
        <ele>366.1</ele>
      </trkpt>
      <trkpt lat="44.32735" lon="-92.87114">
        <ele>365.8</ele>
      </trkpt>
      <trkpt lat="44.32651" lon="-92.87114">
        <ele>363.8</ele>
      </trkpt>
      <trkpt lat="44.32568" lon="-92.87114">
        <ele>363.6</ele>
      </trkpt>
      <trkpt lat="44.32484" lon="-92.87114">
        <ele>362.9</ele>
      </trkpt>
      <trkpt lat="44.32401" lon="-92.87114">
        <ele>362.1</ele>
      </trkpt>
      <trkpt lat="44.32318" lon="-92.87114">
        <ele>357.6</ele>
      </trkpt>
      <trkpt lat="44.32234" lon="-92.87114">
        <ele>354.2</ele>
      </trkpt>
      <trkpt lat="44.32151" lon="-92.87114">
        <ele>351.0</ele>
      </trkpt>
      <trkpt lat="44.32067" lon="-92.87114">
        <ele>350.5</ele>
      </trkpt>
      <trkpt lat="44.31984" lon="-92.87114">
        <ele>348.9</ele>
      </trkpt>
      <trkpt lat="44.31903" lon="-92.87113">
        <ele>347.7</ele>
      </trkpt>
      <trkpt lat="44.31823" lon="-92.87113">
        <ele>348.1</ele>
      </trkpt>
      <trkpt lat="44.31742" lon="-92.87113">
        <ele>347.7</ele>
      </trkpt>
      <trkpt lat="44.31662" lon="-92.87113">
        <ele>348.0</ele>
      </trkpt>
      <trkpt lat="44.31581" lon="-92.87113">
        <ele>349.5</ele>
      </trkpt>
      <trkpt lat="44.315" lon="-92.87113">
        <ele>351.5</ele>
      </trkpt>
      <trkpt lat="44.3142" lon="-92.87112">
        <ele>350.9</ele>
      </trkpt>
      <trkpt lat="44.31339" lon="-92.87112">
        <ele>348.0</ele>
      </trkpt>
      <trkpt lat="44.31259" lon="-92.87112">
        <ele>344.9</ele>
      </trkpt>
      <trkpt lat="44.31173" lon="-92.87111">
        <ele>341.4</ele>
      </trkpt>
      <trkpt lat="44.31088" lon="-92.87111">
        <ele>338.5</ele>
      </trkpt>
      <trkpt lat="44.31003" lon="-92.8711">
        <ele>338.2</ele>
      </trkpt>
      <trkpt lat="44.30917" lon="-92.8711">
        <ele>336.1</ele>
      </trkpt>
      <trkpt lat="44.30832" lon="-92.87109">
        <ele>333.3</ele>
      </trkpt>
      <trkpt lat="44.30747" lon="-92.87108">
        <ele>332.3</ele>
      </trkpt>
      <trkpt lat="44.30661" lon="-92.87108">
        <ele>331.2</ele>
      </trkpt>
      <trkpt lat="44.30576" lon="-92.87107">
        <ele>330.1</ele>
      </trkpt>
      <trkpt lat="44.30491" lon="-92.87107">
        <ele>330.0</ele>
      </trkpt>
      <trkpt lat="44.30406" lon="-92.87106">
        <ele>328.9</ele>
      </trkpt>
      <trkpt lat="44.3032" lon="-92.87105">
        <ele>327.1</ele>
      </trkpt>
      <trkpt lat="44.30235" lon="-92.87105">
        <ele>332.5</ele>
      </trkpt>
      <trkpt lat="44.3015" lon="-92.87104">
        <ele>330.5</ele>
      </trkpt>
      <trkpt lat="44.30064" lon="-92.87104">
        <ele>328.1</ele>
      </trkpt>
      <trkpt lat="44.29979" lon="-92.87103">
        <ele>325.7</ele>
      </trkpt>
      <trkpt lat="44.29894" lon="-92.87102">
        <ele>323.1</ele>
      </trkpt>
      <trkpt lat="44.29808" lon="-92.87102">
        <ele>320.8</ele>
      </trkpt>
      <trkpt lat="44.29739" lon="-92.87102">
        <ele>318.9</ele>
      </trkpt>
      <trkpt lat="44.2967" lon="-92.87103">
        <ele>316.9</ele>
      </trkpt>
      <trkpt lat="44.29601" lon="-92.87103">
        <ele>314.7</ele>
      </trkpt>
      <trkpt lat="44.29532" lon="-92.87104">
        <ele>321.0</ele>
      </trkpt>
      <trkpt lat="44.2946" lon="-92.87106">
        <ele>324.3</ele>
      </trkpt>
      <trkpt lat="44.29387" lon="-92.87109">
        <ele>328.0</ele>
      </trkpt>
      <trkpt lat="44.29314" lon="-92.87111">
        <ele>332.6</ele>
      </trkpt>
      <trkpt lat="44.29241" lon="-92.87114">
        <ele>337.4</ele>
      </trkpt>
      <trkpt lat="44.29169" lon="-92.87116">
        <ele>341.1</ele>
      </trkpt>
      <trkpt lat="44.29095" lon="-92.8712">
        <ele>343.0</ele>
      </trkpt>
      <trkpt lat="44.2902" lon="-92.87124">
        <ele>345.4</ele>
      </trkpt>
      <trkpt lat="44.28946" lon="-92.87127">
        <ele>347.6</ele>
      </trkpt>
      <trkpt lat="44.28872" lon="-92.87131">
        <ele>350.5</ele>
      </trkpt>
      <trkpt lat="44.28798" lon="-92.87135">
        <ele>349.9</ele>
      </trkpt>
      <trkpt lat="44.28737" lon="-92.87139">
        <ele>344.9</ele>
      </trkpt>
      <trkpt lat="44.28676" lon="-92.87144">
        <ele>343.7</ele>
      </trkpt>
      <trkpt lat="44.28664" lon="-92.87144">
        <ele>343.4</ele>
      </trkpt>
      <trkpt lat="44.28583" lon="-92.87147">
        <ele>341.9</ele>
      </trkpt>
      <trkpt lat="44.2853" lon="-92.8715">
        <ele>342.2</ele>
      </trkpt>
      <trkpt lat="44.28477" lon="-92.87154">
        <ele>342.5</ele>
      </trkpt>
      <trkpt lat="44.28418" lon="-92.87157">
        <ele>343.2</ele>
      </trkpt>
      <trkpt lat="44.2836" lon="-92.8716">
        <ele>344.1</ele>
      </trkpt>
      <trkpt lat="44.28287" lon="-92.87161">
        <ele>345.6</ele>
      </trkpt>
      <trkpt lat="44.28214" lon="-92.87163">
        <ele>347.5</ele>
      </trkpt>
      <trkpt lat="44.28141" lon="-92.87164">
        <ele>349.1</ele>
      </trkpt>
      <trkpt lat="44.28068" lon="-92.87166">
        <ele>350.7</ele>
      </trkpt>
      <trkpt lat="44.27983" lon="-92.87166">
        <ele>352.2</ele>
      </trkpt>
      <trkpt lat="44.27898" lon="-92.87167">
        <ele>352.2</ele>
      </trkpt>
      <trkpt lat="44.27813" lon="-92.87167">
        <ele>352.3</ele>
      </trkpt>
      <trkpt lat="44.27728" lon="-92.87167">
        <ele>350.8</ele>
      </trkpt>
      <trkpt lat="44.27643" lon="-92.87167">
        <ele>349.5</ele>
      </trkpt>
      <trkpt lat="44.27558" lon="-92.87168">
        <ele>347.5</ele>
      </trkpt>
      <trkpt lat="44.27478" lon="-92.87168">
        <ele>349.1</ele>
      </trkpt>
      <trkpt lat="44.27398" lon="-92.87168">
        <ele>350.7</ele>
      </trkpt>
      <trkpt lat="44.27319" lon="-92.87168">
        <ele>351.2</ele>
      </trkpt>
      <trkpt lat="44.27239" lon="-92.87168">
        <ele>352.3</ele>
      </trkpt>
      <trkpt lat="44.27159" lon="-92.87168">
        <ele>353.2</ele>
      </trkpt>
      <trkpt lat="44.27079" lon="-92.87168">
        <ele>354.2</ele>
      </trkpt>
      <trkpt lat="44.26999" lon="-92.87169">
        <ele>355.9</ele>
      </trkpt>
      <trkpt lat="44.26919" lon="-92.87169">
        <ele>356.9</ele>
      </trkpt>
      <trkpt lat="44.26845" lon="-92.8717">
        <ele>357.1</ele>
      </trkpt>
      <trkpt lat="44.2677" lon="-92.87172">
        <ele>358.0</ele>
      </trkpt>
      <trkpt lat="44.26696" lon="-92.87173">
        <ele>359.7</ele>
      </trkpt>
      <trkpt lat="44.26622" lon="-92.87175">
        <ele>360.0</ele>
      </trkpt>
      <trkpt lat="44.26547" lon="-92.87176">
        <ele>361.0</ele>
      </trkpt>
      <trkpt lat="44.26458" lon="-92.87179">
        <ele>363.0</ele>
      </trkpt>
      <trkpt lat="44.26368" lon="-92.87181">
        <ele>366.0</ele>
      </trkpt>
      <trkpt lat="44.26278" lon="-92.87183">
        <ele>366.3</ele>
      </trkpt>
      <trkpt lat="44.26189" lon="-92.87185">
        <ele>366.6</ele>
      </trkpt>
      <trkpt lat="44.26099" lon="-92.87187">
        <ele>366.8</ele>
      </trkpt>
      <trkpt lat="44.2601" lon="-92.87189">
        <ele>366.9</ele>
      </trkpt>
      <trkpt lat="44.2592" lon="-92.87192">
        <ele>367.5</ele>
      </trkpt>
      <trkpt lat="44.25831" lon="-92.87194">
        <ele>367.6</ele>
      </trkpt>
      <trkpt lat="44.25741" lon="-92.87196">
        <ele>368.9</ele>
      </trkpt>
      <trkpt lat="44.25688" lon="-92.8719">
        <ele>369.1</ele>
      </trkpt>
      <trkpt lat="44.25665" lon="-92.87183">
        <ele>369.1</ele>
      </trkpt>
      <trkpt lat="44.25646" lon="-92.87173">
        <ele>369.2</ele>
      </trkpt>
      <trkpt lat="44.2562" lon="-92.87159">
        <ele>369.6</ele>
      </trkpt>
      <trkpt lat="44.256" lon="-92.87143">
        <ele>369.5</ele>
      </trkpt>
      <trkpt lat="44.25584" lon="-92.87129">
        <ele>369.3</ele>
      </trkpt>
      <trkpt lat="44.25568" lon="-92.87112">
        <ele>368.9</ele>
      </trkpt>
      <trkpt lat="44.25553" lon="-92.87092">
        <ele>368.8</ele>
      </trkpt>
      <trkpt lat="44.25535" lon="-92.87066">
        <ele>368.5</ele>
      </trkpt>
      <trkpt lat="44.25518" lon="-92.87033">
        <ele>368.8</ele>
      </trkpt>
      <trkpt lat="44.25497" lon="-92.86979">
        <ele>370.0</ele>
      </trkpt>
      <trkpt lat="44.25488" lon="-92.86946">
        <ele>371.2</ele>
      </trkpt>
      <trkpt lat="44.25483" lon="-92.86923">
        <ele>371.7</ele>
      </trkpt>
      <trkpt lat="44.25479" lon="-92.86893">
        <ele>371.8</ele>
      </trkpt>
      <trkpt lat="44.25475" lon="-92.86856">
        <ele>371.9</ele>
      </trkpt>
      <trkpt lat="44.25475" lon="-92.86756">
        <ele>372.2</ele>
      </trkpt>
      <trkpt lat="44.25474" lon="-92.86655">
        <ele>370.9</ele>
      </trkpt>
      <trkpt lat="44.25474" lon="-92.86555">
        <ele>369.5</ele>
      </trkpt>
      <trkpt lat="44.25472" lon="-92.86516">
        <ele>371.3</ele>
      </trkpt>
      <trkpt lat="44.25463" lon="-92.86458">
        <ele>371.9</ele>
      </trkpt>
      <trkpt lat="44.25452" lon="-92.86421">
        <ele>372.2</ele>
      </trkpt>
      <trkpt lat="44.25439" lon="-92.86384">
        <ele>372.2</ele>
      </trkpt>
      <trkpt lat="44.25424" lon="-92.86353">
        <ele>372.3</ele>
      </trkpt>
      <trkpt lat="44.25409" lon="-92.86324">
        <ele>372.2</ele>
      </trkpt>
      <trkpt lat="44.25371" lon="-92.86277">
        <ele>371.8</ele>
      </trkpt>
      <trkpt lat="44.25344" lon="-92.86253">
        <ele>371.9</ele>
      </trkpt>
      <trkpt lat="44.25319" lon="-92.86235">
        <ele>371.9</ele>
      </trkpt>
      <trkpt lat="44.25297" lon="-92.86222">
        <ele>372.1</ele>
      </trkpt>
      <trkpt lat="44.25269" lon="-92.86212">
        <ele>372.4</ele>
      </trkpt>
      <trkpt lat="44.25247" lon="-92.86206">
        <ele>372.4</ele>
      </trkpt>
      <trkpt lat="44.25205" lon="-92.86205">
        <ele>372.4</ele>
      </trkpt>
      <trkpt lat="44.25157" lon="-92.86204">
        <ele>372.1</ele>
      </trkpt>
      <trkpt lat="44.25082" lon="-92.86206">
        <ele>371.5</ele>
      </trkpt>
      <trkpt lat="44.24999" lon="-92.86206">
        <ele>373.1</ele>
      </trkpt>
      <trkpt lat="44.24916" lon="-92.86206">
        <ele>374.6</ele>
      </trkpt>
      <trkpt lat="44.24833" lon="-92.86206">
        <ele>375.4</ele>
      </trkpt>
      <trkpt lat="44.2475" lon="-92.86207">
        <ele>375.8</ele>
      </trkpt>
      <trkpt lat="44.24669" lon="-92.86207">
        <ele>376.7</ele>
      </trkpt>
      <trkpt lat="44.24589" lon="-92.86208">
        <ele>377.7</ele>
      </trkpt>
      <trkpt lat="44.24508" lon="-92.86208">
        <ele>380.8</ele>
      </trkpt>
      <trkpt lat="44.24427" lon="-92.86209">
        <ele>382.7</ele>
      </trkpt>
      <trkpt lat="44.24347" lon="-92.86209">
        <ele>383.7</ele>
      </trkpt>
      <trkpt lat="44.24266" lon="-92.86209">
        <ele>382.9</ele>
      </trkpt>
      <trkpt lat="44.24185" lon="-92.8621">
        <ele>381.7</ele>
      </trkpt>
      <trkpt lat="44.24105" lon="-92.8621">
        <ele>381.0</ele>
      </trkpt>
      <trkpt lat="44.24024" lon="-92.86211">
        <ele>378.2</ele>
      </trkpt>
      <trkpt lat="44.23944" lon="-92.86211">
        <ele>378.1</ele>
      </trkpt>
      <trkpt lat="44.23863" lon="-92.86211">
        <ele>378.3</ele>
      </trkpt>
      <trkpt lat="44.23783" lon="-92.86211">
        <ele>376.5</ele>
      </trkpt>
      <trkpt lat="44.23703" lon="-92.86211">
        <ele>374.6</ele>
      </trkpt>
      <trkpt lat="44.23623" lon="-92.86211">
        <ele>374.1</ele>
      </trkpt>
      <trkpt lat="44.23542" lon="-92.86211">
        <ele>373.9</ele>
      </trkpt>
      <trkpt lat="44.23462" lon="-92.86212">
        <ele>371.9</ele>
      </trkpt>
      <trkpt lat="44.23382" lon="-92.86212">
        <ele>372.4</ele>
      </trkpt>
      <trkpt lat="44.23302" lon="-92.86212">
        <ele>372.3</ele>
      </trkpt>
      <trkpt lat="44.23301" lon="-92.86091">
        <ele>373.9</ele>
      </trkpt>
      <trkpt lat="44.23301" lon="-92.85971">
        <ele>375.7</ele>
      </trkpt>
      <trkpt lat="44.233" lon="-92.8585">
        <ele>373.9</ele>
      </trkpt>
      <trkpt lat="44.233" lon="-92.8573">
        <ele>371.9</ele>
      </trkpt>
      <trkpt lat="44.23299" lon="-92.85609">
        <ele>372.0</ele>
      </trkpt>
      <trkpt lat="44.23299" lon="-92.85489">
        <ele>369.9</ele>
      </trkpt>
      <trkpt lat="44.23298" lon="-92.85369">
        <ele>370.7</ele>
      </trkpt>
      <trkpt lat="44.23297" lon="-92.85248">
        <ele>371.8</ele>
      </trkpt>
      <trkpt lat="44.23297" lon="-92.85128">
        <ele>372.9</ele>
      </trkpt>
      <trkpt lat="44.23296" lon="-92.85007">
        <ele>374.6</ele>
      </trkpt>
      <trkpt lat="44.23296" lon="-92.84887">
        <ele>375.3</ele>
      </trkpt>
      <trkpt lat="44.23295" lon="-92.84766">
        <ele>375.4</ele>
      </trkpt>
      <trkpt lat="44.23295" lon="-92.84646">
        <ele>374.8</ele>
      </trkpt>
      <trkpt lat="44.23294" lon="-92.84525">
        <ele>372.3</ele>
      </trkpt>
      <trkpt lat="44.23294" lon="-92.84405">
        <ele>370.7</ele>
      </trkpt>
      <trkpt lat="44.23293" lon="-92.84285">
        <ele>370.1</ele>
      </trkpt>
      <trkpt lat="44.23293" lon="-92.84164">
        <ele>371.5</ele>
      </trkpt>
      <trkpt lat="44.23292" lon="-92.84044">
        <ele>373.7</ele>
      </trkpt>
      <trkpt lat="44.23292" lon="-92.83923">
        <ele>374.1</ele>
      </trkpt>
      <trkpt lat="44.23291" lon="-92.83803">
        <ele>372.9</ele>
      </trkpt>
      <trkpt lat="44.2329" lon="-92.83682">
        <ele>372.0</ele>
      </trkpt>
      <trkpt lat="44.2329" lon="-92.83562">
        <ele>374.6</ele>
      </trkpt>
      <trkpt lat="44.23289" lon="-92.83441">
        <ele>375.1</ele>
      </trkpt>
      <trkpt lat="44.23289" lon="-92.83321">
        <ele>373.5</ele>
      </trkpt>
      <trkpt lat="44.23288" lon="-92.83201">
        <ele>373.2</ele>
      </trkpt>
      <trkpt lat="44.23202" lon="-92.832">
        <ele>371.5</ele>
      </trkpt>
      <trkpt lat="44.23115" lon="-92.832">
        <ele>370.3</ele>
      </trkpt>
      <trkpt lat="44.23029" lon="-92.832">
        <ele>368.8</ele>
      </trkpt>
      <trkpt lat="44.22942" lon="-92.83199">
        <ele>368.3</ele>
      </trkpt>
      <trkpt lat="44.22856" lon="-92.83199">
        <ele>369.0</ele>
      </trkpt>
      <trkpt lat="44.22769" lon="-92.83199">
        <ele>370.1</ele>
      </trkpt>
      <trkpt lat="44.22682" lon="-92.83198">
        <ele>371.8</ele>
      </trkpt>
      <trkpt lat="44.22596" lon="-92.83198">
        <ele>370.6</ele>
      </trkpt>
      <trkpt lat="44.2258" lon="-92.83196">
        <ele>370.0</ele>
      </trkpt>
      <trkpt lat="44.22571" lon="-92.83193">
        <ele>369.6</ele>
      </trkpt>
      <trkpt lat="44.22563" lon="-92.83189">
        <ele>369.3</ele>
      </trkpt>
      <trkpt lat="44.22555" lon="-92.83181">
        <ele>369.0</ele>
      </trkpt>
      <trkpt lat="44.22487" lon="-92.83102">
        <ele>367.2</ele>
      </trkpt>
      <trkpt lat="44.225" lon="-92.83083">
        <ele>367.4</ele>
      </trkpt>
      <trkpt lat="44.22523" lon="-92.83043">
        <ele>368.4</ele>
      </trkpt>
      <trkpt lat="44.22541" lon="-92.82997">
        <ele>369.0</ele>
      </trkpt>
      <trkpt lat="44.22549" lon="-92.82973">
        <ele>369.1</ele>
      </trkpt>
      <trkpt lat="44.22557" lon="-92.8294">
        <ele>369.1</ele>
      </trkpt>
      <trkpt lat="44.22563" lon="-92.82907">
        <ele>369.1</ele>
      </trkpt>
      <trkpt lat="44.22567" lon="-92.82867">
        <ele>368.5</ele>
      </trkpt>
      <trkpt lat="44.22567" lon="-92.82762">
        <ele>366.2</ele>
      </trkpt>
      <trkpt lat="44.22567" lon="-92.82657">
        <ele>364.9</ele>
      </trkpt>
      <trkpt lat="44.22567" lon="-92.82552">
        <ele>363.9</ele>
      </trkpt>
      <trkpt lat="44.22567" lon="-92.82447">
        <ele>363.1</ele>
      </trkpt>
      <trkpt lat="44.22567" lon="-92.82342">
        <ele>362.8</ele>
      </trkpt>
      <trkpt lat="44.22566" lon="-92.82227">
        <ele>364.0</ele>
      </trkpt>
      <trkpt lat="44.22565" lon="-92.82111">
        <ele>365.3</ele>
      </trkpt>
      <trkpt lat="44.22564" lon="-92.81996">
        <ele>366.7</ele>
      </trkpt>
      <trkpt lat="44.22564" lon="-92.81881">
        <ele>368.7</ele>
      </trkpt>
      <trkpt lat="44.22563" lon="-92.81766">
        <ele>371.1</ele>
      </trkpt>
      <trkpt lat="44.22562" lon="-92.8165">
        <ele>373.0</ele>
      </trkpt>
      <trkpt lat="44.22562" lon="-92.81535">
        <ele>375.0</ele>
      </trkpt>
      <trkpt lat="44.22561" lon="-92.8142">
        <ele>374.2</ele>
      </trkpt>
      <trkpt lat="44.2256" lon="-92.81304">
        <ele>372.8</ele>
      </trkpt>
      <trkpt lat="44.22559" lon="-92.81189">
        <ele>372.2</ele>
      </trkpt>
      <trkpt lat="44.22558" lon="-92.81077">
        <ele>370.7</ele>
      </trkpt>
      <trkpt lat="44.22556" lon="-92.80965">
        <ele>369.5</ele>
      </trkpt>
      <trkpt lat="44.22554" lon="-92.80853">
        <ele>370.1</ele>
      </trkpt>
      <trkpt lat="44.22553" lon="-92.80742">
        <ele>370.7</ele>
      </trkpt>
      <trkpt lat="44.22551" lon="-92.8063">
        <ele>370.5</ele>
      </trkpt>
      <trkpt lat="44.22549" lon="-92.80518">
        <ele>368.5</ele>
      </trkpt>
      <trkpt lat="44.22548" lon="-92.80406">
        <ele>366.0</ele>
      </trkpt>
      <trkpt lat="44.22546" lon="-92.80294">
        <ele>364.8</ele>
      </trkpt>
      <trkpt lat="44.22544" lon="-92.80182">
        <ele>363.7</ele>
      </trkpt>
      <trkpt lat="44.22543" lon="-92.80069">
        <ele>362.8</ele>
      </trkpt>
      <trkpt lat="44.22543" lon="-92.79956">
        <ele>362.6</ele>
      </trkpt>
      <trkpt lat="44.22542" lon="-92.79843">
        <ele>363.0</ele>
      </trkpt>
      <trkpt lat="44.22541" lon="-92.7973">
        <ele>363.2</ele>
      </trkpt>
      <trkpt lat="44.2254" lon="-92.79617">
        <ele>363.8</ele>
      </trkpt>
      <trkpt lat="44.22539" lon="-92.79504">
        <ele>364.7</ele>
      </trkpt>
      <trkpt lat="44.22539" lon="-92.79391">
        <ele>365.9</ele>
      </trkpt>
      <trkpt lat="44.22538" lon="-92.79278">
        <ele>365.6</ele>
      </trkpt>
      <trkpt lat="44.22537" lon="-92.79165">
        <ele>364.6</ele>
      </trkpt>
      <trkpt lat="44.22537" lon="-92.79045">
        <ele>364.8</ele>
      </trkpt>
      <trkpt lat="44.22536" lon="-92.78925">
        <ele>366.9</ele>
      </trkpt>
      <trkpt lat="44.22536" lon="-92.78805">
        <ele>368.5</ele>
      </trkpt>
      <trkpt lat="44.22535" lon="-92.78685">
        <ele>368.5</ele>
      </trkpt>
      <trkpt lat="44.22535" lon="-92.78566">
        <ele>369.6</ele>
      </trkpt>
      <trkpt lat="44.22535" lon="-92.78446">
        <ele>370.8</ele>
      </trkpt>
      <trkpt lat="44.22534" lon="-92.78326">
        <ele>371.7</ele>
      </trkpt>
      <trkpt lat="44.22534" lon="-92.78206">
        <ele>374.8</ele>
      </trkpt>
      <trkpt lat="44.22534" lon="-92.78086">
        <ele>374.6</ele>
      </trkpt>
      <trkpt lat="44.22533" lon="-92.77966">
        <ele>370.6</ele>
      </trkpt>
      <trkpt lat="44.22533" lon="-92.77846">
        <ele>368.2</ele>
      </trkpt>
      <trkpt lat="44.22532" lon="-92.77726">
        <ele>366.6</ele>
      </trkpt>
      <trkpt lat="44.22532" lon="-92.77606">
        <ele>365.8</ele>
      </trkpt>
      <trkpt lat="44.22532" lon="-92.77486">
        <ele>365.9</ele>
      </trkpt>
      <trkpt lat="44.22531" lon="-92.77367">
        <ele>365.4</ele>
      </trkpt>
      <trkpt lat="44.22531" lon="-92.77247">
        <ele>364.2</ele>
      </trkpt>
      <trkpt lat="44.22533" lon="-92.7715">
        <ele>364.2</ele>
      </trkpt>
      <trkpt lat="44.2253" lon="-92.77039">
        <ele>365.5</ele>
      </trkpt>
      <trkpt lat="44.22528" lon="-92.76928">
        <ele>369.2</ele>
      </trkpt>
      <trkpt lat="44.22525" lon="-92.76817">
        <ele>370.4</ele>
      </trkpt>
      <trkpt lat="44.22523" lon="-92.76706">
        <ele>370.9</ele>
      </trkpt>
      <trkpt lat="44.2252" lon="-92.76594">
        <ele>370.2</ele>
      </trkpt>
      <trkpt lat="44.22518" lon="-92.76483">
        <ele>368.8</ele>
      </trkpt>
      <trkpt lat="44.22516" lon="-92.76372">
        <ele>369.2</ele>
      </trkpt>
      <trkpt lat="44.2251" lon="-92.76332">
        <ele>369.4</ele>
      </trkpt>
      <trkpt lat="44.22497" lon="-92.76292">
        <ele>369.0</ele>
      </trkpt>
      <trkpt lat="44.22478" lon="-92.76259">
        <ele>368.8</ele>
      </trkpt>
      <trkpt lat="44.22453" lon="-92.76219">
        <ele>368.8</ele>
      </trkpt>
      <trkpt lat="44.22443" lon="-92.76207">
        <ele>368.8</ele>
      </trkpt>
      <trkpt lat="44.22402" lon="-92.76173">
        <ele>369.0</ele>
      </trkpt>
      <trkpt lat="44.22378" lon="-92.76161">
        <ele>369.2</ele>
      </trkpt>
      <trkpt lat="44.22304" lon="-92.7613">
        <ele>369.2</ele>
      </trkpt>
      <trkpt lat="44.22268" lon="-92.76111">
        <ele>368.9</ele>
      </trkpt>
      <trkpt lat="44.22235" lon="-92.7609">
        <ele>368.3</ele>
      </trkpt>
      <trkpt lat="44.2221" lon="-92.7607">
        <ele>367.5</ele>
      </trkpt>
      <trkpt lat="44.22189" lon="-92.76035">
        <ele>366.6</ele>
      </trkpt>
      <trkpt lat="44.22175" lon="-92.76007">
        <ele>366.2</ele>
      </trkpt>
      <trkpt lat="44.2216" lon="-92.75975">
        <ele>365.9</ele>
      </trkpt>
      <trkpt lat="44.22148" lon="-92.75934">
        <ele>365.9</ele>
      </trkpt>
      <trkpt lat="44.22141" lon="-92.75886">
        <ele>365.9</ele>
      </trkpt>
      <trkpt lat="44.22139" lon="-92.75839">
        <ele>365.9</ele>
      </trkpt>
      <trkpt lat="44.22137" lon="-92.75732">
        <ele>366.0</ele>
      </trkpt>
      <trkpt lat="44.22134" lon="-92.75626">
        <ele>366.3</ele>
      </trkpt>
      <trkpt lat="44.22132" lon="-92.75519">
        <ele>365.6</ele>
      </trkpt>
      <trkpt lat="44.2213" lon="-92.75412">
        <ele>364.0</ele>
      </trkpt>
      <trkpt lat="44.22128" lon="-92.75305">
        <ele>361.7</ele>
      </trkpt>
      <trkpt lat="44.22125" lon="-92.75199">
        <ele>359.9</ele>
      </trkpt>
      <trkpt lat="44.22121" lon="-92.75134">
        <ele>359.9</ele>
      </trkpt>
      <trkpt lat="44.22114" lon="-92.75089">
        <ele>360.8</ele>
      </trkpt>
      <trkpt lat="44.22094" lon="-92.75005">
        <ele>362.4</ele>
      </trkpt>
      <trkpt lat="44.22066" lon="-92.74906">
        <ele>361.6</ele>
      </trkpt>
      <trkpt lat="44.22037" lon="-92.74807">
        <ele>360.4</ele>
      </trkpt>
      <trkpt lat="44.22008" lon="-92.74708">
        <ele>357.7</ele>
      </trkpt>
      <trkpt lat="44.21985" lon="-92.74629">
        <ele>355.2</ele>
      </trkpt>
      <trkpt lat="44.21963" lon="-92.74549">
        <ele>351.0</ele>
      </trkpt>
      <trkpt lat="44.21954" lon="-92.74504">
        <ele>348.7</ele>
      </trkpt>
      <trkpt lat="44.21951" lon="-92.74465">
        <ele>347.8</ele>
      </trkpt>
      <trkpt lat="44.21951" lon="-92.74435">
        <ele>346.5</ele>
      </trkpt>
      <trkpt lat="44.21954" lon="-92.74382">
        <ele>344.7</ele>
      </trkpt>
      <trkpt lat="44.21964" lon="-92.74258">
        <ele>342.2</ele>
      </trkpt>
      <trkpt lat="44.21969" lon="-92.74218">
        <ele>340.8</ele>
      </trkpt>
      <trkpt lat="44.21977" lon="-92.7418">
        <ele>339.4</ele>
      </trkpt>
      <trkpt lat="44.22004" lon="-92.74087">
        <ele>339.3</ele>
      </trkpt>
      <trkpt lat="44.22012" lon="-92.74048">
        <ele>338.9</ele>
      </trkpt>
      <trkpt lat="44.22031" lon="-92.73946">
        <ele>336.0</ele>
      </trkpt>
      <trkpt lat="44.22034" lon="-92.73915">
        <ele>334.7</ele>
      </trkpt>
      <trkpt lat="44.22035" lon="-92.73892">
        <ele>334.0</ele>
      </trkpt>
      <trkpt lat="44.22034" lon="-92.73872">
        <ele>333.5</ele>
      </trkpt>
      <trkpt lat="44.22032" lon="-92.73852">
        <ele>332.9</ele>
      </trkpt>
      <trkpt lat="44.22022" lon="-92.73814">
        <ele>331.4</ele>
      </trkpt>
      <trkpt lat="44.22002" lon="-92.73747">
        <ele>330.7</ele>
      </trkpt>
      <trkpt lat="44.21985" lon="-92.73693">
        <ele>330.4</ele>
      </trkpt>
      <trkpt lat="44.21973" lon="-92.73658">
        <ele>330.3</ele>
      </trkpt>
      <trkpt lat="44.21965" lon="-92.73638">
        <ele>330.1</ele>
      </trkpt>
      <trkpt lat="44.21949" lon="-92.73613">
        <ele>329.7</ele>
      </trkpt>
      <trkpt lat="44.21938" lon="-92.73599">
        <ele>329.6</ele>
      </trkpt>
      <trkpt lat="44.21913" lon="-92.73569">
        <ele>329.4</ele>
      </trkpt>
      <trkpt lat="44.21877" lon="-92.73529">
        <ele>329.7</ele>
      </trkpt>
      <trkpt lat="44.21837" lon="-92.73479">
        <ele>328.7</ele>
      </trkpt>
      <trkpt lat="44.21798" lon="-92.7343">
        <ele>327.6</ele>
      </trkpt>
      <trkpt lat="44.21777" lon="-92.73396">
        <ele>326.7</ele>
      </trkpt>
      <trkpt lat="44.21764" lon="-92.73359">
        <ele>326.1</ele>
      </trkpt>
      <trkpt lat="44.21755" lon="-92.73319">
        <ele>325.8</ele>
      </trkpt>
      <trkpt lat="44.2175" lon="-92.73271">
        <ele>324.4</ele>
      </trkpt>
      <trkpt lat="44.21746" lon="-92.73201">
        <ele>325.4</ele>
      </trkpt>
      <trkpt lat="44.21744" lon="-92.73099">
        <ele>327.8</ele>
      </trkpt>
      <trkpt lat="44.21745" lon="-92.72987">
        <ele>327.3</ele>
      </trkpt>
      <trkpt lat="44.2175" lon="-92.72873">
        <ele>324.8</ele>
      </trkpt>
      <trkpt lat="44.21755" lon="-92.72759">
        <ele>323.0</ele>
      </trkpt>
      <trkpt lat="44.2176" lon="-92.72645">
        <ele>322.1</ele>
      </trkpt>
      <trkpt lat="44.21765" lon="-92.7253">
        <ele>320.3</ele>
      </trkpt>
      <trkpt lat="44.2177" lon="-92.72416">
        <ele>319.7</ele>
      </trkpt>
      <trkpt lat="44.21775" lon="-92.72302">
        <ele>319.2</ele>
      </trkpt>
      <trkpt lat="44.2178" lon="-92.72218">
        <ele>317.8</ele>
      </trkpt>
      <trkpt lat="44.21785" lon="-92.72133">
        <ele>317.1</ele>
      </trkpt>
      <trkpt lat="44.21789" lon="-92.72048">
        <ele>317.3</ele>
      </trkpt>
      <trkpt lat="44.21793" lon="-92.71936">
        <ele>318.0</ele>
      </trkpt>
      <trkpt lat="44.21797" lon="-92.71823">
        <ele>318.5</ele>
      </trkpt>
      <trkpt lat="44.21797" lon="-92.71759">
        <ele>319.2</ele>
      </trkpt>
      <trkpt lat="44.21794" lon="-92.71699">
        <ele>320.8</ele>
      </trkpt>
      <trkpt lat="44.21781" lon="-92.716">
        <ele>321.8</ele>
      </trkpt>
      <trkpt lat="44.21769" lon="-92.71502">
        <ele>325.2</ele>
      </trkpt>
      <trkpt lat="44.21762" lon="-92.7143">
        <ele>328.1</ele>
      </trkpt>
      <trkpt lat="44.21758" lon="-92.71372">
        <ele>328.8</ele>
      </trkpt>
      <trkpt lat="44.21762" lon="-92.71278">
        <ele>330.6</ele>
      </trkpt>
      <trkpt lat="44.2177" lon="-92.71189">
        <ele>328.1</ele>
      </trkpt>
      <trkpt lat="44.21777" lon="-92.71099">
        <ele>325.2</ele>
      </trkpt>
      <trkpt lat="44.21784" lon="-92.70988">
        <ele>319.7</ele>
      </trkpt>
      <trkpt lat="44.21791" lon="-92.70877">
        <ele>315.3</ele>
      </trkpt>
      <trkpt lat="44.21798" lon="-92.70766">
        <ele>314.0</ele>
      </trkpt>
      <trkpt lat="44.21805" lon="-92.70654">
        <ele>314.4</ele>
      </trkpt>
      <trkpt lat="44.21812" lon="-92.70543">
        <ele>315.8</ele>
      </trkpt>
      <trkpt lat="44.21819" lon="-92.70432">
        <ele>315.3</ele>
      </trkpt>
      <trkpt lat="44.21826" lon="-92.70321">
        <ele>314.0</ele>
      </trkpt>
      <trkpt lat="44.21833" lon="-92.70209">
        <ele>314.1</ele>
      </trkpt>
      <trkpt lat="44.2184" lon="-92.70098">
        <ele>314.2</ele>
      </trkpt>
      <trkpt lat="44.21845" lon="-92.70005">
        <ele>313.9</ele>
      </trkpt>
      <trkpt lat="44.2185" lon="-92.69912">
        <ele>313.9</ele>
      </trkpt>
      <trkpt lat="44.21855" lon="-92.69843">
        <ele>313.9</ele>
      </trkpt>
      <trkpt lat="44.21861" lon="-92.69773">
        <ele>313.6</ele>
      </trkpt>
      <trkpt lat="44.21861" lon="-92.6973">
        <ele>313.6</ele>
      </trkpt>
      <trkpt lat="44.21859" lon="-92.69672">
        <ele>313.9</ele>
      </trkpt>
      <trkpt lat="44.21855" lon="-92.69639">
        <ele>314.0</ele>
      </trkpt>
      <trkpt lat="44.21847" lon="-92.6961">
        <ele>313.8</ele>
      </trkpt>
      <trkpt lat="44.21824" lon="-92.6954">
        <ele>313.6</ele>
      </trkpt>
      <trkpt lat="44.21789" lon="-92.69476">
        <ele>314.3</ele>
      </trkpt>
      <trkpt lat="44.21754" lon="-92.69413">
        <ele>314.6</ele>
      </trkpt>
      <trkpt lat="44.21713" lon="-92.6933">
        <ele>314.6</ele>
      </trkpt>
      <trkpt lat="44.21692" lon="-92.69277">
        <ele>313.8</ele>
      </trkpt>
      <trkpt lat="44.2168" lon="-92.69241">
        <ele>313.6</ele>
      </trkpt>
      <trkpt lat="44.2167" lon="-92.69204">
        <ele>313.2</ele>
      </trkpt>
      <trkpt lat="44.21657" lon="-92.6914">
        <ele>314.8</ele>
      </trkpt>
      <trkpt lat="44.21651" lon="-92.69096">
        <ele>313.9</ele>
      </trkpt>
      <trkpt lat="44.21646" lon="-92.69034">
        <ele>313.6</ele>
      </trkpt>
      <trkpt lat="44.21642" lon="-92.68972">
        <ele>313.3</ele>
      </trkpt>
      <trkpt lat="44.21639" lon="-92.68909">
        <ele>313.3</ele>
      </trkpt>
      <trkpt lat="44.21638" lon="-92.68867">
        <ele>312.8</ele>
      </trkpt>
      <trkpt lat="44.21641" lon="-92.68828">
        <ele>313.8</ele>
      </trkpt>
      <trkpt lat="44.21649" lon="-92.68789">
        <ele>315.0</ele>
      </trkpt>
      <trkpt lat="44.21656" lon="-92.68761">
        <ele>313.9</ele>
      </trkpt>
      <trkpt lat="44.21665" lon="-92.68733">
        <ele>313.7</ele>
      </trkpt>
      <trkpt lat="44.21696" lon="-92.68652">
        <ele>313.9</ele>
      </trkpt>
      <trkpt lat="44.21708" lon="-92.68618">
        <ele>313.9</ele>
      </trkpt>
      <trkpt lat="44.21719" lon="-92.68569">
        <ele>313.9</ele>
      </trkpt>
      <trkpt lat="44.21723" lon="-92.68537">
        <ele>313.8</ele>
      </trkpt>
      <trkpt lat="44.21725" lon="-92.68507">
        <ele>313.9</ele>
      </trkpt>
      <trkpt lat="44.21725" lon="-92.68436">
        <ele>315.1</ele>
      </trkpt>
      <trkpt lat="44.21725" lon="-92.68365">
        <ele>315.0</ele>
      </trkpt>
      <trkpt lat="44.21724" lon="-92.68245">
        <ele>313.6</ele>
      </trkpt>
      <trkpt lat="44.21723" lon="-92.68125">
        <ele>313.1</ele>
      </trkpt>
      <trkpt lat="44.21722" lon="-92.68005">
        <ele>311.7</ele>
      </trkpt>
      <trkpt lat="44.21721" lon="-92.67884">
        <ele>311.2</ele>
      </trkpt>
      <trkpt lat="44.2172" lon="-92.67764">
        <ele>311.2</ele>
      </trkpt>
      <trkpt lat="44.21719" lon="-92.67644">
        <ele>310.9</ele>
      </trkpt>
      <trkpt lat="44.21718" lon="-92.67524">
        <ele>310.9</ele>
      </trkpt>
      <trkpt lat="44.21717" lon="-92.67404">
        <ele>310.3</ele>
      </trkpt>
      <trkpt lat="44.21714" lon="-92.67368">
        <ele>310.0</ele>
      </trkpt>
      <trkpt lat="44.21711" lon="-92.67345">
        <ele>310.0</ele>
      </trkpt>
      <trkpt lat="44.21703" lon="-92.67301">
        <ele>311.4</ele>
      </trkpt>
      <trkpt lat="44.21697" lon="-92.67278">
        <ele>311.0</ele>
      </trkpt>
      <trkpt lat="44.2168" lon="-92.67218">
        <ele>311.4</ele>
      </trkpt>
      <trkpt lat="44.21662" lon="-92.67158">
        <ele>309.6</ele>
      </trkpt>
      <trkpt lat="44.21652" lon="-92.67111">
        <ele>309.9</ele>
      </trkpt>
      <trkpt lat="44.21649" lon="-92.67073">
        <ele>309.8</ele>
      </trkpt>
      <trkpt lat="44.21648" lon="-92.67042">
        <ele>309.3</ele>
      </trkpt>
      <trkpt lat="44.21651" lon="-92.66993">
        <ele>308.9</ele>
      </trkpt>
      <trkpt lat="44.21662" lon="-92.66877">
        <ele>308.8</ele>
      </trkpt>
      <trkpt lat="44.21667" lon="-92.66829">
        <ele>308.9</ele>
      </trkpt>
      <trkpt lat="44.2167" lon="-92.66782">
        <ele>309.1</ele>
      </trkpt>
      <trkpt lat="44.21669" lon="-92.66755">
        <ele>308.9</ele>
      </trkpt>
      <trkpt lat="44.21667" lon="-92.66719">
        <ele>308.6</ele>
      </trkpt>
      <trkpt lat="44.21659" lon="-92.6667">
        <ele>308.4</ele>
      </trkpt>
      <trkpt lat="44.21644" lon="-92.66615">
        <ele>308.4</ele>
      </trkpt>
      <trkpt lat="44.21606" lon="-92.66523">
        <ele>308.3</ele>
      </trkpt>
      <trkpt lat="44.21569" lon="-92.66431">
        <ele>308.8</ele>
      </trkpt>
      <trkpt lat="44.21531" lon="-92.66339">
        <ele>309.8</ele>
      </trkpt>
      <trkpt lat="44.21494" lon="-92.66246">
        <ele>310.4</ele>
      </trkpt>
      <trkpt lat="44.21453" lon="-92.66149">
        <ele>310.9</ele>
      </trkpt>
      <trkpt lat="44.21413" lon="-92.66051">
        <ele>311.7</ele>
      </trkpt>
      <trkpt lat="44.21372" lon="-92.65953">
        <ele>311.3</ele>
      </trkpt>
      <trkpt lat="44.21339" lon="-92.65871">
        <ele>311.6</ele>
      </trkpt>
      <trkpt lat="44.21306" lon="-92.65789">
        <ele>312.0</ele>
      </trkpt>
      <trkpt lat="44.21272" lon="-92.65708">
        <ele>311.9</ele>
      </trkpt>
      <trkpt lat="44.21245" lon="-92.65635">
        <ele>312.8</ele>
      </trkpt>
      <trkpt lat="44.21228" lon="-92.65585">
        <ele>311.0</ele>
      </trkpt>
      <trkpt lat="44.21204" lon="-92.655">
        <ele>310.1</ele>
      </trkpt>
      <trkpt lat="44.2118" lon="-92.65415">
        <ele>309.8</ele>
      </trkpt>
      <trkpt lat="44.21155" lon="-92.6533">
        <ele>308.5</ele>
      </trkpt>
      <trkpt lat="44.21136" lon="-92.65255">
        <ele>308.5</ele>
      </trkpt>
      <trkpt lat="44.21116" lon="-92.6518">
        <ele>308.4</ele>
      </trkpt>
      <trkpt lat="44.21098" lon="-92.65117">
        <ele>308.3</ele>
      </trkpt>
      <trkpt lat="44.21094" lon="-92.65096">
        <ele>308.2</ele>
      </trkpt>
      <trkpt lat="44.21069" lon="-92.65106">
        <ele>308.1</ele>
      </trkpt>
      <trkpt lat="44.21049" lon="-92.65111">
        <ele>308.0</ele>
      </trkpt>
      <trkpt lat="44.2103" lon="-92.65112">
        <ele>307.3</ele>
      </trkpt>
      <trkpt lat="44.21011" lon="-92.65111">
        <ele>306.3</ele>
      </trkpt>
      <trkpt lat="44.20974" lon="-92.65106">
        <ele>305.2</ele>
      </trkpt>
      <trkpt lat="44.20906" lon="-92.65089">
        <ele>305.2</ele>
      </trkpt>
      <trkpt lat="44.20838" lon="-92.65073">
        <ele>305.2</ele>
      </trkpt>
      <trkpt lat="44.20769" lon="-92.65056">
        <ele>305.0</ele>
      </trkpt>
      <trkpt lat="44.20701" lon="-92.6504">
        <ele>305.0</ele>
      </trkpt>
      <trkpt lat="44.20686" lon="-92.65039">
        <ele>305.0</ele>
      </trkpt>
      <trkpt lat="44.206" lon="-92.6504">
        <ele>305.2</ele>
      </trkpt>
      <trkpt lat="44.20515" lon="-92.65042">
        <ele>305.2</ele>
      </trkpt>
      <trkpt lat="44.2043" lon="-92.65044">
        <ele>305.4</ele>
      </trkpt>
      <trkpt lat="44.20429" lon="-92.64975">
        <ele>305.3</ele>
      </trkpt>
      <trkpt lat="44.20429" lon="-92.64906">
        <ele>305.2</ele>
      </trkpt>
      <trkpt lat="44.20428" lon="-92.64837">
        <ele>305.1</ele>
      </trkpt>
      <trkpt lat="44.20427" lon="-92.64767">
        <ele>305.1</ele>
      </trkpt>
      <trkpt lat="44.20426" lon="-92.64696">
        <ele>304.8</ele>
      </trkpt>
      <trkpt lat="44.20425" lon="-92.64624">
        <ele>304.2</ele>
      </trkpt>
      <trkpt lat="44.20422" lon="-92.64606">
        <ele>304.0</ele>
      </trkpt>
      <trkpt lat="44.20415" lon="-92.64586">
        <ele>303.8</ele>
      </trkpt>
      <trkpt lat="44.20378" lon="-92.64526">
        <ele>302.6</ele>
      </trkpt>
      <trkpt lat="44.20367" lon="-92.64504">
        <ele>302.3</ele>
      </trkpt>
      <trkpt lat="44.20361" lon="-92.64483">
        <ele>302.2</ele>
      </trkpt>
      <trkpt lat="44.20356" lon="-92.64462">
        <ele>302.0</ele>
      </trkpt>
      <trkpt lat="44.20352" lon="-92.64429">
        <ele>301.9</ele>
      </trkpt>
      <trkpt lat="44.2035" lon="-92.64386">
        <ele>301.9</ele>
      </trkpt>
      <trkpt lat="44.20349" lon="-92.6433">
        <ele>301.8</ele>
      </trkpt>
      <trkpt lat="44.20343" lon="-92.64329">
        <ele>301.8</ele>
      </trkpt>
      <trkpt lat="44.20335" lon="-92.64323">
        <ele>301.8</ele>
      </trkpt>
      <trkpt lat="44.20329" lon="-92.64316">
        <ele>301.8</ele>
      </trkpt>
      <trkpt lat="44.2027" lon="-92.64251">
        <ele>301.3</ele>
      </trkpt>
      <trkpt lat="44.20239" lon="-92.6422">
        <ele>301.3</ele>
      </trkpt>
      <trkpt lat="44.20214" lon="-92.6419">
        <ele>301.4</ele>
      </trkpt>
      <trkpt lat="44.2017" lon="-92.64143">
        <ele>301.5</ele>
      </trkpt>
      <trkpt lat="44.20126" lon="-92.64095">
        <ele>301.7</ele>
      </trkpt>
      <trkpt lat="44.20078" lon="-92.64042">
        <ele>301.8</ele>
      </trkpt>
      <trkpt lat="44.20031" lon="-92.63989">
        <ele>301.8</ele>
      </trkpt>
      <trkpt lat="44.19985" lon="-92.63941">
        <ele>301.8</ele>
      </trkpt>
      <trkpt lat="44.19921" lon="-92.6387">
        <ele>301.8</ele>
      </trkpt>
      <trkpt lat="44.19858" lon="-92.63799">
        <ele>301.8</ele>
      </trkpt>
      <trkpt lat="44.19794" lon="-92.63729">
        <ele>302.7</ele>
      </trkpt>
      <trkpt lat="44.19731" lon="-92.63658">
        <ele>304.5</ele>
      </trkpt>
      <trkpt lat="44.19667" lon="-92.63589">
        <ele>304.0</ele>
      </trkpt>
      <trkpt lat="44.19604" lon="-92.6352">
        <ele>305.1</ele>
      </trkpt>
      <trkpt lat="44.19541" lon="-92.63452">
        <ele>306.7</ele>
      </trkpt>
      <trkpt lat="44.19473" lon="-92.63384">
        <ele>307.9</ele>
      </trkpt>
      <trkpt lat="44.19405" lon="-92.63317">
        <ele>308.5</ele>
      </trkpt>
      <trkpt lat="44.19369" lon="-92.63279">
        <ele>309.1</ele>
      </trkpt>
      <trkpt lat="44.19346" lon="-92.63252">
        <ele>309.4</ele>
      </trkpt>
      <trkpt lat="44.19291" lon="-92.63188">
        <ele>311.0</ele>
      </trkpt>
      <trkpt lat="44.19236" lon="-92.63123">
        <ele>311.9</ele>
      </trkpt>
      <trkpt lat="44.19182" lon="-92.63058">
        <ele>313.4</ele>
      </trkpt>
      <trkpt lat="44.19136" lon="-92.63006">
        <ele>314.0</ele>
      </trkpt>
      <trkpt lat="44.19091" lon="-92.62955">
        <ele>313.7</ele>
      </trkpt>
      <trkpt lat="44.19033" lon="-92.62892">
        <ele>313.5</ele>
      </trkpt>
      <trkpt lat="44.18974" lon="-92.62828">
        <ele>313.3</ele>
      </trkpt>
      <trkpt lat="44.18916" lon="-92.62765">
        <ele>313.3</ele>
      </trkpt>
      <trkpt lat="44.18849" lon="-92.62691">
        <ele>314.0</ele>
      </trkpt>
      <trkpt lat="44.18781" lon="-92.62617">
        <ele>314.2</ele>
      </trkpt>
      <trkpt lat="44.18728" lon="-92.62553">
        <ele>312.0</ele>
      </trkpt>
      <trkpt lat="44.18674" lon="-92.62489">
        <ele>310.9</ele>
      </trkpt>
      <trkpt lat="44.18614" lon="-92.62415">
        <ele>308.8</ele>
      </trkpt>
      <trkpt lat="44.18553" lon="-92.62341">
        <ele>307.8</ele>
      </trkpt>
      <trkpt lat="44.18492" lon="-92.62267">
        <ele>307.9</ele>
      </trkpt>
      <trkpt lat="44.18432" lon="-92.62195">
        <ele>308.4</ele>
      </trkpt>
      <trkpt lat="44.18371" lon="-92.62123">
        <ele>309.1</ele>
      </trkpt>
      <trkpt lat="44.18315" lon="-92.62056">
        <ele>310.1</ele>
      </trkpt>
      <trkpt lat="44.18259" lon="-92.61988">
        <ele>310.9</ele>
      </trkpt>
      <trkpt lat="44.18203" lon="-92.6192">
        <ele>312.0</ele>
      </trkpt>
      <trkpt lat="44.18147" lon="-92.61852">
        <ele>312.8</ele>
      </trkpt>
      <trkpt lat="44.18099" lon="-92.61793">
        <ele>312.9</ele>
      </trkpt>
      <trkpt lat="44.18092" lon="-92.61782">
        <ele>312.9</ele>
      </trkpt>
      <trkpt lat="44.18085" lon="-92.61771">
        <ele>312.9</ele>
      </trkpt>
      <trkpt lat="44.18082" lon="-92.61762">
        <ele>312.8</ele>
      </trkpt>
      <trkpt lat="44.1808" lon="-92.61753">
        <ele>312.7</ele>
      </trkpt>
      <trkpt lat="44.18079" lon="-92.61739">
        <ele>312.4</ele>
      </trkpt>
      <trkpt lat="44.18078" lon="-92.61643">
        <ele>311.0</ele>
      </trkpt>
      <trkpt lat="44.18075" lon="-92.61632">
        <ele>311.0</ele>
      </trkpt>
      <trkpt lat="44.18069" lon="-92.61624">
        <ele>311.0</ele>
      </trkpt>
      <trkpt lat="44.18065" lon="-92.61621">
        <ele>311.1</ele>
      </trkpt>
      <trkpt lat="44.18057" lon="-92.61617">
        <ele>311.2</ele>
      </trkpt>
      <trkpt lat="44.18047" lon="-92.61616">
        <ele>311.5</ele>
      </trkpt>
      <trkpt lat="44.18019" lon="-92.61617">
        <ele>312.1</ele>
      </trkpt>
      <trkpt lat="44.1797" lon="-92.61618">
        <ele>313.2</ele>
      </trkpt>
      <trkpt lat="44.17959" lon="-92.61616">
        <ele>313.4</ele>
      </trkpt>
      <trkpt lat="44.17948" lon="-92.61608">
        <ele>313.5</ele>
      </trkpt>
      <trkpt lat="44.17927" lon="-92.61586">
        <ele>313.5</ele>
      </trkpt>
      <trkpt lat="44.17863" lon="-92.6151">
        <ele>313.5</ele>
      </trkpt>
      <trkpt lat="44.178" lon="-92.61433">
        <ele>313.9</ele>
      </trkpt>
      <trkpt lat="44.17736" lon="-92.61357">
        <ele>314.3</ele>
      </trkpt>
      <trkpt lat="44.17673" lon="-92.6128">
        <ele>315.2</ele>
      </trkpt>
      <trkpt lat="44.17609" lon="-92.61204">
        <ele>316.0</ele>
      </trkpt>
      <trkpt lat="44.17555" lon="-92.61138">
        <ele>315.9</ele>
      </trkpt>
      <trkpt lat="44.175" lon="-92.61072">
        <ele>314.1</ele>
      </trkpt>
      <trkpt lat="44.17446" lon="-92.61006">
        <ele>312.8</ele>
      </trkpt>
      <trkpt lat="44.17392" lon="-92.6094">
        <ele>311.2</ele>
      </trkpt>
      <trkpt lat="44.17337" lon="-92.60874">
        <ele>310.9</ele>
      </trkpt>
      <trkpt lat="44.17302" lon="-92.60835">
        <ele>310.4</ele>
      </trkpt>
      <trkpt lat="44.17257" lon="-92.60779">
        <ele>310.0</ele>
      </trkpt>
      <trkpt lat="44.17211" lon="-92.60722">
        <ele>312.0</ele>
      </trkpt>
      <trkpt lat="44.17159" lon="-92.60661">
        <ele>313.9</ele>
      </trkpt>
      <trkpt lat="44.17106" lon="-92.60599">
        <ele>312.4</ele>
      </trkpt>
      <trkpt lat="44.17061" lon="-92.60544">
        <ele>311.8</ele>
      </trkpt>
      <trkpt lat="44.17016" lon="-92.60488">
        <ele>310.7</ele>
      </trkpt>
      <trkpt lat="44.16971" lon="-92.60433">
        <ele>310.4</ele>
      </trkpt>
      <trkpt lat="44.16919" lon="-92.6037">
        <ele>310.5</ele>
      </trkpt>
      <trkpt lat="44.16867" lon="-92.60308">
        <ele>310.1</ele>
      </trkpt>
      <trkpt lat="44.16814" lon="-92.60245">
        <ele>308.9</ele>
      </trkpt>
      <trkpt lat="44.16761" lon="-92.60182">
        <ele>307.9</ele>
      </trkpt>
      <trkpt lat="44.16709" lon="-92.6012">
        <ele>307.8</ele>
      </trkpt>
      <trkpt lat="44.16654" lon="-92.60053">
        <ele>309.5</ele>
      </trkpt>
      <trkpt lat="44.16599" lon="-92.59987">
        <ele>311.0</ele>
      </trkpt>
      <trkpt lat="44.16545" lon="-92.59921">
        <ele>311.3</ele>
      </trkpt>
      <trkpt lat="44.1649" lon="-92.59855">
        <ele>313.9</ele>
      </trkpt>
      <trkpt lat="44.16435" lon="-92.59789">
        <ele>314.1</ele>
      </trkpt>
      <trkpt lat="44.16412" lon="-92.59763">
        <ele>314.6</ele>
      </trkpt>
      <trkpt lat="44.16389" lon="-92.5974">
        <ele>315.0</ele>
      </trkpt>
      <trkpt lat="44.1636" lon="-92.59716">
        <ele>315.3</ele>
      </trkpt>
      <trkpt lat="44.16343" lon="-92.59704">
        <ele>315.5</ele>
      </trkpt>
      <trkpt lat="44.16318" lon="-92.59689">
        <ele>316.0</ele>
      </trkpt>
      <trkpt lat="44.16269" lon="-92.59663">
        <ele>316.9</ele>
      </trkpt>
      <trkpt lat="44.16243" lon="-92.5965">
        <ele>317.0</ele>
      </trkpt>
      <trkpt lat="44.16222" lon="-92.59642">
        <ele>317.3</ele>
      </trkpt>
      <trkpt lat="44.16192" lon="-92.59632">
        <ele>318.5</ele>
      </trkpt>
      <trkpt lat="44.16173" lon="-92.59629">
        <ele>319.0</ele>
      </trkpt>
      <trkpt lat="44.16159" lon="-92.59628">
        <ele>319.2</ele>
      </trkpt>
      <trkpt lat="44.16129" lon="-92.59631">
        <ele>319.4</ele>
      </trkpt>
      <trkpt lat="44.16086" lon="-92.5964">
        <ele>319.8</ele>
      </trkpt>
      <trkpt lat="44.1605" lon="-92.59651">
        <ele>319.4</ele>
      </trkpt>
      <trkpt lat="44.15994" lon="-92.59672">
        <ele>318.7</ele>
      </trkpt>
      <trkpt lat="44.1597" lon="-92.59684">
        <ele>318.3</ele>
      </trkpt>
      <trkpt lat="44.1595" lon="-92.59696">
        <ele>318.2</ele>
      </trkpt>
      <trkpt lat="44.15932" lon="-92.59708">
        <ele>318.7</ele>
      </trkpt>
      <trkpt lat="44.15904" lon="-92.5973">
        <ele>319.1</ele>
      </trkpt>
      <trkpt lat="44.15888" lon="-92.59745">
        <ele>319.7</ele>
      </trkpt>
      <trkpt lat="44.15864" lon="-92.59771">
        <ele>319.7</ele>
      </trkpt>
      <trkpt lat="44.15853" lon="-92.59785">
        <ele>319.6</ele>
      </trkpt>
      <trkpt lat="44.15835" lon="-92.59813">
        <ele>320.3</ele>
      </trkpt>
      <trkpt lat="44.15808" lon="-92.59864">
        <ele>320.2</ele>
      </trkpt>
      <trkpt lat="44.1579" lon="-92.59903">
        <ele>320.0</ele>
      </trkpt>
      <trkpt lat="44.15783" lon="-92.59921">
        <ele>320.1</ele>
      </trkpt>
      <trkpt lat="44.15762" lon="-92.59982">
        <ele>320.8</ele>
      </trkpt>
      <trkpt lat="44.15721" lon="-92.6009">
        <ele>319.2</ele>
      </trkpt>
      <trkpt lat="44.15701" lon="-92.60135">
        <ele>318.7</ele>
      </trkpt>
      <trkpt lat="44.1568" lon="-92.60178">
        <ele>318.2</ele>
      </trkpt>
      <trkpt lat="44.15669" lon="-92.60198">
        <ele>317.7</ele>
      </trkpt>
      <trkpt lat="44.15657" lon="-92.60217">
        <ele>317.1</ele>
      </trkpt>
      <trkpt lat="44.15614" lon="-92.6028">
        <ele>315.0</ele>
      </trkpt>
      <trkpt lat="44.15594" lon="-92.60305">
        <ele>314.2</ele>
      </trkpt>
      <trkpt lat="44.1558" lon="-92.60321">
        <ele>314.0</ele>
      </trkpt>
      <trkpt lat="44.15568" lon="-92.60333">
        <ele>313.8</ele>
      </trkpt>
      <trkpt lat="44.15552" lon="-92.60348">
        <ele>313.8</ele>
      </trkpt>
      <trkpt lat="44.15518" lon="-92.60372">
        <ele>313.0</ele>
      </trkpt>
      <trkpt lat="44.15463" lon="-92.60406">
        <ele>311.5</ele>
      </trkpt>
      <trkpt lat="44.15442" lon="-92.60417">
        <ele>311.2</ele>
      </trkpt>
      <trkpt lat="44.15414" lon="-92.60431">
        <ele>310.9</ele>
      </trkpt>
      <trkpt lat="44.15385" lon="-92.60442">
        <ele>310.9</ele>
      </trkpt>
      <trkpt lat="44.1535" lon="-92.60453">
        <ele>311.1</ele>
      </trkpt>
      <trkpt lat="44.15322" lon="-92.60461">
        <ele>310.3</ele>
      </trkpt>
      <trkpt lat="44.15296" lon="-92.60465">
        <ele>309.1</ele>
      </trkpt>
      <trkpt lat="44.1527" lon="-92.60466">
        <ele>308.7</ele>
      </trkpt>
      <trkpt lat="44.1525" lon="-92.60466">
        <ele>308.1</ele>
      </trkpt>
      <trkpt lat="44.15222" lon="-92.60465">
        <ele>308.0</ele>
      </trkpt>
      <trkpt lat="44.15197" lon="-92.60461">
        <ele>308.1</ele>
      </trkpt>
      <trkpt lat="44.1517" lon="-92.60455">
        <ele>308.1</ele>
      </trkpt>
      <trkpt lat="44.15113" lon="-92.6044">
        <ele>305.7</ele>
      </trkpt>
      <trkpt lat="44.15045" lon="-92.60412">
        <ele>305.1</ele>
      </trkpt>
      <trkpt lat="44.14977" lon="-92.60385">
        <ele>304.0</ele>
      </trkpt>
      <trkpt lat="44.14909" lon="-92.60357">
        <ele>304.1</ele>
      </trkpt>
      <trkpt lat="44.14854" lon="-92.60334">
        <ele>302.1</ele>
      </trkpt>
      <trkpt lat="44.148" lon="-92.60311">
        <ele>301.8</ele>
      </trkpt>
      <trkpt lat="44.14773" lon="-92.60301">
        <ele>301.8</ele>
      </trkpt>
      <trkpt lat="44.14687" lon="-92.60271">
        <ele>301.8</ele>
      </trkpt>
      <trkpt lat="44.14641" lon="-92.60254">
        <ele>302.2</ele>
      </trkpt>
      <trkpt lat="44.14595" lon="-92.60236">
        <ele>303.6</ele>
      </trkpt>
      <trkpt lat="44.14536" lon="-92.60206">
        <ele>304.5</ele>
      </trkpt>
      <trkpt lat="44.14477" lon="-92.60175">
        <ele>304.7</ele>
      </trkpt>
      <trkpt lat="44.14432" lon="-92.60156">
        <ele>303.5</ele>
      </trkpt>
      <trkpt lat="44.14379" lon="-92.6013">
        <ele>301.6</ele>
      </trkpt>
      <trkpt lat="44.14355" lon="-92.6012">
        <ele>300.7</ele>
      </trkpt>
      <trkpt lat="44.14339" lon="-92.60114">
        <ele>299.8</ele>
      </trkpt>
      <trkpt lat="44.1432" lon="-92.60114">
        <ele>299.8</ele>
      </trkpt>
      <trkpt lat="44.14313" lon="-92.60117">
        <ele>299.9</ele>
      </trkpt>
      <trkpt lat="44.14302" lon="-92.60124">
        <ele>300.0</ele>
      </trkpt>
      <trkpt lat="44.14294" lon="-92.6013">
        <ele>299.8</ele>
      </trkpt>
      <trkpt lat="44.14288" lon="-92.60132">
        <ele>299.9</ele>
      </trkpt>
      <trkpt lat="44.14282" lon="-92.60131">
        <ele>300.2</ele>
      </trkpt>
      <trkpt lat="44.14275" lon="-92.60128">
        <ele>300.6</ele>
      </trkpt>
      <trkpt lat="44.14271" lon="-92.60122">
        <ele>301.1</ele>
      </trkpt>
      <trkpt lat="44.14256" lon="-92.601">
        <ele>300.9</ele>
      </trkpt>
      <trkpt lat="44.14249" lon="-92.60088">
        <ele>300.1</ele>
      </trkpt>
      <trkpt lat="44.14239" lon="-92.60074">
        <ele>299.8</ele>
      </trkpt>
      <trkpt lat="44.14231" lon="-92.60069">
        <ele>300.0</ele>
      </trkpt>
      <trkpt lat="44.14209" lon="-92.6006">
        <ele>300.2</ele>
      </trkpt>
      <trkpt lat="44.14143" lon="-92.60034">
        <ele>300.9</ele>
      </trkpt>
      <trkpt lat="44.14071" lon="-92.60001">
        <ele>301.8</ele>
      </trkpt>
      <trkpt lat="44.14028" lon="-92.59984">
        <ele>302.0</ele>
      </trkpt>
      <trkpt lat="44.13958" lon="-92.59954">
        <ele>302.0</ele>
      </trkpt>
      <trkpt lat="44.13889" lon="-92.59923">
        <ele>301.3</ele>
      </trkpt>
      <trkpt lat="44.13831" lon="-92.59897">
        <ele>300.3</ele>
      </trkpt>
      <trkpt lat="44.13773" lon="-92.5987">
        <ele>299.8</ele>
      </trkpt>
      <trkpt lat="44.13715" lon="-92.59843">
        <ele>302.4</ele>
      </trkpt>
      <trkpt lat="44.13641" lon="-92.59813">
        <ele>304.0</ele>
      </trkpt>
      <trkpt lat="44.13568" lon="-92.59783">
        <ele>303.9</ele>
      </trkpt>
      <trkpt lat="44.13494" lon="-92.59753">
        <ele>303.8</ele>
      </trkpt>
      <trkpt lat="44.13421" lon="-92.59723">
        <ele>305.7</ele>
      </trkpt>
      <trkpt lat="44.13347" lon="-92.59692">
        <ele>307.0</ele>
      </trkpt>
      <trkpt lat="44.13274" lon="-92.59662">
        <ele>308.0</ele>
      </trkpt>
      <trkpt lat="44.1323" lon="-92.59641">
        <ele>310.0</ele>
      </trkpt>
      <trkpt lat="44.13198" lon="-92.59623">
        <ele>310.5</ele>
      </trkpt>
      <trkpt lat="44.13167" lon="-92.59601">
        <ele>310.4</ele>
      </trkpt>
      <trkpt lat="44.13126" lon="-92.59566">
        <ele>310.4</ele>
      </trkpt>
      <trkpt lat="44.13093" lon="-92.59533">
        <ele>310.5</ele>
      </trkpt>
      <trkpt lat="44.13072" lon="-92.5951">
        <ele>310.6</ele>
      </trkpt>
      <trkpt lat="44.13045" lon="-92.59475">
        <ele>311.0</ele>
      </trkpt>
      <trkpt lat="44.13022" lon="-92.59442">
        <ele>311.6</ele>
      </trkpt>
      <trkpt lat="44.13005" lon="-92.59416">
        <ele>311.9</ele>
      </trkpt>
      <trkpt lat="44.12983" lon="-92.59378">
        <ele>312.5</ele>
      </trkpt>
      <trkpt lat="44.12963" lon="-92.59333">
        <ele>312.6</ele>
      </trkpt>
      <trkpt lat="44.12923" lon="-92.5924">
        <ele>314.1</ele>
      </trkpt>
      <trkpt lat="44.12884" lon="-92.59147">
        <ele>314.6</ele>
      </trkpt>
      <trkpt lat="44.12851" lon="-92.59067">
        <ele>314.5</ele>
      </trkpt>
      <trkpt lat="44.12825" lon="-92.59008">
        <ele>314.1</ele>
      </trkpt>
      <trkpt lat="44.12798" lon="-92.58948">
        <ele>314.8</ele>
      </trkpt>
      <trkpt lat="44.12771" lon="-92.58899">
        <ele>316.8</ele>
      </trkpt>
      <trkpt lat="44.12748" lon="-92.58863">
        <ele>318.6</ele>
      </trkpt>
      <trkpt lat="44.12706" lon="-92.5881">
        <ele>320.3</ele>
      </trkpt>
      <trkpt lat="44.12688" lon="-92.58791">
        <ele>319.9</ele>
      </trkpt>
      <trkpt lat="44.12645" lon="-92.58752">
        <ele>319.8</ele>
      </trkpt>
      <trkpt lat="44.12603" lon="-92.58713">
        <ele>320.0</ele>
      </trkpt>
      <trkpt lat="44.12549" lon="-92.58668">
        <ele>320.4</ele>
      </trkpt>
      <trkpt lat="44.12496" lon="-92.58624">
        <ele>320.8</ele>
      </trkpt>
      <trkpt lat="44.12442" lon="-92.5858">
        <ele>321.1</ele>
      </trkpt>
      <trkpt lat="44.12409" lon="-92.58548">
        <ele>321.1</ele>
      </trkpt>
      <trkpt lat="44.12335" lon="-92.58487">
        <ele>320.9</ele>
      </trkpt>
      <trkpt lat="44.1226" lon="-92.58427">
        <ele>320.2</ele>
      </trkpt>
      <trkpt lat="44.12194" lon="-92.5837">
        <ele>321.4</ele>
      </trkpt>
      <trkpt lat="44.12128" lon="-92.58314">
        <ele>322.5</ele>
      </trkpt>
      <trkpt lat="44.12062" lon="-92.58257">
        <ele>323.0</ele>
      </trkpt>
      <trkpt lat="44.11996" lon="-92.58201">
        <ele>324.0</ele>
      </trkpt>
      <trkpt lat="44.11943" lon="-92.58159">
        <ele>324.8</ele>
      </trkpt>
      <trkpt lat="44.1189" lon="-92.58116">
        <ele>325.6</ele>
      </trkpt>
      <trkpt lat="44.11836" lon="-92.58074">
        <ele>325.9</ele>
      </trkpt>
      <trkpt lat="44.11775" lon="-92.58019">
        <ele>327.3</ele>
      </trkpt>
      <trkpt lat="44.11713" lon="-92.57963">
        <ele>328.3</ele>
      </trkpt>
      <trkpt lat="44.1165" lon="-92.57903">
        <ele>328.6</ele>
      </trkpt>
      <trkpt lat="44.11598" lon="-92.5785">
        <ele>328.9</ele>
      </trkpt>
      <trkpt lat="44.11535" lon="-92.57774">
        <ele>328.7</ele>
      </trkpt>
      <trkpt lat="44.11471" lon="-92.57697">
        <ele>328.7</ele>
      </trkpt>
      <trkpt lat="44.11422" lon="-92.57638">
        <ele>328.7</ele>
      </trkpt>
      <trkpt lat="44.11374" lon="-92.57579">
        <ele>328.4</ele>
      </trkpt>
      <trkpt lat="44.11328" lon="-92.57518">
        <ele>328.4</ele>
      </trkpt>
      <trkpt lat="44.11282" lon="-92.57458">
        <ele>328.3</ele>
      </trkpt>
      <trkpt lat="44.11235" lon="-92.57397">
        <ele>328.2</ele>
      </trkpt>
      <trkpt lat="44.11173" lon="-92.57337">
        <ele>328.3</ele>
      </trkpt>
      <trkpt lat="44.11126" lon="-92.57297">
        <ele>327.7</ele>
      </trkpt>
      <trkpt lat="44.1108" lon="-92.57266">
        <ele>327.2</ele>
      </trkpt>
      <trkpt lat="44.11034" lon="-92.57235">
        <ele>326.8</ele>
      </trkpt>
      <trkpt lat="44.10965" lon="-92.57204">
        <ele>326.9</ele>
      </trkpt>
      <trkpt lat="44.10896" lon="-92.57174">
        <ele>327.3</ele>
      </trkpt>
      <trkpt lat="44.10828" lon="-92.57143">
        <ele>328.1</ele>
      </trkpt>
      <trkpt lat="44.10759" lon="-92.57112">
        <ele>328.3</ele>
      </trkpt>
      <trkpt lat="44.10728" lon="-92.57099">
        <ele>328.4</ele>
      </trkpt>
      <trkpt lat="44.10673" lon="-92.57079">
        <ele>328.6</ele>
      </trkpt>
      <trkpt lat="44.10591" lon="-92.57037">
        <ele>329.2</ele>
      </trkpt>
      <trkpt lat="44.1054" lon="-92.57013">
        <ele>329.2</ele>
      </trkpt>
      <trkpt lat="44.10489" lon="-92.56989">
        <ele>329.7</ele>
      </trkpt>
      <trkpt lat="44.10414" lon="-92.56955">
        <ele>331.2</ele>
      </trkpt>
      <trkpt lat="44.10339" lon="-92.56921">
        <ele>332.2</ele>
      </trkpt>
      <trkpt lat="44.10264" lon="-92.56887">
        <ele>332.2</ele>
      </trkpt>
      <trkpt lat="44.10189" lon="-92.56853">
        <ele>332.6</ele>
      </trkpt>
      <trkpt lat="44.10114" lon="-92.56818">
        <ele>333.6</ele>
      </trkpt>
      <trkpt lat="44.10039" lon="-92.56784">
        <ele>334.4</ele>
      </trkpt>
      <trkpt lat="44.09964" lon="-92.5675">
        <ele>334.9</ele>
      </trkpt>
      <trkpt lat="44.0989" lon="-92.56716">
        <ele>334.6</ele>
      </trkpt>
      <trkpt lat="44.09857" lon="-92.567">
        <ele>334.3</ele>
      </trkpt>
      <trkpt lat="44.09812" lon="-92.56675">
        <ele>333.5</ele>
      </trkpt>
      <trkpt lat="44.09776" lon="-92.56653">
        <ele>332.8</ele>
      </trkpt>
      <trkpt lat="44.09728" lon="-92.56618">
        <ele>332.3</ele>
      </trkpt>
      <trkpt lat="44.09675" lon="-92.56572">
        <ele>332.1</ele>
      </trkpt>
      <trkpt lat="44.09621" lon="-92.56527">
        <ele>331.8</ele>
      </trkpt>
      <trkpt lat="44.09588" lon="-92.56492">
        <ele>330.1</ele>
      </trkpt>
      <trkpt lat="44.0954" lon="-92.56437">
        <ele>329.4</ele>
      </trkpt>
      <trkpt lat="44.09488" lon="-92.56371">
        <ele>329.3</ele>
      </trkpt>
      <trkpt lat="44.09448" lon="-92.56312">
        <ele>329.2</ele>
      </trkpt>
      <trkpt lat="44.09392" lon="-92.5622">
        <ele>329.2</ele>
      </trkpt>
      <trkpt lat="44.09345" lon="-92.56128">
        <ele>328.8</ele>
      </trkpt>
      <trkpt lat="44.09299" lon="-92.56036">
        <ele>326.4</ele>
      </trkpt>
      <trkpt lat="44.09252" lon="-92.55944">
        <ele>326.1</ele>
      </trkpt>
      <trkpt lat="44.09222" lon="-92.55888">
        <ele>326.1</ele>
      </trkpt>
      <trkpt lat="44.09193" lon="-92.55831">
        <ele>326.1</ele>
      </trkpt>
      <trkpt lat="44.09162" lon="-92.5577">
        <ele>326.0</ele>
      </trkpt>
      <trkpt lat="44.09132" lon="-92.55708">
        <ele>325.4</ele>
      </trkpt>
      <trkpt lat="44.09089" lon="-92.55625">
        <ele>323.8</ele>
      </trkpt>
      <trkpt lat="44.09046" lon="-92.55541">
        <ele>323.1</ele>
      </trkpt>
      <trkpt lat="44.09003" lon="-92.55457">
        <ele>323.1</ele>
      </trkpt>
      <trkpt lat="44.0896" lon="-92.55374">
        <ele>323.1</ele>
      </trkpt>
      <trkpt lat="44.08935" lon="-92.55323">
        <ele>323.1</ele>
      </trkpt>
      <trkpt lat="44.08884" lon="-92.55223">
        <ele>322.7</ele>
      </trkpt>
      <trkpt lat="44.08832" lon="-92.55122">
        <ele>322.5</ele>
      </trkpt>
      <trkpt lat="44.0878" lon="-92.55021">
        <ele>322.4</ele>
      </trkpt>
      <trkpt lat="44.08729" lon="-92.5492">
        <ele>322.0</ele>
      </trkpt>
      <trkpt lat="44.08677" lon="-92.54819">
        <ele>320.7</ele>
      </trkpt>
      <trkpt lat="44.08646" lon="-92.54757">
        <ele>320.0</ele>
      </trkpt>
      <trkpt lat="44.08615" lon="-92.54695">
        <ele>320.0</ele>
      </trkpt>
      <trkpt lat="44.08568" lon="-92.54604">
        <ele>320.1</ele>
      </trkpt>
      <trkpt lat="44.08521" lon="-92.54513">
        <ele>320.0</ele>
      </trkpt>
      <trkpt lat="44.08477" lon="-92.54429">
        <ele>320.0</ele>
      </trkpt>
      <trkpt lat="44.08433" lon="-92.54345">
        <ele>319.3</ele>
      </trkpt>
      <trkpt lat="44.0839" lon="-92.5426">
        <ele>317.8</ele>
      </trkpt>
      <trkpt lat="44.08346" lon="-92.54176">
        <ele>317.1</ele>
      </trkpt>
      <trkpt lat="44.08302" lon="-92.54092">
        <ele>317.1</ele>
      </trkpt>
      <trkpt lat="44.08274" lon="-92.54035">
        <ele>317.1</ele>
      </trkpt>
      <trkpt lat="44.08247" lon="-92.53978">
        <ele>317.1</ele>
      </trkpt>
      <trkpt lat="44.08214" lon="-92.53915">
        <ele>317.0</ele>
      </trkpt>
      <trkpt lat="44.0818" lon="-92.53847">
        <ele>317.0</ele>
      </trkpt>
      <trkpt lat="44.08154" lon="-92.53795">
        <ele>317.0</ele>
      </trkpt>
      <trkpt lat="44.08127" lon="-92.53744">
        <ele>317.0</ele>
      </trkpt>
      <trkpt lat="44.081" lon="-92.5369">
        <ele>317.0</ele>
      </trkpt>
      <trkpt lat="44.08074" lon="-92.53636">
        <ele>317.0</ele>
      </trkpt>
      <trkpt lat="44.08041" lon="-92.53574">
        <ele>317.0</ele>
      </trkpt>
      <trkpt lat="44.08009" lon="-92.53511">
        <ele>316.9</ele>
      </trkpt>
      <trkpt lat="44.08001" lon="-92.53491">
        <ele>316.8</ele>
      </trkpt>
      <trkpt lat="44.0799" lon="-92.53459">
        <ele>316.8</ele>
      </trkpt>
      <trkpt lat="44.07974" lon="-92.53401">
        <ele>316.6</ele>
      </trkpt>
      <trkpt lat="44.07959" lon="-92.53369">
        <ele>316.6</ele>
      </trkpt>
      <trkpt lat="44.0792" lon="-92.53308">
        <ele>316.7</ele>
      </trkpt>
      <trkpt lat="44.07884" lon="-92.5325">
        <ele>316.8</ele>
      </trkpt>
      <trkpt lat="44.07865" lon="-92.53216">
        <ele>316.7</ele>
      </trkpt>
      <trkpt lat="44.07817" lon="-92.53124">
        <ele>316.6</ele>
      </trkpt>
      <trkpt lat="44.07768" lon="-92.53031">
        <ele>316.5</ele>
      </trkpt>
      <trkpt lat="44.0772" lon="-92.52939">
        <ele>316.6</ele>
      </trkpt>
      <trkpt lat="44.07671" lon="-92.52846">
        <ele>316.8</ele>
      </trkpt>
      <trkpt lat="44.07623" lon="-92.52753">
        <ele>317.4</ele>
      </trkpt>
      <trkpt lat="44.07575" lon="-92.52661">
        <ele>316.5</ele>
      </trkpt>
      <trkpt lat="44.07526" lon="-92.52568">
        <ele>315.8</ele>
      </trkpt>
      <trkpt lat="44.07478" lon="-92.52476">
        <ele>316.9</ele>
      </trkpt>
      <trkpt lat="44.07429" lon="-92.52383">
        <ele>317.8</ele>
      </trkpt>
      <trkpt lat="44.0739" lon="-92.52304">
        <ele>318.5</ele>
      </trkpt>
      <trkpt lat="44.07354" lon="-92.5224">
        <ele>319.2</ele>
      </trkpt>
      <trkpt lat="44.07321" lon="-92.52196">
        <ele>319.6</ele>
      </trkpt>
      <trkpt lat="44.07288" lon="-92.52152">
        <ele>320.9</ele>
      </trkpt>
      <trkpt lat="44.07278" lon="-92.52143">
        <ele>321.2</ele>
      </trkpt>
      <trkpt lat="44.07268" lon="-92.52135">
        <ele>321.4</ele>
      </trkpt>
      <trkpt lat="44.07252" lon="-92.52126">
        <ele>321.7</ele>
      </trkpt>
      <trkpt lat="44.07205" lon="-92.52105">
        <ele>322.1</ele>
      </trkpt>
      <trkpt lat="44.07157" lon="-92.52085">
        <ele>322.1</ele>
      </trkpt>
      <trkpt lat="44.07123" lon="-92.52076">
        <ele>322.0</ele>
      </trkpt>
      <trkpt lat="44.07037" lon="-92.52068">
        <ele>321.6</ele>
      </trkpt>
      <trkpt lat="44.06972" lon="-92.52059">
        <ele>323.0</ele>
      </trkpt>
      <trkpt lat="44.06901" lon="-92.52051">
        <ele>323.1</ele>
      </trkpt>
      <trkpt lat="44.06831" lon="-92.52042">
        <ele>323.8</ele>
      </trkpt>
      <trkpt lat="44.06745" lon="-92.52032">
        <ele>326.1</ele>
      </trkpt>
      <trkpt lat="44.0666" lon="-92.52022">
        <ele>328.1</ele>
      </trkpt>
      <trkpt lat="44.06574" lon="-92.52012">
        <ele>327.8</ele>
      </trkpt>
      <trkpt lat="44.06488" lon="-92.52002">
        <ele>327.4</ele>
      </trkpt>
      <trkpt lat="44.06436" lon="-92.51998">
        <ele>325.8</ele>
      </trkpt>
      <trkpt lat="44.06384" lon="-92.51995">
        <ele>324.3</ele>
      </trkpt>
      <trkpt lat="44.06374" lon="-92.51994">
        <ele>324.0</ele>
      </trkpt>
      <trkpt lat="44.0633" lon="-92.51988">
        <ele>322.7</ele>
      </trkpt>
      <trkpt lat="44.06293" lon="-92.51985">
        <ele>321.7</ele>
      </trkpt>
      <trkpt lat="44.06232" lon="-92.51977">
        <ele>322.5</ele>
      </trkpt>
      <trkpt lat="44.0617" lon="-92.51969">
        <ele>323.4</ele>
      </trkpt>
      <trkpt lat="44.06084" lon="-92.51956">
        <ele>324.1</ele>
      </trkpt>
      <trkpt lat="44.06046" lon="-92.5195">
        <ele>324.4</ele>
      </trkpt>
      <trkpt lat="44.06008" lon="-92.51942">
        <ele>324.8</ele>
      </trkpt>
      <trkpt lat="44.05979" lon="-92.51932">
        <ele>325.2</ele>
      </trkpt>
      <trkpt lat="44.05963" lon="-92.51922">
        <ele>325.4</ele>
      </trkpt>
      <trkpt lat="44.05925" lon="-92.51888">
        <ele>326.0</ele>
      </trkpt>
      <trkpt lat="44.05914" lon="-92.51881">
        <ele>326.1</ele>
      </trkpt>
      <trkpt lat="44.05871" lon="-92.51862">
        <ele>326.5</ele>
      </trkpt>
      <trkpt lat="44.05883" lon="-92.51843">
        <ele>326.5</ele>
      </trkpt>
      <trkpt lat="44.05884" lon="-92.51832">
        <ele>326.7</ele>
      </trkpt>
      <trkpt lat="44.05882" lon="-92.5182">
        <ele>326.8</ele>
      </trkpt>
      <trkpt lat="44.05874" lon="-92.51798">
        <ele>327.0</ele>
      </trkpt>
      <trkpt lat="44.05866" lon="-92.51778">
        <ele>327.1</ele>
      </trkpt>
      <trkpt lat="44.05853" lon="-92.51761">
        <ele>327.2</ele>
      </trkpt>
      <trkpt lat="44.05827" lon="-92.51742">
        <ele>327.4</ele>
      </trkpt>
      <trkpt lat="44.05814" lon="-92.51731">
        <ele>327.4</ele>
      </trkpt>
      <trkpt lat="44.05804" lon="-92.51712">
        <ele>327.1</ele>
      </trkpt>
      <trkpt lat="44.05792" lon="-92.51686">
        <ele>326.6</ele>
      </trkpt>
      <trkpt lat="44.05779" lon="-92.51647">
        <ele>327.0</ele>
      </trkpt>
      <trkpt lat="44.05767" lon="-92.51611">
        <ele>327.3</ele>
      </trkpt>
      <trkpt lat="44.05738" lon="-92.5156">
        <ele>327.0</ele>
      </trkpt>
      <trkpt lat="44.05722" lon="-92.51538">
        <ele>327.3</ele>
      </trkpt>
      <trkpt lat="44.05701" lon="-92.51519">
        <ele>328.4</ele>
      </trkpt>
      <trkpt lat="44.05688" lon="-92.51511">
        <ele>329.0</ele>
      </trkpt>
      <trkpt lat="44.05674" lon="-92.51497">
        <ele>329.6</ele>
      </trkpt>
      <trkpt lat="44.05668" lon="-92.51488">
        <ele>329.8</ele>
      </trkpt>
      <trkpt lat="44.05656" lon="-92.51469">
        <ele>330.2</ele>
      </trkpt>
      <trkpt lat="44.05649" lon="-92.51452">
        <ele>330.2</ele>
      </trkpt>
      <trkpt lat="44.05645" lon="-92.51436">
        <ele>330.1</ele>
      </trkpt>
      <trkpt lat="44.05638" lon="-92.51394">
        <ele>329.6</ele>
      </trkpt>
      <trkpt lat="44.05635" lon="-92.51382">
        <ele>329.7</ele>
      </trkpt>
      <trkpt lat="44.0563" lon="-92.51372">
        <ele>330.0</ele>
      </trkpt>
      <trkpt lat="44.05624" lon="-92.51365">
        <ele>330.3</ele>
      </trkpt>
      <trkpt lat="44.05616" lon="-92.5136">
        <ele>330.6</ele>
      </trkpt>
      <trkpt lat="44.05612" lon="-92.51359">
        <ele>330.8</ele>
      </trkpt>
      <trkpt lat="44.05557" lon="-92.51359">
        <ele>329.7</ele>
      </trkpt>
      <trkpt lat="44.05502" lon="-92.51359">
        <ele>329.7</ele>
      </trkpt>
      <trkpt lat="44.05446" lon="-92.51361">
        <ele>329.3</ele>
      </trkpt>
      <trkpt lat="44.05435" lon="-92.51361">
        <ele>329.1</ele>
      </trkpt>
      <trkpt lat="44.05426" lon="-92.5136">
        <ele>328.9</ele>
      </trkpt>
      <trkpt lat="44.05419" lon="-92.51357">
        <ele>328.7</ele>
      </trkpt>
      <trkpt lat="44.05413" lon="-92.51351">
        <ele>328.4</ele>
      </trkpt>
      <trkpt lat="44.05378" lon="-92.51313">
        <ele>328.0</ele>
      </trkpt>
      <trkpt lat="44.05334" lon="-92.51266">
        <ele>327.6</ele>
      </trkpt>
      <trkpt lat="44.05328" lon="-92.51262">
        <ele>327.6</ele>
      </trkpt>
      <trkpt lat="44.05258" lon="-92.51246">
        <ele>327.1</ele>
      </trkpt>
      <trkpt lat="44.0525" lon="-92.51244">
        <ele>327.0</ele>
      </trkpt>
      <trkpt lat="44.05244" lon="-92.5124">
        <ele>327.0</ele>
      </trkpt>
      <trkpt lat="44.05228" lon="-92.51224">
        <ele>326.9</ele>
      </trkpt>
      <trkpt lat="44.05191" lon="-92.51186">
        <ele>326.5</ele>
      </trkpt>
      <trkpt lat="44.05155" lon="-92.51147">
        <ele>326.2</ele>
      </trkpt>
      <trkpt lat="44.05137" lon="-92.51127">
        <ele>326.1</ele>
      </trkpt>
      <trkpt lat="44.05125" lon="-92.5112">
        <ele>326.2</ele>
      </trkpt>
      <trkpt lat="44.05111" lon="-92.51115">
        <ele>326.2</ele>
      </trkpt>
      <trkpt lat="44.05056" lon="-92.51056">
        <ele>324.3</ele>
      </trkpt>
      <trkpt lat="44.05" lon="-92.50996">
        <ele>324.4</ele>
      </trkpt>
      <trkpt lat="44.04945" lon="-92.50937">
        <ele>325.4</ele>
      </trkpt>
      <trkpt lat="44.0489" lon="-92.50877">
        <ele>325.3</ele>
      </trkpt>
      <trkpt lat="44.04826" lon="-92.50811">
        <ele>323.7</ele>
      </trkpt>
      <trkpt lat="44.04762" lon="-92.50744">
        <ele>321.9</ele>
      </trkpt>
      <trkpt lat="44.04698" lon="-92.50678">
        <ele>320.1</ele>
      </trkpt>
      <trkpt lat="44.04633" lon="-92.50603">
        <ele>320.0</ele>
      </trkpt>
      <trkpt lat="44.04583" lon="-92.50551">
        <ele>320.6</ele>
      </trkpt>
      <trkpt lat="44.04533" lon="-92.50499">
        <ele>320.8</ele>
      </trkpt>
      <trkpt lat="44.04483" lon="-92.50447">
        <ele>320.3</ele>
      </trkpt>
      <trkpt lat="44.04434" lon="-92.50396">
        <ele>319.0</ele>
      </trkpt>
      <trkpt lat="44.04386" lon="-92.50344">
        <ele>317.4</ele>
      </trkpt>
      <trkpt lat="44.04381" lon="-92.50337">
        <ele>317.3</ele>
      </trkpt>
      <trkpt lat="44.04378" lon="-92.50326">
        <ele>317.1</ele>
      </trkpt>
      <trkpt lat="44.04377" lon="-92.50314">
        <ele>317.0</ele>
      </trkpt>
      <trkpt lat="44.04376" lon="-92.50286">
        <ele>316.9</ele>
      </trkpt>
      <trkpt lat="44.04367" lon="-92.50273">
        <ele>317.0</ele>
      </trkpt>
      <trkpt lat="44.04361" lon="-92.50262">
        <ele>317.0</ele>
      </trkpt>
      <trkpt lat="44.04352" lon="-92.50244">
        <ele>316.9</ele>
      </trkpt>
      <trkpt lat="44.04341" lon="-92.50228">
        <ele>316.2</ele>
      </trkpt>
      <trkpt lat="44.04332" lon="-92.50238">
        <ele>315.6</ele>
      </trkpt>
      <trkpt lat="44.04313" lon="-92.50246">
        <ele>315.4</ele>
      </trkpt>
      <trkpt lat="44.04302" lon="-92.50247">
        <ele>315.6</ele>
      </trkpt>
      <trkpt lat="44.04294" lon="-92.50242">
        <ele>315.8</ele>
      </trkpt>
      <trkpt lat="44.04259" lon="-92.50207">
        <ele>316.5</ele>
      </trkpt>
      <trkpt lat="44.04191" lon="-92.50135">
        <ele>316.6</ele>
      </trkpt>
      <trkpt lat="44.04124" lon="-92.50063">
        <ele>314.2</ele>
      </trkpt>
      <trkpt lat="44.04057" lon="-92.49992">
        <ele>313.8</ele>
      </trkpt>
      <trkpt lat="44.0399" lon="-92.4992">
        <ele>312.5</ele>
      </trkpt>
      <trkpt lat="44.03925" lon="-92.49851">
        <ele>311.3</ele>
      </trkpt>
      <trkpt lat="44.0386" lon="-92.49781">
        <ele>310.9</ele>
      </trkpt>
      <trkpt lat="44.03796" lon="-92.49712">
        <ele>309.7</ele>
      </trkpt>
      <trkpt lat="44.03735" lon="-92.49649">
        <ele>308.7</ele>
      </trkpt>
      <trkpt lat="44.03674" lon="-92.49587">
        <ele>308.1</ele>
      </trkpt>
      <trkpt lat="44.03626" lon="-92.49534">
        <ele>307.7</ele>
      </trkpt>
      <trkpt lat="44.03578" lon="-92.49481">
        <ele>307.5</ele>
      </trkpt>
      <trkpt lat="44.03522" lon="-92.49423">
        <ele>307.2</ele>
      </trkpt>
      <trkpt lat="44.03474" lon="-92.49374">
        <ele>307.0</ele>
      </trkpt>
      <trkpt lat="44.0347" lon="-92.49368">
        <ele>307.0</ele>
      </trkpt>
      <trkpt lat="44.03465" lon="-92.49366">
        <ele>307.0</ele>
      </trkpt>
      <trkpt lat="44.0346" lon="-92.49364">
        <ele>307.0</ele>
      </trkpt>
      <trkpt lat="44.03455" lon="-92.49363">
        <ele>306.9</ele>
      </trkpt>
      <trkpt lat="44.0345" lon="-92.49363">
        <ele>306.9</ele>
      </trkpt>
      <trkpt lat="44.03445" lon="-92.49365">
        <ele>306.9</ele>
      </trkpt>
      <trkpt lat="44.03438" lon="-92.49371">
        <ele>306.9</ele>
      </trkpt>
      <trkpt lat="44.03408" lon="-92.49397">
        <ele>306.8</ele>
      </trkpt>
      <trkpt lat="44.03387" lon="-92.49413">
        <ele>306.7</ele>
      </trkpt>
      <trkpt lat="44.03354" lon="-92.49435">
        <ele>306.6</ele>
      </trkpt>
      <trkpt lat="44.03312" lon="-92.49462">
        <ele>306.4</ele>
      </trkpt>
      <trkpt lat="44.03278" lon="-92.49482">
        <ele>306.3</ele>
      </trkpt>
      <trkpt lat="44.03226" lon="-92.49504">
        <ele>306.1</ele>
      </trkpt>
      <trkpt lat="44.03174" lon="-92.49527">
        <ele>305.9</ele>
      </trkpt>
      <trkpt lat="44.03162" lon="-92.49533">
        <ele>305.9</ele>
      </trkpt>
      <trkpt lat="44.03135" lon="-92.49549">
        <ele>305.8</ele>
      </trkpt>
      <trkpt lat="44.03109" lon="-92.49568">
        <ele>305.7</ele>
      </trkpt>
      <trkpt lat="44.03084" lon="-92.49589">
        <ele>305.6</ele>
      </trkpt>
      <trkpt lat="44.03058" lon="-92.49616">
        <ele>305.5</ele>
      </trkpt>
      <trkpt lat="44.03049" lon="-92.49625">
        <ele>305.4</ele>
      </trkpt>
      <trkpt lat="44.03035" lon="-92.496">
        <ele>305.4</ele>
      </trkpt>
      <trkpt lat="44.03027" lon="-92.49567">
        <ele>305.3</ele>
      </trkpt>
      <trkpt lat="44.0302" lon="-92.4952">
        <ele>305.3</ele>
      </trkpt>
      <trkpt lat="44.02999" lon="-92.49479">
        <ele>305.2</ele>
      </trkpt>
      <trkpt lat="44.0299" lon="-92.49456">
        <ele>305.2</ele>
      </trkpt>
      <trkpt lat="44.02979" lon="-92.49437">
        <ele>305.2</ele>
      </trkpt>
      <trkpt lat="44.02968" lon="-92.49424">
        <ele>305.2</ele>
      </trkpt>
      <trkpt lat="44.02962" lon="-92.49418">
        <ele>305.2</ele>
      </trkpt>
      <trkpt lat="44.02972" lon="-92.49371">
        <ele>305.2</ele>
      </trkpt>
      <trkpt lat="44.02975" lon="-92.49363">
        <ele>305.2</ele>
      </trkpt>
      <trkpt lat="44.0298" lon="-92.49354">
        <ele>305.2</ele>
      </trkpt>
      <trkpt lat="44.02986" lon="-92.49347">
        <ele>305.2</ele>
      </trkpt>
      <trkpt lat="44.03012" lon="-92.49329">
        <ele>305.2</ele>
      </trkpt>
      <trkpt lat="44.03023" lon="-92.49318">
        <ele>305.2</ele>
      </trkpt>
      <trkpt lat="44.03038" lon="-92.493">
        <ele>305.2</ele>
      </trkpt>
      <trkpt lat="44.0305" lon="-92.49278">
        <ele>305.2</ele>
      </trkpt>
      <trkpt lat="44.03059" lon="-92.49256">
        <ele>305.2</ele>
      </trkpt>
      <trkpt lat="44.03062" lon="-92.49237">
        <ele>305.2</ele>
      </trkpt>
      <trkpt lat="44.03064" lon="-92.49221">
        <ele>305.2</ele>
      </trkpt>
      <trkpt lat="44.0306" lon="-92.49202">
        <ele>305.2</ele>
      </trkpt>
      <trkpt lat="44.03054" lon="-92.49183">
        <ele>305.2</ele>
      </trkpt>
      <trkpt lat="44.03034" lon="-92.49137">
        <ele>305.2</ele>
      </trkpt>
      <trkpt lat="44.02999" lon="-92.49066">
        <ele>305.2</ele>
      </trkpt>
      <trkpt lat="44.02978" lon="-92.48991">
        <ele>305.1</ele>
      </trkpt>
      <trkpt lat="44.02968" lon="-92.48925">
        <ele>305.1</ele>
      </trkpt>
      <trkpt lat="44.02967" lon="-92.48891">
        <ele>305.1</ele>
      </trkpt>
      <trkpt lat="44.02968" lon="-92.4888">
        <ele>305.0</ele>
      </trkpt>
      <trkpt lat="44.02965" lon="-92.4885">
        <ele>305.0</ele>
      </trkpt>
      <trkpt lat="44.0295" lon="-92.48753">
        <ele>303.9</ele>
      </trkpt>
      <trkpt lat="44.02945" lon="-92.48747">
        <ele>303.6</ele>
      </trkpt>
      <trkpt lat="44.02911" lon="-92.48758">
        <ele>304.4</ele>
      </trkpt>
      <trkpt lat="44.02877" lon="-92.48762">
        <ele>305.1</ele>
      </trkpt>
      <trkpt lat="44.02803" lon="-92.48767">
        <ele>305.4</ele>
      </trkpt>
      <trkpt lat="44.02802" lon="-92.48757">
        <ele>305.4</ele>
      </trkpt>
      <trkpt lat="44.02803" lon="-92.48752">
        <ele>305.4</ele>
      </trkpt>
      <trkpt lat="44.02804" lon="-92.48682">
        <ele>305.0</ele>
      </trkpt>
      <trkpt lat="44.02805" lon="-92.48612">
        <ele>304.5</ele>
      </trkpt>
      <trkpt lat="44.02802" lon="-92.48587">
        <ele>304.0</ele>
      </trkpt>
      <trkpt lat="44.02798" lon="-92.4857">
        <ele>303.6</ele>
      </trkpt>
      <trkpt lat="44.02789" lon="-92.48553">
        <ele>303.3</ele>
      </trkpt>
      <trkpt lat="44.02779" lon="-92.48535">
        <ele>302.9</ele>
      </trkpt>
      <trkpt lat="44.02757" lon="-92.48503">
        <ele>302.3</ele>
      </trkpt>
      <trkpt lat="44.02788" lon="-92.48461">
        <ele>301.5</ele>
      </trkpt>
      <trkpt lat="44.02777" lon="-92.48441">
        <ele>301.5</ele>
      </trkpt>
      <trkpt lat="44.02771" lon="-92.48437">
        <ele>301.6</ele>
      </trkpt>
      <trkpt lat="44.02765" lon="-92.48435">
        <ele>301.5</ele>
      </trkpt>
      <trkpt lat="44.02725" lon="-92.4843">
        <ele>301.6</ele>
      </trkpt>
      <trkpt lat="44.0271" lon="-92.48426">
        <ele>301.6</ele>
      </trkpt>
      <trkpt lat="44.02696" lon="-92.48416">
        <ele>301.6</ele>
      </trkpt>
      <trkpt lat="44.02685" lon="-92.48406">
        <ele>301.6</ele>
      </trkpt>
      <trkpt lat="44.02675" lon="-92.48395">
        <ele>301.6</ele>
      </trkpt>
      <trkpt lat="44.0264" lon="-92.48349">
        <ele>301.6</ele>
      </trkpt>
      <trkpt lat="44.02617" lon="-92.48301">
        <ele>301.5</ele>
      </trkpt>
      <trkpt lat="44.02631" lon="-92.48291">
        <ele>301.5</ele>
      </trkpt>
      <trkpt lat="44.02639" lon="-92.48282">
        <ele>301.5</ele>
      </trkpt>
      <trkpt lat="44.02642" lon="-92.48275">
        <ele>301.5</ele>
      </trkpt>
      <trkpt lat="44.02643" lon="-92.4827">
        <ele>301.5</ele>
      </trkpt>
      <trkpt lat="44.02643" lon="-92.4826">
        <ele>301.5</ele>
      </trkpt>
      <trkpt lat="44.02635" lon="-92.4823">
        <ele>301.6</ele>
      </trkpt>
      <trkpt lat="44.02628" lon="-92.48208">
        <ele>301.6</ele>
      </trkpt>
      <trkpt lat="44.02621" lon="-92.48171">
        <ele>301.5</ele>
      </trkpt>
      <trkpt lat="44.02618" lon="-92.48145">
        <ele>301.5</ele>
      </trkpt>
      <trkpt lat="44.02617" lon="-92.48107">
        <ele>301.6</ele>
      </trkpt>
      <trkpt lat="44.0262" lon="-92.48063">
        <ele>301.7</ele>
      </trkpt>
      <trkpt lat="44.02622" lon="-92.48053">
        <ele>301.7</ele>
      </trkpt>
      <trkpt lat="44.02622" lon="-92.4804">
        <ele>301.7</ele>
      </trkpt>
      <trkpt lat="44.02632" lon="-92.47949">
        <ele>301.7</ele>
      </trkpt>
      <trkpt lat="44.02635" lon="-92.47931">
        <ele>301.7</ele>
      </trkpt>
      <trkpt lat="44.02635" lon="-92.47907">
        <ele>301.8</ele>
      </trkpt>
      <trkpt lat="44.02635" lon="-92.47897">
        <ele>301.9</ele>
      </trkpt>
      <trkpt lat="44.02628" lon="-92.47896">
        <ele>302.0</ele>
      </trkpt>
      <trkpt lat="44.026" lon="-92.47895">
        <ele>302.3</ele>
      </trkpt>
      <trkpt lat="44.0254" lon="-92.47893">
        <ele>303.0</ele>
      </trkpt>
      <trkpt lat="44.02539" lon="-92.47791">
        <ele>303.2</ele>
      </trkpt>
      <trkpt lat="44.02539" lon="-92.47689">
        <ele>304.0</ele>
      </trkpt>
      <trkpt lat="44.02538" lon="-92.47587">
        <ele>304.3</ele>
      </trkpt>
      <trkpt lat="44.02537" lon="-92.47485">
        <ele>304.3</ele>
      </trkpt>
      <trkpt lat="44.02537" lon="-92.47383">
        <ele>304.4</ele>
      </trkpt>
      <trkpt lat="44.02537" lon="-92.47277">
        <ele>305.2</ele>
      </trkpt>
      <trkpt lat="44.02536" lon="-92.4717">
        <ele>305.5</ele>
      </trkpt>
      <trkpt lat="44.02536" lon="-92.47064">
        <ele>306.0</ele>
      </trkpt>
      <trkpt lat="44.02536" lon="-92.46958">
        <ele>306.0</ele>
      </trkpt>
      <trkpt lat="44.02536" lon="-92.46872">
        <ele>305.8</ele>
      </trkpt>
      <trkpt lat="44.02536" lon="-92.46819">
        <ele>305.5</ele>
      </trkpt>
      <trkpt lat="44.02486" lon="-92.46819">
        <ele>305.7</ele>
      </trkpt>
      <trkpt lat="44.0245" lon="-92.4682">
        <ele>305.5</ele>
      </trkpt>
      <trkpt lat="44.02441" lon="-92.46818">
        <ele>305.4</ele>
      </trkpt>
      <trkpt lat="44.02396" lon="-92.46818">
        <ele>305.4</ele>
      </trkpt>
      <trkpt lat="44.02351" lon="-92.46818">
        <ele>305.6</ele>
      </trkpt>
      <trkpt lat="44.0235" lon="-92.46735">
        <ele>304.7</ele>
      </trkpt>
      <trkpt lat="44.02358" lon="-92.46735">
        <ele>304.7</ele>
      </trkpt>
      <trkpt lat="44.02358" lon="-92.46735">
        <ele>304.7</ele>
      </trkpt>
      <trkpt lat="44.02358" lon="-92.46735">
        <ele>304.7</ele>
      </trkpt>
      <trkpt lat="44.0236" lon="-92.4672">
        <ele>304.6</ele>
      </trkpt>
      <trkpt lat="44.02349" lon="-92.46721">
        <ele>304.6</ele>
      </trkpt>
      <trkpt lat="44.02349" lon="-92.46621">
        <ele>304.2</ele>
      </trkpt>
      <trkpt lat="44.02349" lon="-92.46521">
        <ele>303.7</ele>
      </trkpt>
      <trkpt lat="44.02349" lon="-92.46422">
        <ele>303.2</ele>
      </trkpt>
      <trkpt lat="44.02349" lon="-92.46322">
        <ele>302.8</ele>
      </trkpt>
      <trkpt lat="44.02349" lon="-92.46233">
        <ele>302.4</ele>
      </trkpt>
      <trkpt lat="44.02349" lon="-92.46144">
        <ele>302.1</ele>
      </trkpt>
      <trkpt lat="44.02349" lon="-92.46029">
        <ele>301.2</ele>
      </trkpt>
      <trkpt lat="44.02348" lon="-92.45913">
        <ele>299.8</ele>
      </trkpt>
      <trkpt lat="44.02348" lon="-92.45797">
        <ele>300.2</ele>
      </trkpt>
      <trkpt lat="44.02348" lon="-92.45703">
        <ele>300.5</ele>
      </trkpt>
      <trkpt lat="44.02349" lon="-92.45608">
        <ele>300.9</ele>
      </trkpt>
      <trkpt lat="44.02349" lon="-92.45513">
        <ele>303.9</ele>
      </trkpt>
      <trkpt lat="44.02349" lon="-92.4545">
        <ele>305.3</ele>
      </trkpt>
      <trkpt lat="44.02349" lon="-92.45387">
        <ele>306.4</ele>
      </trkpt>
      <trkpt lat="44.02422" lon="-92.45389">
        <ele>306.9</ele>
      </trkpt>
      <trkpt lat="44.02495" lon="-92.45391">
        <ele>306.6</ele>
      </trkpt>
      <trkpt lat="44.02499" lon="-92.45392">
        <ele>306.5</ele>
      </trkpt>
      <trkpt lat="44.02506" lon="-92.45392">
        <ele>306.5</ele>
      </trkpt>
      <trkpt lat="44.02504" lon="-92.45383">
        <ele>306.6</ele>
      </trkpt>
      <trkpt lat="44.025" lon="-92.45325">
        <ele>307.3</ele>
      </trkpt>
      <trkpt lat="44.02493" lon="-92.45271">
        <ele>307.5</ele>
      </trkpt>
      <trkpt lat="44.02489" lon="-92.45231">
        <ele>307.6</ele>
      </trkpt>
      <trkpt lat="44.02481" lon="-92.4512">
        <ele>308.0</ele>
      </trkpt>
      <trkpt lat="44.0248" lon="-92.4511">
        <ele>308.1</ele>
      </trkpt>
      <trkpt lat="44.02462" lon="-92.4511">
        <ele>308.3</ele>
      </trkpt>
      <trkpt lat="44.0246" lon="-92.44998">
        <ele>309.2</ele>
      </trkpt>
      <trkpt lat="44.02462" lon="-92.44978">
        <ele>309.3</ele>
      </trkpt>
      <trkpt lat="44.02462" lon="-92.44951">
        <ele>309.3</ele>
      </trkpt>
      <trkpt lat="44.02462" lon="-92.44833">
        <ele>308.9</ele>
      </trkpt>
      <trkpt lat="44.02466" lon="-92.44746">
        <ele>308.3</ele>
      </trkpt>
      <trkpt lat="44.0247" lon="-92.44688">
        <ele>308.1</ele>
      </trkpt>
      <trkpt lat="44.0248" lon="-92.44607">
        <ele>308.2</ele>
      </trkpt>
      <trkpt lat="44.02481" lon="-92.44564">
        <ele>308.1</ele>
      </trkpt>
      <trkpt lat="44.02495" lon="-92.44479">
        <ele>307.6</ele>
      </trkpt>
      <trkpt lat="44.025" lon="-92.44443">
        <ele>307.1</ele>
      </trkpt>
      <trkpt lat="44.02505" lon="-92.44391">
        <ele>306.6</ele>
      </trkpt>
      <trkpt lat="44.02509" lon="-92.44362">
        <ele>306.3</ele>
      </trkpt>
      <trkpt lat="44.0251" lon="-92.44338">
        <ele>306.1</ele>
      </trkpt>
      <trkpt lat="44.0253" lon="-92.44234">
        <ele>305.7</ele>
      </trkpt>
      <trkpt lat="44.02549" lon="-92.44129">
        <ele>305.5</ele>
      </trkpt>
      <trkpt lat="44.02554" lon="-92.44099">
        <ele>305.5</ele>
      </trkpt>
      <trkpt lat="44.02559" lon="-92.44073">
        <ele>305.6</ele>
      </trkpt>
      <trkpt lat="44.02569" lon="-92.44033">
        <ele>305.5</ele>
      </trkpt>
      <trkpt lat="44.02583" lon="-92.43987">
        <ele>305.3</ele>
      </trkpt>
      <trkpt lat="44.02587" lon="-92.43968">
        <ele>305.2</ele>
      </trkpt>
      <trkpt lat="44.02595" lon="-92.43903">
        <ele>305.1</ele>
      </trkpt>
      <trkpt lat="44.02611" lon="-92.43819">
        <ele>304.9</ele>
      </trkpt>
      <trkpt lat="44.02613" lon="-92.43812">
        <ele>304.9</ele>
      </trkpt>
      <trkpt lat="44.02616" lon="-92.43807">
        <ele>304.8</ele>
      </trkpt>
      <trkpt lat="44.0263" lon="-92.43806">
        <ele>304.8</ele>
      </trkpt>
      <trkpt lat="44.02641" lon="-92.43811">
        <ele>304.7</ele>
      </trkpt>
      <trkpt lat="44.02664" lon="-92.4382">
        <ele>304.7</ele>
      </trkpt>
      <trkpt lat="44.02677" lon="-92.43815">
        <ele>304.8</ele>
      </trkpt>
      <trkpt lat="44.02684" lon="-92.43809">
        <ele>304.9</ele>
      </trkpt>
      <trkpt lat="44.02691" lon="-92.43802">
        <ele>305.0</ele>
      </trkpt>
      <trkpt lat="44.02704" lon="-92.4378">
        <ele>305.0</ele>
      </trkpt>
      <trkpt lat="44.02715" lon="-92.43769">
        <ele>304.8</ele>
      </trkpt>
      <trkpt lat="44.02773" lon="-92.43723">
        <ele>307.1</ele>
      </trkpt>
      <trkpt lat="44.02761" lon="-92.43698">
        <ele>306.9</ele>
      </trkpt>
      <trkpt lat="44.02733" lon="-92.43645">
        <ele>306.1</ele>
      </trkpt>
      <trkpt lat="44.02719" lon="-92.43607">
        <ele>305.6</ele>
      </trkpt>
      <trkpt lat="44.02713" lon="-92.43581">
        <ele>305.5</ele>
      </trkpt>
      <trkpt lat="44.02715" lon="-92.43568">
        <ele>305.6</ele>
      </trkpt>
      <trkpt lat="44.02718" lon="-92.43557">
        <ele>305.7</ele>
      </trkpt>
      <trkpt lat="44.02732" lon="-92.43542">
        <ele>306.7</ele>
      </trkpt>
      <trkpt lat="44.02739" lon="-92.43529">
        <ele>307.2</ele>
      </trkpt>
      <trkpt lat="44.02752" lon="-92.43519">
        <ele>308.3</ele>
      </trkpt>
      <trkpt lat="44.0276" lon="-92.43508">
        <ele>309.0</ele>
      </trkpt>
      <trkpt lat="44.02777" lon="-92.43479">
        <ele>310.9</ele>
      </trkpt>
      <trkpt lat="44.02788" lon="-92.43451">
        <ele>312.2</ele>
      </trkpt>
      <trkpt lat="44.02794" lon="-92.43427">
        <ele>312.8</ele>
      </trkpt>
      <trkpt lat="44.02815" lon="-92.43358">
        <ele>313.5</ele>
      </trkpt>
      <trkpt lat="44.02827" lon="-92.43331">
        <ele>314.0</ele>
      </trkpt>
      <trkpt lat="44.02877" lon="-92.43265">
        <ele>314.7</ele>
      </trkpt>
      <trkpt lat="44.02889" lon="-92.4325">
        <ele>314.3</ele>
      </trkpt>
      <trkpt lat="44.02904" lon="-92.43233">
        <ele>313.7</ele>
      </trkpt>
      <trkpt lat="44.02911" lon="-92.43232">
        <ele>314.1</ele>
      </trkpt>
      <trkpt lat="44.02966" lon="-92.43236">
        <ele>315.3</ele>
      </trkpt>
      <trkpt lat="44.02989" lon="-92.43235">
        <ele>315.2</ele>
      </trkpt>
      <trkpt lat="44.03017" lon="-92.43247">
        <ele>316.3</ele>
      </trkpt>
      <trkpt lat="44.0304" lon="-92.43247">
        <ele>316.5</ele>
      </trkpt>
      <trkpt lat="44.03058" lon="-92.43242">
        <ele>316.0</ele>
      </trkpt>
      <trkpt lat="44.03068" lon="-92.43237">
        <ele>315.6</ele>
      </trkpt>
      <trkpt lat="44.03086" lon="-92.43232">
        <ele>315.3</ele>
      </trkpt>
      <trkpt lat="44.03094" lon="-92.43232">
        <ele>315.3</ele>
      </trkpt>
      <trkpt lat="44.03108" lon="-92.43239">
        <ele>315.6</ele>
      </trkpt>
      <trkpt lat="44.03127" lon="-92.43255">
        <ele>316.3</ele>
      </trkpt>
      <trkpt lat="44.03151" lon="-92.43267">
        <ele>317.1</ele>
      </trkpt>
      <trkpt lat="44.03213" lon="-92.43288">
        <ele>322.5</ele>
      </trkpt>
      <trkpt lat="44.03246" lon="-92.43288">
        <ele>323.5</ele>
      </trkpt>
      <trkpt lat="44.03271" lon="-92.43284">
        <ele>323.3</ele>
      </trkpt>
      <trkpt lat="44.0332" lon="-92.43283">
        <ele>325.1</ele>
      </trkpt>
      <trkpt lat="44.03369" lon="-92.43282">
        <ele>327.0</ele>
      </trkpt>
      <trkpt lat="44.03412" lon="-92.4329">
        <ele>329.1</ele>
      </trkpt>
      <trkpt lat="44.03463" lon="-92.43291">
        <ele>327.1</ele>
      </trkpt>
      <trkpt lat="44.03502" lon="-92.43299">
        <ele>325.8</ele>
      </trkpt>
      <trkpt lat="44.0352" lon="-92.43298">
        <ele>325.8</ele>
      </trkpt>
      <trkpt lat="44.03555" lon="-92.43282">
        <ele>325.0</ele>
      </trkpt>
      <trkpt lat="44.03587" lon="-92.43271">
        <ele>324.3</ele>
      </trkpt>
      <trkpt lat="44.03642" lon="-92.4326">
        <ele>324.1</ele>
      </trkpt>
      <trkpt lat="44.03678" lon="-92.43253">
        <ele>326.2</ele>
      </trkpt>
      <trkpt lat="44.03694" lon="-92.43252">
        <ele>328.3</ele>
      </trkpt>
      <trkpt lat="44.03706" lon="-92.43243">
        <ele>328.0</ele>
      </trkpt>
      <trkpt lat="44.03751" lon="-92.43189">
        <ele>325.8</ele>
      </trkpt>
      <trkpt lat="44.03758" lon="-92.43175">
        <ele>326.2</ele>
      </trkpt>
      <trkpt lat="44.03775" lon="-92.4313">
        <ele>328.3</ele>
      </trkpt>
      <trkpt lat="44.0379" lon="-92.4311">
        <ele>329.8</ele>
      </trkpt>
      <trkpt lat="44.03827" lon="-92.43067">
        <ele>329.6</ele>
      </trkpt>
      <trkpt lat="44.03846" lon="-92.43049">
        <ele>329.6</ele>
      </trkpt>
      <trkpt lat="44.0387" lon="-92.43037">
        <ele>329.9</ele>
      </trkpt>
      <trkpt lat="44.03906" lon="-92.43028">
        <ele>330.8</ele>
      </trkpt>
      <trkpt lat="44.03913" lon="-92.43016">
        <ele>330.3</ele>
      </trkpt>
      <trkpt lat="44.03923" lon="-92.43002">
        <ele>330.1</ele>
      </trkpt>
      <trkpt lat="44.03944" lon="-92.42992">
        <ele>330.4</ele>
      </trkpt>
      <trkpt lat="44.03965" lon="-92.4299">
        <ele>330.5</ele>
      </trkpt>
      <trkpt lat="44.03981" lon="-92.4299">
        <ele>330.2</ele>
      </trkpt>
      <trkpt lat="44.03986" lon="-92.42993">
        <ele>330.1</ele>
      </trkpt>
      <trkpt lat="44.03998" lon="-92.43004">
        <ele>330.5</ele>
      </trkpt>
      <trkpt lat="44.04015" lon="-92.43013">
        <ele>331.8</ele>
      </trkpt>
      <trkpt lat="44.04049" lon="-92.4303">
        <ele>334.3</ele>
      </trkpt>
      <trkpt lat="44.04091" lon="-92.43047">
        <ele>335.0</ele>
      </trkpt>
      <trkpt lat="44.04113" lon="-92.43062">
        <ele>335.3</ele>
      </trkpt>
      <trkpt lat="44.0414" lon="-92.43086">
        <ele>335.6</ele>
      </trkpt>
      <trkpt lat="44.04155" lon="-92.43107">
        <ele>337.4</ele>
      </trkpt>
      <trkpt lat="44.04169" lon="-92.43132">
        <ele>340.6</ele>
      </trkpt>
      <trkpt lat="44.04182" lon="-92.43138">
        <ele>341.0</ele>
      </trkpt>
      <trkpt lat="44.04198" lon="-92.43135">
        <ele>340.9</ele>
      </trkpt>
      <trkpt lat="44.04208" lon="-92.43122">
        <ele>341.4</ele>
      </trkpt>
      <trkpt lat="44.04213" lon="-92.43106">
        <ele>341.8</ele>
      </trkpt>
      <trkpt lat="44.04223" lon="-92.43091">
        <ele>342.6</ele>
      </trkpt>
      <trkpt lat="44.04239" lon="-92.43073">
        <ele>343.0</ele>
      </trkpt>
      <trkpt lat="44.0425" lon="-92.43066">
        <ele>343.9</ele>
      </trkpt>
      <trkpt lat="44.04262" lon="-92.43064">
        <ele>345.4</ele>
      </trkpt>
      <trkpt lat="44.04271" lon="-92.43064">
        <ele>346.3</ele>
      </trkpt>
      <trkpt lat="44.04282" lon="-92.43068">
        <ele>347.1</ele>
      </trkpt>
      <trkpt lat="44.04293" lon="-92.43076">
        <ele>347.8</ele>
      </trkpt>
      <trkpt lat="44.04306" lon="-92.4309">
        <ele>348.6</ele>
      </trkpt>
      <trkpt lat="44.04316" lon="-92.43106">
        <ele>349.7</ele>
      </trkpt>
      <trkpt lat="44.04322" lon="-92.4312">
        <ele>350.8</ele>
      </trkpt>
      <trkpt lat="44.04332" lon="-92.43134">
        <ele>351.3</ele>
      </trkpt>
      <trkpt lat="44.04345" lon="-92.43149">
        <ele>352.1</ele>
      </trkpt>
      <trkpt lat="44.04358" lon="-92.43149">
        <ele>352.3</ele>
      </trkpt>
      <trkpt lat="44.04365" lon="-92.43142">
        <ele>352.0</ele>
      </trkpt>
      <trkpt lat="44.04375" lon="-92.43121">
        <ele>351.4</ele>
      </trkpt>
      <trkpt lat="44.04384" lon="-92.43097">
        <ele>351.8</ele>
      </trkpt>
      <trkpt lat="44.04388" lon="-92.4309">
        <ele>352.5</ele>
      </trkpt>
      <trkpt lat="44.04396" lon="-92.43082">
        <ele>353.9</ele>
      </trkpt>
      <trkpt lat="44.04407" lon="-92.43078">
        <ele>355.3</ele>
      </trkpt>
      <trkpt lat="44.04465" lon="-92.4305">
        <ele>361.3</ele>
      </trkpt>
      <trkpt lat="44.04475" lon="-92.43049">
        <ele>362.0</ele>
      </trkpt>
      <trkpt lat="44.04482" lon="-92.43049">
        <ele>362.4</ele>
      </trkpt>
      <trkpt lat="44.04492" lon="-92.4306">
        <ele>362.3</ele>
      </trkpt>
      <trkpt lat="44.04499" lon="-92.43078">
        <ele>362.0</ele>
      </trkpt>
      <trkpt lat="44.04497" lon="-92.43106">
        <ele>361.7</ele>
      </trkpt>
      <trkpt lat="44.04498" lon="-92.43132">
        <ele>362.4</ele>
      </trkpt>
      <trkpt lat="44.04509" lon="-92.43151">
        <ele>363.8</ele>
      </trkpt>
      <trkpt lat="44.04517" lon="-92.43156">
        <ele>364.8</ele>
      </trkpt>
      <trkpt lat="44.04526" lon="-92.43157">
        <ele>365.9</ele>
      </trkpt>
      <trkpt lat="44.04533" lon="-92.43155">
        <ele>366.8</ele>
      </trkpt>
      <trkpt lat="44.04573" lon="-92.43112">
        <ele>368.4</ele>
      </trkpt>
      <trkpt lat="44.04581" lon="-92.4311">
        <ele>369.1</ele>
      </trkpt>
      <trkpt lat="44.04594" lon="-92.4311">
        <ele>370.2</ele>
      </trkpt>
      <trkpt lat="44.04632" lon="-92.43119">
        <ele>372.2</ele>
      </trkpt>
      <trkpt lat="44.04644" lon="-92.4313">
        <ele>372.6</ele>
      </trkpt>
      <trkpt lat="44.04638" lon="-92.43146">
        <ele>372.7</ele>
      </trkpt>
      <trkpt lat="44.04635" lon="-92.43157">
        <ele>372.8</ele>
      </trkpt>
      <trkpt lat="44.04636" lon="-92.43173">
        <ele>372.9</ele>
      </trkpt>
      <trkpt lat="44.04639" lon="-92.43181">
        <ele>373.0</ele>
      </trkpt>
      <trkpt lat="44.04642" lon="-92.43188">
        <ele>373.1</ele>
      </trkpt>
      <trkpt lat="44.04651" lon="-92.432">
        <ele>373.3</ele>
      </trkpt>
      <trkpt lat="44.04658" lon="-92.43196">
        <ele>373.3</ele>
      </trkpt>
      <trkpt lat="44.04684" lon="-92.43165">
        <ele>373.4</ele>
      </trkpt>
      <trkpt lat="44.04705" lon="-92.43133">
        <ele>373.5</ele>
      </trkpt>
      <trkpt lat="44.04716" lon="-92.43113">
        <ele>373.5</ele>
      </trkpt>
      <trkpt lat="44.04722" lon="-92.43093">
        <ele>373.5</ele>
      </trkpt>
      <trkpt lat="44.04728" lon="-92.43069">
        <ele>373.5</ele>
      </trkpt>
      <trkpt lat="44.04733" lon="-92.43044">
        <ele>373.4</ele>
      </trkpt>
      <trkpt lat="44.04738" lon="-92.4296">
        <ele>373.0</ele>
      </trkpt>
      <trkpt lat="44.04739" lon="-92.4293">
        <ele>372.6</ele>
      </trkpt>
      <trkpt lat="44.04777" lon="-92.42931">
        <ele>372.8</ele>
      </trkpt>
      <trkpt lat="44.0478" lon="-92.42889">
        <ele>371.9</ele>
      </trkpt>
      <trkpt lat="44.04782" lon="-92.42874">
        <ele>371.6</ele>
      </trkpt>
      <trkpt lat="44.04783" lon="-92.42867">
        <ele>371.4</ele>
      </trkpt>
      <trkpt lat="44.04793" lon="-92.42839">
        <ele>371.7</ele>
      </trkpt>
      <trkpt lat="44.04794" lon="-92.42831">
        <ele>371.8</ele>
      </trkpt>
      <trkpt lat="44.04797" lon="-92.42731">
        <ele>372.7</ele>
      </trkpt>
      <trkpt lat="44.048" lon="-92.42632">
        <ele>373.8</ele>
      </trkpt>
      <trkpt lat="44.04802" lon="-92.4252">
        <ele>375.2</ele>
      </trkpt>
      <trkpt lat="44.04802" lon="-92.425">
        <ele>375.4</ele>
      </trkpt>
      <trkpt lat="44.04801" lon="-92.42406">
        <ele>375.5</ele>
      </trkpt>
      <trkpt lat="44.04801" lon="-92.42312">
        <ele>374.6</ele>
      </trkpt>
      <trkpt lat="44.048" lon="-92.42217">
        <ele>374.3</ele>
      </trkpt>
      <trkpt lat="44.04798" lon="-92.4218">
        <ele>374.4</ele>
      </trkpt>
      <trkpt lat="44.04797" lon="-92.42115">
        <ele>374.7</ele>
      </trkpt>
      <trkpt lat="44.04796" lon="-92.42051">
        <ele>375.2</ele>
      </trkpt>
      <trkpt lat="44.04798" lon="-92.41975">
        <ele>376.3</ele>
      </trkpt>
      <trkpt lat="44.04801" lon="-92.41945">
        <ele>377.0</ele>
      </trkpt>
      <trkpt lat="44.04783" lon="-92.41946">
        <ele>376.9</ele>
      </trkpt>
      <trkpt lat="44.04768" lon="-92.41944">
        <ele>376.9</ele>
      </trkpt>
      <trkpt lat="44.04756" lon="-92.41944">
        <ele>376.8</ele>
      </trkpt>
      <trkpt lat="44.04757" lon="-92.41898">
        <ele>377.4</ele>
      </trkpt>
      <trkpt lat="44.04759" lon="-92.41865">
        <ele>377.7</ele>
      </trkpt>
      <trkpt lat="44.04764" lon="-92.41815">
        <ele>378.2</ele>
      </trkpt>
      <trkpt lat="44.04773" lon="-92.41741">
        <ele>378.9</ele>
      </trkpt>
      <trkpt lat="44.04785" lon="-92.41667">
        <ele>379.4</ele>
      </trkpt>
      <trkpt lat="44.04804" lon="-92.41567">
        <ele>380.2</ele>
      </trkpt>
      <trkpt lat="44.04823" lon="-92.41466">
        <ele>381.4</ele>
      </trkpt>
      <trkpt lat="44.04832" lon="-92.41411">
        <ele>381.8</ele>
      </trkpt>
      <trkpt lat="44.04844" lon="-92.41352">
        <ele>380.8</ele>
      </trkpt>
      <trkpt lat="44.04851" lon="-92.41324">
        <ele>380.0</ele>
      </trkpt>
      <trkpt lat="44.04854" lon="-92.41301">
        <ele>379.3</ele>
      </trkpt>
      <trkpt lat="44.04855" lon="-92.41289">
        <ele>379.0</ele>
      </trkpt>
      <trkpt lat="44.04862" lon="-92.41258">
        <ele>378.1</ele>
      </trkpt>
      <trkpt lat="44.04878" lon="-92.41169">
        <ele>378.5</ele>
      </trkpt>
      <trkpt lat="44.0489" lon="-92.41097">
        <ele>380.1</ele>
      </trkpt>
      <trkpt lat="44.04903" lon="-92.41026">
        <ele>381.6</ele>
      </trkpt>
      <trkpt lat="44.04913" lon="-92.4097">
        <ele>382.9</ele>
      </trkpt>
      <trkpt lat="44.04933" lon="-92.40894">
        <ele>383.7</ele>
      </trkpt>
      <trkpt lat="44.04937" lon="-92.40875">
        <ele>383.8</ele>
      </trkpt>
      <trkpt lat="44.04949" lon="-92.40882">
        <ele>384.0</ele>
      </trkpt>
      <trkpt lat="44.04967" lon="-92.40791">
        <ele>384.2</ele>
      </trkpt>
      <trkpt lat="44.04982" lon="-92.40729">
        <ele>384.4</ele>
      </trkpt>
      <trkpt lat="44.04997" lon="-92.40667">
        <ele>384.4</ele>
      </trkpt>
      <trkpt lat="44.05009" lon="-92.40625">
        <ele>384.4</ele>
      </trkpt>
      <trkpt lat="44.05021" lon="-92.4056">
        <ele>384.5</ele>
      </trkpt>
      <trkpt lat="44.05042" lon="-92.40448">
        <ele>384.1</ele>
      </trkpt>
      <trkpt lat="44.05062" lon="-92.40336">
        <ele>384.5</ele>
      </trkpt>
      <trkpt lat="44.05083" lon="-92.40225">
        <ele>384.8</ele>
      </trkpt>
      <trkpt lat="44.05103" lon="-92.40113">
        <ele>384.8</ele>
      </trkpt>
      <trkpt lat="44.05124" lon="-92.40001">
        <ele>385.0</ele>
      </trkpt>
      <trkpt lat="44.05145" lon="-92.39889">
        <ele>384.7</ele>
      </trkpt>
      <trkpt lat="44.05162" lon="-92.39792">
        <ele>383.8</ele>
      </trkpt>
      <trkpt lat="44.0518" lon="-92.39695">
        <ele>384.0</ele>
      </trkpt>
      <trkpt lat="44.05197" lon="-92.39597">
        <ele>383.7</ele>
      </trkpt>
      <trkpt lat="44.0521" lon="-92.39549">
        <ele>383.4</ele>
      </trkpt>
      <trkpt lat="44.0522" lon="-92.39519">
        <ele>382.8</ele>
      </trkpt>
      <trkpt lat="44.05236" lon="-92.39488">
        <ele>382.4</ele>
      </trkpt>
      <trkpt lat="44.05254" lon="-92.39461">
        <ele>382.2</ele>
      </trkpt>
      <trkpt lat="44.05273" lon="-92.3944">
        <ele>382.1</ele>
      </trkpt>
      <trkpt lat="44.05292" lon="-92.39422">
        <ele>382.1</ele>
      </trkpt>
      <trkpt lat="44.05312" lon="-92.39408">
        <ele>382.2</ele>
      </trkpt>
      <trkpt lat="44.05336" lon="-92.39397">
        <ele>382.2</ele>
      </trkpt>
      <trkpt lat="44.05362" lon="-92.39389">
        <ele>382.2</ele>
      </trkpt>
      <trkpt lat="44.05387" lon="-92.39386">
        <ele>382.2</ele>
      </trkpt>
      <trkpt lat="44.05461" lon="-92.39386">
        <ele>381.6</ele>
      </trkpt>
      <trkpt lat="44.05534" lon="-92.39387">
        <ele>380.5</ele>
      </trkpt>
      <trkpt lat="44.05556" lon="-92.39385">
        <ele>380.1</ele>
      </trkpt>
      <trkpt lat="44.05577" lon="-92.3938">
        <ele>379.7</ele>
      </trkpt>
      <trkpt lat="44.05597" lon="-92.39372">
        <ele>379.4</ele>
      </trkpt>
      <trkpt lat="44.05617" lon="-92.39361">
        <ele>379.5</ele>
      </trkpt>
      <trkpt lat="44.05636" lon="-92.39348">
        <ele>379.5</ele>
      </trkpt>
      <trkpt lat="44.05655" lon="-92.3933">
        <ele>379.5</ele>
      </trkpt>
      <trkpt lat="44.05676" lon="-92.39305">
        <ele>379.4</ele>
      </trkpt>
      <trkpt lat="44.05694" lon="-92.39275">
        <ele>379.3</ele>
      </trkpt>
      <trkpt lat="44.05709" lon="-92.39238">
        <ele>379.4</ele>
      </trkpt>
      <trkpt lat="44.05722" lon="-92.39196">
        <ele>379.3</ele>
      </trkpt>
      <trkpt lat="44.05728" lon="-92.39159">
        <ele>379.4</ele>
      </trkpt>
      <trkpt lat="44.05731" lon="-92.39117">
        <ele>379.5</ele>
      </trkpt>
      <trkpt lat="44.05731" lon="-92.39012">
        <ele>379.4</ele>
      </trkpt>
      <trkpt lat="44.05731" lon="-92.38906">
        <ele>379.3</ele>
      </trkpt>
      <trkpt lat="44.0573" lon="-92.38821">
        <ele>379.3</ele>
      </trkpt>
      <trkpt lat="44.05729" lon="-92.38736">
        <ele>379.3</ele>
      </trkpt>
      <trkpt lat="44.05728" lon="-92.38651">
        <ele>379.5</ele>
      </trkpt>
      <trkpt lat="44.05728" lon="-92.38536">
        <ele>379.6</ele>
      </trkpt>
      <trkpt lat="44.05728" lon="-92.3842">
        <ele>379.6</ele>
      </trkpt>
      <trkpt lat="44.05728" lon="-92.38304">
        <ele>379.9</ele>
      </trkpt>
      <trkpt lat="44.05727" lon="-92.38188">
        <ele>379.9</ele>
      </trkpt>
      <trkpt lat="44.05727" lon="-92.38083">
        <ele>379.7</ele>
      </trkpt>
      <trkpt lat="44.05726" lon="-92.37978">
        <ele>379.6</ele>
      </trkpt>
      <trkpt lat="44.05725" lon="-92.37873">
        <ele>379.6</ele>
      </trkpt>
      <trkpt lat="44.05725" lon="-92.37768">
        <ele>379.8</ele>
      </trkpt>
      <trkpt lat="44.05725" lon="-92.37663">
        <ele>379.9</ele>
      </trkpt>
      <trkpt lat="44.05724" lon="-92.37558">
        <ele>379.7</ele>
      </trkpt>
      <trkpt lat="44.05724" lon="-92.37453">
        <ele>379.2</ele>
      </trkpt>
      <trkpt lat="44.05723" lon="-92.37348">
        <ele>378.9</ele>
      </trkpt>
      <trkpt lat="44.05723" lon="-92.37242">
        <ele>379.3</ele>
      </trkpt>
      <trkpt lat="44.05723" lon="-92.37147">
        <ele>379.8</ele>
      </trkpt>
      <trkpt lat="44.05725" lon="-92.37123">
        <ele>380.0</ele>
      </trkpt>
      <trkpt lat="44.05728" lon="-92.371">
        <ele>380.1</ele>
      </trkpt>
      <trkpt lat="44.05732" lon="-92.37082">
        <ele>380.1</ele>
      </trkpt>
      <trkpt lat="44.05742" lon="-92.37047">
        <ele>380.2</ele>
      </trkpt>
      <trkpt lat="44.05757" lon="-92.37013">
        <ele>380.2</ele>
      </trkpt>
      <trkpt lat="44.05766" lon="-92.36994">
        <ele>380.3</ele>
      </trkpt>
      <trkpt lat="44.0578" lon="-92.36972">
        <ele>380.3</ele>
      </trkpt>
      <trkpt lat="44.05791" lon="-92.36958">
        <ele>380.3</ele>
      </trkpt>
      <trkpt lat="44.05811" lon="-92.36938">
        <ele>380.4</ele>
      </trkpt>
      <trkpt lat="44.05834" lon="-92.3692">
        <ele>380.4</ele>
      </trkpt>
      <trkpt lat="44.05857" lon="-92.36906">
        <ele>380.3</ele>
      </trkpt>
      <trkpt lat="44.0588" lon="-92.36897">
        <ele>380.3</ele>
      </trkpt>
      <trkpt lat="44.059" lon="-92.36892">
        <ele>380.4</ele>
      </trkpt>
      <trkpt lat="44.05924" lon="-92.3689">
        <ele>380.3</ele>
      </trkpt>
      <trkpt lat="44.06009" lon="-92.3689">
        <ele>380.2</ele>
      </trkpt>
      <trkpt lat="44.06094" lon="-92.36889">
        <ele>380.6</ele>
      </trkpt>
      <trkpt lat="44.06155" lon="-92.3689">
        <ele>381.1</ele>
      </trkpt>
      <trkpt lat="44.0618" lon="-92.36889">
        <ele>381.4</ele>
      </trkpt>
      <trkpt lat="44.06208" lon="-92.36883">
        <ele>381.7</ele>
      </trkpt>
      <trkpt lat="44.0623" lon="-92.36877">
        <ele>382.0</ele>
      </trkpt>
      <trkpt lat="44.06262" lon="-92.36862">
        <ele>382.3</ele>
      </trkpt>
      <trkpt lat="44.06284" lon="-92.36848">
        <ele>382.5</ele>
      </trkpt>
      <trkpt lat="44.06306" lon="-92.36831">
        <ele>382.8</ele>
      </trkpt>
      <trkpt lat="44.0632" lon="-92.36819">
        <ele>383.0</ele>
      </trkpt>
      <trkpt lat="44.06331" lon="-92.36807">
        <ele>383.1</ele>
      </trkpt>
      <trkpt lat="44.06352" lon="-92.36781">
        <ele>383.4</ele>
      </trkpt>
      <trkpt lat="44.06373" lon="-92.3675">
        <ele>383.6</ele>
      </trkpt>
      <trkpt lat="44.06392" lon="-92.36717">
        <ele>384.0</ele>
      </trkpt>
      <trkpt lat="44.06407" lon="-92.36682">
        <ele>384.4</ele>
      </trkpt>
      <trkpt lat="44.06422" lon="-92.36639">
        <ele>384.8</ele>
      </trkpt>
      <trkpt lat="44.06434" lon="-92.36589">
        <ele>385.1</ele>
      </trkpt>
      <trkpt lat="44.06439" lon="-92.36556">
        <ele>385.2</ele>
      </trkpt>
      <trkpt lat="44.06443" lon="-92.36518">
        <ele>385.3</ele>
      </trkpt>
      <trkpt lat="44.06444" lon="-92.36467">
        <ele>385.4</ele>
      </trkpt>
      <trkpt lat="44.06443" lon="-92.36354">
        <ele>385.2</ele>
      </trkpt>
      <trkpt lat="44.06443" lon="-92.3624">
        <ele>384.9</ele>
      </trkpt>
      <trkpt lat="44.06442" lon="-92.36127">
        <ele>385.9</ele>
      </trkpt>
      <trkpt lat="44.06442" lon="-92.36013">
        <ele>386.0</ele>
      </trkpt>
      <trkpt lat="44.06441" lon="-92.359">
        <ele>385.5</ele>
      </trkpt>
      <trkpt lat="44.06441" lon="-92.35786">
        <ele>384.9</ele>
      </trkpt>
      <trkpt lat="44.06441" lon="-92.35673">
        <ele>383.9</ele>
      </trkpt>
      <trkpt lat="44.0644" lon="-92.35559">
        <ele>380.8</ele>
      </trkpt>
      <trkpt lat="44.0644" lon="-92.35446">
        <ele>378.5</ele>
      </trkpt>
      <trkpt lat="44.06439" lon="-92.35332">
        <ele>377.6</ele>
      </trkpt>
      <trkpt lat="44.06439" lon="-92.35212">
        <ele>377.8</ele>
      </trkpt>
      <trkpt lat="44.06439" lon="-92.35091">
        <ele>380.9</ele>
      </trkpt>
      <trkpt lat="44.06439" lon="-92.34971">
        <ele>384.2</ele>
      </trkpt>
      <trkpt lat="44.06439" lon="-92.3485">
        <ele>384.4</ele>
      </trkpt>
      <trkpt lat="44.06439" lon="-92.3473">
        <ele>384.7</ele>
      </trkpt>
      <trkpt lat="44.06439" lon="-92.34609">
        <ele>384.3</ele>
      </trkpt>
      <trkpt lat="44.06439" lon="-92.34489">
        <ele>384.6</ele>
      </trkpt>
      <trkpt lat="44.06439" lon="-92.34368">
        <ele>387.4</ele>
      </trkpt>
      <trkpt lat="44.06439" lon="-92.34248">
        <ele>388.6</ele>
      </trkpt>
      <trkpt lat="44.06439" lon="-92.34128">
        <ele>389.2</ele>
      </trkpt>
      <trkpt lat="44.06439" lon="-92.34007">
        <ele>389.7</ele>
      </trkpt>
      <trkpt lat="44.0644" lon="-92.33887">
        <ele>390.1</ele>
      </trkpt>
      <trkpt lat="44.0644" lon="-92.33762">
        <ele>390.7</ele>
      </trkpt>
      <trkpt lat="44.0644" lon="-92.33637">
        <ele>391.4</ele>
      </trkpt>
      <trkpt lat="44.0644" lon="-92.33513">
        <ele>391.9</ele>
      </trkpt>
      <trkpt lat="44.0644" lon="-92.33388">
        <ele>392.1</ele>
      </trkpt>
      <trkpt lat="44.0644" lon="-92.33264">
        <ele>391.7</ele>
      </trkpt>
      <trkpt lat="44.0644" lon="-92.33139">
        <ele>390.9</ele>
      </trkpt>
      <trkpt lat="44.0644" lon="-92.33014">
        <ele>389.8</ele>
      </trkpt>
      <trkpt lat="44.0644" lon="-92.3289">
        <ele>388.8</ele>
      </trkpt>
      <trkpt lat="44.0644" lon="-92.32765">
        <ele>389.7</ele>
      </trkpt>
      <trkpt lat="44.06441" lon="-92.32641">
        <ele>390.3</ele>
      </trkpt>
      <trkpt lat="44.06441" lon="-92.32516">
        <ele>388.2</ele>
      </trkpt>
      <trkpt lat="44.06441" lon="-92.32392">
        <ele>384.7</ele>
      </trkpt>
      <trkpt lat="44.06441" lon="-92.32267">
        <ele>383.3</ele>
      </trkpt>
      <trkpt lat="44.06441" lon="-92.32142">
        <ele>383.1</ele>
      </trkpt>
      <trkpt lat="44.06441" lon="-92.32018">
        <ele>382.9</ele>
      </trkpt>
      <trkpt lat="44.06441" lon="-92.31893">
        <ele>382.7</ele>
      </trkpt>
      <trkpt lat="44.06441" lon="-92.31771">
        <ele>385.1</ele>
      </trkpt>
      <trkpt lat="44.06441" lon="-92.31649">
        <ele>389.8</ele>
      </trkpt>
      <trkpt lat="44.06441" lon="-92.31527">
        <ele>389.9</ele>
      </trkpt>
      <trkpt lat="44.06441" lon="-92.31405">
        <ele>390.2</ele>
      </trkpt>
      <trkpt lat="44.0644" lon="-92.31283">
        <ele>390.4</ele>
      </trkpt>
      <trkpt lat="44.0644" lon="-92.31161">
        <ele>389.3</ele>
      </trkpt>
      <trkpt lat="44.0644" lon="-92.31039">
        <ele>387.0</ele>
      </trkpt>
      <trkpt lat="44.0644" lon="-92.30917">
        <ele>384.6</ele>
      </trkpt>
      <trkpt lat="44.0644" lon="-92.30795">
        <ele>380.2</ele>
      </trkpt>
      <trkpt lat="44.0644" lon="-92.30673">
        <ele>375.8</ele>
      </trkpt>
      <trkpt lat="44.0644" lon="-92.30551">
        <ele>370.5</ele>
      </trkpt>
      <trkpt lat="44.06439" lon="-92.30428">
        <ele>365.8</ele>
      </trkpt>
      <trkpt lat="44.06439" lon="-92.30306">
        <ele>366.8</ele>
      </trkpt>
      <trkpt lat="44.06439" lon="-92.30184">
        <ele>371.3</ele>
      </trkpt>
      <trkpt lat="44.06439" lon="-92.30062">
        <ele>375.9</ele>
      </trkpt>
      <trkpt lat="44.06439" lon="-92.2994">
        <ele>380.9</ele>
      </trkpt>
      <trkpt lat="44.06439" lon="-92.29836">
        <ele>384.5</ele>
      </trkpt>
      <trkpt lat="44.06438" lon="-92.29731">
        <ele>385.4</ele>
      </trkpt>
      <trkpt lat="44.06438" lon="-92.29627">
        <ele>380.9</ele>
      </trkpt>
      <trkpt lat="44.06437" lon="-92.29522">
        <ele>382.4</ele>
      </trkpt>
      <trkpt lat="44.06437" lon="-92.29418">
        <ele>385.4</ele>
      </trkpt>
      <trkpt lat="44.06437" lon="-92.29296">
        <ele>387.6</ele>
      </trkpt>
      <trkpt lat="44.06437" lon="-92.29174">
        <ele>389.2</ele>
      </trkpt>
      <trkpt lat="44.06436" lon="-92.29053">
        <ele>388.7</ele>
      </trkpt>
      <trkpt lat="44.06436" lon="-92.28931">
        <ele>386.5</ele>
      </trkpt>
      <trkpt lat="44.06436" lon="-92.2881">
        <ele>384.9</ele>
      </trkpt>
      <trkpt lat="44.06436" lon="-92.28688">
        <ele>381.8</ele>
      </trkpt>
      <trkpt lat="44.06436" lon="-92.28566">
        <ele>375.2</ele>
      </trkpt>
      <trkpt lat="44.06435" lon="-92.28445">
        <ele>369.9</ele>
      </trkpt>
      <trkpt lat="44.06435" lon="-92.28323">
        <ele>372.7</ele>
      </trkpt>
      <trkpt lat="44.06435" lon="-92.28202">
        <ele>376.9</ele>
      </trkpt>
      <trkpt lat="44.06435" lon="-92.28111">
        <ele>376.1</ele>
      </trkpt>
      <trkpt lat="44.06435" lon="-92.28021">
        <ele>374.0</ele>
      </trkpt>
      <trkpt lat="44.06435" lon="-92.2793">
        <ele>372.8</ele>
      </trkpt>
      <trkpt lat="44.06435" lon="-92.27806">
        <ele>369.3</ele>
      </trkpt>
      <trkpt lat="44.06434" lon="-92.27681">
        <ele>359.7</ele>
      </trkpt>
      <trkpt lat="44.06434" lon="-92.27556">
        <ele>354.4</ele>
      </trkpt>
      <trkpt lat="44.06433" lon="-92.27431">
        <ele>353.6</ele>
      </trkpt>
      <trkpt lat="44.06433" lon="-92.27306">
        <ele>348.8</ele>
      </trkpt>
      <trkpt lat="44.06432" lon="-92.27181">
        <ele>342.9</ele>
      </trkpt>
      <trkpt lat="44.06432" lon="-92.27056">
        <ele>342.5</ele>
      </trkpt>
      <trkpt lat="44.06431" lon="-92.26932">
        <ele>345.3</ele>
      </trkpt>
      <trkpt lat="44.06431" lon="-92.26808">
        <ele>349.6</ele>
      </trkpt>
      <trkpt lat="44.06431" lon="-92.26685">
        <ele>356.0</ele>
      </trkpt>
      <trkpt lat="44.06431" lon="-92.26577">
        <ele>360.8</ele>
      </trkpt>
      <trkpt lat="44.0643" lon="-92.26468">
        <ele>364.9</ele>
      </trkpt>
      <trkpt lat="44.0643" lon="-92.2636">
        <ele>364.8</ele>
      </trkpt>
      <trkpt lat="44.0643" lon="-92.26251">
        <ele>365.5</ele>
      </trkpt>
      <trkpt lat="44.06429" lon="-92.26142">
        <ele>366.8</ele>
      </trkpt>
      <trkpt lat="44.06429" lon="-92.26034">
        <ele>371.1</ele>
      </trkpt>
      <trkpt lat="44.06429" lon="-92.25925">
        <ele>375.8</ele>
      </trkpt>
      <trkpt lat="44.06427" lon="-92.25803">
        <ele>380.1</ele>
      </trkpt>
      <trkpt lat="44.06426" lon="-92.25681">
        <ele>382.5</ele>
      </trkpt>
      <trkpt lat="44.06425" lon="-92.25559">
        <ele>384.1</ele>
      </trkpt>
      <trkpt lat="44.06424" lon="-92.25437">
        <ele>378.7</ele>
      </trkpt>
      <trkpt lat="44.06423" lon="-92.25315">
        <ele>379.9</ele>
      </trkpt>
      <trkpt lat="44.06422" lon="-92.25193">
        <ele>385.3</ele>
      </trkpt>
      <trkpt lat="44.0642" lon="-92.25071">
        <ele>388.3</ele>
      </trkpt>
      <trkpt lat="44.06419" lon="-92.24949">
        <ele>389.6</ele>
      </trkpt>
      <trkpt lat="44.06502" lon="-92.24946">
        <ele>389.2</ele>
      </trkpt>
      <trkpt lat="44.06583" lon="-92.24942">
        <ele>387.6</ele>
      </trkpt>
      <trkpt lat="44.06664" lon="-92.24938">
        <ele>385.8</ele>
      </trkpt>
      <trkpt lat="44.06745" lon="-92.24934">
        <ele>384.9</ele>
      </trkpt>
      <trkpt lat="44.06826" lon="-92.2493">
        <ele>384.5</ele>
      </trkpt>
      <trkpt lat="44.06907" lon="-92.24926">
        <ele>384.0</ele>
      </trkpt>
      <trkpt lat="44.06988" lon="-92.24922">
        <ele>383.6</ele>
      </trkpt>
      <trkpt lat="44.07053" lon="-92.24919">
        <ele>384.7</ele>
      </trkpt>
      <trkpt lat="44.07118" lon="-92.24917">
        <ele>385.3</ele>
      </trkpt>
      <trkpt lat="44.07203" lon="-92.24917">
        <ele>384.7</ele>
      </trkpt>
      <trkpt lat="44.07289" lon="-92.24917">
        <ele>383.8</ele>
      </trkpt>
      <trkpt lat="44.07375" lon="-92.24917">
        <ele>378.7</ele>
      </trkpt>
      <trkpt lat="44.0746" lon="-92.24917">
        <ele>378.2</ele>
      </trkpt>
      <trkpt lat="44.07502" lon="-92.24914">
        <ele>378.6</ele>
      </trkpt>
      <trkpt lat="44.07531" lon="-92.2491">
        <ele>377.8</ele>
      </trkpt>
      <trkpt lat="44.07581" lon="-92.24898">
        <ele>372.6</ele>
      </trkpt>
      <trkpt lat="44.07606" lon="-92.2489">
        <ele>370.3</ele>
      </trkpt>
      <trkpt lat="44.07647" lon="-92.24874">
        <ele>367.8</ele>
      </trkpt>
      <trkpt lat="44.07671" lon="-92.24862">
        <ele>367.0</ele>
      </trkpt>
      <trkpt lat="44.07702" lon="-92.24845">
        <ele>364.2</ele>
      </trkpt>
      <trkpt lat="44.07731" lon="-92.24826">
        <ele>360.6</ele>
      </trkpt>
      <trkpt lat="44.07778" lon="-92.24789">
        <ele>359.6</ele>
      </trkpt>
      <trkpt lat="44.07845" lon="-92.24736">
        <ele>357.0</ele>
      </trkpt>
      <trkpt lat="44.07912" lon="-92.24682">
        <ele>353.5</ele>
      </trkpt>
      <trkpt lat="44.07979" lon="-92.24628">
        <ele>355.9</ele>
      </trkpt>
      <trkpt lat="44.08046" lon="-92.24574">
        <ele>358.7</ele>
      </trkpt>
      <trkpt lat="44.08086" lon="-92.24543">
        <ele>359.7</ele>
      </trkpt>
      <trkpt lat="44.0811" lon="-92.24526">
        <ele>359.8</ele>
      </trkpt>
      <trkpt lat="44.08144" lon="-92.24505">
        <ele>359.9</ele>
      </trkpt>
      <trkpt lat="44.08163" lon="-92.24495">
        <ele>360.2</ele>
      </trkpt>
      <trkpt lat="44.08195" lon="-92.24481">
        <ele>360.4</ele>
      </trkpt>
      <trkpt lat="44.08227" lon="-92.24469">
        <ele>360.3</ele>
      </trkpt>
      <trkpt lat="44.08227" lon="-92.24347">
        <ele>362.6</ele>
      </trkpt>
      <trkpt lat="44.08227" lon="-92.24225">
        <ele>364.2</ele>
      </trkpt>
      <trkpt lat="44.08227" lon="-92.24104">
        <ele>365.6</ele>
      </trkpt>
      <trkpt lat="44.08227" lon="-92.23982">
        <ele>367.2</ele>
      </trkpt>
      <trkpt lat="44.08227" lon="-92.23872">
        <ele>365.8</ele>
      </trkpt>
      <trkpt lat="44.08227" lon="-92.23763">
        <ele>362.7</ele>
      </trkpt>
      <trkpt lat="44.08226" lon="-92.23653">
        <ele>359.9</ele>
      </trkpt>
      <trkpt lat="44.08226" lon="-92.23544">
        <ele>359.4</ele>
      </trkpt>
      <trkpt lat="44.08226" lon="-92.23434">
        <ele>358.5</ele>
      </trkpt>
      <trkpt lat="44.08225" lon="-92.23334">
        <ele>355.3</ele>
      </trkpt>
      <trkpt lat="44.08225" lon="-92.23234">
        <ele>353.6</ele>
      </trkpt>
      <trkpt lat="44.08225" lon="-92.23134">
        <ele>353.4</ele>
      </trkpt>
      <trkpt lat="44.08224" lon="-92.23033">
        <ele>349.3</ele>
      </trkpt>
      <trkpt lat="44.08224" lon="-92.22933">
        <ele>347.6</ele>
      </trkpt>
      <trkpt lat="44.08226" lon="-92.22845">
        <ele>347.1</ele>
      </trkpt>
      <trkpt lat="44.08228" lon="-92.22768">
        <ele>346.7</ele>
      </trkpt>
      <trkpt lat="44.08234" lon="-92.22659">
        <ele>346.4</ele>
      </trkpt>
      <trkpt lat="44.0824" lon="-92.22551">
        <ele>344.8</ele>
      </trkpt>
      <trkpt lat="44.08246" lon="-92.22442">
        <ele>341.6</ele>
      </trkpt>
      <trkpt lat="44.08252" lon="-92.22321">
        <ele>341.9</ele>
      </trkpt>
      <trkpt lat="44.08258" lon="-92.222">
        <ele>341.3</ele>
      </trkpt>
      <trkpt lat="44.08264" lon="-92.2208">
        <ele>340.6</ele>
      </trkpt>
      <trkpt lat="44.0827" lon="-92.21959">
        <ele>339.9</ele>
      </trkpt>
      <trkpt lat="44.08275" lon="-92.21839">
        <ele>339.2</ele>
      </trkpt>
      <trkpt lat="44.08276" lon="-92.21777">
        <ele>338.6</ele>
      </trkpt>
      <trkpt lat="44.08276" lon="-92.21743">
        <ele>338.2</ele>
      </trkpt>
      <trkpt lat="44.08272" lon="-92.21674">
        <ele>338.1</ele>
      </trkpt>
      <trkpt lat="44.08267" lon="-92.21626">
        <ele>338.8</ele>
      </trkpt>
      <trkpt lat="44.08261" lon="-92.21578">
        <ele>341.0</ele>
      </trkpt>
      <trkpt lat="44.08254" lon="-92.21532">
        <ele>341.2</ele>
      </trkpt>
      <trkpt lat="44.08248" lon="-92.21498">
        <ele>343.6</ele>
      </trkpt>
      <trkpt lat="44.08234" lon="-92.21428">
        <ele>350.2</ele>
      </trkpt>
      <trkpt lat="44.08213" lon="-92.21344">
        <ele>349.4</ele>
      </trkpt>
      <trkpt lat="44.08193" lon="-92.21259">
        <ele>342.4</ele>
      </trkpt>
      <trkpt lat="44.08165" lon="-92.21141">
        <ele>341.2</ele>
      </trkpt>
      <trkpt lat="44.08136" lon="-92.21023">
        <ele>341.3</ele>
      </trkpt>
      <trkpt lat="44.08107" lon="-92.20906">
        <ele>341.7</ele>
      </trkpt>
      <trkpt lat="44.08079" lon="-92.20788">
        <ele>343.7</ele>
      </trkpt>
      <trkpt lat="44.0805" lon="-92.2067">
        <ele>348.1</ele>
      </trkpt>
      <trkpt lat="44.08025" lon="-92.20554">
        <ele>354.7</ele>
      </trkpt>
      <trkpt lat="44.08018" lon="-92.20518">
        <ele>356.6</ele>
      </trkpt>
      <trkpt lat="44.08012" lon="-92.20474">
        <ele>358.8</ele>
      </trkpt>
      <trkpt lat="44.08007" lon="-92.20429">
        <ele>359.5</ele>
      </trkpt>
      <trkpt lat="44.08005" lon="-92.20383">
        <ele>359.6</ele>
      </trkpt>
      <trkpt lat="44.08004" lon="-92.20346">
        <ele>359.1</ele>
      </trkpt>
      <trkpt lat="44.08005" lon="-92.20279">
        <ele>355.9</ele>
      </trkpt>
      <trkpt lat="44.08008" lon="-92.20233">
        <ele>355.0</ele>
      </trkpt>
      <trkpt lat="44.08013" lon="-92.20189">
        <ele>354.6</ele>
      </trkpt>
      <trkpt lat="44.08027" lon="-92.20092">
        <ele>350.0</ele>
      </trkpt>
      <trkpt lat="44.08041" lon="-92.19994">
        <ele>347.5</ele>
      </trkpt>
      <trkpt lat="44.08046" lon="-92.19954">
        <ele>344.9</ele>
      </trkpt>
      <trkpt lat="44.08048" lon="-92.19916">
        <ele>343.8</ele>
      </trkpt>
      <trkpt lat="44.0805" lon="-92.19861">
        <ele>343.0</ele>
      </trkpt>
      <trkpt lat="44.08047" lon="-92.19809">
        <ele>342.6</ele>
      </trkpt>
      <trkpt lat="44.08042" lon="-92.19761">
        <ele>341.7</ele>
      </trkpt>
      <trkpt lat="44.08034" lon="-92.19706">
        <ele>340.2</ele>
      </trkpt>
      <trkpt lat="44.08023" lon="-92.1966">
        <ele>340.2</ele>
      </trkpt>
      <trkpt lat="44.08013" lon="-92.19622">
        <ele>339.0</ele>
      </trkpt>
      <trkpt lat="44.07984" lon="-92.1953">
        <ele>336.3</ele>
      </trkpt>
      <trkpt lat="44.07954" lon="-92.19438">
        <ele>336.4</ele>
      </trkpt>
      <trkpt lat="44.07925" lon="-92.19346">
        <ele>335.4</ele>
      </trkpt>
      <trkpt lat="44.07896" lon="-92.19254">
        <ele>330.3</ele>
      </trkpt>
      <trkpt lat="44.07879" lon="-92.19195">
        <ele>329.8</ele>
      </trkpt>
      <trkpt lat="44.07868" lon="-92.19152">
        <ele>329.4</ele>
      </trkpt>
      <trkpt lat="44.07859" lon="-92.1911">
        <ele>329.2</ele>
      </trkpt>
      <trkpt lat="44.07852" lon="-92.19067">
        <ele>329.2</ele>
      </trkpt>
      <trkpt lat="44.07848" lon="-92.19027">
        <ele>329.2</ele>
      </trkpt>
      <trkpt lat="44.07846" lon="-92.18984">
        <ele>328.8</ele>
      </trkpt>
      <trkpt lat="44.07845" lon="-92.18939">
        <ele>328.3</ele>
      </trkpt>
      <trkpt lat="44.07845" lon="-92.18826">
        <ele>328.0</ele>
      </trkpt>
      <trkpt lat="44.07844" lon="-92.18713">
        <ele>327.7</ele>
      </trkpt>
      <trkpt lat="44.07844" lon="-92.186">
        <ele>327.3</ele>
      </trkpt>
      <trkpt lat="44.07843" lon="-92.18487">
        <ele>326.8</ele>
      </trkpt>
      <trkpt lat="44.07843" lon="-92.18373">
        <ele>326.1</ele>
      </trkpt>
      <trkpt lat="44.07842" lon="-92.1826">
        <ele>323.5</ele>
      </trkpt>
      <trkpt lat="44.07842" lon="-92.18147">
        <ele>323.1</ele>
      </trkpt>
      <trkpt lat="44.07841" lon="-92.18034">
        <ele>323.1</ele>
      </trkpt>
      <trkpt lat="44.07841" lon="-92.17921">
        <ele>324.3</ele>
      </trkpt>
      <trkpt lat="44.07841" lon="-92.17808">
        <ele>326.6</ele>
      </trkpt>
      <trkpt lat="44.07841" lon="-92.17695">
        <ele>325.6</ele>
      </trkpt>
      <trkpt lat="44.0784" lon="-92.17581">
        <ele>326.8</ele>
      </trkpt>
      <trkpt lat="44.0784" lon="-92.17468">
        <ele>326.5</ele>
      </trkpt>
      <trkpt lat="44.0784" lon="-92.17355">
        <ele>326.7</ele>
      </trkpt>
      <trkpt lat="44.0784" lon="-92.17242">
        <ele>328.7</ele>
      </trkpt>
      <trkpt lat="44.0784" lon="-92.17129">
        <ele>329.2</ele>
      </trkpt>
      <trkpt lat="44.0784" lon="-92.17016">
        <ele>323.5</ele>
      </trkpt>
      <trkpt lat="44.07841" lon="-92.16983">
        <ele>323.0</ele>
      </trkpt>
      <trkpt lat="44.07843" lon="-92.16969">
        <ele>323.0</ele>
      </trkpt>
      <trkpt lat="44.07847" lon="-92.16939">
        <ele>323.1</ele>
      </trkpt>
      <trkpt lat="44.07855" lon="-92.16907">
        <ele>323.1</ele>
      </trkpt>
      <trkpt lat="44.07864" lon="-92.16879">
        <ele>323.1</ele>
      </trkpt>
      <trkpt lat="44.07872" lon="-92.16859">
        <ele>323.1</ele>
      </trkpt>
      <trkpt lat="44.0788" lon="-92.16843">
        <ele>323.2</ele>
      </trkpt>
      <trkpt lat="44.07893" lon="-92.16821">
        <ele>323.1</ele>
      </trkpt>
      <trkpt lat="44.07912" lon="-92.16792">
        <ele>323.0</ele>
      </trkpt>
      <trkpt lat="44.07897" lon="-92.16766">
        <ele>323.1</ele>
      </trkpt>
      <trkpt lat="44.07884" lon="-92.16739">
        <ele>325.6</ele>
      </trkpt>
      <trkpt lat="44.07871" lon="-92.16709">
        <ele>328.3</ele>
      </trkpt>
      <trkpt lat="44.07866" lon="-92.16694">
        <ele>328.9</ele>
      </trkpt>
      <trkpt lat="44.07854" lon="-92.16652">
        <ele>329.2</ele>
      </trkpt>
      <trkpt lat="44.07847" lon="-92.1662">
        <ele>329.4</ele>
      </trkpt>
      <trkpt lat="44.07843" lon="-92.16596">
        <ele>329.6</ele>
      </trkpt>
      <trkpt lat="44.0784" lon="-92.16571">
        <ele>329.8</ele>
      </trkpt>
      <trkpt lat="44.07837" lon="-92.16528">
        <ele>330.4</ele>
      </trkpt>
      <trkpt lat="44.07837" lon="-92.16406">
        <ele>331.7</ele>
      </trkpt>
      <trkpt lat="44.07837" lon="-92.16285">
        <ele>331.6</ele>
      </trkpt>
      <trkpt lat="44.07836" lon="-92.16163">
        <ele>331.2</ele>
      </trkpt>
      <trkpt lat="44.07836" lon="-92.16042">
        <ele>330.6</ele>
      </trkpt>
      <trkpt lat="44.07835" lon="-92.1592">
        <ele>330.0</ele>
      </trkpt>
      <trkpt lat="44.07835" lon="-92.15798">
        <ele>329.3</ele>
      </trkpt>
      <trkpt lat="44.07835" lon="-92.15677">
        <ele>326.0</ele>
      </trkpt>
      <trkpt lat="44.07834" lon="-92.15555">
        <ele>323.8</ele>
      </trkpt>
      <trkpt lat="44.07834" lon="-92.15434">
        <ele>329.3</ele>
      </trkpt>
      <trkpt lat="44.07835" lon="-92.15367">
        <ele>334.4</ele>
      </trkpt>
      <trkpt lat="44.07837" lon="-92.15346">
        <ele>335.2</ele>
      </trkpt>
      <trkpt lat="44.07842" lon="-92.15301">
        <ele>337.0</ele>
      </trkpt>
      <trkpt lat="44.07849" lon="-92.15269">
        <ele>338.6</ele>
      </trkpt>
      <trkpt lat="44.07865" lon="-92.15207">
        <ele>342.7</ele>
      </trkpt>
      <trkpt lat="44.07873" lon="-92.15178">
        <ele>343.6</ele>
      </trkpt>
      <trkpt lat="44.0788" lon="-92.1515">
        <ele>344.0</ele>
      </trkpt>
      <trkpt lat="44.07885" lon="-92.15124">
        <ele>344.1</ele>
      </trkpt>
      <trkpt lat="44.07889" lon="-92.1509">
        <ele>344.1</ele>
      </trkpt>
      <trkpt lat="44.07891" lon="-92.15058">
        <ele>344.2</ele>
      </trkpt>
      <trkpt lat="44.07892" lon="-92.15028">
        <ele>344.0</ele>
      </trkpt>
      <trkpt lat="44.07891" lon="-92.15003">
        <ele>343.9</ele>
      </trkpt>
      <trkpt lat="44.07889" lon="-92.1497">
        <ele>343.3</ele>
      </trkpt>
      <trkpt lat="44.07885" lon="-92.14939">
        <ele>341.7</ele>
      </trkpt>
      <trkpt lat="44.07878" lon="-92.14898">
        <ele>338.1</ele>
      </trkpt>
      <trkpt lat="44.07858" lon="-92.14781">
        <ele>335.7</ele>
      </trkpt>
      <trkpt lat="44.07852" lon="-92.14736">
        <ele>335.8</ele>
      </trkpt>
      <trkpt lat="44.07847" lon="-92.14674">
        <ele>334.8</ele>
      </trkpt>
      <trkpt lat="44.07847" lon="-92.14627">
        <ele>334.3</ele>
      </trkpt>
      <trkpt lat="44.07848" lon="-92.14592">
        <ele>332.8</ele>
      </trkpt>
      <trkpt lat="44.0785" lon="-92.14576">
        <ele>332.1</ele>
      </trkpt>
      <trkpt lat="44.07858" lon="-92.14503">
        <ele>330.4</ele>
      </trkpt>
      <trkpt lat="44.07866" lon="-92.1443">
        <ele>333.7</ele>
      </trkpt>
      <trkpt lat="44.07872" lon="-92.14375">
        <ele>335.0</ele>
      </trkpt>
      <trkpt lat="44.07874" lon="-92.14341">
        <ele>335.2</ele>
      </trkpt>
      <trkpt lat="44.07872" lon="-92.14302">
        <ele>335.3</ele>
      </trkpt>
      <trkpt lat="44.07868" lon="-92.14263">
        <ele>335.3</ele>
      </trkpt>
      <trkpt lat="44.07863" lon="-92.14237">
        <ele>335.4</ele>
      </trkpt>
      <trkpt lat="44.07859" lon="-92.14216">
        <ele>335.4</ele>
      </trkpt>
      <trkpt lat="44.07849" lon="-92.14179">
        <ele>335.6</ele>
      </trkpt>
      <trkpt lat="44.07842" lon="-92.14158">
        <ele>335.8</ele>
      </trkpt>
      <trkpt lat="44.07825" lon="-92.14115">
        <ele>336.5</ele>
      </trkpt>
      <trkpt lat="44.07815" lon="-92.14096">
        <ele>336.8</ele>
      </trkpt>
      <trkpt lat="44.078" lon="-92.1407">
        <ele>337.3</ele>
      </trkpt>
      <trkpt lat="44.07781" lon="-92.14043">
        <ele>337.9</ele>
      </trkpt>
      <trkpt lat="44.07765" lon="-92.14023">
        <ele>338.4</ele>
      </trkpt>
      <trkpt lat="44.07794" lon="-92.13975">
        <ele>338.0</ele>
      </trkpt>
      <trkpt lat="44.07817" lon="-92.13932">
        <ele>337.6</ele>
      </trkpt>
      <trkpt lat="44.07822" lon="-92.1392">
        <ele>337.5</ele>
      </trkpt>
      <trkpt lat="44.07827" lon="-92.13906">
        <ele>337.3</ele>
      </trkpt>
      <trkpt lat="44.07831" lon="-92.13885">
        <ele>337.2</ele>
      </trkpt>
      <trkpt lat="44.07832" lon="-92.13871">
        <ele>337.2</ele>
      </trkpt>
      <trkpt lat="44.07833" lon="-92.13817">
        <ele>337.4</ele>
      </trkpt>
      <trkpt lat="44.07831" lon="-92.13702">
        <ele>337.9</ele>
      </trkpt>
      <trkpt lat="44.0783" lon="-92.13587">
        <ele>337.9</ele>
      </trkpt>
      <trkpt lat="44.07829" lon="-92.13471">
        <ele>337.6</ele>
      </trkpt>
      <trkpt lat="44.07828" lon="-92.13356">
        <ele>336.9</ele>
      </trkpt>
      <trkpt lat="44.07827" lon="-92.13241">
        <ele>337.7</ele>
      </trkpt>
      <trkpt lat="44.07826" lon="-92.13126">
        <ele>339.2</ele>
      </trkpt>
      <trkpt lat="44.07825" lon="-92.13011">
        <ele>341.1</ele>
      </trkpt>
      <trkpt lat="44.07824" lon="-92.12896">
        <ele>342.8</ele>
      </trkpt>
      <trkpt lat="44.07823" lon="-92.12781">
        <ele>342.5</ele>
      </trkpt>
      <trkpt lat="44.07822" lon="-92.12666">
        <ele>342.0</ele>
      </trkpt>
      <trkpt lat="44.0782" lon="-92.12543">
        <ele>340.2</ele>
      </trkpt>
      <trkpt lat="44.07819" lon="-92.1242">
        <ele>340.1</ele>
      </trkpt>
      <trkpt lat="44.07817" lon="-92.12296">
        <ele>339.3</ele>
      </trkpt>
      <trkpt lat="44.07815" lon="-92.12173">
        <ele>338.3</ele>
      </trkpt>
      <trkpt lat="44.07814" lon="-92.1205">
        <ele>337.9</ele>
      </trkpt>
      <trkpt lat="44.07812" lon="-92.11927">
        <ele>338.5</ele>
      </trkpt>
      <trkpt lat="44.07812" lon="-92.11826">
        <ele>339.3</ele>
      </trkpt>
      <trkpt lat="44.07812" lon="-92.11725">
        <ele>340.1</ele>
      </trkpt>
      <trkpt lat="44.07811" lon="-92.11624">
        <ele>340.7</ele>
      </trkpt>
      <trkpt lat="44.07811" lon="-92.11522">
        <ele>341.2</ele>
      </trkpt>
      <trkpt lat="44.07811" lon="-92.11421">
        <ele>341.8</ele>
      </trkpt>
      <trkpt lat="44.07811" lon="-92.11312">
        <ele>342.7</ele>
      </trkpt>
      <trkpt lat="44.07811" lon="-92.11202">
        <ele>343.5</ele>
      </trkpt>
      <trkpt lat="44.07811" lon="-92.11096">
        <ele>343.7</ele>
      </trkpt>
      <trkpt lat="44.0781" lon="-92.1099">
        <ele>343.9</ele>
      </trkpt>
      <trkpt lat="44.0781" lon="-92.10884">
        <ele>343.9</ele>
      </trkpt>
      <trkpt lat="44.0781" lon="-92.10778">
        <ele>343.1</ele>
      </trkpt>
      <trkpt lat="44.07809" lon="-92.10672">
        <ele>342.6</ele>
      </trkpt>
      <trkpt lat="44.07809" lon="-92.10564">
        <ele>341.8</ele>
      </trkpt>
      <trkpt lat="44.07808" lon="-92.10457">
        <ele>340.8</ele>
      </trkpt>
      <trkpt lat="44.07807" lon="-92.10349">
        <ele>341.4</ele>
      </trkpt>
      <trkpt lat="44.07807" lon="-92.10241">
        <ele>342.1</ele>
      </trkpt>
      <trkpt lat="44.07806" lon="-92.10134">
        <ele>342.0</ele>
      </trkpt>
      <trkpt lat="44.07806" lon="-92.10026">
        <ele>343.2</ele>
      </trkpt>
      <trkpt lat="44.07805" lon="-92.09919">
        <ele>342.7</ele>
      </trkpt>
      <trkpt lat="44.07805" lon="-92.09797">
        <ele>343.2</ele>
      </trkpt>
      <trkpt lat="44.07805" lon="-92.09675">
        <ele>346.0</ele>
      </trkpt>
      <trkpt lat="44.07805" lon="-92.09553">
        <ele>347.4</ele>
      </trkpt>
      <trkpt lat="44.07804" lon="-92.09431">
        <ele>347.8</ele>
      </trkpt>
      <trkpt lat="44.07804" lon="-92.09309">
        <ele>349.6</ele>
      </trkpt>
      <trkpt lat="44.07804" lon="-92.09187">
        <ele>352.6</ele>
      </trkpt>
      <trkpt lat="44.07804" lon="-92.09066">
        <ele>353.4</ele>
      </trkpt>
      <trkpt lat="44.07804" lon="-92.08944">
        <ele>349.6</ele>
      </trkpt>
      <trkpt lat="44.07804" lon="-92.08822">
        <ele>346.8</ele>
      </trkpt>
      <trkpt lat="44.07803" lon="-92.087">
        <ele>343.2</ele>
      </trkpt>
      <trkpt lat="44.07803" lon="-92.08578">
        <ele>342.0</ele>
      </trkpt>
      <trkpt lat="44.07803" lon="-92.08456">
        <ele>342.4</ele>
      </trkpt>
      <trkpt lat="44.07803" lon="-92.08348">
        <ele>342.0</ele>
      </trkpt>
      <trkpt lat="44.07803" lon="-92.0824">
        <ele>338.0</ele>
      </trkpt>
      <trkpt lat="44.07803" lon="-92.08132">
        <ele>337.7</ele>
      </trkpt>
      <trkpt lat="44.07803" lon="-92.08024">
        <ele>337.6</ele>
      </trkpt>
      <trkpt lat="44.07803" lon="-92.07916">
        <ele>336.1</ele>
      </trkpt>
      <trkpt lat="44.07802" lon="-92.07833">
        <ele>333.8</ele>
      </trkpt>
      <trkpt lat="44.078" lon="-92.07804">
        <ele>332.3</ele>
      </trkpt>
      <trkpt lat="44.07794" lon="-92.07745">
        <ele>329.2</ele>
      </trkpt>
      <trkpt lat="44.07789" lon="-92.0771">
        <ele>326.3</ele>
      </trkpt>
      <trkpt lat="44.07779" lon="-92.07648">
        <ele>323.0</ele>
      </trkpt>
      <trkpt lat="44.07768" lon="-92.07596">
        <ele>320.3</ele>
      </trkpt>
      <trkpt lat="44.07758" lon="-92.07559">
        <ele>318.0</ele>
      </trkpt>
      <trkpt lat="44.07743" lon="-92.07507">
        <ele>316.9</ele>
      </trkpt>
      <trkpt lat="44.0772" lon="-92.07435">
        <ele>316.3</ele>
      </trkpt>
      <trkpt lat="44.07693" lon="-92.07358">
        <ele>315.5</ele>
      </trkpt>
      <trkpt lat="44.07667" lon="-92.07282">
        <ele>314.3</ele>
      </trkpt>
      <trkpt lat="44.07641" lon="-92.07205">
        <ele>313.8</ele>
      </trkpt>
      <trkpt lat="44.0761" lon="-92.07114">
        <ele>312.9</ele>
      </trkpt>
      <trkpt lat="44.0758" lon="-92.07024">
        <ele>309.8</ele>
      </trkpt>
      <trkpt lat="44.07569" lon="-92.06994">
        <ele>308.5</ele>
      </trkpt>
      <trkpt lat="44.07563" lon="-92.06963">
        <ele>305.8</ele>
      </trkpt>
      <trkpt lat="44.07559" lon="-92.0693">
        <ele>304.8</ele>
      </trkpt>
      <trkpt lat="44.0756" lon="-92.06897">
        <ele>308.0</ele>
      </trkpt>
      <trkpt lat="44.07563" lon="-92.06846">
        <ele>310.8</ele>
      </trkpt>
      <trkpt lat="44.07557" lon="-92.06803">
        <ele>304.6</ele>
      </trkpt>
      <trkpt lat="44.07542" lon="-92.06754">
        <ele>299.8</ele>
      </trkpt>
      <trkpt lat="44.07526" lon="-92.06727">
        <ele>299.7</ele>
      </trkpt>
      <trkpt lat="44.0751" lon="-92.06702">
        <ele>299.7</ele>
      </trkpt>
      <trkpt lat="44.07456" lon="-92.06628">
        <ele>296.9</ele>
      </trkpt>
      <trkpt lat="44.07401" lon="-92.06554">
        <ele>296.2</ele>
      </trkpt>
      <trkpt lat="44.07368" lon="-92.06501">
        <ele>292.2</ele>
      </trkpt>
      <trkpt lat="44.07358" lon="-92.06459">
        <ele>289.9</ele>
      </trkpt>
      <trkpt lat="44.07353" lon="-92.06409">
        <ele>291.0</ele>
      </trkpt>
      <trkpt lat="44.07358" lon="-92.06352">
        <ele>287.2</ele>
      </trkpt>
      <trkpt lat="44.07372" lon="-92.0631">
        <ele>287.1</ele>
      </trkpt>
      <trkpt lat="44.07414" lon="-92.06205">
        <ele>287.1</ele>
      </trkpt>
      <trkpt lat="44.07456" lon="-92.06099">
        <ele>283.5</ele>
      </trkpt>
      <trkpt lat="44.07483" lon="-92.06027">
        <ele>283.6</ele>
      </trkpt>
      <trkpt lat="44.075" lon="-92.05976">
        <ele>281.7</ele>
      </trkpt>
      <trkpt lat="44.07513" lon="-92.0593">
        <ele>281.0</ele>
      </trkpt>
      <trkpt lat="44.07521" lon="-92.05872">
        <ele>278.2</ele>
      </trkpt>
      <trkpt lat="44.07528" lon="-92.05818">
        <ele>277.4</ele>
      </trkpt>
      <trkpt lat="44.07539" lon="-92.05791">
        <ele>277.3</ele>
      </trkpt>
      <trkpt lat="44.07572" lon="-92.05759">
        <ele>276.8</ele>
      </trkpt>
      <trkpt lat="44.076" lon="-92.05735">
        <ele>276.9</ele>
      </trkpt>
      <trkpt lat="44.0762" lon="-92.05707">
        <ele>276.6</ele>
      </trkpt>
      <trkpt lat="44.07632" lon="-92.05675">
        <ele>277.4</ele>
      </trkpt>
      <trkpt lat="44.07643" lon="-92.05571">
        <ele>272.9</ele>
      </trkpt>
      <trkpt lat="44.07652" lon="-92.05463">
        <ele>270.8</ele>
      </trkpt>
      <trkpt lat="44.07664" lon="-92.05378">
        <ele>270.7</ele>
      </trkpt>
      <trkpt lat="44.07688" lon="-92.05336">
        <ele>267.5</ele>
      </trkpt>
      <trkpt lat="44.07716" lon="-92.05296">
        <ele>266.1</ele>
      </trkpt>
      <trkpt lat="44.07747" lon="-92.05259">
        <ele>265.5</ele>
      </trkpt>
      <trkpt lat="44.07758" lon="-92.05232">
        <ele>263.8</ele>
      </trkpt>
      <trkpt lat="44.07776" lon="-92.0516">
        <ele>261.7</ele>
      </trkpt>
      <trkpt lat="44.07787" lon="-92.05088">
        <ele>260.7</ele>
      </trkpt>
      <trkpt lat="44.07784" lon="-92.05018">
        <ele>260.9</ele>
      </trkpt>
      <trkpt lat="44.07768" lon="-92.04944">
        <ele>261.6</ele>
      </trkpt>
      <trkpt lat="44.07752" lon="-92.04877">
        <ele>259.7</ele>
      </trkpt>
      <trkpt lat="44.07748" lon="-92.04797">
        <ele>259.4</ele>
      </trkpt>
      <trkpt lat="44.07744" lon="-92.04728">
        <ele>256.7</ele>
      </trkpt>
      <trkpt lat="44.07724" lon="-92.04661">
        <ele>254.9</ele>
      </trkpt>
      <trkpt lat="44.07694" lon="-92.04597">
        <ele>251.6</ele>
      </trkpt>
      <trkpt lat="44.07644" lon="-92.04535">
        <ele>253.0</ele>
      </trkpt>
      <trkpt lat="44.07591" lon="-92.04503">
        <ele>253.8</ele>
      </trkpt>
      <trkpt lat="44.07537" lon="-92.04471">
        <ele>253.7</ele>
      </trkpt>
      <trkpt lat="44.07492" lon="-92.0444">
        <ele>249.9</ele>
      </trkpt>
      <trkpt lat="44.07459" lon="-92.04403">
        <ele>247.0</ele>
      </trkpt>
      <trkpt lat="44.0742" lon="-92.04325">
        <ele>244.9</ele>
      </trkpt>
      <trkpt lat="44.07386" lon="-92.04227">
        <ele>243.3</ele>
      </trkpt>
      <trkpt lat="44.07351" lon="-92.04129">
        <ele>242.9</ele>
      </trkpt>
      <trkpt lat="44.07317" lon="-92.04031">
        <ele>239.6</ele>
      </trkpt>
      <trkpt lat="44.07282" lon="-92.03933">
        <ele>238.7</ele>
      </trkpt>
      <trkpt lat="44.07274" lon="-92.03911">
        <ele>238.4</ele>
      </trkpt>
      <trkpt lat="44.07257" lon="-92.03872">
        <ele>237.7</ele>
      </trkpt>
      <trkpt lat="44.0723" lon="-92.03795">
        <ele>237.7</ele>
      </trkpt>
      <trkpt lat="44.07203" lon="-92.03719">
        <ele>237.9</ele>
      </trkpt>
      <trkpt lat="44.07176" lon="-92.03669">
        <ele>238.0</ele>
      </trkpt>
      <trkpt lat="44.07153" lon="-92.03644">
        <ele>238.2</ele>
      </trkpt>
      <trkpt lat="44.07204" lon="-92.0356">
        <ele>238.1</ele>
      </trkpt>
      <trkpt lat="44.07255" lon="-92.03477">
        <ele>235.9</ele>
      </trkpt>
      <trkpt lat="44.07296" lon="-92.03415">
        <ele>234.1</ele>
      </trkpt>
      <trkpt lat="44.07321" lon="-92.03383">
        <ele>233.8</ele>
      </trkpt>
      <trkpt lat="44.07365" lon="-92.03343">
        <ele>233.1</ele>
      </trkpt>
      <trkpt lat="44.07429" lon="-92.03291">
        <ele>233.7</ele>
      </trkpt>
      <trkpt lat="44.07494" lon="-92.03239">
        <ele>234.8</ele>
      </trkpt>
      <trkpt lat="44.07559" lon="-92.03187">
        <ele>234.1</ele>
      </trkpt>
      <trkpt lat="44.07624" lon="-92.03135">
        <ele>234.4</ele>
      </trkpt>
      <trkpt lat="44.07688" lon="-92.03081">
        <ele>233.3</ele>
      </trkpt>
      <trkpt lat="44.07753" lon="-92.03027">
        <ele>231.8</ele>
      </trkpt>
      <trkpt lat="44.07817" lon="-92.02973">
        <ele>230.7</ele>
      </trkpt>
      <trkpt lat="44.07878" lon="-92.02925">
        <ele>229.9</ele>
      </trkpt>
      <trkpt lat="44.07939" lon="-92.02876">
        <ele>229.5</ele>
      </trkpt>
      <trkpt lat="44.07999" lon="-92.02828">
        <ele>229.6</ele>
      </trkpt>
      <trkpt lat="44.0806" lon="-92.0278">
        <ele>229.6</ele>
      </trkpt>
      <trkpt lat="44.08098" lon="-92.02748">
        <ele>229.7</ele>
      </trkpt>
      <trkpt lat="44.08163" lon="-92.02695">
        <ele>229.8</ele>
      </trkpt>
      <trkpt lat="44.08228" lon="-92.02642">
        <ele>229.0</ele>
      </trkpt>
      <trkpt lat="44.08265" lon="-92.02606">
        <ele>228.6</ele>
      </trkpt>
      <trkpt lat="44.08302" lon="-92.0257">
        <ele>228.3</ele>
      </trkpt>
      <trkpt lat="44.08347" lon="-92.02517">
        <ele>227.8</ele>
      </trkpt>
      <trkpt lat="44.08381" lon="-92.02472">
        <ele>227.3</ele>
      </trkpt>
      <trkpt lat="44.08416" lon="-92.02423">
        <ele>226.8</ele>
      </trkpt>
      <trkpt lat="44.08462" lon="-92.02351">
        <ele>226.0</ele>
      </trkpt>
      <trkpt lat="44.08508" lon="-92.0228">
        <ele>225.8</ele>
      </trkpt>
      <trkpt lat="44.08553" lon="-92.02211">
        <ele>225.6</ele>
      </trkpt>
      <trkpt lat="44.0861" lon="-92.02123">
        <ele>225.4</ele>
      </trkpt>
      <trkpt lat="44.08603" lon="-92.02113">
        <ele>225.3</ele>
      </trkpt>
      <trkpt lat="44.08653" lon="-92.02033">
        <ele>225.5</ele>
      </trkpt>
      <trkpt lat="44.08668" lon="-92.02001">
        <ele>225.5</ele>
      </trkpt>
      <trkpt lat="44.08687" lon="-92.01968">
        <ele>225.5</ele>
      </trkpt>
      <trkpt lat="44.08728" lon="-92.01903">
        <ele>225.5</ele>
      </trkpt>
      <trkpt lat="44.08774" lon="-92.01803">
        <ele>224.4</ele>
      </trkpt>
      <trkpt lat="44.0879" lon="-92.01775">
        <ele>223.6</ele>
      </trkpt>
      <trkpt lat="44.08804" lon="-92.01757">
        <ele>223.4</ele>
      </trkpt>
      <trkpt lat="44.0884" lon="-92.01732">
        <ele>223.1</ele>
      </trkpt>
      <trkpt lat="44.08889" lon="-92.01698">
        <ele>222.7</ele>
      </trkpt>
      <trkpt lat="44.08939" lon="-92.01664">
        <ele>222.7</ele>
      </trkpt>
      <trkpt lat="44.08954" lon="-92.01656">
        <ele>222.7</ele>
      </trkpt>
      <trkpt lat="44.09034" lon="-92.01633">
        <ele>222.7</ele>
      </trkpt>
      <trkpt lat="44.09115" lon="-92.01609">
        <ele>222.9</ele>
      </trkpt>
      <trkpt lat="44.09196" lon="-92.01586">
        <ele>223.7</ele>
      </trkpt>
      <trkpt lat="44.09188" lon="-92.01514">
        <ele>224.2</ele>
      </trkpt>
      <trkpt lat="44.0918" lon="-92.01443">
        <ele>224.6</ele>
      </trkpt>
      <trkpt lat="44.09169" lon="-92.01333">
        <ele>225.2</ele>
      </trkpt>
      <trkpt lat="44.09157" lon="-92.01223">
        <ele>225.9</ele>
      </trkpt>
      <trkpt lat="44.09145" lon="-92.01114">
        <ele>226.4</ele>
      </trkpt>
      <trkpt lat="44.09133" lon="-92.01005">
        <ele>225.5</ele>
      </trkpt>
      <trkpt lat="44.09121" lon="-92.00895">
        <ele>225.3</ele>
      </trkpt>
      <trkpt lat="44.09109" lon="-92.00786">
        <ele>225.6</ele>
      </trkpt>
      <trkpt lat="44.09097" lon="-92.00676">
        <ele>225.6</ele>
      </trkpt>
      <trkpt lat="44.09085" lon="-92.00567">
        <ele>225.6</ele>
      </trkpt>
      <trkpt lat="44.09073" lon="-92.00458">
        <ele>225.6</ele>
      </trkpt>
      <trkpt lat="44.09062" lon="-92.00347">
        <ele>225.6</ele>
      </trkpt>
      <trkpt lat="44.09051" lon="-92.00237">
        <ele>225.6</ele>
      </trkpt>
      <trkpt lat="44.0904" lon="-92.00126">
        <ele>225.9</ele>
      </trkpt>
      <trkpt lat="44.09028" lon="-92.00016">
        <ele>225.4</ele>
      </trkpt>
      <trkpt lat="44.09019" lon="-91.99934">
        <ele>225.3</ele>
      </trkpt>
      <trkpt lat="44.0901" lon="-91.99853">
        <ele>225.3</ele>
      </trkpt>
      <trkpt lat="44.09005" lon="-91.9981">
        <ele>225.4</ele>
      </trkpt>
      <trkpt lat="44.08992" lon="-91.99687">
        <ele>225.6</ele>
      </trkpt>
      <trkpt lat="44.08979" lon="-91.99564">
        <ele>225.6</ele>
      </trkpt>
      <trkpt lat="44.08966" lon="-91.99441">
        <ele>225.7</ele>
      </trkpt>
      <trkpt lat="44.08953" lon="-91.99318">
        <ele>228.5</ele>
      </trkpt>
      <trkpt lat="44.0894" lon="-91.99195">
        <ele>232.1</ele>
      </trkpt>
      <trkpt lat="44.08927" lon="-91.99072">
        <ele>236.5</ele>
      </trkpt>
      <trkpt lat="44.08914" lon="-91.98949">
        <ele>243.0</ele>
      </trkpt>
      <trkpt lat="44.08904" lon="-91.98861">
        <ele>244.5</ele>
      </trkpt>
      <trkpt lat="44.08894" lon="-91.98773">
        <ele>248.8</ele>
      </trkpt>
      <trkpt lat="44.08885" lon="-91.98685">
        <ele>249.2</ele>
      </trkpt>
      <trkpt lat="44.0888" lon="-91.98605">
        <ele>249.6</ele>
      </trkpt>
      <trkpt lat="44.08877" lon="-91.98547">
        <ele>249.6</ele>
      </trkpt>
      <trkpt lat="44.08875" lon="-91.9843">
        <ele>249.0</ele>
      </trkpt>
      <trkpt lat="44.08876" lon="-91.98339">
        <ele>248.4</ele>
      </trkpt>
      <trkpt lat="44.08879" lon="-91.9825">
        <ele>247.4</ele>
      </trkpt>
      <trkpt lat="44.08887" lon="-91.98163">
        <ele>247.2</ele>
      </trkpt>
      <trkpt lat="44.08899" lon="-91.98051">
        <ele>248.2</ele>
      </trkpt>
      <trkpt lat="44.08911" lon="-91.97967">
        <ele>247.4</ele>
      </trkpt>
      <trkpt lat="44.08923" lon="-91.97883">
        <ele>248.6</ele>
      </trkpt>
      <trkpt lat="44.0894" lon="-91.97763">
        <ele>248.0</ele>
      </trkpt>
      <trkpt lat="44.08958" lon="-91.97643">
        <ele>246.7</ele>
      </trkpt>
      <trkpt lat="44.08975" lon="-91.97523">
        <ele>246.9</ele>
      </trkpt>
      <trkpt lat="44.08993" lon="-91.97403">
        <ele>247.5</ele>
      </trkpt>
      <trkpt lat="44.0901" lon="-91.97283">
        <ele>247.5</ele>
      </trkpt>
      <trkpt lat="44.09028" lon="-91.97163">
        <ele>246.3</ele>
      </trkpt>
      <trkpt lat="44.09032" lon="-91.97126">
        <ele>246.5</ele>
      </trkpt>
      <trkpt lat="44.09035" lon="-91.97073">
        <ele>247.5</ele>
      </trkpt>
      <trkpt lat="44.09033" lon="-91.97011">
        <ele>248.8</ele>
      </trkpt>
      <trkpt lat="44.09024" lon="-91.96938">
        <ele>249.9</ele>
      </trkpt>
      <trkpt lat="44.09005" lon="-91.9684">
        <ele>250.0</ele>
      </trkpt>
      <trkpt lat="44.08978" lon="-91.96766">
        <ele>250.8</ele>
      </trkpt>
      <trkpt lat="44.08963" lon="-91.96734">
        <ele>250.9</ele>
      </trkpt>
      <trkpt lat="44.08944" lon="-91.96698">
        <ele>250.7</ele>
      </trkpt>
      <trkpt lat="44.08934" lon="-91.96683">
        <ele>250.4</ele>
      </trkpt>
      <trkpt lat="44.08913" lon="-91.96651">
        <ele>250.9</ele>
      </trkpt>
      <trkpt lat="44.0886" lon="-91.96572">
        <ele>254.7</ele>
      </trkpt>
      <trkpt lat="44.08807" lon="-91.96493">
        <ele>255.4</ele>
      </trkpt>
      <trkpt lat="44.08754" lon="-91.96414">
        <ele>256.3</ele>
      </trkpt>
      <trkpt lat="44.08702" lon="-91.96335">
        <ele>257.8</ele>
      </trkpt>
      <trkpt lat="44.08649" lon="-91.96256">
        <ele>260.1</ele>
      </trkpt>
      <trkpt lat="44.08596" lon="-91.96176">
        <ele>261.0</ele>
      </trkpt>
      <trkpt lat="44.08542" lon="-91.96096">
        <ele>262.1</ele>
      </trkpt>
      <trkpt lat="44.08489" lon="-91.96015">
        <ele>263.8</ele>
      </trkpt>
      <trkpt lat="44.08436" lon="-91.95935">
        <ele>266.4</ele>
      </trkpt>
      <trkpt lat="44.08395" lon="-91.95886">
        <ele>267.6</ele>
      </trkpt>
      <trkpt lat="44.08354" lon="-91.95837">
        <ele>268.1</ele>
      </trkpt>
      <trkpt lat="44.0831" lon="-91.95762">
        <ele>269.6</ele>
      </trkpt>
      <trkpt lat="44.08267" lon="-91.95687">
        <ele>271.8</ele>
      </trkpt>
      <trkpt lat="44.08243" lon="-91.95639">
        <ele>273.7</ele>
      </trkpt>
      <trkpt lat="44.08232" lon="-91.95595">
        <ele>274.6</ele>
      </trkpt>
      <trkpt lat="44.08221" lon="-91.95542">
        <ele>273.3</ele>
      </trkpt>
      <trkpt lat="44.08217" lon="-91.9548">
        <ele>276.4</ele>
      </trkpt>
      <trkpt lat="44.08218" lon="-91.95428">
        <ele>276.8</ele>
      </trkpt>
      <trkpt lat="44.08226" lon="-91.95375">
        <ele>279.9</ele>
      </trkpt>
      <trkpt lat="44.08249" lon="-91.95298">
        <ele>281.7</ele>
      </trkpt>
      <trkpt lat="44.08271" lon="-91.9522">
        <ele>282.2</ele>
      </trkpt>
      <trkpt lat="44.08282" lon="-91.95173">
        <ele>285.3</ele>
      </trkpt>
      <trkpt lat="44.08288" lon="-91.95117">
        <ele>286.4</ele>
      </trkpt>
      <trkpt lat="44.08291" lon="-91.95063">
        <ele>285.6</ele>
      </trkpt>
      <trkpt lat="44.08288" lon="-91.95015">
        <ele>287.9</ele>
      </trkpt>
      <trkpt lat="44.0828" lon="-91.94949">
        <ele>291.2</ele>
      </trkpt>
      <trkpt lat="44.08265" lon="-91.94893">
        <ele>289.6</ele>
      </trkpt>
      <trkpt lat="44.08249" lon="-91.94848">
        <ele>291.1</ele>
      </trkpt>
      <trkpt lat="44.08213" lon="-91.94769">
        <ele>292.3</ele>
      </trkpt>
      <trkpt lat="44.08172" lon="-91.94669">
        <ele>297.7</ele>
      </trkpt>
      <trkpt lat="44.08146" lon="-91.94598">
        <ele>299.8</ele>
      </trkpt>
      <trkpt lat="44.08128" lon="-91.94547">
        <ele>303.7</ele>
      </trkpt>
      <trkpt lat="44.08119" lon="-91.94513">
        <ele>304.2</ele>
      </trkpt>
      <trkpt lat="44.08104" lon="-91.94415">
        <ele>311.3</ele>
      </trkpt>
      <trkpt lat="44.08091" lon="-91.9436">
        <ele>311.2</ele>
      </trkpt>
      <trkpt lat="44.08067" lon="-91.94295">
        <ele>313.5</ele>
      </trkpt>
      <trkpt lat="44.0805" lon="-91.94266">
        <ele>316.4</ele>
      </trkpt>
      <trkpt lat="44.08029" lon="-91.94236">
        <ele>320.8</ele>
      </trkpt>
      <trkpt lat="44.08006" lon="-91.9421">
        <ele>319.1</ele>
      </trkpt>
      <trkpt lat="44.07978" lon="-91.94184">
        <ele>322.7</ele>
      </trkpt>
      <trkpt lat="44.07949" lon="-91.94165">
        <ele>324.6</ele>
      </trkpt>
      <trkpt lat="44.07883" lon="-91.94133">
        <ele>331.0</ele>
      </trkpt>
      <trkpt lat="44.07818" lon="-91.94101">
        <ele>333.8</ele>
      </trkpt>
      <trkpt lat="44.07788" lon="-91.94083">
        <ele>336.0</ele>
      </trkpt>
      <trkpt lat="44.07771" lon="-91.9407">
        <ele>337.1</ele>
      </trkpt>
      <trkpt lat="44.07755" lon="-91.94054">
        <ele>337.3</ele>
      </trkpt>
      <trkpt lat="44.07737" lon="-91.94035">
        <ele>338.4</ele>
      </trkpt>
      <trkpt lat="44.07711" lon="-91.93997">
        <ele>342.3</ele>
      </trkpt>
      <trkpt lat="44.07687" lon="-91.93959">
        <ele>345.0</ele>
      </trkpt>
      <trkpt lat="44.07677" lon="-91.93935">
        <ele>345.7</ele>
      </trkpt>
      <trkpt lat="44.07656" lon="-91.93875">
        <ele>347.4</ele>
      </trkpt>
      <trkpt lat="44.07681" lon="-91.93854">
        <ele>347.7</ele>
      </trkpt>
      <trkpt lat="44.07711" lon="-91.93819">
        <ele>350.0</ele>
      </trkpt>
      <trkpt lat="44.07747" lon="-91.93765">
        <ele>352.2</ele>
      </trkpt>
      <trkpt lat="44.07781" lon="-91.937">
        <ele>352.3</ele>
      </trkpt>
      <trkpt lat="44.07807" lon="-91.93624">
        <ele>349.4</ele>
      </trkpt>
      <trkpt lat="44.07825" lon="-91.93561">
        <ele>348.2</ele>
      </trkpt>
      <trkpt lat="44.07832" lon="-91.93518">
        <ele>349.7</ele>
      </trkpt>
      <trkpt lat="44.07841" lon="-91.93415">
        <ele>352.5</ele>
      </trkpt>
      <trkpt lat="44.07841" lon="-91.93299">
        <ele>353.7</ele>
      </trkpt>
      <trkpt lat="44.07841" lon="-91.93183">
        <ele>356.8</ele>
      </trkpt>
      <trkpt lat="44.07841" lon="-91.93067">
        <ele>360.3</ele>
      </trkpt>
      <trkpt lat="44.07841" lon="-91.9295">
        <ele>362.7</ele>
      </trkpt>
      <trkpt lat="44.07841" lon="-91.92834">
        <ele>362.0</ele>
      </trkpt>
      <trkpt lat="44.07842" lon="-91.92718">
        <ele>363.6</ele>
      </trkpt>
      <trkpt lat="44.07842" lon="-91.92602">
        <ele>365.7</ele>
      </trkpt>
      <trkpt lat="44.07842" lon="-91.92486">
        <ele>369.0</ele>
      </trkpt>
      <trkpt lat="44.07842" lon="-91.92369">
        <ele>371.4</ele>
      </trkpt>
      <trkpt lat="44.07846" lon="-91.92293">
        <ele>372.2</ele>
      </trkpt>
      <trkpt lat="44.07859" lon="-91.92216">
        <ele>373.0</ele>
      </trkpt>
      <trkpt lat="44.07865" lon="-91.92196">
        <ele>373.1</ele>
      </trkpt>
      <trkpt lat="44.07879" lon="-91.92155">
        <ele>373.6</ele>
      </trkpt>
      <trkpt lat="44.07895" lon="-91.92121">
        <ele>374.2</ele>
      </trkpt>
      <trkpt lat="44.07918" lon="-91.92081">
        <ele>375.0</ele>
      </trkpt>
      <trkpt lat="44.0795" lon="-91.92039">
        <ele>376.5</ele>
      </trkpt>
      <trkpt lat="44.07994" lon="-91.91993">
        <ele>377.8</ele>
      </trkpt>
      <trkpt lat="44.08039" lon="-91.91963">
        <ele>377.4</ele>
      </trkpt>
      <trkpt lat="44.08088" lon="-91.91942">
        <ele>375.8</ele>
      </trkpt>
      <trkpt lat="44.08134" lon="-91.91931">
        <ele>374.3</ele>
      </trkpt>
      <trkpt lat="44.08187" lon="-91.91928">
        <ele>373.3</ele>
      </trkpt>
      <trkpt lat="44.08271" lon="-91.91929">
        <ele>372.7</ele>
      </trkpt>
      <trkpt lat="44.08355" lon="-91.91929">
        <ele>371.1</ele>
      </trkpt>
      <trkpt lat="44.0844" lon="-91.9193">
        <ele>367.1</ele>
      </trkpt>
      <trkpt lat="44.08524" lon="-91.91931">
        <ele>364.0</ele>
      </trkpt>
      <trkpt lat="44.08608" lon="-91.91932">
        <ele>360.0</ele>
      </trkpt>
      <trkpt lat="44.08693" lon="-91.91932">
        <ele>358.2</ele>
      </trkpt>
      <trkpt lat="44.08777" lon="-91.91933">
        <ele>355.4</ele>
      </trkpt>
      <trkpt lat="44.08861" lon="-91.91934">
        <ele>353.9</ele>
      </trkpt>
      <trkpt lat="44.08946" lon="-91.91935">
        <ele>353.8</ele>
      </trkpt>
      <trkpt lat="44.0903" lon="-91.91935">
        <ele>355.8</ele>
      </trkpt>
      <trkpt lat="44.09114" lon="-91.91936">
        <ele>358.4</ele>
      </trkpt>
      <trkpt lat="44.09199" lon="-91.91937">
        <ele>360.2</ele>
      </trkpt>
      <trkpt lat="44.09277" lon="-91.91937">
        <ele>360.4</ele>
      </trkpt>
      <trkpt lat="44.09355" lon="-91.91937">
        <ele>360.5</ele>
      </trkpt>
      <trkpt lat="44.09388" lon="-91.91935">
        <ele>360.3</ele>
      </trkpt>
      <trkpt lat="44.09423" lon="-91.9193">
        <ele>360.2</ele>
      </trkpt>
      <trkpt lat="44.09455" lon="-91.91921">
        <ele>360.0</ele>
      </trkpt>
      <trkpt lat="44.09484" lon="-91.91909">
        <ele>359.8</ele>
      </trkpt>
      <trkpt lat="44.09509" lon="-91.91895">
        <ele>359.8</ele>
      </trkpt>
      <trkpt lat="44.0953" lon="-91.91879">
        <ele>359.9</ele>
      </trkpt>
      <trkpt lat="44.09548" lon="-91.91865">
        <ele>359.8</ele>
      </trkpt>
      <trkpt lat="44.09568" lon="-91.91845">
        <ele>359.3</ele>
      </trkpt>
      <trkpt lat="44.09591" lon="-91.9182">
        <ele>358.9</ele>
      </trkpt>
      <trkpt lat="44.09606" lon="-91.91798">
        <ele>358.8</ele>
      </trkpt>
      <trkpt lat="44.09636" lon="-91.91748">
        <ele>358.0</ele>
      </trkpt>
      <trkpt lat="44.09654" lon="-91.91707">
        <ele>355.9</ele>
      </trkpt>
      <trkpt lat="44.09675" lon="-91.91639">
        <ele>352.6</ele>
      </trkpt>
      <trkpt lat="44.09691" lon="-91.91559">
        <ele>348.0</ele>
      </trkpt>
      <trkpt lat="44.09697" lon="-91.91487">
        <ele>345.1</ele>
      </trkpt>
      <trkpt lat="44.09703" lon="-91.91415">
        <ele>341.9</ele>
      </trkpt>
      <trkpt lat="44.09713" lon="-91.91345">
        <ele>341.6</ele>
      </trkpt>
      <trkpt lat="44.09735" lon="-91.91258">
        <ele>339.5</ele>
      </trkpt>
      <trkpt lat="44.09758" lon="-91.91171">
        <ele>336.4</ele>
      </trkpt>
      <trkpt lat="44.0978" lon="-91.91085">
        <ele>334.9</ele>
      </trkpt>
      <trkpt lat="44.09792" lon="-91.91009">
        <ele>334.9</ele>
      </trkpt>
      <trkpt lat="44.09796" lon="-91.90941">
        <ele>335.0</ele>
      </trkpt>
      <trkpt lat="44.09793" lon="-91.90871">
        <ele>330.3</ele>
      </trkpt>
      <trkpt lat="44.09786" lon="-91.90802">
        <ele>329.4</ele>
      </trkpt>
      <trkpt lat="44.09769" lon="-91.90716">
        <ele>327.2</ele>
      </trkpt>
      <trkpt lat="44.09753" lon="-91.90629">
        <ele>323.7</ele>
      </trkpt>
      <trkpt lat="44.09744" lon="-91.90578">
        <ele>320.6</ele>
      </trkpt>
      <trkpt lat="44.09741" lon="-91.90504">
        <ele>319.0</ele>
      </trkpt>
      <trkpt lat="44.09741" lon="-91.9046">
        <ele>316.2</ele>
      </trkpt>
      <trkpt lat="44.09746" lon="-91.90364">
        <ele>312.3</ele>
      </trkpt>
      <trkpt lat="44.09746" lon="-91.90299">
        <ele>310.5</ele>
      </trkpt>
      <trkpt lat="44.0974" lon="-91.90238">
        <ele>310.3</ele>
      </trkpt>
      <trkpt lat="44.09728" lon="-91.90164">
        <ele>304.2</ele>
      </trkpt>
      <trkpt lat="44.09701" lon="-91.90052">
        <ele>300.8</ele>
      </trkpt>
      <trkpt lat="44.09675" lon="-91.89941">
        <ele>296.8</ele>
      </trkpt>
      <trkpt lat="44.09657" lon="-91.89869">
        <ele>296.5</ele>
      </trkpt>
      <trkpt lat="44.0964" lon="-91.89797">
        <ele>297.9</ele>
      </trkpt>
      <trkpt lat="44.09614" lon="-91.89714">
        <ele>292.6</ele>
      </trkpt>
      <trkpt lat="44.09581" lon="-91.89621">
        <ele>289.0</ele>
      </trkpt>
      <trkpt lat="44.09564" lon="-91.89565">
        <ele>287.3</ele>
      </trkpt>
      <trkpt lat="44.09556" lon="-91.89539">
        <ele>286.0</ele>
      </trkpt>
      <trkpt lat="44.09542" lon="-91.89467">
        <ele>288.6</ele>
      </trkpt>
      <trkpt lat="44.09536" lon="-91.89423">
        <ele>283.9</ele>
      </trkpt>
      <trkpt lat="44.09528" lon="-91.89301">
        <ele>283.6</ele>
      </trkpt>
      <trkpt lat="44.09517" lon="-91.89199">
        <ele>281.0</ele>
      </trkpt>
      <trkpt lat="44.09508" lon="-91.89143">
        <ele>278.8</ele>
      </trkpt>
      <trkpt lat="44.0949" lon="-91.89056">
        <ele>280.0</ele>
      </trkpt>
      <trkpt lat="44.09474" lon="-91.88991">
        <ele>277.2</ele>
      </trkpt>
      <trkpt lat="44.09457" lon="-91.88927">
        <ele>274.6</ele>
      </trkpt>
      <trkpt lat="44.09442" lon="-91.88867">
        <ele>272.2</ele>
      </trkpt>
      <trkpt lat="44.09428" lon="-91.88807">
        <ele>273.5</ele>
      </trkpt>
      <trkpt lat="44.09413" lon="-91.88703">
        <ele>271.3</ele>
      </trkpt>
      <trkpt lat="44.09399" lon="-91.886">
        <ele>267.7</ele>
      </trkpt>
      <trkpt lat="44.09385" lon="-91.88496">
        <ele>266.0</ele>
      </trkpt>
      <trkpt lat="44.09371" lon="-91.88393">
        <ele>264.3</ele>
      </trkpt>
      <trkpt lat="44.09357" lon="-91.88289">
        <ele>260.5</ele>
      </trkpt>
      <trkpt lat="44.09343" lon="-91.88201">
        <ele>261.6</ele>
      </trkpt>
      <trkpt lat="44.09321" lon="-91.88099">
        <ele>260.9</ele>
      </trkpt>
      <trkpt lat="44.09312" lon="-91.88071">
        <ele>260.7</ele>
      </trkpt>
      <trkpt lat="44.09284" lon="-91.87992">
        <ele>258.7</ele>
      </trkpt>
      <trkpt lat="44.09277" lon="-91.87968">
        <ele>258.1</ele>
      </trkpt>
      <trkpt lat="44.09249" lon="-91.87906">
        <ele>257.8</ele>
      </trkpt>
      <trkpt lat="44.09209" lon="-91.87833">
        <ele>257.0</ele>
      </trkpt>
      <trkpt lat="44.09168" lon="-91.8776">
        <ele>254.2</ele>
      </trkpt>
      <trkpt lat="44.0914" lon="-91.87705">
        <ele>255.1</ele>
      </trkpt>
      <trkpt lat="44.09112" lon="-91.8765">
        <ele>256.4</ele>
      </trkpt>
      <trkpt lat="44.09089" lon="-91.87589">
        <ele>257.5</ele>
      </trkpt>
      <trkpt lat="44.09069" lon="-91.87513">
        <ele>257.6</ele>
      </trkpt>
      <trkpt lat="44.09048" lon="-91.87416">
        <ele>252.7</ele>
      </trkpt>
      <trkpt lat="44.09024" lon="-91.87313">
        <ele>252.4</ele>
      </trkpt>
      <trkpt lat="44.09001" lon="-91.87211">
        <ele>251.4</ele>
      </trkpt>
      <trkpt lat="44.08978" lon="-91.87103">
        <ele>251.0</ele>
      </trkpt>
      <trkpt lat="44.08961" lon="-91.86995">
        <ele>246.4</ele>
      </trkpt>
      <trkpt lat="44.08953" lon="-91.86917">
        <ele>245.5</ele>
      </trkpt>
      <trkpt lat="44.08946" lon="-91.86839">
        <ele>244.9</ele>
      </trkpt>
      <trkpt lat="44.08943" lon="-91.86765">
        <ele>243.6</ele>
      </trkpt>
      <trkpt lat="44.0894" lon="-91.86691">
        <ele>242.1</ele>
      </trkpt>
      <trkpt lat="44.08938" lon="-91.86588">
        <ele>240.3</ele>
      </trkpt>
      <trkpt lat="44.08936" lon="-91.86486">
        <ele>237.7</ele>
      </trkpt>
      <trkpt lat="44.08934" lon="-91.86383">
        <ele>237.9</ele>
      </trkpt>
      <trkpt lat="44.08933" lon="-91.86281">
        <ele>238.1</ele>
      </trkpt>
      <trkpt lat="44.08931" lon="-91.86179">
        <ele>238.8</ele>
      </trkpt>
      <trkpt lat="44.08927" lon="-91.86084">
        <ele>238.9</ele>
      </trkpt>
      <trkpt lat="44.08924" lon="-91.85989">
        <ele>239.0</ele>
      </trkpt>
      <trkpt lat="44.08921" lon="-91.85894">
        <ele>238.2</ele>
      </trkpt>
      <trkpt lat="44.08914" lon="-91.8582">
        <ele>237.7</ele>
      </trkpt>
      <trkpt lat="44.08908" lon="-91.85746">
        <ele>237.6</ele>
      </trkpt>
      <trkpt lat="44.08893" lon="-91.85638">
        <ele>237.3</ele>
      </trkpt>
      <trkpt lat="44.08878" lon="-91.8553">
        <ele>237.0</ele>
      </trkpt>
      <trkpt lat="44.08863" lon="-91.85422">
        <ele>237.7</ele>
      </trkpt>
      <trkpt lat="44.08848" lon="-91.85314">
        <ele>237.2</ele>
      </trkpt>
      <trkpt lat="44.0884" lon="-91.85238">
        <ele>237.6</ele>
      </trkpt>
      <trkpt lat="44.08838" lon="-91.85201">
        <ele>237.6</ele>
      </trkpt>
      <trkpt lat="44.08836" lon="-91.85109">
        <ele>236.9</ele>
      </trkpt>
      <trkpt lat="44.08837" lon="-91.85067">
        <ele>236.5</ele>
      </trkpt>
      <trkpt lat="44.08839" lon="-91.85024">
        <ele>236.3</ele>
      </trkpt>
      <trkpt lat="44.08841" lon="-91.84988">
        <ele>236.0</ele>
      </trkpt>
      <trkpt lat="44.0885" lon="-91.84896">
        <ele>234.1</ele>
      </trkpt>
      <trkpt lat="44.08862" lon="-91.84785">
        <ele>231.9</ele>
      </trkpt>
      <trkpt lat="44.08875" lon="-91.84674">
        <ele>231.0</ele>
      </trkpt>
      <trkpt lat="44.08887" lon="-91.84562">
        <ele>230.8</ele>
      </trkpt>
      <trkpt lat="44.089" lon="-91.84451">
        <ele>230.7</ele>
      </trkpt>
      <trkpt lat="44.08912" lon="-91.84339">
        <ele>230.5</ele>
      </trkpt>
      <trkpt lat="44.08925" lon="-91.84228">
        <ele>230.0</ele>
      </trkpt>
      <trkpt lat="44.08937" lon="-91.84117">
        <ele>229.2</ele>
      </trkpt>
      <trkpt lat="44.08942" lon="-91.84086">
        <ele>228.9</ele>
      </trkpt>
      <trkpt lat="44.0895" lon="-91.84038">
        <ele>228.5</ele>
      </trkpt>
      <trkpt lat="44.08956" lon="-91.84011">
        <ele>228.3</ele>
      </trkpt>
      <trkpt lat="44.08962" lon="-91.83987">
        <ele>228.1</ele>
      </trkpt>
      <trkpt lat="44.0897" lon="-91.83959">
        <ele>228.1</ele>
      </trkpt>
      <trkpt lat="44.08985" lon="-91.83915">
        <ele>227.9</ele>
      </trkpt>
      <trkpt lat="44.08999" lon="-91.83881">
        <ele>227.7</ele>
      </trkpt>
      <trkpt lat="44.09011" lon="-91.83854">
        <ele>227.7</ele>
      </trkpt>
      <trkpt lat="44.09022" lon="-91.83832">
        <ele>227.8</ele>
      </trkpt>
      <trkpt lat="44.09042" lon="-91.83797">
        <ele>227.7</ele>
      </trkpt>
      <trkpt lat="44.09074" lon="-91.8375">
        <ele>227.8</ele>
      </trkpt>
      <trkpt lat="44.09094" lon="-91.83726">
        <ele>228.0</ele>
      </trkpt>
      <trkpt lat="44.09112" lon="-91.83706">
        <ele>228.1</ele>
      </trkpt>
      <trkpt lat="44.09133" lon="-91.83686">
        <ele>228.3</ele>
      </trkpt>
      <trkpt lat="44.09157" lon="-91.83665">
        <ele>228.5</ele>
      </trkpt>
      <trkpt lat="44.09177" lon="-91.83649">
        <ele>228.7</ele>
      </trkpt>
      <trkpt lat="44.09229" lon="-91.83611">
        <ele>229.2</ele>
      </trkpt>
      <trkpt lat="44.09281" lon="-91.83572">
        <ele>229.8</ele>
      </trkpt>
      <trkpt lat="44.09331" lon="-91.83531">
        <ele>230.2</ele>
      </trkpt>
      <trkpt lat="44.09372" lon="-91.83491">
        <ele>230.4</ele>
      </trkpt>
      <trkpt lat="44.09407" lon="-91.83453">
        <ele>230.5</ele>
      </trkpt>
      <trkpt lat="44.09443" lon="-91.83408">
        <ele>230.4</ele>
      </trkpt>
      <trkpt lat="44.09496" lon="-91.83334">
        <ele>230.3</ele>
      </trkpt>
      <trkpt lat="44.09512" lon="-91.83307">
        <ele>230.2</ele>
      </trkpt>
      <trkpt lat="44.09545" lon="-91.83246">
        <ele>230.1</ele>
      </trkpt>
      <trkpt lat="44.09569" lon="-91.83194">
        <ele>230.2</ele>
      </trkpt>
      <trkpt lat="44.09587" lon="-91.83155">
        <ele>230.5</ele>
      </trkpt>
      <trkpt lat="44.09601" lon="-91.83119">
        <ele>230.7</ele>
      </trkpt>
      <trkpt lat="44.09623" lon="-91.83052">
        <ele>230.6</ele>
      </trkpt>
      <trkpt lat="44.09634" lon="-91.83017">
        <ele>230.7</ele>
      </trkpt>
      <trkpt lat="44.09651" lon="-91.8295">
        <ele>230.8</ele>
      </trkpt>
      <trkpt lat="44.09662" lon="-91.829">
        <ele>230.8</ele>
      </trkpt>
      <trkpt lat="44.0967" lon="-91.82855">
        <ele>230.7</ele>
      </trkpt>
      <trkpt lat="44.0968" lon="-91.82779">
        <ele>230.4</ele>
      </trkpt>
      <trkpt lat="44.09686" lon="-91.827">
        <ele>229.1</ele>
      </trkpt>
      <trkpt lat="44.09688" lon="-91.8265">
        <ele>227.4</ele>
      </trkpt>
      <trkpt lat="44.09688" lon="-91.82559">
        <ele>225.5</ele>
      </trkpt>
      <trkpt lat="44.09688" lon="-91.82468">
        <ele>225.6</ele>
      </trkpt>
      <trkpt lat="44.09687" lon="-91.82377">
        <ele>225.5</ele>
      </trkpt>
      <trkpt lat="44.09684" lon="-91.82259">
        <ele>224.7</ele>
      </trkpt>
      <trkpt lat="44.0968" lon="-91.82195">
        <ele>224.5</ele>
      </trkpt>
      <trkpt lat="44.09677" lon="-91.82155">
        <ele>224.6</ele>
      </trkpt>
      <trkpt lat="44.09669" lon="-91.821">
        <ele>224.8</ele>
      </trkpt>
      <trkpt lat="44.09653" lon="-91.82015">
        <ele>223.4</ele>
      </trkpt>
      <trkpt lat="44.09643" lon="-91.8197">
        <ele>222.1</ele>
      </trkpt>
      <trkpt lat="44.09617" lon="-91.81863">
        <ele>219.3</ele>
      </trkpt>
      <trkpt lat="44.0959" lon="-91.81756">
        <ele>219.5</ele>
      </trkpt>
      <trkpt lat="44.09564" lon="-91.81649">
        <ele>220.7</ele>
      </trkpt>
      <trkpt lat="44.09549" lon="-91.81579">
        <ele>222.1</ele>
      </trkpt>
      <trkpt lat="44.09543" lon="-91.81542">
        <ele>221.9</ele>
      </trkpt>
      <trkpt lat="44.09538" lon="-91.81508">
        <ele>221.5</ele>
      </trkpt>
      <trkpt lat="44.09531" lon="-91.81454">
        <ele>221.1</ele>
      </trkpt>
      <trkpt lat="44.09527" lon="-91.81407">
        <ele>221.3</ele>
      </trkpt>
      <trkpt lat="44.09522" lon="-91.81327">
        <ele>219.6</ele>
      </trkpt>
      <trkpt lat="44.09517" lon="-91.81246">
        <ele>221.1</ele>
      </trkpt>
      <trkpt lat="44.09514" lon="-91.81196">
        <ele>222.0</ele>
      </trkpt>
      <trkpt lat="44.09512" lon="-91.81109">
        <ele>223.7</ele>
      </trkpt>
      <trkpt lat="44.09512" lon="-91.81067">
        <ele>224.1</ele>
      </trkpt>
      <trkpt lat="44.09512" lon="-91.81021">
        <ele>224.5</ele>
      </trkpt>
      <trkpt lat="44.09515" lon="-91.80983">
        <ele>225.8</ele>
      </trkpt>
      <trkpt lat="44.09519" lon="-91.80936">
        <ele>226.7</ele>
      </trkpt>
      <trkpt lat="44.09525" lon="-91.80878">
        <ele>227.1</ele>
      </trkpt>
      <trkpt lat="44.09538" lon="-91.80776">
        <ele>227.7</ele>
      </trkpt>
      <trkpt lat="44.09551" lon="-91.80673">
        <ele>227.6</ele>
      </trkpt>
      <trkpt lat="44.09564" lon="-91.80571">
        <ele>226.9</ele>
      </trkpt>
      <trkpt lat="44.09577" lon="-91.80468">
        <ele>225.9</ele>
      </trkpt>
      <trkpt lat="44.09582" lon="-91.80436">
        <ele>225.8</ele>
      </trkpt>
      <trkpt lat="44.09596" lon="-91.80371">
        <ele>225.9</ele>
      </trkpt>
      <trkpt lat="44.09605" lon="-91.80332">
        <ele>226.3</ele>
      </trkpt>
      <trkpt lat="44.09613" lon="-91.80302">
        <ele>226.2</ele>
      </trkpt>
      <trkpt lat="44.09632" lon="-91.80242">
        <ele>225.6</ele>
      </trkpt>
      <trkpt lat="44.09654" lon="-91.80182">
        <ele>226.2</ele>
      </trkpt>
      <trkpt lat="44.09696" lon="-91.80078">
        <ele>226.9</ele>
      </trkpt>
      <trkpt lat="44.09739" lon="-91.79974">
        <ele>227.3</ele>
      </trkpt>
      <trkpt lat="44.09774" lon="-91.79891">
        <ele>227.6</ele>
      </trkpt>
      <trkpt lat="44.09814" lon="-91.79797">
        <ele>228.0</ele>
      </trkpt>
      <trkpt lat="44.09853" lon="-91.79704">
        <ele>228.2</ele>
      </trkpt>
      <trkpt lat="44.0988" lon="-91.79638">
        <ele>227.7</ele>
      </trkpt>
      <trkpt lat="44.09897" lon="-91.79593">
        <ele>227.6</ele>
      </trkpt>
      <trkpt lat="44.09906" lon="-91.79568">
        <ele>227.4</ele>
      </trkpt>
      <trkpt lat="44.09918" lon="-91.79527">
        <ele>227.3</ele>
      </trkpt>
      <trkpt lat="44.09929" lon="-91.79477">
        <ele>226.9</ele>
      </trkpt>
      <trkpt lat="44.0994" lon="-91.79424">
        <ele>226.4</ele>
      </trkpt>
      <trkpt lat="44.09943" lon="-91.79396">
        <ele>225.4</ele>
      </trkpt>
      <trkpt lat="44.09949" lon="-91.79337">
        <ele>226.8</ele>
      </trkpt>
      <trkpt lat="44.09951" lon="-91.7928">
        <ele>226.8</ele>
      </trkpt>
      <trkpt lat="44.09951" lon="-91.79161">
        <ele>226.4</ele>
      </trkpt>
      <trkpt lat="44.09951" lon="-91.79043">
        <ele>227.0</ele>
      </trkpt>
      <trkpt lat="44.09951" lon="-91.78925">
        <ele>225.4</ele>
      </trkpt>
      <trkpt lat="44.09952" lon="-91.78807">
        <ele>223.5</ele>
      </trkpt>
      <trkpt lat="44.09952" lon="-91.78689">
        <ele>216.1</ele>
      </trkpt>
      <trkpt lat="44.09952" lon="-91.78571">
        <ele>213.6</ele>
      </trkpt>
      <trkpt lat="44.09949" lon="-91.78497">
        <ele>216.5</ele>
      </trkpt>
      <trkpt lat="44.09947" lon="-91.78458">
        <ele>220.0</ele>
      </trkpt>
      <trkpt lat="44.09941" lon="-91.78395">
        <ele>220.8</ele>
      </trkpt>
      <trkpt lat="44.09934" lon="-91.78323">
        <ele>222.5</ele>
      </trkpt>
      <trkpt lat="44.09926" lon="-91.78251">
        <ele>224.5</ele>
      </trkpt>
      <trkpt lat="44.09921" lon="-91.78191">
        <ele>225.7</ele>
      </trkpt>
      <trkpt lat="44.09919" lon="-91.78162">
        <ele>225.7</ele>
      </trkpt>
      <trkpt lat="44.09917" lon="-91.78106">
        <ele>225.7</ele>
      </trkpt>
      <trkpt lat="44.09917" lon="-91.78016">
        <ele>226.3</ele>
      </trkpt>
      <trkpt lat="44.0992" lon="-91.77909">
        <ele>225.7</ele>
      </trkpt>
      <trkpt lat="44.09924" lon="-91.77802">
        <ele>223.8</ele>
      </trkpt>
      <trkpt lat="44.09923" lon="-91.77724">
        <ele>225.1</ele>
      </trkpt>
      <trkpt lat="44.09921" lon="-91.77667">
        <ele>225.2</ele>
      </trkpt>
      <trkpt lat="44.09913" lon="-91.77556">
        <ele>223.2</ele>
      </trkpt>
      <trkpt lat="44.09905" lon="-91.77446">
        <ele>221.8</ele>
      </trkpt>
      <trkpt lat="44.09897" lon="-91.77335">
        <ele>222.3</ele>
      </trkpt>
      <trkpt lat="44.09889" lon="-91.77225">
        <ele>223.6</ele>
      </trkpt>
      <trkpt lat="44.09887" lon="-91.77187">
        <ele>224.4</ele>
      </trkpt>
      <trkpt lat="44.09886" lon="-91.77119">
        <ele>224.6</ele>
      </trkpt>
      <trkpt lat="44.09886" lon="-91.77089">
        <ele>225.0</ele>
      </trkpt>
      <trkpt lat="44.09887" lon="-91.77041">
        <ele>223.3</ele>
      </trkpt>
      <trkpt lat="44.09889" lon="-91.77008">
        <ele>223.1</ele>
      </trkpt>
      <trkpt lat="44.09896" lon="-91.76936">
        <ele>224.0</ele>
      </trkpt>
      <trkpt lat="44.09905" lon="-91.7687">
        <ele>226.8</ele>
      </trkpt>
      <trkpt lat="44.09921" lon="-91.7677">
        <ele>229.4</ele>
      </trkpt>
      <trkpt lat="44.09936" lon="-91.76669">
        <ele>230.8</ele>
      </trkpt>
      <trkpt lat="44.09942" lon="-91.76625">
        <ele>230.7</ele>
      </trkpt>
      <trkpt lat="44.09947" lon="-91.76578">
        <ele>231.0</ele>
      </trkpt>
      <trkpt lat="44.09953" lon="-91.76518">
        <ele>232.4</ele>
      </trkpt>
      <trkpt lat="44.09962" lon="-91.76398">
        <ele>231.6</ele>
      </trkpt>
      <trkpt lat="44.09963" lon="-91.76346">
        <ele>231.6</ele>
      </trkpt>
      <trkpt lat="44.09964" lon="-91.76307">
        <ele>231.0</ele>
      </trkpt>
      <trkpt lat="44.09965" lon="-91.76207">
        <ele>228.4</ele>
      </trkpt>
      <trkpt lat="44.09966" lon="-91.76108">
        <ele>226.9</ele>
      </trkpt>
      <trkpt lat="44.09965" lon="-91.76049">
        <ele>226.2</ele>
      </trkpt>
      <trkpt lat="44.09962" lon="-91.75986">
        <ele>224.7</ele>
      </trkpt>
      <trkpt lat="44.09958" lon="-91.75941">
        <ele>223.6</ele>
      </trkpt>
      <trkpt lat="44.09951" lon="-91.7589">
        <ele>222.2</ele>
      </trkpt>
      <trkpt lat="44.09942" lon="-91.75843">
        <ele>220.6</ele>
      </trkpt>
      <trkpt lat="44.09929" lon="-91.75788">
        <ele>215.7</ele>
      </trkpt>
      <trkpt lat="44.09911" lon="-91.75724">
        <ele>213.3</ele>
      </trkpt>
      <trkpt lat="44.09891" lon="-91.75664">
        <ele>212.4</ele>
      </trkpt>
      <trkpt lat="44.09869" lon="-91.75603">
        <ele>208.1</ele>
      </trkpt>
      <trkpt lat="44.09847" lon="-91.75542">
        <ele>206.7</ele>
      </trkpt>
      <trkpt lat="44.09818" lon="-91.75444">
        <ele>205.7</ele>
      </trkpt>
      <trkpt lat="44.09806" lon="-91.75397">
        <ele>204.9</ele>
      </trkpt>
      <trkpt lat="44.09777" lon="-91.75313">
        <ele>203.4</ele>
      </trkpt>
      <trkpt lat="44.09763" lon="-91.75288">
        <ele>203.2</ele>
      </trkpt>
      <trkpt lat="44.09733" lon="-91.75245">
        <ele>203.2</ele>
      </trkpt>
      <trkpt lat="44.09687" lon="-91.75196">
        <ele>204.4</ele>
      </trkpt>
      <trkpt lat="44.09626" lon="-91.75136">
        <ele>206.5</ele>
      </trkpt>
      <trkpt lat="44.09565" lon="-91.75076">
        <ele>206.4</ele>
      </trkpt>
      <trkpt lat="44.09503" lon="-91.75015">
        <ele>206.7</ele>
      </trkpt>
      <trkpt lat="44.09464" lon="-91.74978">
        <ele>207.1</ele>
      </trkpt>
      <trkpt lat="44.09427" lon="-91.74941">
        <ele>208.0</ele>
      </trkpt>
      <trkpt lat="44.09389" lon="-91.74904">
        <ele>207.9</ele>
      </trkpt>
      <trkpt lat="44.09348" lon="-91.74866">
        <ele>207.2</ele>
      </trkpt>
      <trkpt lat="44.09307" lon="-91.74828">
        <ele>206.1</ele>
      </trkpt>
      <trkpt lat="44.09247" lon="-91.74773">
        <ele>204.5</ele>
      </trkpt>
      <trkpt lat="44.09183" lon="-91.74727">
        <ele>202.9</ele>
      </trkpt>
      <trkpt lat="44.09141" lon="-91.74703">
        <ele>204.7</ele>
      </trkpt>
      <trkpt lat="44.09145" lon="-91.74673">
        <ele>204.9</ele>
      </trkpt>
      <trkpt lat="44.09144" lon="-91.74665">
        <ele>205.0</ele>
      </trkpt>
      <trkpt lat="44.0914" lon="-91.74658">
        <ele>205.2</ele>
      </trkpt>
      <trkpt lat="44.09094" lon="-91.74618">
        <ele>206.8</ele>
      </trkpt>
      <trkpt lat="44.09048" lon="-91.74578">
        <ele>207.0</ele>
      </trkpt>
      <trkpt lat="44.09035" lon="-91.74565">
        <ele>206.8</ele>
      </trkpt>
      <trkpt lat="44.09006" lon="-91.74533">
        <ele>206.6</ele>
      </trkpt>
      <trkpt lat="44.08998" lon="-91.7452">
        <ele>206.4</ele>
      </trkpt>
      <trkpt lat="44.08992" lon="-91.74506">
        <ele>206.4</ele>
      </trkpt>
      <trkpt lat="44.08988" lon="-91.74491">
        <ele>206.4</ele>
      </trkpt>
      <trkpt lat="44.08983" lon="-91.74456">
        <ele>206.4</ele>
      </trkpt>
      <trkpt lat="44.08975" lon="-91.74442">
        <ele>206.4</ele>
      </trkpt>
      <trkpt lat="44.08948" lon="-91.74404">
        <ele>206.5</ele>
      </trkpt>
      <trkpt lat="44.08934" lon="-91.7438">
        <ele>206.7</ele>
      </trkpt>
      <trkpt lat="44.08925" lon="-91.7435">
        <ele>206.8</ele>
      </trkpt>
      <trkpt lat="44.08927" lon="-91.74313">
        <ele>207.1</ele>
      </trkpt>
      <trkpt lat="44.08956" lon="-91.74199">
        <ele>207.8</ele>
      </trkpt>
      <trkpt lat="44.08952" lon="-91.74166">
        <ele>208.0</ele>
      </trkpt>
      <trkpt lat="44.08917" lon="-91.74097">
        <ele>208.3</ele>
      </trkpt>
      <trkpt lat="44.08888" lon="-91.7405">
        <ele>208.2</ele>
      </trkpt>
      <trkpt lat="44.08864" lon="-91.74003">
        <ele>208.0</ele>
      </trkpt>
      <trkpt lat="44.08812" lon="-91.73924">
        <ele>208.3</ele>
      </trkpt>
      <trkpt lat="44.08761" lon="-91.73844">
        <ele>208.5</ele>
      </trkpt>
      <trkpt lat="44.08718" lon="-91.73782">
        <ele>208.5</ele>
      </trkpt>
      <trkpt lat="44.08676" lon="-91.73721">
        <ele>208.1</ele>
      </trkpt>
      <trkpt lat="44.08634" lon="-91.73659">
        <ele>207.7</ele>
      </trkpt>
      <trkpt lat="44.08615" lon="-91.73636">
        <ele>207.6</ele>
      </trkpt>
      <trkpt lat="44.08589" lon="-91.73608">
        <ele>207.5</ele>
      </trkpt>
      <trkpt lat="44.0852" lon="-91.73536">
        <ele>207.9</ele>
      </trkpt>
      <trkpt lat="44.08451" lon="-91.73465">
        <ele>208.4</ele>
      </trkpt>
      <trkpt lat="44.08383" lon="-91.73393">
        <ele>208.8</ele>
      </trkpt>
      <trkpt lat="44.08314" lon="-91.73321">
        <ele>208.9</ele>
      </trkpt>
      <trkpt lat="44.08255" lon="-91.73259">
        <ele>208.5</ele>
      </trkpt>
      <trkpt lat="44.08196" lon="-91.73197">
        <ele>207.1</ele>
      </trkpt>
      <trkpt lat="44.08182" lon="-91.73184">
        <ele>206.9</ele>
      </trkpt>
      <trkpt lat="44.08155" lon="-91.73162">
        <ele>206.4</ele>
      </trkpt>
      <trkpt lat="44.0812" lon="-91.73139">
        <ele>206.0</ele>
      </trkpt>
      <trkpt lat="44.08106" lon="-91.73129">
        <ele>206.2</ele>
      </trkpt>
      <trkpt lat="44.08092" lon="-91.73117">
        <ele>205.5</ele>
      </trkpt>
      <trkpt lat="44.08082" lon="-91.73105">
        <ele>204.7</ele>
      </trkpt>
      <trkpt lat="44.08073" lon="-91.73092">
        <ele>204.3</ele>
      </trkpt>
      <trkpt lat="44.08063" lon="-91.73074">
        <ele>203.9</ele>
      </trkpt>
      <trkpt lat="44.08055" lon="-91.73054">
        <ele>203.0</ele>
      </trkpt>
      <trkpt lat="44.08019" lon="-91.72954">
        <ele>201.0</ele>
      </trkpt>
      <trkpt lat="44.08008" lon="-91.72928">
        <ele>200.1</ele>
      </trkpt>
      <trkpt lat="44.07961" lon="-91.72832">
        <ele>199.8</ele>
      </trkpt>
      <trkpt lat="44.07914" lon="-91.72737">
        <ele>199.8</ele>
      </trkpt>
      <trkpt lat="44.07868" lon="-91.72642">
        <ele>199.6</ele>
      </trkpt>
      <trkpt lat="44.07821" lon="-91.72547">
        <ele>199.6</ele>
      </trkpt>
      <trkpt lat="44.07774" lon="-91.72452">
        <ele>199.6</ele>
      </trkpt>
      <trkpt lat="44.07738" lon="-91.7238">
        <ele>200.0</ele>
      </trkpt>
      <trkpt lat="44.07702" lon="-91.72309">
        <ele>200.6</ele>
      </trkpt>
      <trkpt lat="44.07666" lon="-91.72237">
        <ele>200.8</ele>
      </trkpt>
      <trkpt lat="44.07624" lon="-91.72156">
        <ele>200.9</ele>
      </trkpt>
      <trkpt lat="44.07581" lon="-91.72075">
        <ele>201.0</ele>
      </trkpt>
      <trkpt lat="44.0755" lon="-91.7202">
        <ele>200.9</ele>
      </trkpt>
      <trkpt lat="44.07505" lon="-91.71934">
        <ele>200.9</ele>
      </trkpt>
      <trkpt lat="44.07461" lon="-91.71848">
        <ele>201.2</ele>
      </trkpt>
      <trkpt lat="44.07416" lon="-91.71762">
        <ele>201.2</ele>
      </trkpt>
      <trkpt lat="44.07379" lon="-91.71692">
        <ele>201.2</ele>
      </trkpt>
      <trkpt lat="44.07343" lon="-91.71622">
        <ele>201.3</ele>
      </trkpt>
      <trkpt lat="44.07306" lon="-91.71552">
        <ele>201.3</ele>
      </trkpt>
      <trkpt lat="44.07269" lon="-91.71447">
        <ele>201.2</ele>
      </trkpt>
      <trkpt lat="44.07232" lon="-91.71343">
        <ele>201.1</ele>
      </trkpt>
      <trkpt lat="44.07194" lon="-91.71239">
        <ele>201.0</ele>
      </trkpt>
      <trkpt lat="44.07157" lon="-91.71134">
        <ele>200.5</ele>
      </trkpt>
      <trkpt lat="44.07121" lon="-91.71039">
        <ele>200.2</ele>
      </trkpt>
      <trkpt lat="44.07085" lon="-91.70943">
        <ele>200.1</ele>
      </trkpt>
      <trkpt lat="44.07059" lon="-91.70883">
        <ele>200.3</ele>
      </trkpt>
      <trkpt lat="44.07036" lon="-91.70821">
        <ele>199.7</ele>
      </trkpt>
      <trkpt lat="44.07003" lon="-91.70737">
        <ele>200.2</ele>
      </trkpt>
      <trkpt lat="44.06969" lon="-91.70653">
        <ele>200.7</ele>
      </trkpt>
      <trkpt lat="44.06925" lon="-91.70551">
        <ele>200.8</ele>
      </trkpt>
      <trkpt lat="44.0688" lon="-91.70448">
        <ele>200.5</ele>
      </trkpt>
      <trkpt lat="44.06859" lon="-91.70392">
        <ele>200.2</ele>
      </trkpt>
      <trkpt lat="44.06837" lon="-91.70335">
        <ele>199.8</ele>
      </trkpt>
      <trkpt lat="44.06806" lon="-91.70259">
        <ele>199.8</ele>
      </trkpt>
      <trkpt lat="44.06799" lon="-91.70233">
        <ele>199.7</ele>
      </trkpt>
      <trkpt lat="44.06797" lon="-91.70201">
        <ele>199.6</ele>
      </trkpt>
      <trkpt lat="44.06801" lon="-91.70104">
        <ele>199.5</ele>
      </trkpt>
      <trkpt lat="44.06805" lon="-91.70007">
        <ele>199.7</ele>
      </trkpt>
      <trkpt lat="44.0681" lon="-91.6991">
        <ele>199.7</ele>
      </trkpt>
      <trkpt lat="44.06808" lon="-91.6987">
        <ele>199.2</ele>
      </trkpt>
      <trkpt lat="44.06804" lon="-91.6985">
        <ele>199.1</ele>
      </trkpt>
      <trkpt lat="44.06766" lon="-91.69754">
        <ele>198.5</ele>
      </trkpt>
      <trkpt lat="44.06728" lon="-91.69658">
        <ele>198.2</ele>
      </trkpt>
      <trkpt lat="44.06691" lon="-91.69562">
        <ele>198.2</ele>
      </trkpt>
      <trkpt lat="44.06653" lon="-91.69466">
        <ele>198.3</ele>
      </trkpt>
      <trkpt lat="44.06616" lon="-91.6937">
        <ele>198.2</ele>
      </trkpt>
      <trkpt lat="44.06578" lon="-91.69274">
        <ele>198.2</ele>
      </trkpt>
      <trkpt lat="44.06544" lon="-91.69182">
        <ele>198.1</ele>
      </trkpt>
      <trkpt lat="44.06509" lon="-91.6909">
        <ele>198.3</ele>
      </trkpt>
      <trkpt lat="44.06475" lon="-91.68998">
        <ele>198.1</ele>
      </trkpt>
      <trkpt lat="44.06436" lon="-91.68898">
        <ele>198.1</ele>
      </trkpt>
      <trkpt lat="44.06397" lon="-91.68799">
        <ele>198.0</ele>
      </trkpt>
      <trkpt lat="44.06357" lon="-91.68699">
        <ele>198.1</ele>
      </trkpt>
      <trkpt lat="44.06318" lon="-91.686">
        <ele>198.6</ele>
      </trkpt>
      <trkpt lat="44.06279" lon="-91.685">
        <ele>197.9</ele>
      </trkpt>
      <trkpt lat="44.06261" lon="-91.68438">
        <ele>197.8</ele>
      </trkpt>
      <trkpt lat="44.06251" lon="-91.68419">
        <ele>197.8</ele>
      </trkpt>
      <trkpt lat="44.06237" lon="-91.68376">
        <ele>197.8</ele>
      </trkpt>
      <trkpt lat="44.06212" lon="-91.68319">
        <ele>197.7</ele>
      </trkpt>
      <trkpt lat="44.06188" lon="-91.68261">
        <ele>197.8</ele>
      </trkpt>
      <trkpt lat="44.06181" lon="-91.68247">
        <ele>197.8</ele>
      </trkpt>
      <trkpt lat="44.06211" lon="-91.68221">
        <ele>197.6</ele>
      </trkpt>
      <trkpt lat="44.06232" lon="-91.682">
        <ele>197.6</ele>
      </trkpt>
      <trkpt lat="44.06242" lon="-91.68187">
        <ele>197.6</ele>
      </trkpt>
      <trkpt lat="44.06261" lon="-91.68158">
        <ele>197.6</ele>
      </trkpt>
      <trkpt lat="44.06276" lon="-91.68126">
        <ele>197.6</ele>
      </trkpt>
      <trkpt lat="44.06283" lon="-91.6811">
        <ele>197.6</ele>
      </trkpt>
      <trkpt lat="44.06288" lon="-91.68091">
        <ele>197.6</ele>
      </trkpt>
      <trkpt lat="44.063" lon="-91.68053">
        <ele>197.7</ele>
      </trkpt>
      <trkpt lat="44.06303" lon="-91.68023">
        <ele>197.8</ele>
      </trkpt>
      <trkpt lat="44.06304" lon="-91.68002">
        <ele>197.8</ele>
      </trkpt>
      <trkpt lat="44.06303" lon="-91.67883">
        <ele>197.9</ele>
      </trkpt>
      <trkpt lat="44.06303" lon="-91.67763">
        <ele>197.9</ele>
      </trkpt>
      <trkpt lat="44.06299" lon="-91.67732">
        <ele>197.9</ele>
      </trkpt>
      <trkpt lat="44.06296" lon="-91.67716">
        <ele>197.9</ele>
      </trkpt>
      <trkpt lat="44.06289" lon="-91.67689">
        <ele>197.9</ele>
      </trkpt>
      <trkpt lat="44.06284" lon="-91.67673">
        <ele>197.9</ele>
      </trkpt>
      <trkpt lat="44.06273" lon="-91.67649">
        <ele>197.9</ele>
      </trkpt>
      <trkpt lat="44.06268" lon="-91.67638">
        <ele>197.9</ele>
      </trkpt>
      <trkpt lat="44.06261" lon="-91.67628">
        <ele>198.0</ele>
      </trkpt>
      <trkpt lat="44.06211" lon="-91.67565">
        <ele>198.1</ele>
      </trkpt>
      <trkpt lat="44.06161" lon="-91.67502">
        <ele>198.1</ele>
      </trkpt>
      <trkpt lat="44.06111" lon="-91.67438">
        <ele>198.1</ele>
      </trkpt>
      <trkpt lat="44.06061" lon="-91.67375">
        <ele>198.1</ele>
      </trkpt>
      <trkpt lat="44.06052" lon="-91.67363">
        <ele>198.1</ele>
      </trkpt>
      <trkpt lat="44.06039" lon="-91.67342">
        <ele>198.1</ele>
      </trkpt>
      <trkpt lat="44.0603" lon="-91.67324">
        <ele>198.1</ele>
      </trkpt>
      <trkpt lat="44.0602" lon="-91.67298">
        <ele>198.2</ele>
      </trkpt>
      <trkpt lat="44.06017" lon="-91.67283">
        <ele>198.1</ele>
      </trkpt>
      <trkpt lat="44.06011" lon="-91.67255">
        <ele>198.1</ele>
      </trkpt>
      <trkpt lat="44.06" lon="-91.67159">
        <ele>197.9</ele>
      </trkpt>
      <trkpt lat="44.0599" lon="-91.67062">
        <ele>200.4</ele>
      </trkpt>
      <trkpt lat="44.0598" lon="-91.66979">
        <ele>201.3</ele>
      </trkpt>
      <trkpt lat="44.0597" lon="-91.66895">
        <ele>201.1</ele>
      </trkpt>
      <trkpt lat="44.0596" lon="-91.66811">
        <ele>199.4</ele>
      </trkpt>
      <trkpt lat="44.0595" lon="-91.66716">
        <ele>200.9</ele>
      </trkpt>
      <trkpt lat="44.05939" lon="-91.66621">
        <ele>200.5</ele>
      </trkpt>
      <trkpt lat="44.05929" lon="-91.66526">
        <ele>199.2</ele>
      </trkpt>
      <trkpt lat="44.05922" lon="-91.66479">
        <ele>201.0</ele>
      </trkpt>
      <trkpt lat="44.05905" lon="-91.66408">
        <ele>200.7</ele>
      </trkpt>
      <trkpt lat="44.05879" lon="-91.66316">
        <ele>201.2</ele>
      </trkpt>
      <trkpt lat="44.05853" lon="-91.66225">
        <ele>201.2</ele>
      </trkpt>
      <trkpt lat="44.05845" lon="-91.66194">
        <ele>201.0</ele>
      </trkpt>
      <trkpt lat="44.05837" lon="-91.66152">
        <ele>201.1</ele>
      </trkpt>
      <trkpt lat="44.05834" lon="-91.66128">
        <ele>201.2</ele>
      </trkpt>
      <trkpt lat="44.05832" lon="-91.66104">
        <ele>201.3</ele>
      </trkpt>
      <trkpt lat="44.05832" lon="-91.66078">
        <ele>201.6</ele>
      </trkpt>
      <trkpt lat="44.05833" lon="-91.65965">
        <ele>202.0</ele>
      </trkpt>
      <trkpt lat="44.05834" lon="-91.65852">
        <ele>202.0</ele>
      </trkpt>
      <trkpt lat="44.05834" lon="-91.6574">
        <ele>201.7</ele>
      </trkpt>
      <trkpt lat="44.05835" lon="-91.65627">
        <ele>201.2</ele>
      </trkpt>
      <trkpt lat="44.05836" lon="-91.65514">
        <ele>200.6</ele>
      </trkpt>
      <trkpt lat="44.05837" lon="-91.65402">
        <ele>200.8</ele>
      </trkpt>
      <trkpt lat="44.05838" lon="-91.65289">
        <ele>200.9</ele>
      </trkpt>
      <trkpt lat="44.05839" lon="-91.65176">
        <ele>200.9</ele>
      </trkpt>
      <trkpt lat="44.05837" lon="-91.6511">
        <ele>200.6</ele>
      </trkpt>
      <trkpt lat="44.05835" lon="-91.65062">
        <ele>200.5</ele>
      </trkpt>
      <trkpt lat="44.05832" lon="-91.65018">
        <ele>200.6</ele>
      </trkpt>
      <trkpt lat="44.0582" lon="-91.64912">
        <ele>201.3</ele>
      </trkpt>
      <trkpt lat="44.05808" lon="-91.64806">
        <ele>201.4</ele>
      </trkpt>
      <trkpt lat="44.05798" lon="-91.64728">
        <ele>200.8</ele>
      </trkpt>
      <trkpt lat="44.05779" lon="-91.64618">
        <ele>201.5</ele>
      </trkpt>
      <trkpt lat="44.05757" lon="-91.64523">
        <ele>197.3</ele>
      </trkpt>
      <trkpt lat="44.05733" lon="-91.64441">
        <ele>197.6</ele>
      </trkpt>
      <trkpt lat="44.05709" lon="-91.64359">
        <ele>198.4</ele>
      </trkpt>
      <trkpt lat="44.05686" lon="-91.64278">
        <ele>198.4</ele>
      </trkpt>
      <trkpt lat="44.05681" lon="-91.64266">
        <ele>198.6</ele>
      </trkpt>
      <trkpt lat="44.05674" lon="-91.64255">
        <ele>198.9</ele>
      </trkpt>
      <trkpt lat="44.05663" lon="-91.6424">
        <ele>199.0</ele>
      </trkpt>
      <trkpt lat="44.05651" lon="-91.6423">
        <ele>199.2</ele>
      </trkpt>
      <trkpt lat="44.05637" lon="-91.64223">
        <ele>199.4</ele>
      </trkpt>
      <trkpt lat="44.05623" lon="-91.64221">
        <ele>199.7</ele>
      </trkpt>
      <trkpt lat="44.05599" lon="-91.64224">
        <ele>200.0</ele>
      </trkpt>
      <trkpt lat="44.05517" lon="-91.64269">
        <ele>201.8</ele>
      </trkpt>
      <trkpt lat="44.0547" lon="-91.64293">
        <ele>201.9</ele>
      </trkpt>
      <trkpt lat="44.05423" lon="-91.64317">
        <ele>202.0</ele>
      </trkpt>
      <trkpt lat="44.05376" lon="-91.64342">
        <ele>202.0</ele>
      </trkpt>
      <trkpt lat="44.05328" lon="-91.64368">
        <ele>202.2</ele>
      </trkpt>
      <trkpt lat="44.0528" lon="-91.64393">
        <ele>202.3</ele>
      </trkpt>
      <trkpt lat="44.05232" lon="-91.64419">
        <ele>202.5</ele>
      </trkpt>
      <trkpt lat="44.05235" lon="-91.64432">
        <ele>202.4</ele>
      </trkpt>
      <trkpt lat="44.05242" lon="-91.64428">
        <ele>202.4</ele>
      </trkpt>
    </trkseg>
  </trk>
</gpx>
