<?xml version="1.0" encoding="UTF-8"?>
<gpx xmlns:gpxdata="http://www.cluetrust.com/XML/GPXDATA/1/0" xmlns:xsi="http://www.w3.org/2001/XMLSchema-instance" xmlns="http://www.topografix.com/GPX/1/1" version="1.1" creator="http://ridewithgps.com/" xsi:schemaLocation="http://www.topografix.com/GPX/1/1 http://www.topografix.com/GPX/1/1/gpx.xsd http://www.cluetrust.com/XML/GPXDATA/1/0 http://www.cluetrust.com/Schemas/gpxdata10.xsd">
  <metadata>
    <name>Moorhead to Saint Cloud (Week 3)</name>
    <link href="https://ridewithgps.com/routes/54524018">
      <text>Moorhead to Saint Cloud (Week 3)</text>
    </link>
    <time>2026-04-05T08:23:34Z</time>
  </metadata>
  <wpt lat="46.81885035547461" lon="-95.86252669345762">
    <name>Moorhead</name>
    <cmt>generic</cmt>
    <sym>Dot</sym>
    <type>generic</type>
  </wpt>
  <wpt lat="46.283499" lon="-96.074205">
    <name>Fergus Falls</name>
    <cmt>generic</cmt>
    <sym>Dot</sym>
    <type>generic</type>
  </wpt>
  <wpt lat="45.885952" lon="-95.37765">
    <name>Alexandria</name>
    <cmt>generic</cmt>
    <sym>Dot</sym>
    <type>generic</type>
  </wpt>
  <trk>
    <name>Moorhead to Saint Cloud (Week 3)</name>
    <trkseg>
      <trkpt lat="46.81931" lon="-95.863">
        <ele>410.6</ele>
      </trkpt>
      <trkpt lat="46.81952" lon="-95.86247">
        <ele>413.6</ele>
      </trkpt>
      <trkpt lat="46.8196" lon="-95.86226">
        <ele>414.9</ele>
      </trkpt>
      <trkpt lat="46.81991" lon="-95.86129">
        <ele>413.8</ele>
      </trkpt>
      <trkpt lat="46.82022" lon="-95.86033">
        <ele>409.2</ele>
      </trkpt>
      <trkpt lat="46.82044" lon="-95.86048">
        <ele>409.1</ele>
      </trkpt>
      <trkpt lat="46.82052" lon="-95.86053">
        <ele>408.9</ele>
      </trkpt>
      <trkpt lat="46.82065" lon="-95.86057">
        <ele>408.5</ele>
      </trkpt>
      <trkpt lat="46.82074" lon="-95.86058">
        <ele>408.1</ele>
      </trkpt>
      <trkpt lat="46.82079" lon="-95.86056">
        <ele>408.0</ele>
      </trkpt>
      <trkpt lat="46.82087" lon="-95.86051">
        <ele>408.0</ele>
      </trkpt>
      <trkpt lat="46.82096" lon="-95.86041">
        <ele>408.0</ele>
      </trkpt>
      <trkpt lat="46.82102" lon="-95.86029">
        <ele>408.1</ele>
      </trkpt>
      <trkpt lat="46.82123" lon="-95.85968">
        <ele>408.4</ele>
      </trkpt>
      <trkpt lat="46.82143" lon="-95.85906">
        <ele>408.9</ele>
      </trkpt>
      <trkpt lat="46.82153" lon="-95.85885">
        <ele>409.2</ele>
      </trkpt>
      <trkpt lat="46.82148" lon="-95.85878">
        <ele>409.1</ele>
      </trkpt>
      <trkpt lat="46.82118" lon="-95.85787">
        <ele>409.0</ele>
      </trkpt>
      <trkpt lat="46.82108" lon="-95.85767">
        <ele>408.8</ele>
      </trkpt>
      <trkpt lat="46.82091" lon="-95.85741">
        <ele>408.9</ele>
      </trkpt>
      <trkpt lat="46.82071" lon="-95.85719">
        <ele>409.4</ele>
      </trkpt>
      <trkpt lat="46.82061" lon="-95.85712">
        <ele>409.6</ele>
      </trkpt>
      <trkpt lat="46.82045" lon="-95.85705">
        <ele>409.8</ele>
      </trkpt>
      <trkpt lat="46.82039" lon="-95.85703">
        <ele>409.9</ele>
      </trkpt>
      <trkpt lat="46.82022" lon="-95.857">
        <ele>409.9</ele>
      </trkpt>
      <trkpt lat="46.81949" lon="-95.85701">
        <ele>409.1</ele>
      </trkpt>
      <trkpt lat="46.81877" lon="-95.85702">
        <ele>408.1</ele>
      </trkpt>
      <trkpt lat="46.81805" lon="-95.85703">
        <ele>408.6</ele>
      </trkpt>
      <trkpt lat="46.81791" lon="-95.85702">
        <ele>408.7</ele>
      </trkpt>
      <trkpt lat="46.81778" lon="-95.85697">
        <ele>408.8</ele>
      </trkpt>
      <trkpt lat="46.81768" lon="-95.85689">
        <ele>408.8</ele>
      </trkpt>
      <trkpt lat="46.81758" lon="-95.85678">
        <ele>409.0</ele>
      </trkpt>
      <trkpt lat="46.81752" lon="-95.85667">
        <ele>409.1</ele>
      </trkpt>
      <trkpt lat="46.81744" lon="-95.85648">
        <ele>409.4</ele>
      </trkpt>
      <trkpt lat="46.81741" lon="-95.85637">
        <ele>409.5</ele>
      </trkpt>
      <trkpt lat="46.81739" lon="-95.85619">
        <ele>409.6</ele>
      </trkpt>
      <trkpt lat="46.81738" lon="-95.85564">
        <ele>410.4</ele>
      </trkpt>
      <trkpt lat="46.81738" lon="-95.85553">
        <ele>410.6</ele>
      </trkpt>
      <trkpt lat="46.81745" lon="-95.85553">
        <ele>410.6</ele>
      </trkpt>
      <trkpt lat="46.81743" lon="-95.85466">
        <ele>412.0</ele>
      </trkpt>
      <trkpt lat="46.81741" lon="-95.85365">
        <ele>412.4</ele>
      </trkpt>
      <trkpt lat="46.81739" lon="-95.85263">
        <ele>411.8</ele>
      </trkpt>
      <trkpt lat="46.8167" lon="-95.85266">
        <ele>414.6</ele>
      </trkpt>
      <trkpt lat="46.81601" lon="-95.85269">
        <ele>421.2</ele>
      </trkpt>
      <trkpt lat="46.81532" lon="-95.85272">
        <ele>420.0</ele>
      </trkpt>
      <trkpt lat="46.81454" lon="-95.85277">
        <ele>415.0</ele>
      </trkpt>
      <trkpt lat="46.81377" lon="-95.85283">
        <ele>411.6</ele>
      </trkpt>
      <trkpt lat="46.81299" lon="-95.85288">
        <ele>410.6</ele>
      </trkpt>
      <trkpt lat="46.81221" lon="-95.85293">
        <ele>410.2</ele>
      </trkpt>
      <trkpt lat="46.81144" lon="-95.85298">
        <ele>410.4</ele>
      </trkpt>
      <trkpt lat="46.8106" lon="-95.85303">
        <ele>410.1</ele>
      </trkpt>
      <trkpt lat="46.80977" lon="-95.85307">
        <ele>409.2</ele>
      </trkpt>
      <trkpt lat="46.80893" lon="-95.85312">
        <ele>409.1</ele>
      </trkpt>
      <trkpt lat="46.80853" lon="-95.85316">
        <ele>409.0</ele>
      </trkpt>
      <trkpt lat="46.80805" lon="-95.85318">
        <ele>408.8</ele>
      </trkpt>
      <trkpt lat="46.80758" lon="-95.8532">
        <ele>407.9</ele>
      </trkpt>
      <trkpt lat="46.8075" lon="-95.8532">
        <ele>407.8</ele>
      </trkpt>
      <trkpt lat="46.80733" lon="-95.85315">
        <ele>408.2</ele>
      </trkpt>
      <trkpt lat="46.80718" lon="-95.85307">
        <ele>408.7</ele>
      </trkpt>
      <trkpt lat="46.80714" lon="-95.85304">
        <ele>408.7</ele>
      </trkpt>
      <trkpt lat="46.80646" lon="-95.85239">
        <ele>407.1</ele>
      </trkpt>
      <trkpt lat="46.80633" lon="-95.85279">
        <ele>408.1</ele>
      </trkpt>
      <trkpt lat="46.80621" lon="-95.8531">
        <ele>407.3</ele>
      </trkpt>
      <trkpt lat="46.80604" lon="-95.85346">
        <ele>407.7</ele>
      </trkpt>
      <trkpt lat="46.80588" lon="-95.85374">
        <ele>406.8</ele>
      </trkpt>
      <trkpt lat="46.80574" lon="-95.85398">
        <ele>406.5</ele>
      </trkpt>
      <trkpt lat="46.80553" lon="-95.85428">
        <ele>406.5</ele>
      </trkpt>
      <trkpt lat="46.80521" lon="-95.85474">
        <ele>406.7</ele>
      </trkpt>
      <trkpt lat="46.80488" lon="-95.8552">
        <ele>406.8</ele>
      </trkpt>
      <trkpt lat="46.80444" lon="-95.8558">
        <ele>406.6</ele>
      </trkpt>
      <trkpt lat="46.804" lon="-95.85641">
        <ele>406.9</ele>
      </trkpt>
      <trkpt lat="46.80356" lon="-95.85698">
        <ele>406.6</ele>
      </trkpt>
      <trkpt lat="46.80313" lon="-95.85755">
        <ele>407.6</ele>
      </trkpt>
      <trkpt lat="46.80287" lon="-95.85784">
        <ele>408.0</ele>
      </trkpt>
      <trkpt lat="46.80224" lon="-95.85848">
        <ele>406.9</ele>
      </trkpt>
      <trkpt lat="46.80161" lon="-95.85912">
        <ele>406.4</ele>
      </trkpt>
      <trkpt lat="46.80138" lon="-95.85945">
        <ele>406.4</ele>
      </trkpt>
      <trkpt lat="46.80121" lon="-95.85973">
        <ele>406.6</ele>
      </trkpt>
      <trkpt lat="46.80104" lon="-95.86006">
        <ele>407.0</ele>
      </trkpt>
      <trkpt lat="46.80089" lon="-95.86042">
        <ele>407.3</ele>
      </trkpt>
      <trkpt lat="46.80078" lon="-95.86074">
        <ele>406.6</ele>
      </trkpt>
      <trkpt lat="46.80052" lon="-95.86166">
        <ele>407.7</ele>
      </trkpt>
      <trkpt lat="46.80039" lon="-95.86207">
        <ele>408.5</ele>
      </trkpt>
      <trkpt lat="46.80025" lon="-95.86245">
        <ele>407.7</ele>
      </trkpt>
      <trkpt lat="46.79993" lon="-95.86328">
        <ele>408.8</ele>
      </trkpt>
      <trkpt lat="46.7996" lon="-95.86411">
        <ele>409.9</ele>
      </trkpt>
      <trkpt lat="46.79928" lon="-95.86494">
        <ele>409.2</ele>
      </trkpt>
      <trkpt lat="46.79918" lon="-95.86515">
        <ele>408.7</ele>
      </trkpt>
      <trkpt lat="46.79906" lon="-95.86539">
        <ele>409.6</ele>
      </trkpt>
      <trkpt lat="46.79895" lon="-95.86558">
        <ele>410.2</ele>
      </trkpt>
      <trkpt lat="46.79871" lon="-95.86592">
        <ele>410.5</ele>
      </trkpt>
      <trkpt lat="46.79844" lon="-95.86624">
        <ele>410.0</ele>
      </trkpt>
      <trkpt lat="46.79822" lon="-95.86644">
        <ele>410.1</ele>
      </trkpt>
      <trkpt lat="46.79795" lon="-95.86665">
        <ele>410.0</ele>
      </trkpt>
      <trkpt lat="46.79763" lon="-95.86686">
        <ele>409.8</ele>
      </trkpt>
      <trkpt lat="46.79713" lon="-95.86722">
        <ele>410.4</ele>
      </trkpt>
      <trkpt lat="46.79662" lon="-95.86757">
        <ele>409.8</ele>
      </trkpt>
      <trkpt lat="46.79594" lon="-95.86803">
        <ele>409.5</ele>
      </trkpt>
      <trkpt lat="46.79547" lon="-95.86828">
        <ele>409.6</ele>
      </trkpt>
      <trkpt lat="46.79519" lon="-95.8684">
        <ele>408.9</ele>
      </trkpt>
      <trkpt lat="46.795" lon="-95.86847">
        <ele>408.7</ele>
      </trkpt>
      <trkpt lat="46.79471" lon="-95.86854">
        <ele>408.7</ele>
      </trkpt>
      <trkpt lat="46.79441" lon="-95.86859">
        <ele>408.5</ele>
      </trkpt>
      <trkpt lat="46.79414" lon="-95.86862">
        <ele>408.2</ele>
      </trkpt>
      <trkpt lat="46.79377" lon="-95.86862">
        <ele>408.5</ele>
      </trkpt>
      <trkpt lat="46.79347" lon="-95.86858">
        <ele>408.4</ele>
      </trkpt>
      <trkpt lat="46.79329" lon="-95.86855">
        <ele>408.5</ele>
      </trkpt>
      <trkpt lat="46.7931" lon="-95.86851">
        <ele>408.6</ele>
      </trkpt>
      <trkpt lat="46.79226" lon="-95.86827">
        <ele>408.6</ele>
      </trkpt>
      <trkpt lat="46.79143" lon="-95.86803">
        <ele>408.4</ele>
      </trkpt>
      <trkpt lat="46.79059" lon="-95.86779">
        <ele>408.6</ele>
      </trkpt>
      <trkpt lat="46.78976" lon="-95.86756">
        <ele>408.7</ele>
      </trkpt>
      <trkpt lat="46.789" lon="-95.86734">
        <ele>408.7</ele>
      </trkpt>
      <trkpt lat="46.78824" lon="-95.86713">
        <ele>408.5</ele>
      </trkpt>
      <trkpt lat="46.78748" lon="-95.86692">
        <ele>407.3</ele>
      </trkpt>
      <trkpt lat="46.78672" lon="-95.8667">
        <ele>407.7</ele>
      </trkpt>
      <trkpt lat="46.78643" lon="-95.8666">
        <ele>407.6</ele>
      </trkpt>
      <trkpt lat="46.78625" lon="-95.86651">
        <ele>407.4</ele>
      </trkpt>
      <trkpt lat="46.78606" lon="-95.86639">
        <ele>406.9</ele>
      </trkpt>
      <trkpt lat="46.78589" lon="-95.86626">
        <ele>406.5</ele>
      </trkpt>
      <trkpt lat="46.78572" lon="-95.86611">
        <ele>406.6</ele>
      </trkpt>
      <trkpt lat="46.7856" lon="-95.86598">
        <ele>407.5</ele>
      </trkpt>
      <trkpt lat="46.78534" lon="-95.86566">
        <ele>408.0</ele>
      </trkpt>
      <trkpt lat="46.78484" lon="-95.86491">
        <ele>408.3</ele>
      </trkpt>
      <trkpt lat="46.78437" lon="-95.86418">
        <ele>410.5</ele>
      </trkpt>
      <trkpt lat="46.7839" lon="-95.86345">
        <ele>409.0</ele>
      </trkpt>
      <trkpt lat="46.78343" lon="-95.86272">
        <ele>411.8</ele>
      </trkpt>
      <trkpt lat="46.78297" lon="-95.86199">
        <ele>410.5</ele>
      </trkpt>
      <trkpt lat="46.78246" lon="-95.86122">
        <ele>410.3</ele>
      </trkpt>
      <trkpt lat="46.78196" lon="-95.86044">
        <ele>413.5</ele>
      </trkpt>
      <trkpt lat="46.78183" lon="-95.86028">
        <ele>413.6</ele>
      </trkpt>
      <trkpt lat="46.78176" lon="-95.8602">
        <ele>413.6</ele>
      </trkpt>
      <trkpt lat="46.78164" lon="-95.8601">
        <ele>413.9</ele>
      </trkpt>
      <trkpt lat="46.78147" lon="-95.86001">
        <ele>413.7</ele>
      </trkpt>
      <trkpt lat="46.78128" lon="-95.85995">
        <ele>413.3</ele>
      </trkpt>
      <trkpt lat="46.78108" lon="-95.85995">
        <ele>413.4</ele>
      </trkpt>
      <trkpt lat="46.78097" lon="-95.85997">
        <ele>413.6</ele>
      </trkpt>
      <trkpt lat="46.78084" lon="-95.86002">
        <ele>413.9</ele>
      </trkpt>
      <trkpt lat="46.7806" lon="-95.86017">
        <ele>414.6</ele>
      </trkpt>
      <trkpt lat="46.78" lon="-95.86068">
        <ele>414.1</ele>
      </trkpt>
      <trkpt lat="46.7795" lon="-95.86115">
        <ele>413.5</ele>
      </trkpt>
      <trkpt lat="46.77908" lon="-95.86158">
        <ele>410.4</ele>
      </trkpt>
      <trkpt lat="46.77885" lon="-95.86184">
        <ele>410.8</ele>
      </trkpt>
      <trkpt lat="46.77847" lon="-95.86231">
        <ele>408.4</ele>
      </trkpt>
      <trkpt lat="46.77804" lon="-95.86292">
        <ele>408.7</ele>
      </trkpt>
      <trkpt lat="46.77761" lon="-95.86353">
        <ele>411.3</ele>
      </trkpt>
      <trkpt lat="46.7773" lon="-95.86395">
        <ele>412.1</ele>
      </trkpt>
      <trkpt lat="46.77706" lon="-95.86424">
        <ele>413.7</ele>
      </trkpt>
      <trkpt lat="46.7769" lon="-95.86441">
        <ele>416.7</ele>
      </trkpt>
      <trkpt lat="46.77666" lon="-95.86465">
        <ele>418.4</ele>
      </trkpt>
      <trkpt lat="46.7764" lon="-95.86485">
        <ele>420.4</ele>
      </trkpt>
      <trkpt lat="46.77597" lon="-95.86519">
        <ele>419.0</ele>
      </trkpt>
      <trkpt lat="46.77548" lon="-95.86555">
        <ele>417.9</ele>
      </trkpt>
      <trkpt lat="46.775" lon="-95.86591">
        <ele>417.7</ele>
      </trkpt>
      <trkpt lat="46.77458" lon="-95.86622">
        <ele>417.7</ele>
      </trkpt>
      <trkpt lat="46.7741" lon="-95.8666">
        <ele>417.6</ele>
      </trkpt>
      <trkpt lat="46.77362" lon="-95.86698">
        <ele>417.3</ele>
      </trkpt>
      <trkpt lat="46.77291" lon="-95.86752">
        <ele>414.4</ele>
      </trkpt>
      <trkpt lat="46.7722" lon="-95.86806">
        <ele>409.3</ele>
      </trkpt>
      <trkpt lat="46.77164" lon="-95.86854">
        <ele>408.6</ele>
      </trkpt>
      <trkpt lat="46.77128" lon="-95.86887">
        <ele>408.8</ele>
      </trkpt>
      <trkpt lat="46.77063" lon="-95.86951">
        <ele>409.2</ele>
      </trkpt>
      <trkpt lat="46.76998" lon="-95.87015">
        <ele>411.6</ele>
      </trkpt>
      <trkpt lat="46.76932" lon="-95.87079">
        <ele>410.1</ele>
      </trkpt>
      <trkpt lat="46.76861" lon="-95.87147">
        <ele>408.7</ele>
      </trkpt>
      <trkpt lat="46.7679" lon="-95.87216">
        <ele>408.7</ele>
      </trkpt>
      <trkpt lat="46.76719" lon="-95.87285">
        <ele>412.0</ele>
      </trkpt>
      <trkpt lat="46.76648" lon="-95.87353">
        <ele>417.8</ele>
      </trkpt>
      <trkpt lat="46.76577" lon="-95.87422">
        <ele>421.6</ele>
      </trkpt>
      <trkpt lat="46.76505" lon="-95.87491">
        <ele>423.3</ele>
      </trkpt>
      <trkpt lat="46.76454" lon="-95.87543">
        <ele>422.8</ele>
      </trkpt>
      <trkpt lat="46.7643" lon="-95.87569">
        <ele>421.3</ele>
      </trkpt>
      <trkpt lat="46.76402" lon="-95.87602">
        <ele>419.8</ele>
      </trkpt>
      <trkpt lat="46.76364" lon="-95.87644">
        <ele>416.3</ele>
      </trkpt>
      <trkpt lat="46.76326" lon="-95.87687">
        <ele>414.2</ele>
      </trkpt>
      <trkpt lat="46.76296" lon="-95.87725">
        <ele>412.7</ele>
      </trkpt>
      <trkpt lat="46.76275" lon="-95.87756">
        <ele>412.6</ele>
      </trkpt>
      <trkpt lat="46.76263" lon="-95.87779">
        <ele>412.8</ele>
      </trkpt>
      <trkpt lat="46.76242" lon="-95.87821">
        <ele>412.8</ele>
      </trkpt>
      <trkpt lat="46.76239" lon="-95.87831">
        <ele>412.7</ele>
      </trkpt>
      <trkpt lat="46.76239" lon="-95.87836">
        <ele>412.6</ele>
      </trkpt>
      <trkpt lat="46.7623" lon="-95.87867">
        <ele>411.1</ele>
      </trkpt>
      <trkpt lat="46.76228" lon="-95.87878">
        <ele>410.4</ele>
      </trkpt>
      <trkpt lat="46.76227" lon="-95.8789">
        <ele>409.9</ele>
      </trkpt>
      <trkpt lat="46.76228" lon="-95.87898">
        <ele>409.7</ele>
      </trkpt>
      <trkpt lat="46.7623" lon="-95.87908">
        <ele>409.6</ele>
      </trkpt>
      <trkpt lat="46.76233" lon="-95.87911">
        <ele>409.7</ele>
      </trkpt>
      <trkpt lat="46.76237" lon="-95.87921">
        <ele>409.9</ele>
      </trkpt>
      <trkpt lat="46.76238" lon="-95.87926">
        <ele>409.9</ele>
      </trkpt>
      <trkpt lat="46.76239" lon="-95.87935">
        <ele>410.0</ele>
      </trkpt>
      <trkpt lat="46.76237" lon="-95.87945">
        <ele>410.1</ele>
      </trkpt>
      <trkpt lat="46.76232" lon="-95.87955">
        <ele>410.2</ele>
      </trkpt>
      <trkpt lat="46.76229" lon="-95.87959">
        <ele>410.2</ele>
      </trkpt>
      <trkpt lat="46.76226" lon="-95.87964">
        <ele>410.4</ele>
      </trkpt>
      <trkpt lat="46.76211" lon="-95.87986">
        <ele>411.1</ele>
      </trkpt>
      <trkpt lat="46.76202" lon="-95.87993">
        <ele>410.7</ele>
      </trkpt>
      <trkpt lat="46.76195" lon="-95.87996">
        <ele>410.2</ele>
      </trkpt>
      <trkpt lat="46.76188" lon="-95.87998">
        <ele>409.9</ele>
      </trkpt>
      <trkpt lat="46.76133" lon="-95.87997">
        <ele>409.2</ele>
      </trkpt>
      <trkpt lat="46.76125" lon="-95.87994">
        <ele>409.2</ele>
      </trkpt>
      <trkpt lat="46.76042" lon="-95.88001">
        <ele>410.4</ele>
      </trkpt>
      <trkpt lat="46.76043" lon="-95.88104">
        <ele>413.9</ele>
      </trkpt>
      <trkpt lat="46.76045" lon="-95.88182">
        <ele>417.1</ele>
      </trkpt>
      <trkpt lat="46.76046" lon="-95.88261">
        <ele>422.2</ele>
      </trkpt>
      <trkpt lat="46.7605" lon="-95.88347">
        <ele>425.5</ele>
      </trkpt>
      <trkpt lat="46.76054" lon="-95.88433">
        <ele>424.4</ele>
      </trkpt>
      <trkpt lat="46.76056" lon="-95.88507">
        <ele>421.0</ele>
      </trkpt>
      <trkpt lat="46.76058" lon="-95.88598">
        <ele>419.6</ele>
      </trkpt>
      <trkpt lat="46.76058" lon="-95.88699">
        <ele>416.2</ele>
      </trkpt>
      <trkpt lat="46.76059" lon="-95.88801">
        <ele>415.4</ele>
      </trkpt>
      <trkpt lat="46.7606" lon="-95.88902">
        <ele>409.0</ele>
      </trkpt>
      <trkpt lat="46.7606" lon="-95.88943">
        <ele>408.5</ele>
      </trkpt>
      <trkpt lat="46.76057" lon="-95.88966">
        <ele>408.0</ele>
      </trkpt>
      <trkpt lat="46.76051" lon="-95.89001">
        <ele>407.5</ele>
      </trkpt>
      <trkpt lat="46.76046" lon="-95.89019">
        <ele>407.5</ele>
      </trkpt>
      <trkpt lat="46.76038" lon="-95.89042">
        <ele>407.7</ele>
      </trkpt>
      <trkpt lat="46.75999" lon="-95.89128">
        <ele>407.0</ele>
      </trkpt>
      <trkpt lat="46.75981" lon="-95.8917">
        <ele>407.2</ele>
      </trkpt>
      <trkpt lat="46.75971" lon="-95.89198">
        <ele>407.3</ele>
      </trkpt>
      <trkpt lat="46.75942" lon="-95.89278">
        <ele>407.3</ele>
      </trkpt>
      <trkpt lat="46.75914" lon="-95.89357">
        <ele>407.4</ele>
      </trkpt>
      <trkpt lat="46.75901" lon="-95.89395">
        <ele>407.7</ele>
      </trkpt>
      <trkpt lat="46.75868" lon="-95.89509">
        <ele>407.9</ele>
      </trkpt>
      <trkpt lat="46.75834" lon="-95.89624">
        <ele>407.6</ele>
      </trkpt>
      <trkpt lat="46.758" lon="-95.89738">
        <ele>407.5</ele>
      </trkpt>
      <trkpt lat="46.75778" lon="-95.89813">
        <ele>406.9</ele>
      </trkpt>
      <trkpt lat="46.75757" lon="-95.89887">
        <ele>406.6</ele>
      </trkpt>
      <trkpt lat="46.75751" lon="-95.89914">
        <ele>406.4</ele>
      </trkpt>
      <trkpt lat="46.7575" lon="-95.89926">
        <ele>406.4</ele>
      </trkpt>
      <trkpt lat="46.75749" lon="-95.89948">
        <ele>406.3</ele>
      </trkpt>
      <trkpt lat="46.75752" lon="-95.89964">
        <ele>406.3</ele>
      </trkpt>
      <trkpt lat="46.75758" lon="-95.89985">
        <ele>406.4</ele>
      </trkpt>
      <trkpt lat="46.75764" lon="-95.90015">
        <ele>406.6</ele>
      </trkpt>
      <trkpt lat="46.75765" lon="-95.90027">
        <ele>406.6</ele>
      </trkpt>
      <trkpt lat="46.75767" lon="-95.9005">
        <ele>406.7</ele>
      </trkpt>
      <trkpt lat="46.75766" lon="-95.90066">
        <ele>406.8</ele>
      </trkpt>
      <trkpt lat="46.75764" lon="-95.90093">
        <ele>407.2</ele>
      </trkpt>
      <trkpt lat="46.75762" lon="-95.90111">
        <ele>407.4</ele>
      </trkpt>
      <trkpt lat="46.75757" lon="-95.90183">
        <ele>407.9</ele>
      </trkpt>
      <trkpt lat="46.75756" lon="-95.9019">
        <ele>408.0</ele>
      </trkpt>
      <trkpt lat="46.75753" lon="-95.90203">
        <ele>408.2</ele>
      </trkpt>
      <trkpt lat="46.75747" lon="-95.90215">
        <ele>408.5</ele>
      </trkpt>
      <trkpt lat="46.75742" lon="-95.90222">
        <ele>408.7</ele>
      </trkpt>
      <trkpt lat="46.75735" lon="-95.90227">
        <ele>409.0</ele>
      </trkpt>
      <trkpt lat="46.75729" lon="-95.9023">
        <ele>409.2</ele>
      </trkpt>
      <trkpt lat="46.75722" lon="-95.90233">
        <ele>409.4</ele>
      </trkpt>
      <trkpt lat="46.75709" lon="-95.90234">
        <ele>409.6</ele>
      </trkpt>
      <trkpt lat="46.75644" lon="-95.90232">
        <ele>409.1</ele>
      </trkpt>
      <trkpt lat="46.7558" lon="-95.9023">
        <ele>407.9</ele>
      </trkpt>
      <trkpt lat="46.75565" lon="-95.90232">
        <ele>407.6</ele>
      </trkpt>
      <trkpt lat="46.75557" lon="-95.90235">
        <ele>407.5</ele>
      </trkpt>
      <trkpt lat="46.7555" lon="-95.9024">
        <ele>407.4</ele>
      </trkpt>
      <trkpt lat="46.75544" lon="-95.90247">
        <ele>407.3</ele>
      </trkpt>
      <trkpt lat="46.75538" lon="-95.90255">
        <ele>407.3</ele>
      </trkpt>
      <trkpt lat="46.7553" lon="-95.90276">
        <ele>407.4</ele>
      </trkpt>
      <trkpt lat="46.75489" lon="-95.90393">
        <ele>407.4</ele>
      </trkpt>
      <trkpt lat="46.7545" lon="-95.9049">
        <ele>407.4</ele>
      </trkpt>
      <trkpt lat="46.75417" lon="-95.90572">
        <ele>407.5</ele>
      </trkpt>
      <trkpt lat="46.75384" lon="-95.90654">
        <ele>407.5</ele>
      </trkpt>
      <trkpt lat="46.7536" lon="-95.90707">
        <ele>407.5</ele>
      </trkpt>
      <trkpt lat="46.75327" lon="-95.9078">
        <ele>407.3</ele>
      </trkpt>
      <trkpt lat="46.75281" lon="-95.9087">
        <ele>407.8</ele>
      </trkpt>
      <trkpt lat="46.75235" lon="-95.90961">
        <ele>408.1</ele>
      </trkpt>
      <trkpt lat="46.75192" lon="-95.91028">
        <ele>407.5</ele>
      </trkpt>
      <trkpt lat="46.75149" lon="-95.91095">
        <ele>407.8</ele>
      </trkpt>
      <trkpt lat="46.75105" lon="-95.91163">
        <ele>408.3</ele>
      </trkpt>
      <trkpt lat="46.75058" lon="-95.91252">
        <ele>408.7</ele>
      </trkpt>
      <trkpt lat="46.75019" lon="-95.91316">
        <ele>409.9</ele>
      </trkpt>
      <trkpt lat="46.74983" lon="-95.91341">
        <ele>409.8</ele>
      </trkpt>
      <trkpt lat="46.7491" lon="-95.91394">
        <ele>409.2</ele>
      </trkpt>
      <trkpt lat="46.74927" lon="-95.91491">
        <ele>408.0</ele>
      </trkpt>
      <trkpt lat="46.74944" lon="-95.91587">
        <ele>407.5</ele>
      </trkpt>
      <trkpt lat="46.74958" lon="-95.91676">
        <ele>408.3</ele>
      </trkpt>
      <trkpt lat="46.74958" lon="-95.91782">
        <ele>410.8</ele>
      </trkpt>
      <trkpt lat="46.74958" lon="-95.91887">
        <ele>414.4</ele>
      </trkpt>
      <trkpt lat="46.74958" lon="-95.91992">
        <ele>415.9</ele>
      </trkpt>
      <trkpt lat="46.74942" lon="-95.92066">
        <ele>415.6</ele>
      </trkpt>
      <trkpt lat="46.74909" lon="-95.92124">
        <ele>413.8</ele>
      </trkpt>
      <trkpt lat="46.74877" lon="-95.92156">
        <ele>413.1</ele>
      </trkpt>
      <trkpt lat="46.7483" lon="-95.92171">
        <ele>412.0</ele>
      </trkpt>
      <trkpt lat="46.74745" lon="-95.92175">
        <ele>412.4</ele>
      </trkpt>
      <trkpt lat="46.74661" lon="-95.9218">
        <ele>414.6</ele>
      </trkpt>
      <trkpt lat="46.74605" lon="-95.92201">
        <ele>415.9</ele>
      </trkpt>
      <trkpt lat="46.74569" lon="-95.92233">
        <ele>418.2</ele>
      </trkpt>
      <trkpt lat="46.74541" lon="-95.92287">
        <ele>419.9</ele>
      </trkpt>
      <trkpt lat="46.74527" lon="-95.92373">
        <ele>420.1</ele>
      </trkpt>
      <trkpt lat="46.74526" lon="-95.92502">
        <ele>418.0</ele>
      </trkpt>
      <trkpt lat="46.74525" lon="-95.92631">
        <ele>416.7</ele>
      </trkpt>
      <trkpt lat="46.74525" lon="-95.9276">
        <ele>419.0</ele>
      </trkpt>
      <trkpt lat="46.74524" lon="-95.92888">
        <ele>422.1</ele>
      </trkpt>
      <trkpt lat="46.74523" lon="-95.93017">
        <ele>426.9</ele>
      </trkpt>
      <trkpt lat="46.74522" lon="-95.93146">
        <ele>426.2</ele>
      </trkpt>
      <trkpt lat="46.74537" lon="-95.93233">
        <ele>422.4</ele>
      </trkpt>
      <trkpt lat="46.74555" lon="-95.93308">
        <ele>418.6</ele>
      </trkpt>
      <trkpt lat="46.74572" lon="-95.93383">
        <ele>416.2</ele>
      </trkpt>
      <trkpt lat="46.74589" lon="-95.93461">
        <ele>414.1</ele>
      </trkpt>
      <trkpt lat="46.74591" lon="-95.93537">
        <ele>413.3</ele>
      </trkpt>
      <trkpt lat="46.74591" lon="-95.93637">
        <ele>413.2</ele>
      </trkpt>
      <trkpt lat="46.74591" lon="-95.93737">
        <ele>417.5</ele>
      </trkpt>
      <trkpt lat="46.74591" lon="-95.93844">
        <ele>420.3</ele>
      </trkpt>
      <trkpt lat="46.74591" lon="-95.93951">
        <ele>418.1</ele>
      </trkpt>
      <trkpt lat="46.7459" lon="-95.94058">
        <ele>414.8</ele>
      </trkpt>
      <trkpt lat="46.7459" lon="-95.94165">
        <ele>417.6</ele>
      </trkpt>
      <trkpt lat="46.74589" lon="-95.94272">
        <ele>422.0</ele>
      </trkpt>
      <trkpt lat="46.7459" lon="-95.94347">
        <ele>421.2</ele>
      </trkpt>
      <trkpt lat="46.74591" lon="-95.94422">
        <ele>422.7</ele>
      </trkpt>
      <trkpt lat="46.74594" lon="-95.94547">
        <ele>421.8</ele>
      </trkpt>
      <trkpt lat="46.74596" lon="-95.94671">
        <ele>423.6</ele>
      </trkpt>
      <trkpt lat="46.74598" lon="-95.94795">
        <ele>421.8</ele>
      </trkpt>
      <trkpt lat="46.74599" lon="-95.94915">
        <ele>417.5</ele>
      </trkpt>
      <trkpt lat="46.74601" lon="-95.95035">
        <ele>417.4</ele>
      </trkpt>
      <trkpt lat="46.74602" lon="-95.95155">
        <ele>412.8</ele>
      </trkpt>
      <trkpt lat="46.74603" lon="-95.95275">
        <ele>412.4</ele>
      </trkpt>
      <trkpt lat="46.74605" lon="-95.95391">
        <ele>412.0</ele>
      </trkpt>
      <trkpt lat="46.74608" lon="-95.95508">
        <ele>414.4</ele>
      </trkpt>
      <trkpt lat="46.7461" lon="-95.95624">
        <ele>417.5</ele>
      </trkpt>
      <trkpt lat="46.74612" lon="-95.95741">
        <ele>418.8</ele>
      </trkpt>
      <trkpt lat="46.74614" lon="-95.95857">
        <ele>418.0</ele>
      </trkpt>
      <trkpt lat="46.74616" lon="-95.95973">
        <ele>415.5</ele>
      </trkpt>
      <trkpt lat="46.74619" lon="-95.9609">
        <ele>415.3</ele>
      </trkpt>
      <trkpt lat="46.74621" lon="-95.96206">
        <ele>417.0</ele>
      </trkpt>
      <trkpt lat="46.74624" lon="-95.96293">
        <ele>415.7</ele>
      </trkpt>
      <trkpt lat="46.74627" lon="-95.9638">
        <ele>412.2</ele>
      </trkpt>
      <trkpt lat="46.7463" lon="-95.96496">
        <ele>409.2</ele>
      </trkpt>
      <trkpt lat="46.74634" lon="-95.96612">
        <ele>409.3</ele>
      </trkpt>
      <trkpt lat="46.74637" lon="-95.96729">
        <ele>409.2</ele>
      </trkpt>
      <trkpt lat="46.74633" lon="-95.9684">
        <ele>409.2</ele>
      </trkpt>
      <trkpt lat="46.74621" lon="-95.96913">
        <ele>409.1</ele>
      </trkpt>
      <trkpt lat="46.74616" lon="-95.96935">
        <ele>409.1</ele>
      </trkpt>
      <trkpt lat="46.74604" lon="-95.96981">
        <ele>409.5</ele>
      </trkpt>
      <trkpt lat="46.74593" lon="-95.9701">
        <ele>409.4</ele>
      </trkpt>
      <trkpt lat="46.74584" lon="-95.97032">
        <ele>409.5</ele>
      </trkpt>
      <trkpt lat="46.74572" lon="-95.97057">
        <ele>409.7</ele>
      </trkpt>
      <trkpt lat="46.74543" lon="-95.97106">
        <ele>408.4</ele>
      </trkpt>
      <trkpt lat="46.74505" lon="-95.9716">
        <ele>409.9</ele>
      </trkpt>
      <trkpt lat="46.74458" lon="-95.97202">
        <ele>410.5</ele>
      </trkpt>
      <trkpt lat="46.74401" lon="-95.97235">
        <ele>409.9</ele>
      </trkpt>
      <trkpt lat="46.74348" lon="-95.97262">
        <ele>409.1</ele>
      </trkpt>
      <trkpt lat="46.74288" lon="-95.97291">
        <ele>408.7</ele>
      </trkpt>
      <trkpt lat="46.74228" lon="-95.97321">
        <ele>408.8</ele>
      </trkpt>
      <trkpt lat="46.74167" lon="-95.9735">
        <ele>408.8</ele>
      </trkpt>
      <trkpt lat="46.74131" lon="-95.9738">
        <ele>408.7</ele>
      </trkpt>
      <trkpt lat="46.74071" lon="-95.97468">
        <ele>408.6</ele>
      </trkpt>
      <trkpt lat="46.74022" lon="-95.9756">
        <ele>408.7</ele>
      </trkpt>
      <trkpt lat="46.73994" lon="-95.97623">
        <ele>408.7</ele>
      </trkpt>
      <trkpt lat="46.73965" lon="-95.97686">
        <ele>408.7</ele>
      </trkpt>
      <trkpt lat="46.73944" lon="-95.9774">
        <ele>408.7</ele>
      </trkpt>
      <trkpt lat="46.73928" lon="-95.97798">
        <ele>408.9</ele>
      </trkpt>
      <trkpt lat="46.73902" lon="-95.9791">
        <ele>409.1</ele>
      </trkpt>
      <trkpt lat="46.73876" lon="-95.98022">
        <ele>409.2</ele>
      </trkpt>
      <trkpt lat="46.73851" lon="-95.98134">
        <ele>409.8</ele>
      </trkpt>
      <trkpt lat="46.73826" lon="-95.98236">
        <ele>411.7</ele>
      </trkpt>
      <trkpt lat="46.73786" lon="-95.98312">
        <ele>415.5</ele>
      </trkpt>
      <trkpt lat="46.73748" lon="-95.98369">
        <ele>420.2</ele>
      </trkpt>
      <trkpt lat="46.73703" lon="-95.98418">
        <ele>423.1</ele>
      </trkpt>
      <trkpt lat="46.73647" lon="-95.98437">
        <ele>425.0</ele>
      </trkpt>
      <trkpt lat="46.73588" lon="-95.98445">
        <ele>424.0</ele>
      </trkpt>
      <trkpt lat="46.73506" lon="-95.98446">
        <ele>427.8</ele>
      </trkpt>
      <trkpt lat="46.73424" lon="-95.98446">
        <ele>427.3</ele>
      </trkpt>
      <trkpt lat="46.73342" lon="-95.98446">
        <ele>426.4</ele>
      </trkpt>
      <trkpt lat="46.7326" lon="-95.98446">
        <ele>423.9</ele>
      </trkpt>
      <trkpt lat="46.73178" lon="-95.98446">
        <ele>418.4</ele>
      </trkpt>
      <trkpt lat="46.73181" lon="-95.98554">
        <ele>416.8</ele>
      </trkpt>
      <trkpt lat="46.73183" lon="-95.98662">
        <ele>416.1</ele>
      </trkpt>
      <trkpt lat="46.73186" lon="-95.9877">
        <ele>416.6</ele>
      </trkpt>
      <trkpt lat="46.73188" lon="-95.98879">
        <ele>422.3</ele>
      </trkpt>
      <trkpt lat="46.73191" lon="-95.98987">
        <ele>423.4</ele>
      </trkpt>
      <trkpt lat="46.73193" lon="-95.99116">
        <ele>421.8</ele>
      </trkpt>
      <trkpt lat="46.73195" lon="-95.99245">
        <ele>419.1</ele>
      </trkpt>
      <trkpt lat="46.73197" lon="-95.99374">
        <ele>418.9</ele>
      </trkpt>
      <trkpt lat="46.73199" lon="-95.99503">
        <ele>420.1</ele>
      </trkpt>
      <trkpt lat="46.73202" lon="-95.99632">
        <ele>425.7</ele>
      </trkpt>
      <trkpt lat="46.73204" lon="-95.99762">
        <ele>427.0</ele>
      </trkpt>
      <trkpt lat="46.73206" lon="-95.99891">
        <ele>420.0</ele>
      </trkpt>
      <trkpt lat="46.73208" lon="-96.0002">
        <ele>420.6</ele>
      </trkpt>
      <trkpt lat="46.7321" lon="-96.00151">
        <ele>422.4</ele>
      </trkpt>
      <trkpt lat="46.73211" lon="-96.00282">
        <ele>425.7</ele>
      </trkpt>
      <trkpt lat="46.73213" lon="-96.00412">
        <ele>430.8</ele>
      </trkpt>
      <trkpt lat="46.73215" lon="-96.00543">
        <ele>436.0</ele>
      </trkpt>
      <trkpt lat="46.73216" lon="-96.00671">
        <ele>437.4</ele>
      </trkpt>
      <trkpt lat="46.73217" lon="-96.00799">
        <ele>438.4</ele>
      </trkpt>
      <trkpt lat="46.73218" lon="-96.00928">
        <ele>439.1</ele>
      </trkpt>
      <trkpt lat="46.73219" lon="-96.01056">
        <ele>439.8</ele>
      </trkpt>
      <trkpt lat="46.7322" lon="-96.01184">
        <ele>439.8</ele>
      </trkpt>
      <trkpt lat="46.73221" lon="-96.01312">
        <ele>439.1</ele>
      </trkpt>
      <trkpt lat="46.73222" lon="-96.0144">
        <ele>436.3</ele>
      </trkpt>
      <trkpt lat="46.73223" lon="-96.01568">
        <ele>436.5</ele>
      </trkpt>
      <trkpt lat="46.73224" lon="-96.01696">
        <ele>436.1</ele>
      </trkpt>
      <trkpt lat="46.73225" lon="-96.01824">
        <ele>433.7</ele>
      </trkpt>
      <trkpt lat="46.73226" lon="-96.01952">
        <ele>434.5</ele>
      </trkpt>
      <trkpt lat="46.73227" lon="-96.0208">
        <ele>433.1</ele>
      </trkpt>
      <trkpt lat="46.73228" lon="-96.02208">
        <ele>431.8</ele>
      </trkpt>
      <trkpt lat="46.73228" lon="-96.02311">
        <ele>431.2</ele>
      </trkpt>
      <trkpt lat="46.73227" lon="-96.02414">
        <ele>428.9</ele>
      </trkpt>
      <trkpt lat="46.73227" lon="-96.02517">
        <ele>425.0</ele>
      </trkpt>
      <trkpt lat="46.73227" lon="-96.02619">
        <ele>419.4</ele>
      </trkpt>
      <trkpt lat="46.73227" lon="-96.02745">
        <ele>420.6</ele>
      </trkpt>
      <trkpt lat="46.73227" lon="-96.0287">
        <ele>415.9</ele>
      </trkpt>
      <trkpt lat="46.73227" lon="-96.02995">
        <ele>417.4</ele>
      </trkpt>
      <trkpt lat="46.73227" lon="-96.0312">
        <ele>418.4</ele>
      </trkpt>
      <trkpt lat="46.73227" lon="-96.03245">
        <ele>415.5</ele>
      </trkpt>
      <trkpt lat="46.73227" lon="-96.0337">
        <ele>415.5</ele>
      </trkpt>
      <trkpt lat="46.73248" lon="-96.03477">
        <ele>415.8</ele>
      </trkpt>
      <trkpt lat="46.7327" lon="-96.03584">
        <ele>419.9</ele>
      </trkpt>
      <trkpt lat="46.73293" lon="-96.0368">
        <ele>422.5</ele>
      </trkpt>
      <trkpt lat="46.73323" lon="-96.03758">
        <ele>425.2</ele>
      </trkpt>
      <trkpt lat="46.73309" lon="-96.03776">
        <ele>424.8</ele>
      </trkpt>
      <trkpt lat="46.73297" lon="-96.03793">
        <ele>424.4</ele>
      </trkpt>
      <trkpt lat="46.73279" lon="-96.03823">
        <ele>423.4</ele>
      </trkpt>
      <trkpt lat="46.73262" lon="-96.03855">
        <ele>422.1</ele>
      </trkpt>
      <trkpt lat="46.7325" lon="-96.03889">
        <ele>421.7</ele>
      </trkpt>
      <trkpt lat="46.7324" lon="-96.03926">
        <ele>421.1</ele>
      </trkpt>
      <trkpt lat="46.73233" lon="-96.03961">
        <ele>420.9</ele>
      </trkpt>
      <trkpt lat="46.73229" lon="-96.03998">
        <ele>420.9</ele>
      </trkpt>
      <trkpt lat="46.73227" lon="-96.04036">
        <ele>421.1</ele>
      </trkpt>
      <trkpt lat="46.73227" lon="-96.04159">
        <ele>424.0</ele>
      </trkpt>
      <trkpt lat="46.73226" lon="-96.04282">
        <ele>421.2</ele>
      </trkpt>
      <trkpt lat="46.73225" lon="-96.04404">
        <ele>424.0</ele>
      </trkpt>
      <trkpt lat="46.73225" lon="-96.04527">
        <ele>426.5</ele>
      </trkpt>
      <trkpt lat="46.73225" lon="-96.04617">
        <ele>424.8</ele>
      </trkpt>
      <trkpt lat="46.73225" lon="-96.04707">
        <ele>421.8</ele>
      </trkpt>
      <trkpt lat="46.73225" lon="-96.04797">
        <ele>419.4</ele>
      </trkpt>
      <trkpt lat="46.73226" lon="-96.04927">
        <ele>421.2</ele>
      </trkpt>
      <trkpt lat="46.73227" lon="-96.05056">
        <ele>421.9</ele>
      </trkpt>
      <trkpt lat="46.73228" lon="-96.05186">
        <ele>425.2</ele>
      </trkpt>
      <trkpt lat="46.73228" lon="-96.05316">
        <ele>429.3</ele>
      </trkpt>
      <trkpt lat="46.73229" lon="-96.05446">
        <ele>429.1</ele>
      </trkpt>
      <trkpt lat="46.7323" lon="-96.05576">
        <ele>425.9</ele>
      </trkpt>
      <trkpt lat="46.73231" lon="-96.05705">
        <ele>420.0</ele>
      </trkpt>
      <trkpt lat="46.73231" lon="-96.05835">
        <ele>417.9</ele>
      </trkpt>
      <trkpt lat="46.73232" lon="-96.05965">
        <ele>415.0</ele>
      </trkpt>
      <trkpt lat="46.73233" lon="-96.06095">
        <ele>416.0</ele>
      </trkpt>
      <trkpt lat="46.73234" lon="-96.06225">
        <ele>417.1</ele>
      </trkpt>
      <trkpt lat="46.73234" lon="-96.06354">
        <ele>416.8</ele>
      </trkpt>
      <trkpt lat="46.73232" lon="-96.06393">
        <ele>416.8</ele>
      </trkpt>
      <trkpt lat="46.73228" lon="-96.06421">
        <ele>416.6</ele>
      </trkpt>
      <trkpt lat="46.7322" lon="-96.06447">
        <ele>416.6</ele>
      </trkpt>
      <trkpt lat="46.7321" lon="-96.06471">
        <ele>416.7</ele>
      </trkpt>
      <trkpt lat="46.73203" lon="-96.06485">
        <ele>416.7</ele>
      </trkpt>
      <trkpt lat="46.73185" lon="-96.0651">
        <ele>416.7</ele>
      </trkpt>
      <trkpt lat="46.73176" lon="-96.06518">
        <ele>416.7</ele>
      </trkpt>
      <trkpt lat="46.73161" lon="-96.06531">
        <ele>416.6</ele>
      </trkpt>
      <trkpt lat="46.73133" lon="-96.06546">
        <ele>416.7</ele>
      </trkpt>
      <trkpt lat="46.73093" lon="-96.06568">
        <ele>416.8</ele>
      </trkpt>
      <trkpt lat="46.73047" lon="-96.0659">
        <ele>416.6</ele>
      </trkpt>
      <trkpt lat="46.73071" lon="-96.06699">
        <ele>415.1</ele>
      </trkpt>
      <trkpt lat="46.73096" lon="-96.06808">
        <ele>414.2</ele>
      </trkpt>
      <trkpt lat="46.73107" lon="-96.06842">
        <ele>415.1</ele>
      </trkpt>
      <trkpt lat="46.73113" lon="-96.06856">
        <ele>415.4</ele>
      </trkpt>
      <trkpt lat="46.73121" lon="-96.0687">
        <ele>415.8</ele>
      </trkpt>
      <trkpt lat="46.73132" lon="-96.06887">
        <ele>416.3</ele>
      </trkpt>
      <trkpt lat="46.73141" lon="-96.06898">
        <ele>416.8</ele>
      </trkpt>
      <trkpt lat="46.73148" lon="-96.06906">
        <ele>417.2</ele>
      </trkpt>
      <trkpt lat="46.73166" lon="-96.06919">
        <ele>417.8</ele>
      </trkpt>
      <trkpt lat="46.73185" lon="-96.06928">
        <ele>418.3</ele>
      </trkpt>
      <trkpt lat="46.73204" lon="-96.06933">
        <ele>419.1</ele>
      </trkpt>
      <trkpt lat="46.73243" lon="-96.06935">
        <ele>421.9</ele>
      </trkpt>
      <trkpt lat="46.73327" lon="-96.06937">
        <ele>421.8</ele>
      </trkpt>
      <trkpt lat="46.73411" lon="-96.0694">
        <ele>417.1</ele>
      </trkpt>
      <trkpt lat="46.73495" lon="-96.06942">
        <ele>414.7</ele>
      </trkpt>
      <trkpt lat="46.73579" lon="-96.06944">
        <ele>417.2</ele>
      </trkpt>
      <trkpt lat="46.73663" lon="-96.06947">
        <ele>419.5</ele>
      </trkpt>
      <trkpt lat="46.73748" lon="-96.06949">
        <ele>420.6</ele>
      </trkpt>
      <trkpt lat="46.73773" lon="-96.06955">
        <ele>421.0</ele>
      </trkpt>
      <trkpt lat="46.73802" lon="-96.06965">
        <ele>421.6</ele>
      </trkpt>
      <trkpt lat="46.73827" lon="-96.06979">
        <ele>421.0</ele>
      </trkpt>
      <trkpt lat="46.73853" lon="-96.06998">
        <ele>420.8</ele>
      </trkpt>
      <trkpt lat="46.73875" lon="-96.0702">
        <ele>419.3</ele>
      </trkpt>
      <trkpt lat="46.73894" lon="-96.07043">
        <ele>418.1</ele>
      </trkpt>
      <trkpt lat="46.73916" lon="-96.07082">
        <ele>416.0</ele>
      </trkpt>
      <trkpt lat="46.7394" lon="-96.07136">
        <ele>414.9</ele>
      </trkpt>
      <trkpt lat="46.73954" lon="-96.07187">
        <ele>414.8</ele>
      </trkpt>
      <trkpt lat="46.73961" lon="-96.07233">
        <ele>414.8</ele>
      </trkpt>
      <trkpt lat="46.73965" lon="-96.07275">
        <ele>414.8</ele>
      </trkpt>
      <trkpt lat="46.73967" lon="-96.07397">
        <ele>414.9</ele>
      </trkpt>
      <trkpt lat="46.7397" lon="-96.07519">
        <ele>417.2</ele>
      </trkpt>
      <trkpt lat="46.73972" lon="-96.07641">
        <ele>416.5</ele>
      </trkpt>
      <trkpt lat="46.73975" lon="-96.07762">
        <ele>414.9</ele>
      </trkpt>
      <trkpt lat="46.73978" lon="-96.07884">
        <ele>414.4</ele>
      </trkpt>
      <trkpt lat="46.7398" lon="-96.08006">
        <ele>414.2</ele>
      </trkpt>
      <trkpt lat="46.73983" lon="-96.08128">
        <ele>413.5</ele>
      </trkpt>
      <trkpt lat="46.73986" lon="-96.0825">
        <ele>412.8</ele>
      </trkpt>
      <trkpt lat="46.73988" lon="-96.08371">
        <ele>412.9</ele>
      </trkpt>
      <trkpt lat="46.73991" lon="-96.08493">
        <ele>413.3</ele>
      </trkpt>
      <trkpt lat="46.73994" lon="-96.08615">
        <ele>413.9</ele>
      </trkpt>
      <trkpt lat="46.73996" lon="-96.08737">
        <ele>415.6</ele>
      </trkpt>
      <trkpt lat="46.73999" lon="-96.08859">
        <ele>418.8</ele>
      </trkpt>
      <trkpt lat="46.74013" lon="-96.08954">
        <ele>420.4</ele>
      </trkpt>
      <trkpt lat="46.74045" lon="-96.09023">
        <ele>419.9</ele>
      </trkpt>
      <trkpt lat="46.74081" lon="-96.09061">
        <ele>420.0</ele>
      </trkpt>
      <trkpt lat="46.7414" lon="-96.09081">
        <ele>419.7</ele>
      </trkpt>
      <trkpt lat="46.74187" lon="-96.09086">
        <ele>419.4</ele>
      </trkpt>
      <trkpt lat="46.74186" lon="-96.09174">
        <ele>418.2</ele>
      </trkpt>
      <trkpt lat="46.74185" lon="-96.09263">
        <ele>417.1</ele>
      </trkpt>
      <trkpt lat="46.74184" lon="-96.09352">
        <ele>415.9</ele>
      </trkpt>
      <trkpt lat="46.74184" lon="-96.09478">
        <ele>414.6</ele>
      </trkpt>
      <trkpt lat="46.74184" lon="-96.09604">
        <ele>414.7</ele>
      </trkpt>
      <trkpt lat="46.74184" lon="-96.0973">
        <ele>414.8</ele>
      </trkpt>
      <trkpt lat="46.74184" lon="-96.09856">
        <ele>415.6</ele>
      </trkpt>
      <trkpt lat="46.74189" lon="-96.09956">
        <ele>416.5</ele>
      </trkpt>
      <trkpt lat="46.74195" lon="-96.10057">
        <ele>415.3</ele>
      </trkpt>
      <trkpt lat="46.74215" lon="-96.10177">
        <ele>416.9</ele>
      </trkpt>
      <trkpt lat="46.74235" lon="-96.10298">
        <ele>417.3</ele>
      </trkpt>
      <trkpt lat="46.74255" lon="-96.10418">
        <ele>417.1</ele>
      </trkpt>
      <trkpt lat="46.74275" lon="-96.10539">
        <ele>415.4</ele>
      </trkpt>
      <trkpt lat="46.74295" lon="-96.1066">
        <ele>414.2</ele>
      </trkpt>
      <trkpt lat="46.74316" lon="-96.1078">
        <ele>414.4</ele>
      </trkpt>
      <trkpt lat="46.74336" lon="-96.10901">
        <ele>415.5</ele>
      </trkpt>
      <trkpt lat="46.74355" lon="-96.10962">
        <ele>415.9</ele>
      </trkpt>
      <trkpt lat="46.74373" lon="-96.11023">
        <ele>417.3</ele>
      </trkpt>
      <trkpt lat="46.74412" lon="-96.11104">
        <ele>418.4</ele>
      </trkpt>
      <trkpt lat="46.74447" lon="-96.11152">
        <ele>421.0</ele>
      </trkpt>
      <trkpt lat="46.74499" lon="-96.11193">
        <ele>423.3</ele>
      </trkpt>
      <trkpt lat="46.74548" lon="-96.1122">
        <ele>426.2</ele>
      </trkpt>
      <trkpt lat="46.74628" lon="-96.11232">
        <ele>428.8</ele>
      </trkpt>
      <trkpt lat="46.74709" lon="-96.11245">
        <ele>426.8</ele>
      </trkpt>
      <trkpt lat="46.7479" lon="-96.11258">
        <ele>424.6</ele>
      </trkpt>
      <trkpt lat="46.7487" lon="-96.11271">
        <ele>423.7</ele>
      </trkpt>
      <trkpt lat="46.7493" lon="-96.11297">
        <ele>418.6</ele>
      </trkpt>
      <trkpt lat="46.74967" lon="-96.11327">
        <ele>417.2</ele>
      </trkpt>
      <trkpt lat="46.75022" lon="-96.11383">
        <ele>415.9</ele>
      </trkpt>
      <trkpt lat="46.75076" lon="-96.11449">
        <ele>416.3</ele>
      </trkpt>
      <trkpt lat="46.75118" lon="-96.11506">
        <ele>415.9</ele>
      </trkpt>
      <trkpt lat="46.75161" lon="-96.11562">
        <ele>415.4</ele>
      </trkpt>
      <trkpt lat="46.75213" lon="-96.11604">
        <ele>415.3</ele>
      </trkpt>
      <trkpt lat="46.75258" lon="-96.11643">
        <ele>415.5</ele>
      </trkpt>
      <trkpt lat="46.75304" lon="-96.11682">
        <ele>416.0</ele>
      </trkpt>
      <trkpt lat="46.75364" lon="-96.11725">
        <ele>416.7</ele>
      </trkpt>
      <trkpt lat="46.75414" lon="-96.1177">
        <ele>418.0</ele>
      </trkpt>
      <trkpt lat="46.75464" lon="-96.11815">
        <ele>418.5</ele>
      </trkpt>
      <trkpt lat="46.75502" lon="-96.11855">
        <ele>418.3</ele>
      </trkpt>
      <trkpt lat="46.75541" lon="-96.11908">
        <ele>418.7</ele>
      </trkpt>
      <trkpt lat="46.75565" lon="-96.11946">
        <ele>417.5</ele>
      </trkpt>
      <trkpt lat="46.75616" lon="-96.12021">
        <ele>416.8</ele>
      </trkpt>
      <trkpt lat="46.75668" lon="-96.12096">
        <ele>417.8</ele>
      </trkpt>
      <trkpt lat="46.75726" lon="-96.12178">
        <ele>417.4</ele>
      </trkpt>
      <trkpt lat="46.75784" lon="-96.1226">
        <ele>419.8</ele>
      </trkpt>
      <trkpt lat="46.75841" lon="-96.12342">
        <ele>424.4</ele>
      </trkpt>
      <trkpt lat="46.75899" lon="-96.12423">
        <ele>423.6</ele>
      </trkpt>
      <trkpt lat="46.75953" lon="-96.12503">
        <ele>423.9</ele>
      </trkpt>
      <trkpt lat="46.76006" lon="-96.12582">
        <ele>423.1</ele>
      </trkpt>
      <trkpt lat="46.76043" lon="-96.12642">
        <ele>425.0</ele>
      </trkpt>
      <trkpt lat="46.76079" lon="-96.12715">
        <ele>424.6</ele>
      </trkpt>
      <trkpt lat="46.76113" lon="-96.12806">
        <ele>424.0</ele>
      </trkpt>
      <trkpt lat="46.76132" lon="-96.12869">
        <ele>425.1</ele>
      </trkpt>
      <trkpt lat="46.76151" lon="-96.12932">
        <ele>428.2</ele>
      </trkpt>
      <trkpt lat="46.76171" lon="-96.13023">
        <ele>431.1</ele>
      </trkpt>
      <trkpt lat="46.76179" lon="-96.13117">
        <ele>433.0</ele>
      </trkpt>
      <trkpt lat="46.76182" lon="-96.13227">
        <ele>432.3</ele>
      </trkpt>
      <trkpt lat="46.7618" lon="-96.13317">
        <ele>429.6</ele>
      </trkpt>
      <trkpt lat="46.76179" lon="-96.13407">
        <ele>426.7</ele>
      </trkpt>
      <trkpt lat="46.76177" lon="-96.1352">
        <ele>424.6</ele>
      </trkpt>
      <trkpt lat="46.76176" lon="-96.13633">
        <ele>424.6</ele>
      </trkpt>
      <trkpt lat="46.76175" lon="-96.13745">
        <ele>423.6</ele>
      </trkpt>
      <trkpt lat="46.76173" lon="-96.13869">
        <ele>423.8</ele>
      </trkpt>
      <trkpt lat="46.76171" lon="-96.13993">
        <ele>423.9</ele>
      </trkpt>
      <trkpt lat="46.76169" lon="-96.14117">
        <ele>423.2</ele>
      </trkpt>
      <trkpt lat="46.76167" lon="-96.14241">
        <ele>421.4</ele>
      </trkpt>
      <trkpt lat="46.76165" lon="-96.14364">
        <ele>424.0</ele>
      </trkpt>
      <trkpt lat="46.76164" lon="-96.14488">
        <ele>424.7</ele>
      </trkpt>
      <trkpt lat="46.76162" lon="-96.14612">
        <ele>420.6</ele>
      </trkpt>
      <trkpt lat="46.7616" lon="-96.14736">
        <ele>417.2</ele>
      </trkpt>
      <trkpt lat="46.76158" lon="-96.1486">
        <ele>417.6</ele>
      </trkpt>
      <trkpt lat="46.76156" lon="-96.14984">
        <ele>422.3</ele>
      </trkpt>
      <trkpt lat="46.76154" lon="-96.15108">
        <ele>424.4</ele>
      </trkpt>
      <trkpt lat="46.76152" lon="-96.15231">
        <ele>424.8</ele>
      </trkpt>
      <trkpt lat="46.7615" lon="-96.15355">
        <ele>426.0</ele>
      </trkpt>
      <trkpt lat="46.76149" lon="-96.15479">
        <ele>425.8</ele>
      </trkpt>
      <trkpt lat="46.76147" lon="-96.15603">
        <ele>426.2</ele>
      </trkpt>
      <trkpt lat="46.76145" lon="-96.15727">
        <ele>429.9</ele>
      </trkpt>
      <trkpt lat="46.76144" lon="-96.15844">
        <ele>433.9</ele>
      </trkpt>
      <trkpt lat="46.76144" lon="-96.15962">
        <ele>435.9</ele>
      </trkpt>
      <trkpt lat="46.76143" lon="-96.16079">
        <ele>437.9</ele>
      </trkpt>
      <trkpt lat="46.76142" lon="-96.16196">
        <ele>438.5</ele>
      </trkpt>
      <trkpt lat="46.76142" lon="-96.16314">
        <ele>438.2</ele>
      </trkpt>
      <trkpt lat="46.76141" lon="-96.16431">
        <ele>437.4</ele>
      </trkpt>
      <trkpt lat="46.7614" lon="-96.16549">
        <ele>436.8</ele>
      </trkpt>
      <trkpt lat="46.76139" lon="-96.16677">
        <ele>439.3</ele>
      </trkpt>
      <trkpt lat="46.76138" lon="-96.16806">
        <ele>438.5</ele>
      </trkpt>
      <trkpt lat="46.76137" lon="-96.16934">
        <ele>437.7</ele>
      </trkpt>
      <trkpt lat="46.76136" lon="-96.17063">
        <ele>436.5</ele>
      </trkpt>
      <trkpt lat="46.76135" lon="-96.17191">
        <ele>433.0</ele>
      </trkpt>
      <trkpt lat="46.76134" lon="-96.1732">
        <ele>430.5</ele>
      </trkpt>
      <trkpt lat="46.76133" lon="-96.17448">
        <ele>427.6</ele>
      </trkpt>
      <trkpt lat="46.76132" lon="-96.17577">
        <ele>430.8</ele>
      </trkpt>
      <trkpt lat="46.76132" lon="-96.17697">
        <ele>434.0</ele>
      </trkpt>
      <trkpt lat="46.76132" lon="-96.17816">
        <ele>436.4</ele>
      </trkpt>
      <trkpt lat="46.76132" lon="-96.17936">
        <ele>435.0</ele>
      </trkpt>
      <trkpt lat="46.76132" lon="-96.18056">
        <ele>434.7</ele>
      </trkpt>
      <trkpt lat="46.76132" lon="-96.18176">
        <ele>430.9</ele>
      </trkpt>
      <trkpt lat="46.76132" lon="-96.18296">
        <ele>427.8</ele>
      </trkpt>
      <trkpt lat="46.76132" lon="-96.18415">
        <ele>429.1</ele>
      </trkpt>
      <trkpt lat="46.76132" lon="-96.18535">
        <ele>429.2</ele>
      </trkpt>
      <trkpt lat="46.76132" lon="-96.18655">
        <ele>428.6</ele>
      </trkpt>
      <trkpt lat="46.76131" lon="-96.18752">
        <ele>425.9</ele>
      </trkpt>
      <trkpt lat="46.76131" lon="-96.1885">
        <ele>421.1</ele>
      </trkpt>
      <trkpt lat="46.7613" lon="-96.18947">
        <ele>418.8</ele>
      </trkpt>
      <trkpt lat="46.76123" lon="-96.19014">
        <ele>417.7</ele>
      </trkpt>
      <trkpt lat="46.76113" lon="-96.19057">
        <ele>418.7</ele>
      </trkpt>
      <trkpt lat="46.76099" lon="-96.19101">
        <ele>421.4</ele>
      </trkpt>
      <trkpt lat="46.76079" lon="-96.19144">
        <ele>423.7</ele>
      </trkpt>
      <trkpt lat="46.76053" lon="-96.19183">
        <ele>424.1</ele>
      </trkpt>
      <trkpt lat="46.75985" lon="-96.19267">
        <ele>423.1</ele>
      </trkpt>
      <trkpt lat="46.75954" lon="-96.19323">
        <ele>420.4</ele>
      </trkpt>
      <trkpt lat="46.75934" lon="-96.19377">
        <ele>416.4</ele>
      </trkpt>
      <trkpt lat="46.75923" lon="-96.1944">
        <ele>417.1</ele>
      </trkpt>
      <trkpt lat="46.75919" lon="-96.19513">
        <ele>419.4</ele>
      </trkpt>
      <trkpt lat="46.75927" lon="-96.19583">
        <ele>422.1</ele>
      </trkpt>
      <trkpt lat="46.75946" lon="-96.1965">
        <ele>426.1</ele>
      </trkpt>
      <trkpt lat="46.75977" lon="-96.19714">
        <ele>425.9</ele>
      </trkpt>
      <trkpt lat="46.76031" lon="-96.19806">
        <ele>423.1</ele>
      </trkpt>
      <trkpt lat="46.76086" lon="-96.19897">
        <ele>419.7</ele>
      </trkpt>
      <trkpt lat="46.76109" lon="-96.19962">
        <ele>419.5</ele>
      </trkpt>
      <trkpt lat="46.76124" lon="-96.20023">
        <ele>420.9</ele>
      </trkpt>
      <trkpt lat="46.76129" lon="-96.20099">
        <ele>422.5</ele>
      </trkpt>
      <trkpt lat="46.76129" lon="-96.20227">
        <ele>425.5</ele>
      </trkpt>
      <trkpt lat="46.76129" lon="-96.20355">
        <ele>425.9</ele>
      </trkpt>
      <trkpt lat="46.7613" lon="-96.20483">
        <ele>424.6</ele>
      </trkpt>
      <trkpt lat="46.7613" lon="-96.20611">
        <ele>425.8</ele>
      </trkpt>
      <trkpt lat="46.7613" lon="-96.20739">
        <ele>424.3</ele>
      </trkpt>
      <trkpt lat="46.7613" lon="-96.20868">
        <ele>421.2</ele>
      </trkpt>
      <trkpt lat="46.7613" lon="-96.20996">
        <ele>419.9</ele>
      </trkpt>
      <trkpt lat="46.76131" lon="-96.21124">
        <ele>420.0</ele>
      </trkpt>
      <trkpt lat="46.76126" lon="-96.21216">
        <ele>415.9</ele>
      </trkpt>
      <trkpt lat="46.76113" lon="-96.21301">
        <ele>411.6</ele>
      </trkpt>
      <trkpt lat="46.76095" lon="-96.21393">
        <ele>409.8</ele>
      </trkpt>
      <trkpt lat="46.76077" lon="-96.21485">
        <ele>407.4</ele>
      </trkpt>
      <trkpt lat="46.76059" lon="-96.21578">
        <ele>406.8</ele>
      </trkpt>
      <trkpt lat="46.76049" lon="-96.21652">
        <ele>407.3</ele>
      </trkpt>
      <trkpt lat="46.76048" lon="-96.21727">
        <ele>409.2</ele>
      </trkpt>
      <trkpt lat="46.76053" lon="-96.21802">
        <ele>410.5</ele>
      </trkpt>
      <trkpt lat="46.76067" lon="-96.21904">
        <ele>407.2</ele>
      </trkpt>
      <trkpt lat="46.76083" lon="-96.22011">
        <ele>410.3</ele>
      </trkpt>
      <trkpt lat="46.76099" lon="-96.22118">
        <ele>414.6</ele>
      </trkpt>
      <trkpt lat="46.76115" lon="-96.22226">
        <ele>414.9</ele>
      </trkpt>
      <trkpt lat="46.76121" lon="-96.22293">
        <ele>413.2</ele>
      </trkpt>
      <trkpt lat="46.76128" lon="-96.2236">
        <ele>412.8</ele>
      </trkpt>
      <trkpt lat="46.7613" lon="-96.22491">
        <ele>415.1</ele>
      </trkpt>
      <trkpt lat="46.76129" lon="-96.22618">
        <ele>418.5</ele>
      </trkpt>
      <trkpt lat="46.76128" lon="-96.22746">
        <ele>418.5</ele>
      </trkpt>
      <trkpt lat="46.76128" lon="-96.22874">
        <ele>416.4</ele>
      </trkpt>
      <trkpt lat="46.76127" lon="-96.23002">
        <ele>416.9</ele>
      </trkpt>
      <trkpt lat="46.76126" lon="-96.23129">
        <ele>413.1</ele>
      </trkpt>
      <trkpt lat="46.76125" lon="-96.23257">
        <ele>407.7</ele>
      </trkpt>
      <trkpt lat="46.76125" lon="-96.23385">
        <ele>406.3</ele>
      </trkpt>
      <trkpt lat="46.76124" lon="-96.23513">
        <ele>404.7</ele>
      </trkpt>
      <trkpt lat="46.76123" lon="-96.2364">
        <ele>400.6</ele>
      </trkpt>
      <trkpt lat="46.76123" lon="-96.23768">
        <ele>398.9</ele>
      </trkpt>
      <trkpt lat="46.76122" lon="-96.23896">
        <ele>399.1</ele>
      </trkpt>
      <trkpt lat="46.76123" lon="-96.24018">
        <ele>400.0</ele>
      </trkpt>
      <trkpt lat="46.76124" lon="-96.24139">
        <ele>403.6</ele>
      </trkpt>
      <trkpt lat="46.76125" lon="-96.24261">
        <ele>407.2</ele>
      </trkpt>
      <trkpt lat="46.76126" lon="-96.24383">
        <ele>406.5</ele>
      </trkpt>
      <trkpt lat="46.76127" lon="-96.24505">
        <ele>401.8</ele>
      </trkpt>
      <trkpt lat="46.76128" lon="-96.24626">
        <ele>398.7</ele>
      </trkpt>
      <trkpt lat="46.76129" lon="-96.24748">
        <ele>394.8</ele>
      </trkpt>
      <trkpt lat="46.7613" lon="-96.2487">
        <ele>394.0</ele>
      </trkpt>
      <trkpt lat="46.76131" lon="-96.24991">
        <ele>394.8</ele>
      </trkpt>
      <trkpt lat="46.76132" lon="-96.25098">
        <ele>394.4</ele>
      </trkpt>
      <trkpt lat="46.76134" lon="-96.25205">
        <ele>394.0</ele>
      </trkpt>
      <trkpt lat="46.76136" lon="-96.25312">
        <ele>391.9</ele>
      </trkpt>
      <trkpt lat="46.76138" lon="-96.25419">
        <ele>389.6</ele>
      </trkpt>
      <trkpt lat="46.7614" lon="-96.25539">
        <ele>390.5</ele>
      </trkpt>
      <trkpt lat="46.76143" lon="-96.25659">
        <ele>390.5</ele>
      </trkpt>
      <trkpt lat="46.76145" lon="-96.25778">
        <ele>390.5</ele>
      </trkpt>
      <trkpt lat="46.76148" lon="-96.25898">
        <ele>392.4</ele>
      </trkpt>
      <trkpt lat="46.76151" lon="-96.26018">
        <ele>392.4</ele>
      </trkpt>
      <trkpt lat="46.76152" lon="-96.26137">
        <ele>390.5</ele>
      </trkpt>
      <trkpt lat="46.76153" lon="-96.26256">
        <ele>390.2</ele>
      </trkpt>
      <trkpt lat="46.76154" lon="-96.26375">
        <ele>389.6</ele>
      </trkpt>
      <trkpt lat="46.76155" lon="-96.26495">
        <ele>389.3</ele>
      </trkpt>
      <trkpt lat="46.76156" lon="-96.26614">
        <ele>385.8</ele>
      </trkpt>
      <trkpt lat="46.76157" lon="-96.26733">
        <ele>379.0</ele>
      </trkpt>
      <trkpt lat="46.76157" lon="-96.26859">
        <ele>373.9</ele>
      </trkpt>
      <trkpt lat="46.76156" lon="-96.26985">
        <ele>369.1</ele>
      </trkpt>
      <trkpt lat="46.76156" lon="-96.27112">
        <ele>365.1</ele>
      </trkpt>
      <trkpt lat="46.76154" lon="-96.27235">
        <ele>366.6</ele>
      </trkpt>
      <trkpt lat="46.76152" lon="-96.27358">
        <ele>363.1</ele>
      </trkpt>
      <trkpt lat="46.76151" lon="-96.27482">
        <ele>361.6</ele>
      </trkpt>
      <trkpt lat="46.76149" lon="-96.27605">
        <ele>361.5</ele>
      </trkpt>
      <trkpt lat="46.76147" lon="-96.27728">
        <ele>360.7</ele>
      </trkpt>
      <trkpt lat="46.76146" lon="-96.27852">
        <ele>360.0</ele>
      </trkpt>
      <trkpt lat="46.76144" lon="-96.27975">
        <ele>357.7</ele>
      </trkpt>
      <trkpt lat="46.76142" lon="-96.28099">
        <ele>353.6</ele>
      </trkpt>
      <trkpt lat="46.76139" lon="-96.28222">
        <ele>350.0</ele>
      </trkpt>
      <trkpt lat="46.76136" lon="-96.28345">
        <ele>346.0</ele>
      </trkpt>
      <trkpt lat="46.76132" lon="-96.28468">
        <ele>344.2</ele>
      </trkpt>
      <trkpt lat="46.76133" lon="-96.28563">
        <ele>342.6</ele>
      </trkpt>
      <trkpt lat="46.76134" lon="-96.28658">
        <ele>343.2</ele>
      </trkpt>
      <trkpt lat="46.76135" lon="-96.28785">
        <ele>341.2</ele>
      </trkpt>
      <trkpt lat="46.76137" lon="-96.28912">
        <ele>340.5</ele>
      </trkpt>
      <trkpt lat="46.76138" lon="-96.2904">
        <ele>339.9</ele>
      </trkpt>
      <trkpt lat="46.76138" lon="-96.29167">
        <ele>338.9</ele>
      </trkpt>
      <trkpt lat="46.76138" lon="-96.29295">
        <ele>338.5</ele>
      </trkpt>
      <trkpt lat="46.76139" lon="-96.29423">
        <ele>338.1</ele>
      </trkpt>
      <trkpt lat="46.76139" lon="-96.29551">
        <ele>338.7</ele>
      </trkpt>
      <trkpt lat="46.76139" lon="-96.29678">
        <ele>337.3</ele>
      </trkpt>
      <trkpt lat="46.7614" lon="-96.29806">
        <ele>337.2</ele>
      </trkpt>
      <trkpt lat="46.7614" lon="-96.29934">
        <ele>338.2</ele>
      </trkpt>
      <trkpt lat="46.76141" lon="-96.30062">
        <ele>336.7</ele>
      </trkpt>
      <trkpt lat="46.76141" lon="-96.3019">
        <ele>337.2</ele>
      </trkpt>
      <trkpt lat="46.7614" lon="-96.30296">
        <ele>338.8</ele>
      </trkpt>
      <trkpt lat="46.76139" lon="-96.30403">
        <ele>339.2</ele>
      </trkpt>
      <trkpt lat="46.76138" lon="-96.3051">
        <ele>339.4</ele>
      </trkpt>
      <trkpt lat="46.76137" lon="-96.30616">
        <ele>341.6</ele>
      </trkpt>
      <trkpt lat="46.76137" lon="-96.30723">
        <ele>341.7</ele>
      </trkpt>
      <trkpt lat="46.76132" lon="-96.30808">
        <ele>340.1</ele>
      </trkpt>
      <trkpt lat="46.76128" lon="-96.30892">
        <ele>338.9</ele>
      </trkpt>
      <trkpt lat="46.7612" lon="-96.31001">
        <ele>341.0</ele>
      </trkpt>
      <trkpt lat="46.76114" lon="-96.31118">
        <ele>341.9</ele>
      </trkpt>
      <trkpt lat="46.76113" lon="-96.31202">
        <ele>341.8</ele>
      </trkpt>
      <trkpt lat="46.76116" lon="-96.31293">
        <ele>339.0</ele>
      </trkpt>
      <trkpt lat="46.76121" lon="-96.31386">
        <ele>336.3</ele>
      </trkpt>
      <trkpt lat="46.76125" lon="-96.31479">
        <ele>336.5</ele>
      </trkpt>
      <trkpt lat="46.7613" lon="-96.31573">
        <ele>336.7</ele>
      </trkpt>
      <trkpt lat="46.76133" lon="-96.31651">
        <ele>338.2</ele>
      </trkpt>
      <trkpt lat="46.76136" lon="-96.3173">
        <ele>338.9</ele>
      </trkpt>
      <trkpt lat="46.76136" lon="-96.31849">
        <ele>340.3</ele>
      </trkpt>
      <trkpt lat="46.76135" lon="-96.31968">
        <ele>343.2</ele>
      </trkpt>
      <trkpt lat="46.76135" lon="-96.32086">
        <ele>346.8</ele>
      </trkpt>
      <trkpt lat="46.76135" lon="-96.32205">
        <ele>348.8</ele>
      </trkpt>
      <trkpt lat="46.76134" lon="-96.32324">
        <ele>348.8</ele>
      </trkpt>
      <trkpt lat="46.76133" lon="-96.32445">
        <ele>347.9</ele>
      </trkpt>
      <trkpt lat="46.76131" lon="-96.32567">
        <ele>345.9</ele>
      </trkpt>
      <trkpt lat="46.7613" lon="-96.32689">
        <ele>344.7</ele>
      </trkpt>
      <trkpt lat="46.76128" lon="-96.32811">
        <ele>345.3</ele>
      </trkpt>
      <trkpt lat="46.76127" lon="-96.32933">
        <ele>349.2</ele>
      </trkpt>
      <trkpt lat="46.76125" lon="-96.33055">
        <ele>349.0</ele>
      </trkpt>
      <trkpt lat="46.76124" lon="-96.33177">
        <ele>347.9</ele>
      </trkpt>
      <trkpt lat="46.76123" lon="-96.33299">
        <ele>345.8</ele>
      </trkpt>
      <trkpt lat="46.76121" lon="-96.33421">
        <ele>343.0</ele>
      </trkpt>
      <trkpt lat="46.7612" lon="-96.33543">
        <ele>340.6</ele>
      </trkpt>
      <trkpt lat="46.76118" lon="-96.33665">
        <ele>339.0</ele>
      </trkpt>
      <trkpt lat="46.76117" lon="-96.33787">
        <ele>337.5</ele>
      </trkpt>
      <trkpt lat="46.76115" lon="-96.33909">
        <ele>336.0</ele>
      </trkpt>
      <trkpt lat="46.76114" lon="-96.34017">
        <ele>336.0</ele>
      </trkpt>
      <trkpt lat="46.76112" lon="-96.34125">
        <ele>335.6</ele>
      </trkpt>
      <trkpt lat="46.76111" lon="-96.34233">
        <ele>334.9</ele>
      </trkpt>
      <trkpt lat="46.7611" lon="-96.34341">
        <ele>333.4</ele>
      </trkpt>
      <trkpt lat="46.76108" lon="-96.34449">
        <ele>332.9</ele>
      </trkpt>
      <trkpt lat="46.76107" lon="-96.34524">
        <ele>332.6</ele>
      </trkpt>
      <trkpt lat="46.76106" lon="-96.346">
        <ele>331.7</ele>
      </trkpt>
      <trkpt lat="46.76105" lon="-96.34607">
        <ele>331.6</ele>
      </trkpt>
      <trkpt lat="46.76103" lon="-96.34726">
        <ele>330.3</ele>
      </trkpt>
      <trkpt lat="46.76101" lon="-96.34845">
        <ele>330.7</ele>
      </trkpt>
      <trkpt lat="46.76099" lon="-96.34965">
        <ele>332.3</ele>
      </trkpt>
      <trkpt lat="46.76097" lon="-96.35084">
        <ele>332.6</ele>
      </trkpt>
      <trkpt lat="46.76095" lon="-96.35203">
        <ele>332.6</ele>
      </trkpt>
      <trkpt lat="46.76092" lon="-96.35322">
        <ele>332.6</ele>
      </trkpt>
      <trkpt lat="46.7609" lon="-96.35441">
        <ele>332.6</ele>
      </trkpt>
      <trkpt lat="46.76088" lon="-96.35565">
        <ele>332.6</ele>
      </trkpt>
      <trkpt lat="46.76086" lon="-96.35689">
        <ele>332.6</ele>
      </trkpt>
      <trkpt lat="46.76084" lon="-96.35813">
        <ele>332.6</ele>
      </trkpt>
      <trkpt lat="46.76082" lon="-96.35937">
        <ele>332.6</ele>
      </trkpt>
      <trkpt lat="46.7608" lon="-96.36061">
        <ele>332.6</ele>
      </trkpt>
      <trkpt lat="46.76077" lon="-96.36185">
        <ele>332.6</ele>
      </trkpt>
      <trkpt lat="46.76075" lon="-96.36309">
        <ele>332.6</ele>
      </trkpt>
      <trkpt lat="46.76073" lon="-96.36433">
        <ele>332.6</ele>
      </trkpt>
      <trkpt lat="46.76071" lon="-96.36557">
        <ele>333.0</ele>
      </trkpt>
      <trkpt lat="46.76073" lon="-96.36674">
        <ele>332.9</ele>
      </trkpt>
      <trkpt lat="46.76075" lon="-96.3679">
        <ele>333.6</ele>
      </trkpt>
      <trkpt lat="46.76077" lon="-96.36907">
        <ele>334.0</ele>
      </trkpt>
      <trkpt lat="46.76079" lon="-96.37023">
        <ele>333.8</ele>
      </trkpt>
      <trkpt lat="46.76081" lon="-96.3714">
        <ele>333.6</ele>
      </trkpt>
      <trkpt lat="46.76084" lon="-96.37257">
        <ele>333.4</ele>
      </trkpt>
      <trkpt lat="46.76086" lon="-96.37373">
        <ele>334.1</ele>
      </trkpt>
      <trkpt lat="46.76088" lon="-96.3749">
        <ele>334.1</ele>
      </trkpt>
      <trkpt lat="46.7609" lon="-96.37606">
        <ele>334.1</ele>
      </trkpt>
      <trkpt lat="46.76091" lon="-96.3771">
        <ele>334.3</ele>
      </trkpt>
      <trkpt lat="46.76093" lon="-96.37813">
        <ele>334.1</ele>
      </trkpt>
      <trkpt lat="46.76094" lon="-96.37936">
        <ele>333.9</ele>
      </trkpt>
      <trkpt lat="46.76095" lon="-96.38058">
        <ele>333.5</ele>
      </trkpt>
      <trkpt lat="46.76096" lon="-96.38181">
        <ele>333.2</ele>
      </trkpt>
      <trkpt lat="46.76097" lon="-96.38304">
        <ele>333.2</ele>
      </trkpt>
      <trkpt lat="46.76098" lon="-96.38426">
        <ele>333.4</ele>
      </trkpt>
      <trkpt lat="46.76099" lon="-96.38549">
        <ele>333.1</ele>
      </trkpt>
      <trkpt lat="46.761" lon="-96.38672">
        <ele>332.6</ele>
      </trkpt>
      <trkpt lat="46.76099" lon="-96.3879">
        <ele>332.7</ele>
      </trkpt>
      <trkpt lat="46.76098" lon="-96.38908">
        <ele>332.7</ele>
      </trkpt>
      <trkpt lat="46.76098" lon="-96.39027">
        <ele>333.5</ele>
      </trkpt>
      <trkpt lat="46.76097" lon="-96.39145">
        <ele>335.3</ele>
      </trkpt>
      <trkpt lat="46.76097" lon="-96.39263">
        <ele>335.9</ele>
      </trkpt>
      <trkpt lat="46.76096" lon="-96.39381">
        <ele>335.9</ele>
      </trkpt>
      <trkpt lat="46.76095" lon="-96.395">
        <ele>334.9</ele>
      </trkpt>
      <trkpt lat="46.76095" lon="-96.39618">
        <ele>332.6</ele>
      </trkpt>
      <trkpt lat="46.76094" lon="-96.39736">
        <ele>332.6</ele>
      </trkpt>
      <trkpt lat="46.76093" lon="-96.39867">
        <ele>331.6</ele>
      </trkpt>
      <trkpt lat="46.76091" lon="-96.39997">
        <ele>331.2</ele>
      </trkpt>
      <trkpt lat="46.7609" lon="-96.40128">
        <ele>330.6</ele>
      </trkpt>
      <trkpt lat="46.76089" lon="-96.40259">
        <ele>329.9</ele>
      </trkpt>
      <trkpt lat="46.76087" lon="-96.40389">
        <ele>329.6</ele>
      </trkpt>
      <trkpt lat="46.76086" lon="-96.4052">
        <ele>329.5</ele>
      </trkpt>
      <trkpt lat="46.76085" lon="-96.4065">
        <ele>329.5</ele>
      </trkpt>
      <trkpt lat="46.76084" lon="-96.40781">
        <ele>329.5</ele>
      </trkpt>
      <trkpt lat="46.76081" lon="-96.40909">
        <ele>329.1</ele>
      </trkpt>
      <trkpt lat="46.76078" lon="-96.41037">
        <ele>328.6</ele>
      </trkpt>
      <trkpt lat="46.76075" lon="-96.41165">
        <ele>328.0</ele>
      </trkpt>
      <trkpt lat="46.76072" lon="-96.41293">
        <ele>327.4</ele>
      </trkpt>
      <trkpt lat="46.7607" lon="-96.41421">
        <ele>326.7</ele>
      </trkpt>
      <trkpt lat="46.76067" lon="-96.41549">
        <ele>326.8</ele>
      </trkpt>
      <trkpt lat="46.76064" lon="-96.41677">
        <ele>326.6</ele>
      </trkpt>
      <trkpt lat="46.76061" lon="-96.41805">
        <ele>326.5</ele>
      </trkpt>
      <trkpt lat="46.76058" lon="-96.41933">
        <ele>326.5</ele>
      </trkpt>
      <trkpt lat="46.76056" lon="-96.42061">
        <ele>326.3</ele>
      </trkpt>
      <trkpt lat="46.76057" lon="-96.42134">
        <ele>326.5</ele>
      </trkpt>
      <trkpt lat="46.76057" lon="-96.42235">
        <ele>326.1</ele>
      </trkpt>
      <trkpt lat="46.76057" lon="-96.42335">
        <ele>325.9</ele>
      </trkpt>
      <trkpt lat="46.76057" lon="-96.42435">
        <ele>326.4</ele>
      </trkpt>
      <trkpt lat="46.76058" lon="-96.42536">
        <ele>326.3</ele>
      </trkpt>
      <trkpt lat="46.76058" lon="-96.42658">
        <ele>324.7</ele>
      </trkpt>
      <trkpt lat="46.76058" lon="-96.42781">
        <ele>323.8</ele>
      </trkpt>
      <trkpt lat="46.76059" lon="-96.42904">
        <ele>323.7</ele>
      </trkpt>
      <trkpt lat="46.76059" lon="-96.43027">
        <ele>323.4</ele>
      </trkpt>
      <trkpt lat="46.76059" lon="-96.4315">
        <ele>322.3</ele>
      </trkpt>
      <trkpt lat="46.76059" lon="-96.43273">
        <ele>321.2</ele>
      </trkpt>
      <trkpt lat="46.7606" lon="-96.43396">
        <ele>320.4</ele>
      </trkpt>
      <trkpt lat="46.7606" lon="-96.43519">
        <ele>320.4</ele>
      </trkpt>
      <trkpt lat="46.7606" lon="-96.43642">
        <ele>319.9</ele>
      </trkpt>
      <trkpt lat="46.76061" lon="-96.43765">
        <ele>319.2</ele>
      </trkpt>
      <trkpt lat="46.76061" lon="-96.43888">
        <ele>318.5</ele>
      </trkpt>
      <trkpt lat="46.76061" lon="-96.44011">
        <ele>317.9</ele>
      </trkpt>
      <trkpt lat="46.76062" lon="-96.44134">
        <ele>317.5</ele>
      </trkpt>
      <trkpt lat="46.76065" lon="-96.44237">
        <ele>317.3</ele>
      </trkpt>
      <trkpt lat="46.76068" lon="-96.4434">
        <ele>316.8</ele>
      </trkpt>
      <trkpt lat="46.76071" lon="-96.44443">
        <ele>316.3</ele>
      </trkpt>
      <trkpt lat="46.76073" lon="-96.4456">
        <ele>315.4</ele>
      </trkpt>
      <trkpt lat="46.76076" lon="-96.44678">
        <ele>314.8</ele>
      </trkpt>
      <trkpt lat="46.76079" lon="-96.44796">
        <ele>314.2</ele>
      </trkpt>
      <trkpt lat="46.76082" lon="-96.4491">
        <ele>311.6</ele>
      </trkpt>
      <trkpt lat="46.76086" lon="-96.45025">
        <ele>309.8</ele>
      </trkpt>
      <trkpt lat="46.76089" lon="-96.45139">
        <ele>308.2</ele>
      </trkpt>
      <trkpt lat="46.76092" lon="-96.45254">
        <ele>306.8</ele>
      </trkpt>
      <trkpt lat="46.76095" lon="-96.45382">
        <ele>305.4</ele>
      </trkpt>
      <trkpt lat="46.76098" lon="-96.4551">
        <ele>305.4</ele>
      </trkpt>
      <trkpt lat="46.76102" lon="-96.45638">
        <ele>304.2</ele>
      </trkpt>
      <trkpt lat="46.76105" lon="-96.45766">
        <ele>302.4</ele>
      </trkpt>
      <trkpt lat="46.76104" lon="-96.45801">
        <ele>302.2</ele>
      </trkpt>
      <trkpt lat="46.761" lon="-96.45845">
        <ele>301.8</ele>
      </trkpt>
      <trkpt lat="46.76095" lon="-96.45876">
        <ele>301.5</ele>
      </trkpt>
      <trkpt lat="46.76089" lon="-96.45909">
        <ele>301.1</ele>
      </trkpt>
      <trkpt lat="46.76077" lon="-96.45949">
        <ele>300.7</ele>
      </trkpt>
      <trkpt lat="46.76067" lon="-96.4598">
        <ele>300.5</ele>
      </trkpt>
      <trkpt lat="46.76043" lon="-96.46038">
        <ele>300.1</ele>
      </trkpt>
      <trkpt lat="46.7602" lon="-96.46078">
        <ele>299.7</ele>
      </trkpt>
      <trkpt lat="46.75991" lon="-96.46117">
        <ele>299.3</ele>
      </trkpt>
      <trkpt lat="46.75953" lon="-96.46154">
        <ele>298.9</ele>
      </trkpt>
      <trkpt lat="46.75931" lon="-96.46171">
        <ele>298.7</ele>
      </trkpt>
      <trkpt lat="46.75905" lon="-96.46188">
        <ele>298.6</ele>
      </trkpt>
      <trkpt lat="46.75879" lon="-96.46201">
        <ele>298.5</ele>
      </trkpt>
      <trkpt lat="46.75854" lon="-96.4621">
        <ele>298.3</ele>
      </trkpt>
      <trkpt lat="46.75825" lon="-96.46217">
        <ele>298.2</ele>
      </trkpt>
      <trkpt lat="46.75802" lon="-96.4622">
        <ele>298.0</ele>
      </trkpt>
      <trkpt lat="46.75731" lon="-96.46222">
        <ele>297.8</ele>
      </trkpt>
      <trkpt lat="46.75687" lon="-96.46225">
        <ele>297.5</ele>
      </trkpt>
      <trkpt lat="46.75655" lon="-96.46228">
        <ele>297.2</ele>
      </trkpt>
      <trkpt lat="46.75631" lon="-96.46235">
        <ele>297.1</ele>
      </trkpt>
      <trkpt lat="46.75603" lon="-96.46248">
        <ele>297.1</ele>
      </trkpt>
      <trkpt lat="46.75572" lon="-96.46265">
        <ele>296.9</ele>
      </trkpt>
      <trkpt lat="46.75546" lon="-96.46286">
        <ele>296.8</ele>
      </trkpt>
      <trkpt lat="46.75523" lon="-96.46306">
        <ele>296.6</ele>
      </trkpt>
      <trkpt lat="46.75503" lon="-96.46328">
        <ele>296.5</ele>
      </trkpt>
      <trkpt lat="46.75467" lon="-96.46379">
        <ele>296.3</ele>
      </trkpt>
      <trkpt lat="46.7545" lon="-96.4641">
        <ele>296.2</ele>
      </trkpt>
      <trkpt lat="46.75436" lon="-96.46441">
        <ele>296.0</ele>
      </trkpt>
      <trkpt lat="46.75424" lon="-96.46472">
        <ele>295.9</ele>
      </trkpt>
      <trkpt lat="46.75411" lon="-96.46514">
        <ele>295.7</ele>
      </trkpt>
      <trkpt lat="46.75403" lon="-96.46549">
        <ele>295.7</ele>
      </trkpt>
      <trkpt lat="46.75395" lon="-96.46603">
        <ele>295.7</ele>
      </trkpt>
      <trkpt lat="46.75392" lon="-96.46642">
        <ele>295.7</ele>
      </trkpt>
      <trkpt lat="46.75391" lon="-96.46681">
        <ele>295.7</ele>
      </trkpt>
      <trkpt lat="46.75392" lon="-96.46787">
        <ele>295.7</ele>
      </trkpt>
      <trkpt lat="46.75393" lon="-96.46892">
        <ele>296.5</ele>
      </trkpt>
      <trkpt lat="46.75394" lon="-96.46998">
        <ele>297.1</ele>
      </trkpt>
      <trkpt lat="46.75395" lon="-96.47104">
        <ele>298.4</ele>
      </trkpt>
      <trkpt lat="46.75396" lon="-96.4721">
        <ele>299.1</ele>
      </trkpt>
      <trkpt lat="46.75397" lon="-96.47302">
        <ele>299.9</ele>
      </trkpt>
      <trkpt lat="46.75398" lon="-96.47394">
        <ele>299.6</ele>
      </trkpt>
      <trkpt lat="46.75399" lon="-96.47487">
        <ele>299.2</ele>
      </trkpt>
      <trkpt lat="46.754" lon="-96.47574">
        <ele>299.2</ele>
      </trkpt>
      <trkpt lat="46.754" lon="-96.47662">
        <ele>299.0</ele>
      </trkpt>
      <trkpt lat="46.75401" lon="-96.47756">
        <ele>299.0</ele>
      </trkpt>
      <trkpt lat="46.75402" lon="-96.47851">
        <ele>299.0</ele>
      </trkpt>
      <trkpt lat="46.75402" lon="-96.47946">
        <ele>298.4</ele>
      </trkpt>
      <trkpt lat="46.75404" lon="-96.48052">
        <ele>297.3</ele>
      </trkpt>
      <trkpt lat="46.75405" lon="-96.48158">
        <ele>296.6</ele>
      </trkpt>
      <trkpt lat="46.75406" lon="-96.48264">
        <ele>296.6</ele>
      </trkpt>
      <trkpt lat="46.75408" lon="-96.4837">
        <ele>296.3</ele>
      </trkpt>
      <trkpt lat="46.75409" lon="-96.48476">
        <ele>295.7</ele>
      </trkpt>
      <trkpt lat="46.7541" lon="-96.48564">
        <ele>295.4</ele>
      </trkpt>
      <trkpt lat="46.75412" lon="-96.48653">
        <ele>295.2</ele>
      </trkpt>
      <trkpt lat="46.75412" lon="-96.48783">
        <ele>294.8</ele>
      </trkpt>
      <trkpt lat="46.75413" lon="-96.48913">
        <ele>294.2</ele>
      </trkpt>
      <trkpt lat="46.75413" lon="-96.49043">
        <ele>293.3</ele>
      </trkpt>
      <trkpt lat="46.75414" lon="-96.49173">
        <ele>292.9</ele>
      </trkpt>
      <trkpt lat="46.75414" lon="-96.49303">
        <ele>292.3</ele>
      </trkpt>
      <trkpt lat="46.75415" lon="-96.49433">
        <ele>292.2</ele>
      </trkpt>
      <trkpt lat="46.75415" lon="-96.49563">
        <ele>292.0</ele>
      </trkpt>
      <trkpt lat="46.75416" lon="-96.49693">
        <ele>291.5</ele>
      </trkpt>
      <trkpt lat="46.75416" lon="-96.49823">
        <ele>291.0</ele>
      </trkpt>
      <trkpt lat="46.75417" lon="-96.49953">
        <ele>290.2</ele>
      </trkpt>
      <trkpt lat="46.75417" lon="-96.50083">
        <ele>289.8</ele>
      </trkpt>
      <trkpt lat="46.75418" lon="-96.50213">
        <ele>289.9</ele>
      </trkpt>
      <trkpt lat="46.75418" lon="-96.50343">
        <ele>289.8</ele>
      </trkpt>
      <trkpt lat="46.75419" lon="-96.50473">
        <ele>289.8</ele>
      </trkpt>
      <trkpt lat="46.75418" lon="-96.50583">
        <ele>289.8</ele>
      </trkpt>
      <trkpt lat="46.75417" lon="-96.50693">
        <ele>289.8</ele>
      </trkpt>
      <trkpt lat="46.75416" lon="-96.50803">
        <ele>289.8</ele>
      </trkpt>
      <trkpt lat="46.75416" lon="-96.50913">
        <ele>289.8</ele>
      </trkpt>
      <trkpt lat="46.75415" lon="-96.51024">
        <ele>289.2</ele>
      </trkpt>
      <trkpt lat="46.75415" lon="-96.51131">
        <ele>288.6</ele>
      </trkpt>
      <trkpt lat="46.75414" lon="-96.51238">
        <ele>288.3</ele>
      </trkpt>
      <trkpt lat="46.75414" lon="-96.51345">
        <ele>288.3</ele>
      </trkpt>
      <trkpt lat="46.75414" lon="-96.51453">
        <ele>288.3</ele>
      </trkpt>
      <trkpt lat="46.75413" lon="-96.5156">
        <ele>288.3</ele>
      </trkpt>
      <trkpt lat="46.75412" lon="-96.51659">
        <ele>288.3</ele>
      </trkpt>
      <trkpt lat="46.75412" lon="-96.51731">
        <ele>288.3</ele>
      </trkpt>
      <trkpt lat="46.75413" lon="-96.51769">
        <ele>288.3</ele>
      </trkpt>
      <trkpt lat="46.75421" lon="-96.5186">
        <ele>288.3</ele>
      </trkpt>
      <trkpt lat="46.75427" lon="-96.51925">
        <ele>288.3</ele>
      </trkpt>
      <trkpt lat="46.75434" lon="-96.5199">
        <ele>288.3</ele>
      </trkpt>
      <trkpt lat="46.75443" lon="-96.52058">
        <ele>288.3</ele>
      </trkpt>
      <trkpt lat="46.75451" lon="-96.52127">
        <ele>288.3</ele>
      </trkpt>
      <trkpt lat="46.75458" lon="-96.52192">
        <ele>288.3</ele>
      </trkpt>
      <trkpt lat="46.75466" lon="-96.52257">
        <ele>288.3</ele>
      </trkpt>
      <trkpt lat="46.75474" lon="-96.52325">
        <ele>288.3</ele>
      </trkpt>
      <trkpt lat="46.75482" lon="-96.52393">
        <ele>288.3</ele>
      </trkpt>
      <trkpt lat="46.75495" lon="-96.5251">
        <ele>288.3</ele>
      </trkpt>
      <trkpt lat="46.75508" lon="-96.52627">
        <ele>288.3</ele>
      </trkpt>
      <trkpt lat="46.75597" lon="-96.52627">
        <ele>288.3</ele>
      </trkpt>
      <trkpt lat="46.75686" lon="-96.52627">
        <ele>288.3</ele>
      </trkpt>
      <trkpt lat="46.75776" lon="-96.52627">
        <ele>288.3</ele>
      </trkpt>
      <trkpt lat="46.75865" lon="-96.52627">
        <ele>288.3</ele>
      </trkpt>
      <trkpt lat="46.75928" lon="-96.52642">
        <ele>288.3</ele>
      </trkpt>
      <trkpt lat="46.75973" lon="-96.52669">
        <ele>288.2</ele>
      </trkpt>
      <trkpt lat="46.76021" lon="-96.52708">
        <ele>287.6</ele>
      </trkpt>
      <trkpt lat="46.76053" lon="-96.52748">
        <ele>287.2</ele>
      </trkpt>
      <trkpt lat="46.76088" lon="-96.52816">
        <ele>287.3</ele>
      </trkpt>
      <trkpt lat="46.76111" lon="-96.52876">
        <ele>287.6</ele>
      </trkpt>
      <trkpt lat="46.76126" lon="-96.52938">
        <ele>288.3</ele>
      </trkpt>
      <trkpt lat="46.76134" lon="-96.53023">
        <ele>287.8</ele>
      </trkpt>
      <trkpt lat="46.76136" lon="-96.53135">
        <ele>286.8</ele>
      </trkpt>
      <trkpt lat="46.76137" lon="-96.53248">
        <ele>286.8</ele>
      </trkpt>
      <trkpt lat="46.76138" lon="-96.5336">
        <ele>286.8</ele>
      </trkpt>
      <trkpt lat="46.7614" lon="-96.53473">
        <ele>286.8</ele>
      </trkpt>
      <trkpt lat="46.76141" lon="-96.53585">
        <ele>286.8</ele>
      </trkpt>
      <trkpt lat="46.76142" lon="-96.53697">
        <ele>286.8</ele>
      </trkpt>
      <trkpt lat="46.76142" lon="-96.53788">
        <ele>286.8</ele>
      </trkpt>
      <trkpt lat="46.76142" lon="-96.53878">
        <ele>286.8</ele>
      </trkpt>
      <trkpt lat="46.76141" lon="-96.53968">
        <ele>286.8</ele>
      </trkpt>
      <trkpt lat="46.76142" lon="-96.54094">
        <ele>286.3</ele>
      </trkpt>
      <trkpt lat="46.76143" lon="-96.5422">
        <ele>285.6</ele>
      </trkpt>
      <trkpt lat="46.76144" lon="-96.54345">
        <ele>285.3</ele>
      </trkpt>
      <trkpt lat="46.76145" lon="-96.54471">
        <ele>285.3</ele>
      </trkpt>
      <trkpt lat="46.76146" lon="-96.54597">
        <ele>285.3</ele>
      </trkpt>
      <trkpt lat="46.76147" lon="-96.54723">
        <ele>285.3</ele>
      </trkpt>
      <trkpt lat="46.76147" lon="-96.54841">
        <ele>285.3</ele>
      </trkpt>
      <trkpt lat="46.76147" lon="-96.54959">
        <ele>285.3</ele>
      </trkpt>
      <trkpt lat="46.76146" lon="-96.55077">
        <ele>285.3</ele>
      </trkpt>
      <trkpt lat="46.76146" lon="-96.55195">
        <ele>285.3</ele>
      </trkpt>
      <trkpt lat="46.76146" lon="-96.55314">
        <ele>285.3</ele>
      </trkpt>
      <trkpt lat="46.76145" lon="-96.55432">
        <ele>285.3</ele>
      </trkpt>
      <trkpt lat="46.76145" lon="-96.55558">
        <ele>285.3</ele>
      </trkpt>
      <trkpt lat="46.76144" lon="-96.55684">
        <ele>285.3</ele>
      </trkpt>
      <trkpt lat="46.76144" lon="-96.5581">
        <ele>285.3</ele>
      </trkpt>
      <trkpt lat="46.76143" lon="-96.55935">
        <ele>285.3</ele>
      </trkpt>
      <trkpt lat="46.76142" lon="-96.56061">
        <ele>285.3</ele>
      </trkpt>
      <trkpt lat="46.76141" lon="-96.56189">
        <ele>285.3</ele>
      </trkpt>
      <trkpt lat="46.7614" lon="-96.56318">
        <ele>285.3</ele>
      </trkpt>
      <trkpt lat="46.76138" lon="-96.56446">
        <ele>285.3</ele>
      </trkpt>
      <trkpt lat="46.76137" lon="-96.56574">
        <ele>285.3</ele>
      </trkpt>
      <trkpt lat="46.76135" lon="-96.56702">
        <ele>285.3</ele>
      </trkpt>
      <trkpt lat="46.76134" lon="-96.5683">
        <ele>285.3</ele>
      </trkpt>
      <trkpt lat="46.76134" lon="-96.56904">
        <ele>285.3</ele>
      </trkpt>
      <trkpt lat="46.76133" lon="-96.56979">
        <ele>285.3</ele>
      </trkpt>
      <trkpt lat="46.76133" lon="-96.57094">
        <ele>285.0</ele>
      </trkpt>
      <trkpt lat="46.76132" lon="-96.57209">
        <ele>284.4</ele>
      </trkpt>
      <trkpt lat="46.76131" lon="-96.57325">
        <ele>284.1</ele>
      </trkpt>
      <trkpt lat="46.7613" lon="-96.5744">
        <ele>283.8</ele>
      </trkpt>
      <trkpt lat="46.76129" lon="-96.57555">
        <ele>283.8</ele>
      </trkpt>
      <trkpt lat="46.76128" lon="-96.57671">
        <ele>283.8</ele>
      </trkpt>
      <trkpt lat="46.76127" lon="-96.57786">
        <ele>283.8</ele>
      </trkpt>
      <trkpt lat="46.76126" lon="-96.57901">
        <ele>283.8</ele>
      </trkpt>
      <trkpt lat="46.76126" lon="-96.58032">
        <ele>283.8</ele>
      </trkpt>
      <trkpt lat="46.76126" lon="-96.58163">
        <ele>283.8</ele>
      </trkpt>
      <trkpt lat="46.76125" lon="-96.58294">
        <ele>283.8</ele>
      </trkpt>
      <trkpt lat="46.76125" lon="-96.58426">
        <ele>283.8</ele>
      </trkpt>
      <trkpt lat="46.76125" lon="-96.58557">
        <ele>283.8</ele>
      </trkpt>
      <trkpt lat="46.76124" lon="-96.58688">
        <ele>283.8</ele>
      </trkpt>
      <trkpt lat="46.76124" lon="-96.58819">
        <ele>283.8</ele>
      </trkpt>
      <trkpt lat="46.76124" lon="-96.5895">
        <ele>283.8</ele>
      </trkpt>
      <trkpt lat="46.76123" lon="-96.59075">
        <ele>283.8</ele>
      </trkpt>
      <trkpt lat="46.76123" lon="-96.592">
        <ele>283.8</ele>
      </trkpt>
      <trkpt lat="46.76123" lon="-96.59325">
        <ele>283.8</ele>
      </trkpt>
      <trkpt lat="46.76122" lon="-96.5945">
        <ele>283.8</ele>
      </trkpt>
      <trkpt lat="46.76122" lon="-96.59575">
        <ele>283.0</ele>
      </trkpt>
      <trkpt lat="46.76121" lon="-96.597">
        <ele>282.5</ele>
      </trkpt>
      <trkpt lat="46.76121" lon="-96.59825">
        <ele>282.2</ele>
      </trkpt>
      <trkpt lat="46.76121" lon="-96.5995">
        <ele>282.2</ele>
      </trkpt>
      <trkpt lat="46.7612" lon="-96.6005">
        <ele>282.2</ele>
      </trkpt>
      <trkpt lat="46.76119" lon="-96.6015">
        <ele>282.2</ele>
      </trkpt>
      <trkpt lat="46.76119" lon="-96.6025">
        <ele>282.2</ele>
      </trkpt>
      <trkpt lat="46.76118" lon="-96.60351">
        <ele>282.2</ele>
      </trkpt>
      <trkpt lat="46.76118" lon="-96.60461">
        <ele>281.1</ele>
      </trkpt>
      <trkpt lat="46.76118" lon="-96.60571">
        <ele>280.6</ele>
      </trkpt>
      <trkpt lat="46.76118" lon="-96.60619">
        <ele>280.4</ele>
      </trkpt>
      <trkpt lat="46.76118" lon="-96.6073">
        <ele>280.0</ele>
      </trkpt>
      <trkpt lat="46.76118" lon="-96.60841">
        <ele>282.2</ele>
      </trkpt>
      <trkpt lat="46.76117" lon="-96.60953">
        <ele>282.4</ele>
      </trkpt>
      <trkpt lat="46.76117" lon="-96.61064">
        <ele>282.2</ele>
      </trkpt>
      <trkpt lat="46.76117" lon="-96.6119">
        <ele>282.2</ele>
      </trkpt>
      <trkpt lat="46.76117" lon="-96.61316">
        <ele>282.2</ele>
      </trkpt>
      <trkpt lat="46.76117" lon="-96.61442">
        <ele>282.2</ele>
      </trkpt>
      <trkpt lat="46.76117" lon="-96.61568">
        <ele>282.2</ele>
      </trkpt>
      <trkpt lat="46.76117" lon="-96.61694">
        <ele>281.8</ele>
      </trkpt>
      <trkpt lat="46.76117" lon="-96.6182">
        <ele>281.0</ele>
      </trkpt>
      <trkpt lat="46.76116" lon="-96.61946">
        <ele>280.7</ele>
      </trkpt>
      <trkpt lat="46.76116" lon="-96.62072">
        <ele>280.7</ele>
      </trkpt>
      <trkpt lat="46.76116" lon="-96.62198">
        <ele>280.7</ele>
      </trkpt>
      <trkpt lat="46.76116" lon="-96.62324">
        <ele>280.6</ele>
      </trkpt>
      <trkpt lat="46.76116" lon="-96.6245">
        <ele>280.6</ele>
      </trkpt>
      <trkpt lat="46.76116" lon="-96.62576">
        <ele>280.7</ele>
      </trkpt>
      <trkpt lat="46.76116" lon="-96.62702">
        <ele>280.7</ele>
      </trkpt>
      <trkpt lat="46.76116" lon="-96.62828">
        <ele>280.7</ele>
      </trkpt>
      <trkpt lat="46.76116" lon="-96.62954">
        <ele>280.7</ele>
      </trkpt>
      <trkpt lat="46.76116" lon="-96.6308">
        <ele>280.7</ele>
      </trkpt>
      <trkpt lat="46.76116" lon="-96.63129">
        <ele>280.7</ele>
      </trkpt>
      <trkpt lat="46.76161" lon="-96.63176">
        <ele>280.7</ele>
      </trkpt>
      <trkpt lat="46.76206" lon="-96.63223">
        <ele>280.7</ele>
      </trkpt>
      <trkpt lat="46.76269" lon="-96.63289">
        <ele>280.7</ele>
      </trkpt>
      <trkpt lat="46.76331" lon="-96.63355">
        <ele>280.7</ele>
      </trkpt>
      <trkpt lat="46.76394" lon="-96.63421">
        <ele>280.7</ele>
      </trkpt>
      <trkpt lat="46.76457" lon="-96.63488">
        <ele>280.7</ele>
      </trkpt>
      <trkpt lat="46.76491" lon="-96.6352">
        <ele>280.6</ele>
      </trkpt>
      <trkpt lat="46.76538" lon="-96.63572">
        <ele>280.7</ele>
      </trkpt>
      <trkpt lat="46.76585" lon="-96.63623">
        <ele>280.8</ele>
      </trkpt>
      <trkpt lat="46.76623" lon="-96.63662">
        <ele>279.8</ele>
      </trkpt>
      <trkpt lat="46.7666" lon="-96.63701">
        <ele>280.0</ele>
      </trkpt>
      <trkpt lat="46.76683" lon="-96.63726">
        <ele>280.2</ele>
      </trkpt>
      <trkpt lat="46.76752" lon="-96.638">
        <ele>280.7</ele>
      </trkpt>
      <trkpt lat="46.76821" lon="-96.63874">
        <ele>280.7</ele>
      </trkpt>
      <trkpt lat="46.76878" lon="-96.63937">
        <ele>281.0</ele>
      </trkpt>
      <trkpt lat="46.76936" lon="-96.64">
        <ele>281.8</ele>
      </trkpt>
      <trkpt lat="46.76994" lon="-96.64062">
        <ele>282.2</ele>
      </trkpt>
      <trkpt lat="46.77052" lon="-96.64125">
        <ele>282.2</ele>
      </trkpt>
      <trkpt lat="46.7711" lon="-96.64188">
        <ele>282.2</ele>
      </trkpt>
      <trkpt lat="46.77168" lon="-96.6425">
        <ele>282.2</ele>
      </trkpt>
      <trkpt lat="46.77227" lon="-96.64312">
        <ele>282.3</ele>
      </trkpt>
      <trkpt lat="46.77285" lon="-96.64374">
        <ele>282.7</ele>
      </trkpt>
      <trkpt lat="46.77343" lon="-96.64436">
        <ele>283.8</ele>
      </trkpt>
      <trkpt lat="46.77402" lon="-96.64498">
        <ele>283.8</ele>
      </trkpt>
      <trkpt lat="46.77463" lon="-96.64565">
        <ele>283.8</ele>
      </trkpt>
      <trkpt lat="46.77524" lon="-96.64632">
        <ele>283.8</ele>
      </trkpt>
      <trkpt lat="46.77544" lon="-96.64655">
        <ele>283.8</ele>
      </trkpt>
      <trkpt lat="46.77564" lon="-96.64682">
        <ele>283.7</ele>
      </trkpt>
      <trkpt lat="46.77584" lon="-96.64714">
        <ele>283.7</ele>
      </trkpt>
      <trkpt lat="46.776" lon="-96.64741">
        <ele>283.7</ele>
      </trkpt>
      <trkpt lat="46.77621" lon="-96.64782">
        <ele>283.6</ele>
      </trkpt>
      <trkpt lat="46.7765" lon="-96.64852">
        <ele>283.5</ele>
      </trkpt>
      <trkpt lat="46.77678" lon="-96.64923">
        <ele>283.4</ele>
      </trkpt>
      <trkpt lat="46.77706" lon="-96.64993">
        <ele>283.4</ele>
      </trkpt>
      <trkpt lat="46.77715" lon="-96.65013">
        <ele>283.4</ele>
      </trkpt>
      <trkpt lat="46.7773" lon="-96.65042">
        <ele>283.3</ele>
      </trkpt>
      <trkpt lat="46.77757" lon="-96.65088">
        <ele>283.3</ele>
      </trkpt>
      <trkpt lat="46.7777" lon="-96.65107">
        <ele>283.2</ele>
      </trkpt>
      <trkpt lat="46.77785" lon="-96.65126">
        <ele>283.1</ele>
      </trkpt>
      <trkpt lat="46.77801" lon="-96.65144">
        <ele>283.2</ele>
      </trkpt>
      <trkpt lat="46.77842" lon="-96.65188">
        <ele>283.1</ele>
      </trkpt>
      <trkpt lat="46.77883" lon="-96.65233">
        <ele>283.0</ele>
      </trkpt>
      <trkpt lat="46.77945" lon="-96.65299">
        <ele>282.9</ele>
      </trkpt>
      <trkpt lat="46.78008" lon="-96.65366">
        <ele>282.8</ele>
      </trkpt>
      <trkpt lat="46.78071" lon="-96.65432">
        <ele>282.5</ele>
      </trkpt>
      <trkpt lat="46.78134" lon="-96.65499">
        <ele>282.0</ele>
      </trkpt>
      <trkpt lat="46.7816" lon="-96.65525">
        <ele>281.6</ele>
      </trkpt>
      <trkpt lat="46.78191" lon="-96.65553">
        <ele>281.4</ele>
      </trkpt>
      <trkpt lat="46.78216" lon="-96.65572">
        <ele>281.2</ele>
      </trkpt>
      <trkpt lat="46.78242" lon="-96.65591">
        <ele>281.1</ele>
      </trkpt>
      <trkpt lat="46.78273" lon="-96.6561">
        <ele>280.9</ele>
      </trkpt>
      <trkpt lat="46.78305" lon="-96.65627">
        <ele>280.8</ele>
      </trkpt>
      <trkpt lat="46.78367" lon="-96.65657">
        <ele>280.7</ele>
      </trkpt>
      <trkpt lat="46.78429" lon="-96.65686">
        <ele>280.7</ele>
      </trkpt>
      <trkpt lat="46.78492" lon="-96.65715">
        <ele>280.7</ele>
      </trkpt>
      <trkpt lat="46.7853" lon="-96.65738">
        <ele>280.7</ele>
      </trkpt>
      <trkpt lat="46.78552" lon="-96.65753">
        <ele>280.7</ele>
      </trkpt>
      <trkpt lat="46.78591" lon="-96.65782">
        <ele>280.7</ele>
      </trkpt>
      <trkpt lat="46.78632" lon="-96.65816">
        <ele>280.7</ele>
      </trkpt>
      <trkpt lat="46.78685" lon="-96.65868">
        <ele>280.7</ele>
      </trkpt>
      <trkpt lat="46.78748" lon="-96.65936">
        <ele>280.7</ele>
      </trkpt>
      <trkpt lat="46.78811" lon="-96.66003">
        <ele>280.7</ele>
      </trkpt>
      <trkpt lat="46.78874" lon="-96.6607">
        <ele>280.7</ele>
      </trkpt>
      <trkpt lat="46.78937" lon="-96.66137">
        <ele>280.7</ele>
      </trkpt>
      <trkpt lat="46.79" lon="-96.66205">
        <ele>280.7</ele>
      </trkpt>
      <trkpt lat="46.79065" lon="-96.66274">
        <ele>280.5</ele>
      </trkpt>
      <trkpt lat="46.7913" lon="-96.66343">
        <ele>280.4</ele>
      </trkpt>
      <trkpt lat="46.79195" lon="-96.66413">
        <ele>280.4</ele>
      </trkpt>
      <trkpt lat="46.79261" lon="-96.66482">
        <ele>280.1</ele>
      </trkpt>
      <trkpt lat="46.79326" lon="-96.66551">
        <ele>280.1</ele>
      </trkpt>
      <trkpt lat="46.79391" lon="-96.6662">
        <ele>280.1</ele>
      </trkpt>
      <trkpt lat="46.79456" lon="-96.6669">
        <ele>280.1</ele>
      </trkpt>
      <trkpt lat="46.79522" lon="-96.66761">
        <ele>279.8</ele>
      </trkpt>
      <trkpt lat="46.7959" lon="-96.66834">
        <ele>279.8</ele>
      </trkpt>
      <trkpt lat="46.79658" lon="-96.66907">
        <ele>279.8</ele>
      </trkpt>
      <trkpt lat="46.79726" lon="-96.66979">
        <ele>279.7</ele>
      </trkpt>
      <trkpt lat="46.79793" lon="-96.67052">
        <ele>279.5</ele>
      </trkpt>
      <trkpt lat="46.79861" lon="-96.67124">
        <ele>279.6</ele>
      </trkpt>
      <trkpt lat="46.79929" lon="-96.67197">
        <ele>279.5</ele>
      </trkpt>
      <trkpt lat="46.79997" lon="-96.6727">
        <ele>279.4</ele>
      </trkpt>
      <trkpt lat="46.80068" lon="-96.67345">
        <ele>279.2</ele>
      </trkpt>
      <trkpt lat="46.80138" lon="-96.67419">
        <ele>279.3</ele>
      </trkpt>
      <trkpt lat="46.80208" lon="-96.67494">
        <ele>279.3</ele>
      </trkpt>
      <trkpt lat="46.80278" lon="-96.67569">
        <ele>279.2</ele>
      </trkpt>
      <trkpt lat="46.80348" lon="-96.67644">
        <ele>279.5</ele>
      </trkpt>
      <trkpt lat="46.80418" lon="-96.67719">
        <ele>279.7</ele>
      </trkpt>
      <trkpt lat="46.80489" lon="-96.67793">
        <ele>279.8</ele>
      </trkpt>
      <trkpt lat="46.80559" lon="-96.67868">
        <ele>279.5</ele>
      </trkpt>
      <trkpt lat="46.80629" lon="-96.67943">
        <ele>279.5</ele>
      </trkpt>
      <trkpt lat="46.80699" lon="-96.68018">
        <ele>279.3</ele>
      </trkpt>
      <trkpt lat="46.80769" lon="-96.68093">
        <ele>279.2</ele>
      </trkpt>
      <trkpt lat="46.80839" lon="-96.68167">
        <ele>279.2</ele>
      </trkpt>
      <trkpt lat="46.8091" lon="-96.68242">
        <ele>279.2</ele>
      </trkpt>
      <trkpt lat="46.8098" lon="-96.68317">
        <ele>279.2</ele>
      </trkpt>
      <trkpt lat="46.8105" lon="-96.68392">
        <ele>279.2</ele>
      </trkpt>
      <trkpt lat="46.8112" lon="-96.68467">
        <ele>279.2</ele>
      </trkpt>
      <trkpt lat="46.8119" lon="-96.68541">
        <ele>279.2</ele>
      </trkpt>
      <trkpt lat="46.81259" lon="-96.68614">
        <ele>279.2</ele>
      </trkpt>
      <trkpt lat="46.81327" lon="-96.68688">
        <ele>279.2</ele>
      </trkpt>
      <trkpt lat="46.81396" lon="-96.68761">
        <ele>279.2</ele>
      </trkpt>
      <trkpt lat="46.81464" lon="-96.68834">
        <ele>279.2</ele>
      </trkpt>
      <trkpt lat="46.81532" lon="-96.68907">
        <ele>279.2</ele>
      </trkpt>
      <trkpt lat="46.81601" lon="-96.6898">
        <ele>279.2</ele>
      </trkpt>
      <trkpt lat="46.81669" lon="-96.69053">
        <ele>279.2</ele>
      </trkpt>
      <trkpt lat="46.81738" lon="-96.69127">
        <ele>279.2</ele>
      </trkpt>
      <trkpt lat="46.81806" lon="-96.692">
        <ele>279.1</ele>
      </trkpt>
      <trkpt lat="46.81875" lon="-96.69273">
        <ele>279.2</ele>
      </trkpt>
      <trkpt lat="46.81944" lon="-96.69347">
        <ele>279.2</ele>
      </trkpt>
      <trkpt lat="46.82014" lon="-96.69422">
        <ele>279.1</ele>
      </trkpt>
      <trkpt lat="46.82084" lon="-96.69496">
        <ele>279.2</ele>
      </trkpt>
      <trkpt lat="46.82154" lon="-96.69571">
        <ele>279.2</ele>
      </trkpt>
      <trkpt lat="46.82224" lon="-96.69645">
        <ele>279.2</ele>
      </trkpt>
      <trkpt lat="46.82294" lon="-96.6972">
        <ele>279.2</ele>
      </trkpt>
      <trkpt lat="46.82364" lon="-96.69794">
        <ele>279.2</ele>
      </trkpt>
      <trkpt lat="46.82433" lon="-96.69869">
        <ele>279.2</ele>
      </trkpt>
      <trkpt lat="46.82503" lon="-96.69943">
        <ele>279.2</ele>
      </trkpt>
      <trkpt lat="46.82573" lon="-96.70018">
        <ele>279.2</ele>
      </trkpt>
      <trkpt lat="46.82643" lon="-96.70092">
        <ele>279.2</ele>
      </trkpt>
      <trkpt lat="46.82713" lon="-96.70167">
        <ele>279.2</ele>
      </trkpt>
      <trkpt lat="46.82779" lon="-96.70238">
        <ele>279.2</ele>
      </trkpt>
      <trkpt lat="46.82845" lon="-96.70309">
        <ele>279.1</ele>
      </trkpt>
      <trkpt lat="46.82911" lon="-96.7038">
        <ele>279.2</ele>
      </trkpt>
      <trkpt lat="46.82977" lon="-96.7045">
        <ele>279.2</ele>
      </trkpt>
      <trkpt lat="46.83043" lon="-96.70521">
        <ele>279.2</ele>
      </trkpt>
      <trkpt lat="46.83109" lon="-96.70592">
        <ele>279.2</ele>
      </trkpt>
      <trkpt lat="46.83175" lon="-96.70663">
        <ele>279.2</ele>
      </trkpt>
      <trkpt lat="46.83224" lon="-96.70714">
        <ele>279.2</ele>
      </trkpt>
      <trkpt lat="46.83273" lon="-96.70765">
        <ele>279.2</ele>
      </trkpt>
      <trkpt lat="46.83322" lon="-96.70815">
        <ele>279.0</ele>
      </trkpt>
      <trkpt lat="46.83393" lon="-96.70893">
        <ele>278.2</ele>
      </trkpt>
      <trkpt lat="46.83465" lon="-96.7097">
        <ele>277.8</ele>
      </trkpt>
      <trkpt lat="46.83536" lon="-96.71047">
        <ele>277.7</ele>
      </trkpt>
      <trkpt lat="46.83608" lon="-96.71125">
        <ele>277.7</ele>
      </trkpt>
      <trkpt lat="46.83679" lon="-96.71202">
        <ele>277.7</ele>
      </trkpt>
      <trkpt lat="46.83751" lon="-96.71279">
        <ele>277.7</ele>
      </trkpt>
      <trkpt lat="46.83824" lon="-96.71355">
        <ele>277.7</ele>
      </trkpt>
      <trkpt lat="46.83897" lon="-96.71431">
        <ele>277.7</ele>
      </trkpt>
      <trkpt lat="46.8397" lon="-96.71506">
        <ele>277.7</ele>
      </trkpt>
      <trkpt lat="46.84019" lon="-96.71561">
        <ele>277.7</ele>
      </trkpt>
      <trkpt lat="46.84069" lon="-96.71616">
        <ele>277.7</ele>
      </trkpt>
      <trkpt lat="46.8412" lon="-96.71669">
        <ele>277.6</ele>
      </trkpt>
      <trkpt lat="46.8417" lon="-96.71723">
        <ele>277.7</ele>
      </trkpt>
      <trkpt lat="46.84231" lon="-96.71788">
        <ele>277.6</ele>
      </trkpt>
      <trkpt lat="46.84291" lon="-96.71853">
        <ele>277.7</ele>
      </trkpt>
      <trkpt lat="46.84351" lon="-96.71918">
        <ele>277.7</ele>
      </trkpt>
      <trkpt lat="46.84412" lon="-96.71983">
        <ele>277.7</ele>
      </trkpt>
      <trkpt lat="46.84472" lon="-96.72048">
        <ele>277.7</ele>
      </trkpt>
      <trkpt lat="46.84533" lon="-96.72113">
        <ele>277.7</ele>
      </trkpt>
      <trkpt lat="46.84578" lon="-96.7216">
        <ele>277.7</ele>
      </trkpt>
      <trkpt lat="46.84624" lon="-96.72207">
        <ele>277.7</ele>
      </trkpt>
      <trkpt lat="46.84649" lon="-96.72234">
        <ele>277.7</ele>
      </trkpt>
      <trkpt lat="46.84654" lon="-96.72224">
        <ele>277.7</ele>
      </trkpt>
      <trkpt lat="46.8469" lon="-96.72263">
        <ele>277.7</ele>
      </trkpt>
      <trkpt lat="46.84755" lon="-96.72332">
        <ele>277.7</ele>
      </trkpt>
      <trkpt lat="46.84769" lon="-96.72347">
        <ele>277.7</ele>
      </trkpt>
      <trkpt lat="46.84778" lon="-96.7235">
        <ele>277.8</ele>
      </trkpt>
      <trkpt lat="46.84787" lon="-96.7235">
        <ele>277.5</ele>
      </trkpt>
      <trkpt lat="46.84825" lon="-96.72391">
        <ele>277.4</ele>
      </trkpt>
      <trkpt lat="46.84864" lon="-96.72432">
        <ele>277.6</ele>
      </trkpt>
      <trkpt lat="46.84893" lon="-96.72462">
        <ele>277.4</ele>
      </trkpt>
      <trkpt lat="46.84915" lon="-96.72491">
        <ele>277.4</ele>
      </trkpt>
      <trkpt lat="46.84965" lon="-96.72542">
        <ele>277.5</ele>
      </trkpt>
      <trkpt lat="46.85034" lon="-96.72614">
        <ele>277.4</ele>
      </trkpt>
      <trkpt lat="46.85102" lon="-96.72687">
        <ele>277.5</ele>
      </trkpt>
      <trkpt lat="46.8517" lon="-96.72759">
        <ele>277.2</ele>
      </trkpt>
      <trkpt lat="46.85235" lon="-96.72831">
        <ele>277.6</ele>
      </trkpt>
      <trkpt lat="46.85283" lon="-96.7288">
        <ele>277.4</ele>
      </trkpt>
      <trkpt lat="46.85344" lon="-96.72945">
        <ele>277.5</ele>
      </trkpt>
      <trkpt lat="46.85405" lon="-96.7301">
        <ele>277.4</ele>
      </trkpt>
      <trkpt lat="46.85466" lon="-96.73075">
        <ele>277.5</ele>
      </trkpt>
      <trkpt lat="46.85527" lon="-96.73139">
        <ele>277.3</ele>
      </trkpt>
      <trkpt lat="46.85587" lon="-96.73204">
        <ele>277.6</ele>
      </trkpt>
      <trkpt lat="46.85648" lon="-96.7327">
        <ele>277.5</ele>
      </trkpt>
      <trkpt lat="46.8569" lon="-96.73315">
        <ele>277.5</ele>
      </trkpt>
      <trkpt lat="46.85733" lon="-96.73359">
        <ele>277.6</ele>
      </trkpt>
      <trkpt lat="46.85777" lon="-96.73407">
        <ele>277.4</ele>
      </trkpt>
      <trkpt lat="46.85821" lon="-96.73455">
        <ele>277.4</ele>
      </trkpt>
      <trkpt lat="46.85871" lon="-96.73507">
        <ele>277.6</ele>
      </trkpt>
      <trkpt lat="46.85911" lon="-96.73552">
        <ele>277.3</ele>
      </trkpt>
      <trkpt lat="46.85952" lon="-96.73594">
        <ele>276.3</ele>
      </trkpt>
      <trkpt lat="46.85993" lon="-96.73637">
        <ele>276.1</ele>
      </trkpt>
      <trkpt lat="46.8603" lon="-96.7368">
        <ele>276.1</ele>
      </trkpt>
      <trkpt lat="46.86072" lon="-96.73723">
        <ele>276.2</ele>
      </trkpt>
      <trkpt lat="46.86115" lon="-96.73767">
        <ele>276.4</ele>
      </trkpt>
      <trkpt lat="46.86164" lon="-96.73822">
        <ele>276.4</ele>
      </trkpt>
      <trkpt lat="46.86214" lon="-96.73877">
        <ele>276.4</ele>
      </trkpt>
      <trkpt lat="46.86228" lon="-96.73894">
        <ele>276.4</ele>
      </trkpt>
      <trkpt lat="46.86242" lon="-96.73903">
        <ele>276.4</ele>
      </trkpt>
      <trkpt lat="46.86313" lon="-96.73978">
        <ele>276.7</ele>
      </trkpt>
      <trkpt lat="46.86383" lon="-96.74054">
        <ele>276.7</ele>
      </trkpt>
      <trkpt lat="46.86453" lon="-96.74129">
        <ele>276.7</ele>
      </trkpt>
      <trkpt lat="46.86513" lon="-96.74193">
        <ele>276.7</ele>
      </trkpt>
      <trkpt lat="46.86573" lon="-96.74257">
        <ele>276.7</ele>
      </trkpt>
      <trkpt lat="46.86633" lon="-96.74321">
        <ele>276.7</ele>
      </trkpt>
      <trkpt lat="46.86693" lon="-96.74385">
        <ele>276.8</ele>
      </trkpt>
      <trkpt lat="46.86753" lon="-96.7445">
        <ele>276.4</ele>
      </trkpt>
      <trkpt lat="46.86769" lon="-96.74463">
        <ele>276.4</ele>
      </trkpt>
      <trkpt lat="46.86769" lon="-96.7447">
        <ele>276.4</ele>
      </trkpt>
      <trkpt lat="46.86774" lon="-96.74476">
        <ele>276.5</ele>
      </trkpt>
      <trkpt lat="46.86831" lon="-96.7454">
        <ele>276.4</ele>
      </trkpt>
      <trkpt lat="46.86887" lon="-96.74603">
        <ele>276.3</ele>
      </trkpt>
      <trkpt lat="46.86959" lon="-96.74673">
        <ele>276.1</ele>
      </trkpt>
      <trkpt lat="46.86979" lon="-96.74701">
        <ele>276.1</ele>
      </trkpt>
      <trkpt lat="46.86998" lon="-96.74734">
        <ele>276.1</ele>
      </trkpt>
      <trkpt lat="46.87011" lon="-96.74762">
        <ele>276.1</ele>
      </trkpt>
      <trkpt lat="46.87016" lon="-96.74768">
        <ele>276.1</ele>
      </trkpt>
      <trkpt lat="46.86973" lon="-96.74773">
        <ele>276.1</ele>
      </trkpt>
      <trkpt lat="46.8699" lon="-96.74816">
        <ele>276.1</ele>
      </trkpt>
      <trkpt lat="46.86998" lon="-96.74823">
        <ele>276.1</ele>
      </trkpt>
      <trkpt lat="46.87019" lon="-96.74876">
        <ele>276.1</ele>
      </trkpt>
      <trkpt lat="46.87032" lon="-96.74895">
        <ele>276.1</ele>
      </trkpt>
      <trkpt lat="46.87049" lon="-96.74931">
        <ele>276.1</ele>
      </trkpt>
      <trkpt lat="46.87074" lon="-96.74975">
        <ele>276.1</ele>
      </trkpt>
      <trkpt lat="46.87083" lon="-96.74997">
        <ele>276.1</ele>
      </trkpt>
      <trkpt lat="46.87105" lon="-96.75032">
        <ele>276.1</ele>
      </trkpt>
      <trkpt lat="46.87124" lon="-96.75059">
        <ele>276.1</ele>
      </trkpt>
      <trkpt lat="46.87146" lon="-96.75082">
        <ele>276.1</ele>
      </trkpt>
      <trkpt lat="46.87168" lon="-96.7511">
        <ele>276.1</ele>
      </trkpt>
      <trkpt lat="46.87202" lon="-96.75149">
        <ele>276.1</ele>
      </trkpt>
      <trkpt lat="46.87247" lon="-96.75202">
        <ele>276.1</ele>
      </trkpt>
      <trkpt lat="46.87267" lon="-96.75228">
        <ele>276.2</ele>
      </trkpt>
      <trkpt lat="46.87265" lon="-96.75241">
        <ele>276.2</ele>
      </trkpt>
      <trkpt lat="46.87269" lon="-96.75263">
        <ele>276.2</ele>
      </trkpt>
      <trkpt lat="46.87272" lon="-96.75272">
        <ele>276.2</ele>
      </trkpt>
      <trkpt lat="46.87273" lon="-96.75284">
        <ele>276.2</ele>
      </trkpt>
      <trkpt lat="46.8727" lon="-96.75293">
        <ele>276.2</ele>
      </trkpt>
      <trkpt lat="46.87271" lon="-96.75406">
        <ele>276.2</ele>
      </trkpt>
      <trkpt lat="46.87271" lon="-96.75518">
        <ele>276.2</ele>
      </trkpt>
      <trkpt lat="46.87271" lon="-96.75631">
        <ele>276.2</ele>
      </trkpt>
      <trkpt lat="46.87272" lon="-96.75744">
        <ele>276.2</ele>
      </trkpt>
      <trkpt lat="46.87348" lon="-96.75744">
        <ele>276.1</ele>
      </trkpt>
      <trkpt lat="46.87424" lon="-96.75743">
        <ele>276.1</ele>
      </trkpt>
      <trkpt lat="46.875" lon="-96.75743">
        <ele>276.1</ele>
      </trkpt>
      <trkpt lat="46.87504" lon="-96.7583">
        <ele>276.1</ele>
      </trkpt>
      <trkpt lat="46.87505" lon="-96.75949">
        <ele>276.1</ele>
      </trkpt>
      <trkpt lat="46.87504" lon="-96.7583">
        <ele>276.1</ele>
      </trkpt>
      <trkpt lat="46.875" lon="-96.75743">
        <ele>276.1</ele>
      </trkpt>
      <trkpt lat="46.87436" lon="-96.75743">
        <ele>276.1</ele>
      </trkpt>
      <trkpt lat="46.87376" lon="-96.75744">
        <ele>276.1</ele>
      </trkpt>
      <trkpt lat="46.87375" lon="-96.75669">
        <ele>276.1</ele>
      </trkpt>
      <trkpt lat="46.87374" lon="-96.75593">
        <ele>276.1</ele>
      </trkpt>
      <trkpt lat="46.87374" lon="-96.75464">
        <ele>276.1</ele>
      </trkpt>
      <trkpt lat="46.87372" lon="-96.75441">
        <ele>276.1</ele>
      </trkpt>
      <trkpt lat="46.87358" lon="-96.75441">
        <ele>276.1</ele>
      </trkpt>
      <trkpt lat="46.87353" lon="-96.75396">
        <ele>276.1</ele>
      </trkpt>
      <trkpt lat="46.8735" lon="-96.75383">
        <ele>276.1</ele>
      </trkpt>
      <trkpt lat="46.87346" lon="-96.75369">
        <ele>276.1</ele>
      </trkpt>
      <trkpt lat="46.87339" lon="-96.75343">
        <ele>276.1</ele>
      </trkpt>
      <trkpt lat="46.87333" lon="-96.7533">
        <ele>276.1</ele>
      </trkpt>
      <trkpt lat="46.87325" lon="-96.75313">
        <ele>276.1</ele>
      </trkpt>
      <trkpt lat="46.873" lon="-96.75275">
        <ele>276.2</ele>
      </trkpt>
      <trkpt lat="46.87288" lon="-96.75253">
        <ele>276.2</ele>
      </trkpt>
      <trkpt lat="46.87247" lon="-96.75202">
        <ele>276.1</ele>
      </trkpt>
      <trkpt lat="46.87202" lon="-96.75149">
        <ele>276.1</ele>
      </trkpt>
      <trkpt lat="46.87168" lon="-96.7511">
        <ele>276.1</ele>
      </trkpt>
      <trkpt lat="46.87146" lon="-96.75082">
        <ele>276.1</ele>
      </trkpt>
      <trkpt lat="46.87124" lon="-96.75059">
        <ele>276.1</ele>
      </trkpt>
      <trkpt lat="46.87105" lon="-96.75032">
        <ele>276.1</ele>
      </trkpt>
      <trkpt lat="46.87083" lon="-96.74997">
        <ele>276.1</ele>
      </trkpt>
      <trkpt lat="46.87074" lon="-96.74975">
        <ele>276.1</ele>
      </trkpt>
      <trkpt lat="46.87049" lon="-96.74931">
        <ele>276.1</ele>
      </trkpt>
      <trkpt lat="46.87032" lon="-96.74895">
        <ele>276.1</ele>
      </trkpt>
      <trkpt lat="46.87019" lon="-96.74876">
        <ele>276.1</ele>
      </trkpt>
      <trkpt lat="46.86998" lon="-96.74823">
        <ele>276.1</ele>
      </trkpt>
      <trkpt lat="46.8699" lon="-96.74816">
        <ele>276.1</ele>
      </trkpt>
      <trkpt lat="46.86973" lon="-96.74773">
        <ele>276.1</ele>
      </trkpt>
      <trkpt lat="46.87016" lon="-96.74768">
        <ele>276.1</ele>
      </trkpt>
      <trkpt lat="46.87011" lon="-96.74762">
        <ele>276.1</ele>
      </trkpt>
      <trkpt lat="46.86998" lon="-96.74734">
        <ele>276.1</ele>
      </trkpt>
      <trkpt lat="46.86979" lon="-96.74701">
        <ele>276.1</ele>
      </trkpt>
      <trkpt lat="46.86959" lon="-96.74673">
        <ele>276.1</ele>
      </trkpt>
      <trkpt lat="46.86887" lon="-96.74603">
        <ele>276.3</ele>
      </trkpt>
      <trkpt lat="46.86831" lon="-96.7454">
        <ele>276.4</ele>
      </trkpt>
      <trkpt lat="46.86774" lon="-96.74476">
        <ele>276.5</ele>
      </trkpt>
      <trkpt lat="46.86769" lon="-96.7447">
        <ele>276.4</ele>
      </trkpt>
      <trkpt lat="46.86769" lon="-96.74463">
        <ele>276.4</ele>
      </trkpt>
      <trkpt lat="46.86753" lon="-96.7445">
        <ele>276.4</ele>
      </trkpt>
      <trkpt lat="46.86693" lon="-96.74385">
        <ele>276.8</ele>
      </trkpt>
      <trkpt lat="46.86633" lon="-96.74321">
        <ele>276.7</ele>
      </trkpt>
      <trkpt lat="46.86573" lon="-96.74257">
        <ele>276.7</ele>
      </trkpt>
      <trkpt lat="46.86513" lon="-96.74193">
        <ele>276.7</ele>
      </trkpt>
      <trkpt lat="46.86453" lon="-96.74129">
        <ele>276.7</ele>
      </trkpt>
      <trkpt lat="46.86383" lon="-96.74054">
        <ele>276.7</ele>
      </trkpt>
      <trkpt lat="46.86313" lon="-96.73978">
        <ele>276.7</ele>
      </trkpt>
      <trkpt lat="46.86242" lon="-96.73903">
        <ele>276.4</ele>
      </trkpt>
      <trkpt lat="46.86228" lon="-96.73894">
        <ele>276.4</ele>
      </trkpt>
      <trkpt lat="46.86214" lon="-96.73877">
        <ele>276.4</ele>
      </trkpt>
      <trkpt lat="46.86164" lon="-96.73822">
        <ele>276.4</ele>
      </trkpt>
      <trkpt lat="46.86115" lon="-96.73767">
        <ele>276.4</ele>
      </trkpt>
      <trkpt lat="46.86072" lon="-96.73723">
        <ele>276.2</ele>
      </trkpt>
      <trkpt lat="46.8603" lon="-96.7368">
        <ele>276.1</ele>
      </trkpt>
      <trkpt lat="46.85993" lon="-96.73637">
        <ele>276.1</ele>
      </trkpt>
      <trkpt lat="46.85952" lon="-96.73594">
        <ele>276.3</ele>
      </trkpt>
      <trkpt lat="46.85911" lon="-96.73552">
        <ele>277.3</ele>
      </trkpt>
      <trkpt lat="46.85871" lon="-96.73507">
        <ele>277.6</ele>
      </trkpt>
      <trkpt lat="46.85821" lon="-96.73455">
        <ele>277.4</ele>
      </trkpt>
      <trkpt lat="46.85777" lon="-96.73407">
        <ele>277.4</ele>
      </trkpt>
      <trkpt lat="46.85733" lon="-96.73359">
        <ele>277.6</ele>
      </trkpt>
      <trkpt lat="46.8569" lon="-96.73315">
        <ele>277.5</ele>
      </trkpt>
      <trkpt lat="46.85648" lon="-96.7327">
        <ele>277.5</ele>
      </trkpt>
      <trkpt lat="46.85587" lon="-96.73204">
        <ele>277.6</ele>
      </trkpt>
      <trkpt lat="46.85527" lon="-96.73139">
        <ele>277.3</ele>
      </trkpt>
      <trkpt lat="46.85466" lon="-96.73075">
        <ele>277.5</ele>
      </trkpt>
      <trkpt lat="46.85405" lon="-96.7301">
        <ele>277.4</ele>
      </trkpt>
      <trkpt lat="46.85344" lon="-96.72945">
        <ele>277.5</ele>
      </trkpt>
      <trkpt lat="46.85283" lon="-96.7288">
        <ele>277.4</ele>
      </trkpt>
      <trkpt lat="46.85235" lon="-96.72831">
        <ele>277.6</ele>
      </trkpt>
      <trkpt lat="46.8517" lon="-96.72759">
        <ele>277.2</ele>
      </trkpt>
      <trkpt lat="46.85102" lon="-96.72687">
        <ele>277.5</ele>
      </trkpt>
      <trkpt lat="46.85034" lon="-96.72614">
        <ele>277.4</ele>
      </trkpt>
      <trkpt lat="46.84965" lon="-96.72542">
        <ele>277.5</ele>
      </trkpt>
      <trkpt lat="46.84915" lon="-96.72491">
        <ele>277.4</ele>
      </trkpt>
      <trkpt lat="46.84893" lon="-96.72462">
        <ele>277.4</ele>
      </trkpt>
      <trkpt lat="46.84864" lon="-96.72432">
        <ele>277.6</ele>
      </trkpt>
      <trkpt lat="46.84825" lon="-96.72391">
        <ele>277.4</ele>
      </trkpt>
      <trkpt lat="46.84787" lon="-96.7235">
        <ele>277.5</ele>
      </trkpt>
      <trkpt lat="46.84778" lon="-96.7235">
        <ele>277.8</ele>
      </trkpt>
      <trkpt lat="46.84769" lon="-96.72347">
        <ele>277.7</ele>
      </trkpt>
      <trkpt lat="46.84755" lon="-96.72332">
        <ele>277.7</ele>
      </trkpt>
      <trkpt lat="46.8469" lon="-96.72263">
        <ele>277.7</ele>
      </trkpt>
      <trkpt lat="46.84654" lon="-96.72224">
        <ele>277.7</ele>
      </trkpt>
      <trkpt lat="46.84649" lon="-96.72234">
        <ele>277.7</ele>
      </trkpt>
      <trkpt lat="46.84624" lon="-96.72207">
        <ele>277.7</ele>
      </trkpt>
      <trkpt lat="46.84578" lon="-96.7216">
        <ele>277.7</ele>
      </trkpt>
      <trkpt lat="46.84533" lon="-96.72113">
        <ele>277.7</ele>
      </trkpt>
      <trkpt lat="46.84472" lon="-96.72048">
        <ele>277.7</ele>
      </trkpt>
      <trkpt lat="46.84412" lon="-96.71983">
        <ele>277.7</ele>
      </trkpt>
      <trkpt lat="46.84351" lon="-96.71918">
        <ele>277.7</ele>
      </trkpt>
      <trkpt lat="46.84291" lon="-96.71853">
        <ele>277.7</ele>
      </trkpt>
      <trkpt lat="46.84231" lon="-96.71788">
        <ele>277.6</ele>
      </trkpt>
      <trkpt lat="46.8417" lon="-96.71723">
        <ele>277.7</ele>
      </trkpt>
      <trkpt lat="46.8412" lon="-96.71669">
        <ele>277.6</ele>
      </trkpt>
      <trkpt lat="46.84069" lon="-96.71616">
        <ele>277.7</ele>
      </trkpt>
      <trkpt lat="46.84019" lon="-96.71561">
        <ele>277.7</ele>
      </trkpt>
      <trkpt lat="46.8397" lon="-96.71506">
        <ele>277.7</ele>
      </trkpt>
      <trkpt lat="46.83897" lon="-96.71431">
        <ele>277.7</ele>
      </trkpt>
      <trkpt lat="46.83824" lon="-96.71355">
        <ele>277.7</ele>
      </trkpt>
      <trkpt lat="46.83751" lon="-96.71279">
        <ele>277.7</ele>
      </trkpt>
      <trkpt lat="46.83679" lon="-96.71202">
        <ele>277.7</ele>
      </trkpt>
      <trkpt lat="46.83608" lon="-96.71125">
        <ele>277.7</ele>
      </trkpt>
      <trkpt lat="46.83536" lon="-96.71047">
        <ele>277.7</ele>
      </trkpt>
      <trkpt lat="46.83465" lon="-96.7097">
        <ele>277.8</ele>
      </trkpt>
      <trkpt lat="46.83393" lon="-96.70893">
        <ele>278.2</ele>
      </trkpt>
      <trkpt lat="46.83322" lon="-96.70815">
        <ele>279.0</ele>
      </trkpt>
      <trkpt lat="46.83273" lon="-96.70765">
        <ele>279.2</ele>
      </trkpt>
      <trkpt lat="46.83224" lon="-96.70714">
        <ele>279.2</ele>
      </trkpt>
      <trkpt lat="46.83175" lon="-96.70663">
        <ele>279.2</ele>
      </trkpt>
      <trkpt lat="46.83109" lon="-96.70592">
        <ele>279.2</ele>
      </trkpt>
      <trkpt lat="46.83043" lon="-96.70521">
        <ele>279.2</ele>
      </trkpt>
      <trkpt lat="46.82977" lon="-96.7045">
        <ele>279.2</ele>
      </trkpt>
      <trkpt lat="46.82911" lon="-96.7038">
        <ele>279.2</ele>
      </trkpt>
      <trkpt lat="46.82845" lon="-96.70309">
        <ele>279.1</ele>
      </trkpt>
      <trkpt lat="46.82779" lon="-96.70238">
        <ele>279.2</ele>
      </trkpt>
      <trkpt lat="46.82713" lon="-96.70167">
        <ele>279.2</ele>
      </trkpt>
      <trkpt lat="46.82643" lon="-96.70092">
        <ele>279.2</ele>
      </trkpt>
      <trkpt lat="46.82573" lon="-96.70018">
        <ele>279.2</ele>
      </trkpt>
      <trkpt lat="46.82503" lon="-96.69943">
        <ele>279.2</ele>
      </trkpt>
      <trkpt lat="46.82433" lon="-96.69869">
        <ele>279.2</ele>
      </trkpt>
      <trkpt lat="46.82364" lon="-96.69794">
        <ele>279.2</ele>
      </trkpt>
      <trkpt lat="46.82294" lon="-96.6972">
        <ele>279.2</ele>
      </trkpt>
      <trkpt lat="46.82224" lon="-96.69645">
        <ele>279.2</ele>
      </trkpt>
      <trkpt lat="46.82154" lon="-96.69571">
        <ele>279.2</ele>
      </trkpt>
      <trkpt lat="46.82084" lon="-96.69496">
        <ele>279.2</ele>
      </trkpt>
      <trkpt lat="46.82014" lon="-96.69422">
        <ele>279.1</ele>
      </trkpt>
      <trkpt lat="46.81944" lon="-96.69347">
        <ele>279.2</ele>
      </trkpt>
      <trkpt lat="46.81875" lon="-96.69273">
        <ele>279.2</ele>
      </trkpt>
      <trkpt lat="46.81806" lon="-96.692">
        <ele>279.1</ele>
      </trkpt>
      <trkpt lat="46.81738" lon="-96.69127">
        <ele>279.2</ele>
      </trkpt>
      <trkpt lat="46.81669" lon="-96.69053">
        <ele>279.2</ele>
      </trkpt>
      <trkpt lat="46.81601" lon="-96.6898">
        <ele>279.2</ele>
      </trkpt>
      <trkpt lat="46.81532" lon="-96.68907">
        <ele>279.2</ele>
      </trkpt>
      <trkpt lat="46.81464" lon="-96.68834">
        <ele>279.2</ele>
      </trkpt>
      <trkpt lat="46.81396" lon="-96.68761">
        <ele>279.2</ele>
      </trkpt>
      <trkpt lat="46.81327" lon="-96.68688">
        <ele>279.2</ele>
      </trkpt>
      <trkpt lat="46.81259" lon="-96.68614">
        <ele>279.2</ele>
      </trkpt>
      <trkpt lat="46.8119" lon="-96.68541">
        <ele>279.2</ele>
      </trkpt>
      <trkpt lat="46.8112" lon="-96.68467">
        <ele>279.2</ele>
      </trkpt>
      <trkpt lat="46.8105" lon="-96.68392">
        <ele>279.2</ele>
      </trkpt>
      <trkpt lat="46.8098" lon="-96.68317">
        <ele>279.2</ele>
      </trkpt>
      <trkpt lat="46.8091" lon="-96.68242">
        <ele>279.2</ele>
      </trkpt>
      <trkpt lat="46.80839" lon="-96.68167">
        <ele>279.2</ele>
      </trkpt>
      <trkpt lat="46.80769" lon="-96.68093">
        <ele>279.2</ele>
      </trkpt>
      <trkpt lat="46.80699" lon="-96.68018">
        <ele>279.3</ele>
      </trkpt>
      <trkpt lat="46.80629" lon="-96.67943">
        <ele>279.5</ele>
      </trkpt>
      <trkpt lat="46.80559" lon="-96.67868">
        <ele>279.5</ele>
      </trkpt>
      <trkpt lat="46.80489" lon="-96.67793">
        <ele>279.8</ele>
      </trkpt>
      <trkpt lat="46.80418" lon="-96.67719">
        <ele>279.7</ele>
      </trkpt>
      <trkpt lat="46.80348" lon="-96.67644">
        <ele>279.5</ele>
      </trkpt>
      <trkpt lat="46.80278" lon="-96.67569">
        <ele>279.2</ele>
      </trkpt>
      <trkpt lat="46.80208" lon="-96.67494">
        <ele>279.3</ele>
      </trkpt>
      <trkpt lat="46.80138" lon="-96.67419">
        <ele>279.3</ele>
      </trkpt>
      <trkpt lat="46.80068" lon="-96.67345">
        <ele>279.2</ele>
      </trkpt>
      <trkpt lat="46.79997" lon="-96.6727">
        <ele>279.4</ele>
      </trkpt>
      <trkpt lat="46.79929" lon="-96.67197">
        <ele>279.5</ele>
      </trkpt>
      <trkpt lat="46.79861" lon="-96.67124">
        <ele>279.6</ele>
      </trkpt>
      <trkpt lat="46.79793" lon="-96.67052">
        <ele>279.5</ele>
      </trkpt>
      <trkpt lat="46.79726" lon="-96.66979">
        <ele>279.7</ele>
      </trkpt>
      <trkpt lat="46.79658" lon="-96.66907">
        <ele>279.8</ele>
      </trkpt>
      <trkpt lat="46.7959" lon="-96.66834">
        <ele>279.8</ele>
      </trkpt>
      <trkpt lat="46.79522" lon="-96.66761">
        <ele>279.8</ele>
      </trkpt>
      <trkpt lat="46.79456" lon="-96.6669">
        <ele>280.1</ele>
      </trkpt>
      <trkpt lat="46.79391" lon="-96.6662">
        <ele>280.1</ele>
      </trkpt>
      <trkpt lat="46.79326" lon="-96.66551">
        <ele>280.1</ele>
      </trkpt>
      <trkpt lat="46.79261" lon="-96.66482">
        <ele>280.1</ele>
      </trkpt>
      <trkpt lat="46.79195" lon="-96.66413">
        <ele>280.4</ele>
      </trkpt>
      <trkpt lat="46.7913" lon="-96.66343">
        <ele>280.4</ele>
      </trkpt>
      <trkpt lat="46.79065" lon="-96.66274">
        <ele>280.5</ele>
      </trkpt>
      <trkpt lat="46.79" lon="-96.66205">
        <ele>280.7</ele>
      </trkpt>
      <trkpt lat="46.78937" lon="-96.66137">
        <ele>280.7</ele>
      </trkpt>
      <trkpt lat="46.78874" lon="-96.6607">
        <ele>280.7</ele>
      </trkpt>
      <trkpt lat="46.78811" lon="-96.66003">
        <ele>280.7</ele>
      </trkpt>
      <trkpt lat="46.78748" lon="-96.65936">
        <ele>280.7</ele>
      </trkpt>
      <trkpt lat="46.78685" lon="-96.65868">
        <ele>280.7</ele>
      </trkpt>
      <trkpt lat="46.78632" lon="-96.65816">
        <ele>280.7</ele>
      </trkpt>
      <trkpt lat="46.78591" lon="-96.65782">
        <ele>280.7</ele>
      </trkpt>
      <trkpt lat="46.78552" lon="-96.65753">
        <ele>280.7</ele>
      </trkpt>
      <trkpt lat="46.7853" lon="-96.65738">
        <ele>280.7</ele>
      </trkpt>
      <trkpt lat="46.78492" lon="-96.65715">
        <ele>280.7</ele>
      </trkpt>
      <trkpt lat="46.78429" lon="-96.65686">
        <ele>280.7</ele>
      </trkpt>
      <trkpt lat="46.78367" lon="-96.65657">
        <ele>280.7</ele>
      </trkpt>
      <trkpt lat="46.78305" lon="-96.65627">
        <ele>280.8</ele>
      </trkpt>
      <trkpt lat="46.78273" lon="-96.6561">
        <ele>280.9</ele>
      </trkpt>
      <trkpt lat="46.78242" lon="-96.65591">
        <ele>281.1</ele>
      </trkpt>
      <trkpt lat="46.78216" lon="-96.65572">
        <ele>281.2</ele>
      </trkpt>
      <trkpt lat="46.78191" lon="-96.65553">
        <ele>281.4</ele>
      </trkpt>
      <trkpt lat="46.7816" lon="-96.65525">
        <ele>281.6</ele>
      </trkpt>
      <trkpt lat="46.78134" lon="-96.65499">
        <ele>282.0</ele>
      </trkpt>
      <trkpt lat="46.78071" lon="-96.65432">
        <ele>282.5</ele>
      </trkpt>
      <trkpt lat="46.78008" lon="-96.65366">
        <ele>282.8</ele>
      </trkpt>
      <trkpt lat="46.77945" lon="-96.65299">
        <ele>282.9</ele>
      </trkpt>
      <trkpt lat="46.77883" lon="-96.65233">
        <ele>283.0</ele>
      </trkpt>
      <trkpt lat="46.77842" lon="-96.65188">
        <ele>283.1</ele>
      </trkpt>
      <trkpt lat="46.77801" lon="-96.65144">
        <ele>283.2</ele>
      </trkpt>
      <trkpt lat="46.77785" lon="-96.65126">
        <ele>283.1</ele>
      </trkpt>
      <trkpt lat="46.7777" lon="-96.65107">
        <ele>283.2</ele>
      </trkpt>
      <trkpt lat="46.77757" lon="-96.65088">
        <ele>283.3</ele>
      </trkpt>
      <trkpt lat="46.7773" lon="-96.65042">
        <ele>283.3</ele>
      </trkpt>
      <trkpt lat="46.77715" lon="-96.65013">
        <ele>283.4</ele>
      </trkpt>
      <trkpt lat="46.77706" lon="-96.64993">
        <ele>283.4</ele>
      </trkpt>
      <trkpt lat="46.77678" lon="-96.64923">
        <ele>283.4</ele>
      </trkpt>
      <trkpt lat="46.7765" lon="-96.64852">
        <ele>283.5</ele>
      </trkpt>
      <trkpt lat="46.77621" lon="-96.64782">
        <ele>283.6</ele>
      </trkpt>
      <trkpt lat="46.776" lon="-96.64741">
        <ele>283.7</ele>
      </trkpt>
      <trkpt lat="46.77584" lon="-96.64714">
        <ele>283.7</ele>
      </trkpt>
      <trkpt lat="46.77564" lon="-96.64682">
        <ele>283.7</ele>
      </trkpt>
      <trkpt lat="46.77544" lon="-96.64655">
        <ele>283.8</ele>
      </trkpt>
      <trkpt lat="46.77524" lon="-96.64632">
        <ele>283.8</ele>
      </trkpt>
      <trkpt lat="46.77463" lon="-96.64565">
        <ele>283.8</ele>
      </trkpt>
      <trkpt lat="46.77402" lon="-96.64498">
        <ele>283.8</ele>
      </trkpt>
      <trkpt lat="46.77343" lon="-96.64436">
        <ele>283.8</ele>
      </trkpt>
      <trkpt lat="46.77285" lon="-96.64374">
        <ele>282.7</ele>
      </trkpt>
      <trkpt lat="46.77227" lon="-96.64312">
        <ele>282.3</ele>
      </trkpt>
      <trkpt lat="46.77168" lon="-96.6425">
        <ele>282.2</ele>
      </trkpt>
      <trkpt lat="46.7711" lon="-96.64188">
        <ele>282.2</ele>
      </trkpt>
      <trkpt lat="46.77052" lon="-96.64125">
        <ele>282.2</ele>
      </trkpt>
      <trkpt lat="46.76994" lon="-96.64062">
        <ele>282.2</ele>
      </trkpt>
      <trkpt lat="46.76936" lon="-96.64">
        <ele>281.8</ele>
      </trkpt>
      <trkpt lat="46.76878" lon="-96.63937">
        <ele>281.0</ele>
      </trkpt>
      <trkpt lat="46.76821" lon="-96.63874">
        <ele>280.7</ele>
      </trkpt>
      <trkpt lat="46.76752" lon="-96.638">
        <ele>280.7</ele>
      </trkpt>
      <trkpt lat="46.76683" lon="-96.63726">
        <ele>280.2</ele>
      </trkpt>
      <trkpt lat="46.7666" lon="-96.63701">
        <ele>280.0</ele>
      </trkpt>
      <trkpt lat="46.76623" lon="-96.63662">
        <ele>279.8</ele>
      </trkpt>
      <trkpt lat="46.76585" lon="-96.63623">
        <ele>280.8</ele>
      </trkpt>
      <trkpt lat="46.76538" lon="-96.63572">
        <ele>280.7</ele>
      </trkpt>
      <trkpt lat="46.76491" lon="-96.6352">
        <ele>280.6</ele>
      </trkpt>
      <trkpt lat="46.76457" lon="-96.63488">
        <ele>280.7</ele>
      </trkpt>
      <trkpt lat="46.76394" lon="-96.63421">
        <ele>280.7</ele>
      </trkpt>
      <trkpt lat="46.76331" lon="-96.63355">
        <ele>280.7</ele>
      </trkpt>
      <trkpt lat="46.76269" lon="-96.63289">
        <ele>280.7</ele>
      </trkpt>
      <trkpt lat="46.76206" lon="-96.63223">
        <ele>280.7</ele>
      </trkpt>
      <trkpt lat="46.76161" lon="-96.63176">
        <ele>280.7</ele>
      </trkpt>
      <trkpt lat="46.76116" lon="-96.63129">
        <ele>280.7</ele>
      </trkpt>
      <trkpt lat="46.76047" lon="-96.63056">
        <ele>280.7</ele>
      </trkpt>
      <trkpt lat="46.75978" lon="-96.62982">
        <ele>280.7</ele>
      </trkpt>
      <trkpt lat="46.75909" lon="-96.62908">
        <ele>280.7</ele>
      </trkpt>
      <trkpt lat="46.7584" lon="-96.62834">
        <ele>280.7</ele>
      </trkpt>
      <trkpt lat="46.75771" lon="-96.62761">
        <ele>280.7</ele>
      </trkpt>
      <trkpt lat="46.75702" lon="-96.62687">
        <ele>280.7</ele>
      </trkpt>
      <trkpt lat="46.75633" lon="-96.62613">
        <ele>280.7</ele>
      </trkpt>
      <trkpt lat="46.75564" lon="-96.6254">
        <ele>280.7</ele>
      </trkpt>
      <trkpt lat="46.75493" lon="-96.62464">
        <ele>280.7</ele>
      </trkpt>
      <trkpt lat="46.75422" lon="-96.62389">
        <ele>280.7</ele>
      </trkpt>
      <trkpt lat="46.75351" lon="-96.62313">
        <ele>281.0</ele>
      </trkpt>
      <trkpt lat="46.7528" lon="-96.62238">
        <ele>280.8</ele>
      </trkpt>
      <trkpt lat="46.75209" lon="-96.62162">
        <ele>281.1</ele>
      </trkpt>
      <trkpt lat="46.75138" lon="-96.62087">
        <ele>281.8</ele>
      </trkpt>
      <trkpt lat="46.75067" lon="-96.62012">
        <ele>282.2</ele>
      </trkpt>
      <trkpt lat="46.74996" lon="-96.61936">
        <ele>282.2</ele>
      </trkpt>
      <trkpt lat="46.74932" lon="-96.61868">
        <ele>282.2</ele>
      </trkpt>
      <trkpt lat="46.74869" lon="-96.618">
        <ele>282.2</ele>
      </trkpt>
      <trkpt lat="46.74805" lon="-96.61732">
        <ele>282.2</ele>
      </trkpt>
      <trkpt lat="46.74741" lon="-96.61663">
        <ele>282.2</ele>
      </trkpt>
      <trkpt lat="46.74678" lon="-96.61595">
        <ele>282.2</ele>
      </trkpt>
      <trkpt lat="46.74641" lon="-96.61551">
        <ele>282.2</ele>
      </trkpt>
      <trkpt lat="46.74603" lon="-96.61507">
        <ele>282.2</ele>
      </trkpt>
      <trkpt lat="46.74568" lon="-96.61459">
        <ele>282.2</ele>
      </trkpt>
      <trkpt lat="46.74512" lon="-96.61381">
        <ele>282.2</ele>
      </trkpt>
      <trkpt lat="46.74462" lon="-96.61303">
        <ele>282.2</ele>
      </trkpt>
      <trkpt lat="46.7444" lon="-96.61267">
        <ele>282.2</ele>
      </trkpt>
      <trkpt lat="46.74396" lon="-96.61188">
        <ele>282.2</ele>
      </trkpt>
      <trkpt lat="46.74342" lon="-96.61087">
        <ele>282.5</ele>
      </trkpt>
      <trkpt lat="46.74288" lon="-96.60986">
        <ele>282.5</ele>
      </trkpt>
      <trkpt lat="46.74234" lon="-96.60884">
        <ele>282.4</ele>
      </trkpt>
      <trkpt lat="46.7418" lon="-96.60783">
        <ele>283.3</ele>
      </trkpt>
      <trkpt lat="46.74126" lon="-96.60681">
        <ele>283.7</ele>
      </trkpt>
      <trkpt lat="46.74072" lon="-96.6058">
        <ele>283.7</ele>
      </trkpt>
      <trkpt lat="46.74026" lon="-96.60494">
        <ele>283.7</ele>
      </trkpt>
      <trkpt lat="46.73979" lon="-96.60407">
        <ele>283.7</ele>
      </trkpt>
      <trkpt lat="46.73933" lon="-96.60321">
        <ele>283.7</ele>
      </trkpt>
      <trkpt lat="46.73887" lon="-96.60235">
        <ele>283.7</ele>
      </trkpt>
      <trkpt lat="46.7384" lon="-96.60148">
        <ele>283.7</ele>
      </trkpt>
      <trkpt lat="46.73794" lon="-96.60062">
        <ele>283.7</ele>
      </trkpt>
      <trkpt lat="46.73739" lon="-96.59959">
        <ele>283.7</ele>
      </trkpt>
      <trkpt lat="46.73684" lon="-96.59857">
        <ele>283.7</ele>
      </trkpt>
      <trkpt lat="46.73629" lon="-96.59754">
        <ele>283.7</ele>
      </trkpt>
      <trkpt lat="46.73574" lon="-96.59652">
        <ele>283.7</ele>
      </trkpt>
      <trkpt lat="46.73519" lon="-96.59549">
        <ele>283.7</ele>
      </trkpt>
      <trkpt lat="46.73464" lon="-96.59446">
        <ele>283.7</ele>
      </trkpt>
      <trkpt lat="46.73409" lon="-96.59344">
        <ele>283.7</ele>
      </trkpt>
      <trkpt lat="46.73354" lon="-96.59241">
        <ele>283.7</ele>
      </trkpt>
      <trkpt lat="46.73299" lon="-96.59139">
        <ele>283.7</ele>
      </trkpt>
      <trkpt lat="46.73244" lon="-96.59036">
        <ele>283.7</ele>
      </trkpt>
      <trkpt lat="46.7319" lon="-96.58933">
        <ele>283.7</ele>
      </trkpt>
      <trkpt lat="46.73135" lon="-96.58831">
        <ele>283.7</ele>
      </trkpt>
      <trkpt lat="46.7308" lon="-96.58728">
        <ele>283.7</ele>
      </trkpt>
      <trkpt lat="46.73025" lon="-96.58626">
        <ele>283.7</ele>
      </trkpt>
      <trkpt lat="46.7297" lon="-96.58523">
        <ele>283.7</ele>
      </trkpt>
      <trkpt lat="46.72915" lon="-96.58421">
        <ele>283.7</ele>
      </trkpt>
      <trkpt lat="46.7286" lon="-96.58318">
        <ele>283.7</ele>
      </trkpt>
      <trkpt lat="46.72805" lon="-96.58215">
        <ele>283.7</ele>
      </trkpt>
      <trkpt lat="46.7275" lon="-96.58113">
        <ele>283.7</ele>
      </trkpt>
      <trkpt lat="46.72695" lon="-96.5801">
        <ele>283.9</ele>
      </trkpt>
      <trkpt lat="46.7264" lon="-96.57908">
        <ele>284.0</ele>
      </trkpt>
      <trkpt lat="46.72585" lon="-96.57805">
        <ele>284.3</ele>
      </trkpt>
      <trkpt lat="46.7253" lon="-96.57702">
        <ele>285.2</ele>
      </trkpt>
      <trkpt lat="46.72475" lon="-96.57599">
        <ele>285.3</ele>
      </trkpt>
      <trkpt lat="46.7242" lon="-96.57496">
        <ele>285.3</ele>
      </trkpt>
      <trkpt lat="46.72364" lon="-96.57393">
        <ele>285.3</ele>
      </trkpt>
      <trkpt lat="46.72309" lon="-96.5729">
        <ele>285.3</ele>
      </trkpt>
      <trkpt lat="46.72254" lon="-96.57187">
        <ele>285.3</ele>
      </trkpt>
      <trkpt lat="46.72199" lon="-96.57084">
        <ele>285.3</ele>
      </trkpt>
      <trkpt lat="46.72143" lon="-96.56981">
        <ele>285.3</ele>
      </trkpt>
      <trkpt lat="46.72088" lon="-96.56878">
        <ele>285.3</ele>
      </trkpt>
      <trkpt lat="46.72033" lon="-96.56775">
        <ele>285.3</ele>
      </trkpt>
      <trkpt lat="46.71978" lon="-96.56672">
        <ele>285.3</ele>
      </trkpt>
      <trkpt lat="46.71922" lon="-96.56569">
        <ele>285.3</ele>
      </trkpt>
      <trkpt lat="46.71867" lon="-96.56466">
        <ele>285.3</ele>
      </trkpt>
      <trkpt lat="46.71812" lon="-96.56363">
        <ele>285.3</ele>
      </trkpt>
      <trkpt lat="46.71757" lon="-96.5626">
        <ele>285.3</ele>
      </trkpt>
      <trkpt lat="46.71701" lon="-96.56157">
        <ele>285.3</ele>
      </trkpt>
      <trkpt lat="46.71646" lon="-96.56054">
        <ele>285.3</ele>
      </trkpt>
      <trkpt lat="46.71591" lon="-96.55951">
        <ele>285.3</ele>
      </trkpt>
      <trkpt lat="46.71536" lon="-96.55848">
        <ele>285.3</ele>
      </trkpt>
      <trkpt lat="46.7148" lon="-96.55745">
        <ele>285.3</ele>
      </trkpt>
      <trkpt lat="46.71425" lon="-96.55642">
        <ele>285.3</ele>
      </trkpt>
      <trkpt lat="46.7137" lon="-96.55539">
        <ele>285.3</ele>
      </trkpt>
      <trkpt lat="46.71315" lon="-96.55436">
        <ele>285.3</ele>
      </trkpt>
      <trkpt lat="46.71259" lon="-96.55333">
        <ele>285.6</ele>
      </trkpt>
      <trkpt lat="46.71204" lon="-96.5523">
        <ele>285.6</ele>
      </trkpt>
      <trkpt lat="46.71149" lon="-96.55127">
        <ele>286.1</ele>
      </trkpt>
      <trkpt lat="46.71094" lon="-96.55024">
        <ele>286.8</ele>
      </trkpt>
      <trkpt lat="46.71038" lon="-96.54921">
        <ele>286.8</ele>
      </trkpt>
      <trkpt lat="46.70983" lon="-96.54818">
        <ele>286.8</ele>
      </trkpt>
      <trkpt lat="46.70928" lon="-96.54715">
        <ele>286.8</ele>
      </trkpt>
      <trkpt lat="46.70873" lon="-96.54612">
        <ele>286.8</ele>
      </trkpt>
      <trkpt lat="46.70817" lon="-96.54509">
        <ele>286.8</ele>
      </trkpt>
      <trkpt lat="46.70762" lon="-96.54406">
        <ele>286.8</ele>
      </trkpt>
      <trkpt lat="46.70707" lon="-96.54303">
        <ele>286.8</ele>
      </trkpt>
      <trkpt lat="46.70652" lon="-96.542">
        <ele>286.8</ele>
      </trkpt>
      <trkpt lat="46.70596" lon="-96.54097">
        <ele>286.8</ele>
      </trkpt>
      <trkpt lat="46.70541" lon="-96.53994">
        <ele>286.8</ele>
      </trkpt>
      <trkpt lat="46.70486" lon="-96.53891">
        <ele>286.8</ele>
      </trkpt>
      <trkpt lat="46.70431" lon="-96.53788">
        <ele>286.8</ele>
      </trkpt>
      <trkpt lat="46.70375" lon="-96.53685">
        <ele>286.8</ele>
      </trkpt>
      <trkpt lat="46.7032" lon="-96.53582">
        <ele>286.8</ele>
      </trkpt>
      <trkpt lat="46.70265" lon="-96.53479">
        <ele>286.8</ele>
      </trkpt>
      <trkpt lat="46.7021" lon="-96.53376">
        <ele>286.8</ele>
      </trkpt>
      <trkpt lat="46.70154" lon="-96.53273">
        <ele>286.8</ele>
      </trkpt>
      <trkpt lat="46.70099" lon="-96.5317">
        <ele>288.2</ele>
      </trkpt>
      <trkpt lat="46.70044" lon="-96.53067">
        <ele>288.3</ele>
      </trkpt>
      <trkpt lat="46.69995" lon="-96.52972">
        <ele>288.3</ele>
      </trkpt>
      <trkpt lat="46.69946" lon="-96.52878">
        <ele>288.3</ele>
      </trkpt>
      <trkpt lat="46.69917" lon="-96.52807">
        <ele>288.3</ele>
      </trkpt>
      <trkpt lat="46.69887" lon="-96.52736">
        <ele>288.3</ele>
      </trkpt>
      <trkpt lat="46.69864" lon="-96.52674">
        <ele>288.3</ele>
      </trkpt>
      <trkpt lat="46.69841" lon="-96.52612">
        <ele>288.3</ele>
      </trkpt>
      <trkpt lat="46.69803" lon="-96.52494">
        <ele>288.3</ele>
      </trkpt>
      <trkpt lat="46.69765" lon="-96.52377">
        <ele>288.3</ele>
      </trkpt>
      <trkpt lat="46.69728" lon="-96.52259">
        <ele>288.3</ele>
      </trkpt>
      <trkpt lat="46.6969" lon="-96.52141">
        <ele>288.3</ele>
      </trkpt>
      <trkpt lat="46.69653" lon="-96.52024">
        <ele>288.3</ele>
      </trkpt>
      <trkpt lat="46.69615" lon="-96.51906">
        <ele>288.3</ele>
      </trkpt>
      <trkpt lat="46.69578" lon="-96.51789">
        <ele>288.3</ele>
      </trkpt>
      <trkpt lat="46.6954" lon="-96.51671">
        <ele>288.3</ele>
      </trkpt>
      <trkpt lat="46.69503" lon="-96.51553">
        <ele>288.3</ele>
      </trkpt>
      <trkpt lat="46.69465" lon="-96.51436">
        <ele>288.3</ele>
      </trkpt>
      <trkpt lat="46.69428" lon="-96.51318">
        <ele>288.5</ele>
      </trkpt>
      <trkpt lat="46.6939" lon="-96.51201">
        <ele>288.6</ele>
      </trkpt>
      <trkpt lat="46.69353" lon="-96.51083">
        <ele>288.6</ele>
      </trkpt>
      <trkpt lat="46.69315" lon="-96.50965">
        <ele>289.8</ele>
      </trkpt>
      <trkpt lat="46.69278" lon="-96.50848">
        <ele>289.8</ele>
      </trkpt>
      <trkpt lat="46.6924" lon="-96.5073">
        <ele>289.8</ele>
      </trkpt>
      <trkpt lat="46.69203" lon="-96.50613">
        <ele>289.8</ele>
      </trkpt>
      <trkpt lat="46.69165" lon="-96.50495">
        <ele>289.8</ele>
      </trkpt>
      <trkpt lat="46.69133" lon="-96.50396">
        <ele>289.8</ele>
      </trkpt>
      <trkpt lat="46.69102" lon="-96.50297">
        <ele>289.8</ele>
      </trkpt>
      <trkpt lat="46.6907" lon="-96.50198">
        <ele>289.8</ele>
      </trkpt>
      <trkpt lat="46.69038" lon="-96.50099">
        <ele>289.8</ele>
      </trkpt>
      <trkpt lat="46.69006" lon="-96.5">
        <ele>289.8</ele>
      </trkpt>
      <trkpt lat="46.68975" lon="-96.49902">
        <ele>289.8</ele>
      </trkpt>
      <trkpt lat="46.68944" lon="-96.49803">
        <ele>289.8</ele>
      </trkpt>
      <trkpt lat="46.68913" lon="-96.49705">
        <ele>290.0</ele>
      </trkpt>
      <trkpt lat="46.68882" lon="-96.49607">
        <ele>290.1</ele>
      </trkpt>
      <trkpt lat="46.68851" lon="-96.49508">
        <ele>290.1</ele>
      </trkpt>
      <trkpt lat="46.68815" lon="-96.49395">
        <ele>289.8</ele>
      </trkpt>
      <trkpt lat="46.68779" lon="-96.49281">
        <ele>289.8</ele>
      </trkpt>
      <trkpt lat="46.68742" lon="-96.49167">
        <ele>290.1</ele>
      </trkpt>
      <trkpt lat="46.68706" lon="-96.49054">
        <ele>290.1</ele>
      </trkpt>
      <trkpt lat="46.6867" lon="-96.4894">
        <ele>290.4</ele>
      </trkpt>
      <trkpt lat="46.68634" lon="-96.48826">
        <ele>290.4</ele>
      </trkpt>
      <trkpt lat="46.68598" lon="-96.48713">
        <ele>291.0</ele>
      </trkpt>
      <trkpt lat="46.68561" lon="-96.48599">
        <ele>291.4</ele>
      </trkpt>
      <trkpt lat="46.68525" lon="-96.48485">
        <ele>291.4</ele>
      </trkpt>
      <trkpt lat="46.68489" lon="-96.48372">
        <ele>291.4</ele>
      </trkpt>
      <trkpt lat="46.68452" lon="-96.48256">
        <ele>291.4</ele>
      </trkpt>
      <trkpt lat="46.68415" lon="-96.4814">
        <ele>291.7</ele>
      </trkpt>
      <trkpt lat="46.68378" lon="-96.48024">
        <ele>291.7</ele>
      </trkpt>
      <trkpt lat="46.68341" lon="-96.47908">
        <ele>291.7</ele>
      </trkpt>
      <trkpt lat="46.68303" lon="-96.47792">
        <ele>291.9</ele>
      </trkpt>
      <trkpt lat="46.68266" lon="-96.47676">
        <ele>292.0</ele>
      </trkpt>
      <trkpt lat="46.68229" lon="-96.4756">
        <ele>292.2</ele>
      </trkpt>
      <trkpt lat="46.68192" lon="-96.47444">
        <ele>292.8</ele>
      </trkpt>
      <trkpt lat="46.68155" lon="-96.47328">
        <ele>292.9</ele>
      </trkpt>
      <trkpt lat="46.68118" lon="-96.47212">
        <ele>292.9</ele>
      </trkpt>
      <trkpt lat="46.68081" lon="-96.47096">
        <ele>292.9</ele>
      </trkpt>
      <trkpt lat="46.68044" lon="-96.4698">
        <ele>292.9</ele>
      </trkpt>
      <trkpt lat="46.68007" lon="-96.46864">
        <ele>293.5</ele>
      </trkpt>
      <trkpt lat="46.67969" lon="-96.46748">
        <ele>294.4</ele>
      </trkpt>
      <trkpt lat="46.67937" lon="-96.46647">
        <ele>294.4</ele>
      </trkpt>
      <trkpt lat="46.67905" lon="-96.46547">
        <ele>294.4</ele>
      </trkpt>
      <trkpt lat="46.67872" lon="-96.46446">
        <ele>294.4</ele>
      </trkpt>
      <trkpt lat="46.6784" lon="-96.46346">
        <ele>294.4</ele>
      </trkpt>
      <trkpt lat="46.67807" lon="-96.46246">
        <ele>294.4</ele>
      </trkpt>
      <trkpt lat="46.6777" lon="-96.4613">
        <ele>294.4</ele>
      </trkpt>
      <trkpt lat="46.67733" lon="-96.46014">
        <ele>294.4</ele>
      </trkpt>
      <trkpt lat="46.67696" lon="-96.45899">
        <ele>294.4</ele>
      </trkpt>
      <trkpt lat="46.67659" lon="-96.45783">
        <ele>294.4</ele>
      </trkpt>
      <trkpt lat="46.67623" lon="-96.45668">
        <ele>294.4</ele>
      </trkpt>
      <trkpt lat="46.67586" lon="-96.45552">
        <ele>294.4</ele>
      </trkpt>
      <trkpt lat="46.67549" lon="-96.45436">
        <ele>294.4</ele>
      </trkpt>
      <trkpt lat="46.67512" lon="-96.45321">
        <ele>294.4</ele>
      </trkpt>
      <trkpt lat="46.67475" lon="-96.45205">
        <ele>294.4</ele>
      </trkpt>
      <trkpt lat="46.67438" lon="-96.4509">
        <ele>294.4</ele>
      </trkpt>
      <trkpt lat="46.67401" lon="-96.44974">
        <ele>294.5</ele>
      </trkpt>
      <trkpt lat="46.67364" lon="-96.44859">
        <ele>294.9</ele>
      </trkpt>
      <trkpt lat="46.67327" lon="-96.44743">
        <ele>295.6</ele>
      </trkpt>
      <trkpt lat="46.6729" lon="-96.44627">
        <ele>295.9</ele>
      </trkpt>
      <trkpt lat="46.67253" lon="-96.44512">
        <ele>295.9</ele>
      </trkpt>
      <trkpt lat="46.67216" lon="-96.44396">
        <ele>295.9</ele>
      </trkpt>
      <trkpt lat="46.67179" lon="-96.44281">
        <ele>295.9</ele>
      </trkpt>
      <trkpt lat="46.67142" lon="-96.44165">
        <ele>296.6</ele>
      </trkpt>
      <trkpt lat="46.67115" lon="-96.44083">
        <ele>297.3</ele>
      </trkpt>
      <trkpt lat="46.67088" lon="-96.44001">
        <ele>297.3</ele>
      </trkpt>
      <trkpt lat="46.6706" lon="-96.43919">
        <ele>297.4</ele>
      </trkpt>
      <trkpt lat="46.67034" lon="-96.43852">
        <ele>297.5</ele>
      </trkpt>
      <trkpt lat="46.67019" lon="-96.43815">
        <ele>297.6</ele>
      </trkpt>
      <trkpt lat="46.66986" lon="-96.43741">
        <ele>297.4</ele>
      </trkpt>
      <trkpt lat="46.66947" lon="-96.4366">
        <ele>297.4</ele>
      </trkpt>
      <trkpt lat="46.66924" lon="-96.43615">
        <ele>297.4</ele>
      </trkpt>
      <trkpt lat="46.66887" lon="-96.43548">
        <ele>297.8</ele>
      </trkpt>
      <trkpt lat="46.66846" lon="-96.43479">
        <ele>297.4</ele>
      </trkpt>
      <trkpt lat="46.66802" lon="-96.43403">
        <ele>298.0</ele>
      </trkpt>
      <trkpt lat="46.66758" lon="-96.43327">
        <ele>299.2</ele>
      </trkpt>
      <trkpt lat="46.66714" lon="-96.43251">
        <ele>299.2</ele>
      </trkpt>
      <trkpt lat="46.6667" lon="-96.43175">
        <ele>299.7</ele>
      </trkpt>
      <trkpt lat="46.66637" lon="-96.4311">
        <ele>300.5</ele>
      </trkpt>
      <trkpt lat="46.66603" lon="-96.43045">
        <ele>300.5</ele>
      </trkpt>
      <trkpt lat="46.66566" lon="-96.42956">
        <ele>300.8</ele>
      </trkpt>
      <trkpt lat="46.66528" lon="-96.42866">
        <ele>301.8</ele>
      </trkpt>
      <trkpt lat="46.66497" lon="-96.42788">
        <ele>302.5</ele>
      </trkpt>
      <trkpt lat="46.66466" lon="-96.4271">
        <ele>302.8</ele>
      </trkpt>
      <trkpt lat="46.66429" lon="-96.42613">
        <ele>303.1</ele>
      </trkpt>
      <trkpt lat="46.66393" lon="-96.42517">
        <ele>303.9</ele>
      </trkpt>
      <trkpt lat="46.66356" lon="-96.4242">
        <ele>305.3</ele>
      </trkpt>
      <trkpt lat="46.66319" lon="-96.42323">
        <ele>306.5</ele>
      </trkpt>
      <trkpt lat="46.66282" lon="-96.42227">
        <ele>307.4</ele>
      </trkpt>
      <trkpt lat="46.66252" lon="-96.42162">
        <ele>308.1</ele>
      </trkpt>
      <trkpt lat="46.6622" lon="-96.42118">
        <ele>308.1</ele>
      </trkpt>
      <trkpt lat="46.66191" lon="-96.42083">
        <ele>308.7</ele>
      </trkpt>
      <trkpt lat="46.66165" lon="-96.4204">
        <ele>308.8</ele>
      </trkpt>
      <trkpt lat="46.66154" lon="-96.42008">
        <ele>309.2</ele>
      </trkpt>
      <trkpt lat="46.66103" lon="-96.42006">
        <ele>308.7</ele>
      </trkpt>
      <trkpt lat="46.66052" lon="-96.42004">
        <ele>309.1</ele>
      </trkpt>
      <trkpt lat="46.66007" lon="-96.42007">
        <ele>309.3</ele>
      </trkpt>
      <trkpt lat="46.65962" lon="-96.42009">
        <ele>309.7</ele>
      </trkpt>
      <trkpt lat="46.65884" lon="-96.42008">
        <ele>309.7</ele>
      </trkpt>
      <trkpt lat="46.65806" lon="-96.42007">
        <ele>309.9</ele>
      </trkpt>
      <trkpt lat="46.65728" lon="-96.42007">
        <ele>309.8</ele>
      </trkpt>
      <trkpt lat="46.6565" lon="-96.42006">
        <ele>308.1</ele>
      </trkpt>
      <trkpt lat="46.65572" lon="-96.42005">
        <ele>306.7</ele>
      </trkpt>
      <trkpt lat="46.65494" lon="-96.42004">
        <ele>309.4</ele>
      </trkpt>
      <trkpt lat="46.65416" lon="-96.42005">
        <ele>311.0</ele>
      </trkpt>
      <trkpt lat="46.65339" lon="-96.42005">
        <ele>311.4</ele>
      </trkpt>
      <trkpt lat="46.65287" lon="-96.42006">
        <ele>311.5</ele>
      </trkpt>
      <trkpt lat="46.65235" lon="-96.42006">
        <ele>311.7</ele>
      </trkpt>
      <trkpt lat="46.65184" lon="-96.42005">
        <ele>311.9</ele>
      </trkpt>
      <trkpt lat="46.65134" lon="-96.42005">
        <ele>312.1</ele>
      </trkpt>
      <trkpt lat="46.65047" lon="-96.42005">
        <ele>312.2</ele>
      </trkpt>
      <trkpt lat="46.6496" lon="-96.42006">
        <ele>312.4</ele>
      </trkpt>
      <trkpt lat="46.6494" lon="-96.42003">
        <ele>312.4</ele>
      </trkpt>
      <trkpt lat="46.64925" lon="-96.41998">
        <ele>312.4</ele>
      </trkpt>
      <trkpt lat="46.64895" lon="-96.41987">
        <ele>312.4</ele>
      </trkpt>
      <trkpt lat="46.64825" lon="-96.41949">
        <ele>312.7</ele>
      </trkpt>
      <trkpt lat="46.64754" lon="-96.41911">
        <ele>312.7</ele>
      </trkpt>
      <trkpt lat="46.64684" lon="-96.41873">
        <ele>312.7</ele>
      </trkpt>
      <trkpt lat="46.64613" lon="-96.41836">
        <ele>313.0</ele>
      </trkpt>
      <trkpt lat="46.6453" lon="-96.41797">
        <ele>312.7</ele>
      </trkpt>
      <trkpt lat="46.64447" lon="-96.41758">
        <ele>312.7</ele>
      </trkpt>
      <trkpt lat="46.64364" lon="-96.41719">
        <ele>312.7</ele>
      </trkpt>
      <trkpt lat="46.64281" lon="-96.41681">
        <ele>312.7</ele>
      </trkpt>
      <trkpt lat="46.64229" lon="-96.41658">
        <ele>312.7</ele>
      </trkpt>
      <trkpt lat="46.64177" lon="-96.41641">
        <ele>312.7</ele>
      </trkpt>
      <trkpt lat="46.64125" lon="-96.41623">
        <ele>312.7</ele>
      </trkpt>
      <trkpt lat="46.64066" lon="-96.41605">
        <ele>312.7</ele>
      </trkpt>
      <trkpt lat="46.64007" lon="-96.41588">
        <ele>312.7</ele>
      </trkpt>
      <trkpt lat="46.63968" lon="-96.41574">
        <ele>312.7</ele>
      </trkpt>
      <trkpt lat="46.63937" lon="-96.41558">
        <ele>312.7</ele>
      </trkpt>
      <trkpt lat="46.63858" lon="-96.41528">
        <ele>313.0</ele>
      </trkpt>
      <trkpt lat="46.63776" lon="-96.41489">
        <ele>312.9</ele>
      </trkpt>
      <trkpt lat="46.6369" lon="-96.41451">
        <ele>312.7</ele>
      </trkpt>
      <trkpt lat="46.63605" lon="-96.41413">
        <ele>312.7</ele>
      </trkpt>
      <trkpt lat="46.6352" lon="-96.41375">
        <ele>312.7</ele>
      </trkpt>
      <trkpt lat="46.63435" lon="-96.41337">
        <ele>312.8</ele>
      </trkpt>
      <trkpt lat="46.63349" lon="-96.41299">
        <ele>313.0</ele>
      </trkpt>
      <trkpt lat="46.63264" lon="-96.41261">
        <ele>313.0</ele>
      </trkpt>
      <trkpt lat="46.63179" lon="-96.41223">
        <ele>313.0</ele>
      </trkpt>
      <trkpt lat="46.63093" lon="-96.41184">
        <ele>313.0</ele>
      </trkpt>
      <trkpt lat="46.63008" lon="-96.41146">
        <ele>313.0</ele>
      </trkpt>
      <trkpt lat="46.62923" lon="-96.41108">
        <ele>313.0</ele>
      </trkpt>
      <trkpt lat="46.62837" lon="-96.4107">
        <ele>313.0</ele>
      </trkpt>
      <trkpt lat="46.62752" lon="-96.41032">
        <ele>313.3</ele>
      </trkpt>
      <trkpt lat="46.62667" lon="-96.40994">
        <ele>313.3</ele>
      </trkpt>
      <trkpt lat="46.62581" lon="-96.40957">
        <ele>313.4</ele>
      </trkpt>
      <trkpt lat="46.62496" lon="-96.40919">
        <ele>313.3</ele>
      </trkpt>
      <trkpt lat="46.62434" lon="-96.40891">
        <ele>313.4</ele>
      </trkpt>
      <trkpt lat="46.62351" lon="-96.40853">
        <ele>313.6</ele>
      </trkpt>
      <trkpt lat="46.62267" lon="-96.40816">
        <ele>314.2</ele>
      </trkpt>
      <trkpt lat="46.62184" lon="-96.40779">
        <ele>314.2</ele>
      </trkpt>
      <trkpt lat="46.621" lon="-96.40741">
        <ele>314.2</ele>
      </trkpt>
      <trkpt lat="46.62017" lon="-96.40704">
        <ele>314.5</ele>
      </trkpt>
      <trkpt lat="46.61933" lon="-96.40667">
        <ele>314.6</ele>
      </trkpt>
      <trkpt lat="46.6185" lon="-96.40629">
        <ele>314.7</ele>
      </trkpt>
      <trkpt lat="46.61766" lon="-96.40592">
        <ele>315.2</ele>
      </trkpt>
      <trkpt lat="46.61683" lon="-96.40555">
        <ele>315.7</ele>
      </trkpt>
      <trkpt lat="46.61599" lon="-96.40517">
        <ele>315.7</ele>
      </trkpt>
      <trkpt lat="46.61516" lon="-96.4048">
        <ele>315.7</ele>
      </trkpt>
      <trkpt lat="46.61432" lon="-96.40443">
        <ele>315.7</ele>
      </trkpt>
      <trkpt lat="46.61358" lon="-96.4041">
        <ele>315.9</ele>
      </trkpt>
      <trkpt lat="46.61284" lon="-96.40377">
        <ele>315.8</ele>
      </trkpt>
      <trkpt lat="46.61211" lon="-96.40345">
        <ele>315.8</ele>
      </trkpt>
      <trkpt lat="46.61133" lon="-96.40309">
        <ele>316.0</ele>
      </trkpt>
      <trkpt lat="46.61055" lon="-96.40274">
        <ele>315.8</ele>
      </trkpt>
      <trkpt lat="46.60987" lon="-96.40244">
        <ele>315.7</ele>
      </trkpt>
      <trkpt lat="46.60919" lon="-96.40214">
        <ele>315.7</ele>
      </trkpt>
      <trkpt lat="46.60852" lon="-96.40184">
        <ele>315.7</ele>
      </trkpt>
      <trkpt lat="46.60784" lon="-96.40154">
        <ele>315.7</ele>
      </trkpt>
      <trkpt lat="46.607" lon="-96.40116">
        <ele>315.7</ele>
      </trkpt>
      <trkpt lat="46.60615" lon="-96.40079">
        <ele>315.7</ele>
      </trkpt>
      <trkpt lat="46.60531" lon="-96.40041">
        <ele>315.2</ele>
      </trkpt>
      <trkpt lat="46.60447" lon="-96.40003">
        <ele>315.1</ele>
      </trkpt>
      <trkpt lat="46.60362" lon="-96.39966">
        <ele>315.7</ele>
      </trkpt>
      <trkpt lat="46.60278" lon="-96.39928">
        <ele>315.7</ele>
      </trkpt>
      <trkpt lat="46.60194" lon="-96.39891">
        <ele>315.7</ele>
      </trkpt>
      <trkpt lat="46.60109" lon="-96.39853">
        <ele>315.7</ele>
      </trkpt>
      <trkpt lat="46.60025" lon="-96.39815">
        <ele>315.7</ele>
      </trkpt>
      <trkpt lat="46.59941" lon="-96.39778">
        <ele>315.7</ele>
      </trkpt>
      <trkpt lat="46.59857" lon="-96.3974">
        <ele>315.7</ele>
      </trkpt>
      <trkpt lat="46.59772" lon="-96.39703">
        <ele>314.8</ele>
      </trkpt>
      <trkpt lat="46.59688" lon="-96.39665">
        <ele>314.7</ele>
      </trkpt>
      <trkpt lat="46.59604" lon="-96.39627">
        <ele>314.7</ele>
      </trkpt>
      <trkpt lat="46.59519" lon="-96.3959">
        <ele>315.0</ele>
      </trkpt>
      <trkpt lat="46.59435" lon="-96.39552">
        <ele>315.7</ele>
      </trkpt>
      <trkpt lat="46.59351" lon="-96.39514">
        <ele>315.7</ele>
      </trkpt>
      <trkpt lat="46.59266" lon="-96.39477">
        <ele>315.7</ele>
      </trkpt>
      <trkpt lat="46.59182" lon="-96.39439">
        <ele>315.7</ele>
      </trkpt>
      <trkpt lat="46.59098" lon="-96.39402">
        <ele>315.7</ele>
      </trkpt>
      <trkpt lat="46.59014" lon="-96.39364">
        <ele>315.7</ele>
      </trkpt>
      <trkpt lat="46.58929" lon="-96.39326">
        <ele>315.7</ele>
      </trkpt>
      <trkpt lat="46.58845" lon="-96.39289">
        <ele>315.7</ele>
      </trkpt>
      <trkpt lat="46.58761" lon="-96.39251">
        <ele>315.7</ele>
      </trkpt>
      <trkpt lat="46.58676" lon="-96.39214">
        <ele>315.7</ele>
      </trkpt>
      <trkpt lat="46.58592" lon="-96.39176">
        <ele>315.7</ele>
      </trkpt>
      <trkpt lat="46.58508" lon="-96.39138">
        <ele>315.7</ele>
      </trkpt>
      <trkpt lat="46.58423" lon="-96.39101">
        <ele>315.7</ele>
      </trkpt>
      <trkpt lat="46.58339" lon="-96.39063">
        <ele>315.7</ele>
      </trkpt>
      <trkpt lat="46.58255" lon="-96.39025">
        <ele>315.7</ele>
      </trkpt>
      <trkpt lat="46.58171" lon="-96.38988">
        <ele>315.7</ele>
      </trkpt>
      <trkpt lat="46.58086" lon="-96.3895">
        <ele>315.7</ele>
      </trkpt>
      <trkpt lat="46.58002" lon="-96.38913">
        <ele>315.7</ele>
      </trkpt>
      <trkpt lat="46.57946" lon="-96.38882">
        <ele>315.7</ele>
      </trkpt>
      <trkpt lat="46.57917" lon="-96.38864">
        <ele>315.7</ele>
      </trkpt>
      <trkpt lat="46.57889" lon="-96.38843">
        <ele>315.7</ele>
      </trkpt>
      <trkpt lat="46.57861" lon="-96.38821">
        <ele>315.7</ele>
      </trkpt>
      <trkpt lat="46.57831" lon="-96.38795">
        <ele>315.7</ele>
      </trkpt>
      <trkpt lat="46.57806" lon="-96.38772">
        <ele>315.7</ele>
      </trkpt>
      <trkpt lat="46.57782" lon="-96.38747">
        <ele>315.7</ele>
      </trkpt>
      <trkpt lat="46.57747" lon="-96.38707">
        <ele>315.7</ele>
      </trkpt>
      <trkpt lat="46.5768" lon="-96.38624">
        <ele>315.7</ele>
      </trkpt>
      <trkpt lat="46.57613" lon="-96.3854">
        <ele>315.8</ele>
      </trkpt>
      <trkpt lat="46.57547" lon="-96.38457">
        <ele>316.0</ele>
      </trkpt>
      <trkpt lat="46.5748" lon="-96.38374">
        <ele>316.5</ele>
      </trkpt>
      <trkpt lat="46.57413" lon="-96.38291">
        <ele>317.2</ele>
      </trkpt>
      <trkpt lat="46.57346" lon="-96.38207">
        <ele>317.5</ele>
      </trkpt>
      <trkpt lat="46.57279" lon="-96.38124">
        <ele>318.2</ele>
      </trkpt>
      <trkpt lat="46.57212" lon="-96.38041">
        <ele>318.2</ele>
      </trkpt>
      <trkpt lat="46.57145" lon="-96.37957">
        <ele>318.6</ele>
      </trkpt>
      <trkpt lat="46.57078" lon="-96.37874">
        <ele>318.6</ele>
      </trkpt>
      <trkpt lat="46.57011" lon="-96.37791">
        <ele>318.8</ele>
      </trkpt>
      <trkpt lat="46.56944" lon="-96.37708">
        <ele>318.9</ele>
      </trkpt>
      <trkpt lat="46.56877" lon="-96.37624">
        <ele>320.0</ele>
      </trkpt>
      <trkpt lat="46.5681" lon="-96.37541">
        <ele>320.7</ele>
      </trkpt>
      <trkpt lat="46.56743" lon="-96.37458">
        <ele>322.7</ele>
      </trkpt>
      <trkpt lat="46.56676" lon="-96.37374">
        <ele>323.2</ele>
      </trkpt>
      <trkpt lat="46.5661" lon="-96.37291">
        <ele>323.3</ele>
      </trkpt>
      <trkpt lat="46.56543" lon="-96.37208">
        <ele>323.4</ele>
      </trkpt>
      <trkpt lat="46.56476" lon="-96.37124">
        <ele>323.4</ele>
      </trkpt>
      <trkpt lat="46.56409" lon="-96.37041">
        <ele>323.4</ele>
      </trkpt>
      <trkpt lat="46.56342" lon="-96.36958">
        <ele>323.6</ele>
      </trkpt>
      <trkpt lat="46.56275" lon="-96.36875">
        <ele>323.7</ele>
      </trkpt>
      <trkpt lat="46.56241" lon="-96.36829">
        <ele>324.1</ele>
      </trkpt>
      <trkpt lat="46.56206" lon="-96.36784">
        <ele>324.3</ele>
      </trkpt>
      <trkpt lat="46.56148" lon="-96.36701">
        <ele>324.7</ele>
      </trkpt>
      <trkpt lat="46.56089" lon="-96.36618">
        <ele>325.1</ele>
      </trkpt>
      <trkpt lat="46.5603" lon="-96.36535">
        <ele>325.2</ele>
      </trkpt>
      <trkpt lat="46.55965" lon="-96.36448">
        <ele>325.6</ele>
      </trkpt>
      <trkpt lat="46.55898" lon="-96.36363">
        <ele>326.0</ele>
      </trkpt>
      <trkpt lat="46.5583" lon="-96.36279">
        <ele>326.4</ele>
      </trkpt>
      <trkpt lat="46.55763" lon="-96.36194">
        <ele>326.4</ele>
      </trkpt>
      <trkpt lat="46.55695" lon="-96.3611">
        <ele>326.4</ele>
      </trkpt>
      <trkpt lat="46.55627" lon="-96.36026">
        <ele>326.4</ele>
      </trkpt>
      <trkpt lat="46.5556" lon="-96.35941">
        <ele>326.4</ele>
      </trkpt>
      <trkpt lat="46.55492" lon="-96.35857">
        <ele>326.4</ele>
      </trkpt>
      <trkpt lat="46.55447" lon="-96.35805">
        <ele>326.4</ele>
      </trkpt>
      <trkpt lat="46.55401" lon="-96.35752">
        <ele>326.4</ele>
      </trkpt>
      <trkpt lat="46.55351" lon="-96.35701">
        <ele>326.8</ele>
      </trkpt>
      <trkpt lat="46.553" lon="-96.3565">
        <ele>327.2</ele>
      </trkpt>
      <trkpt lat="46.55268" lon="-96.35617">
        <ele>327.2</ele>
      </trkpt>
      <trkpt lat="46.5523" lon="-96.35575">
        <ele>327.7</ele>
      </trkpt>
      <trkpt lat="46.55163" lon="-96.35492">
        <ele>328.9</ele>
      </trkpt>
      <trkpt lat="46.55096" lon="-96.35409">
        <ele>329.3</ele>
      </trkpt>
      <trkpt lat="46.55029" lon="-96.35325">
        <ele>329.5</ele>
      </trkpt>
      <trkpt lat="46.54962" lon="-96.35242">
        <ele>329.5</ele>
      </trkpt>
      <trkpt lat="46.54895" lon="-96.35159">
        <ele>329.8</ele>
      </trkpt>
      <trkpt lat="46.54828" lon="-96.35076">
        <ele>330.8</ele>
      </trkpt>
      <trkpt lat="46.54788" lon="-96.35028">
        <ele>331.5</ele>
      </trkpt>
      <trkpt lat="46.54753" lon="-96.3499">
        <ele>331.8</ele>
      </trkpt>
      <trkpt lat="46.54713" lon="-96.34948">
        <ele>331.9</ele>
      </trkpt>
      <trkpt lat="46.54677" lon="-96.34913">
        <ele>332.2</ele>
      </trkpt>
      <trkpt lat="46.54633" lon="-96.34873">
        <ele>332.3</ele>
      </trkpt>
      <trkpt lat="46.54593" lon="-96.3484">
        <ele>332.4</ele>
      </trkpt>
      <trkpt lat="46.54553" lon="-96.34808">
        <ele>332.5</ele>
      </trkpt>
      <trkpt lat="46.54499" lon="-96.34766">
        <ele>331.9</ele>
      </trkpt>
      <trkpt lat="46.54445" lon="-96.34724">
        <ele>331.2</ele>
      </trkpt>
      <trkpt lat="46.54392" lon="-96.34682">
        <ele>331.5</ele>
      </trkpt>
      <trkpt lat="46.54315" lon="-96.34621">
        <ele>332.5</ele>
      </trkpt>
      <trkpt lat="46.54238" lon="-96.3456">
        <ele>332.5</ele>
      </trkpt>
      <trkpt lat="46.54162" lon="-96.34499">
        <ele>333.0</ele>
      </trkpt>
      <trkpt lat="46.54085" lon="-96.34439">
        <ele>333.7</ele>
      </trkpt>
      <trkpt lat="46.54008" lon="-96.34378">
        <ele>333.9</ele>
      </trkpt>
      <trkpt lat="46.53931" lon="-96.34317">
        <ele>334.3</ele>
      </trkpt>
      <trkpt lat="46.53855" lon="-96.34257">
        <ele>334.3</ele>
      </trkpt>
      <trkpt lat="46.53778" lon="-96.34196">
        <ele>335.6</ele>
      </trkpt>
      <trkpt lat="46.53701" lon="-96.34135">
        <ele>335.6</ele>
      </trkpt>
      <trkpt lat="46.53624" lon="-96.34074">
        <ele>335.5</ele>
      </trkpt>
      <trkpt lat="46.53548" lon="-96.34014">
        <ele>335.6</ele>
      </trkpt>
      <trkpt lat="46.53471" lon="-96.33953">
        <ele>335.6</ele>
      </trkpt>
      <trkpt lat="46.53394" lon="-96.33892">
        <ele>335.9</ele>
      </trkpt>
      <trkpt lat="46.53317" lon="-96.33832">
        <ele>336.4</ele>
      </trkpt>
      <trkpt lat="46.53241" lon="-96.33771">
        <ele>336.8</ele>
      </trkpt>
      <trkpt lat="46.53176" lon="-96.3372">
        <ele>336.9</ele>
      </trkpt>
      <trkpt lat="46.53111" lon="-96.33669">
        <ele>336.9</ele>
      </trkpt>
      <trkpt lat="46.53045" lon="-96.33617">
        <ele>336.6</ele>
      </trkpt>
      <trkpt lat="46.5298" lon="-96.33566">
        <ele>337.0</ele>
      </trkpt>
      <trkpt lat="46.5295" lon="-96.33541">
        <ele>337.1</ele>
      </trkpt>
      <trkpt lat="46.52883" lon="-96.33489">
        <ele>338.1</ele>
      </trkpt>
      <trkpt lat="46.52816" lon="-96.33436">
        <ele>338.6</ele>
      </trkpt>
      <trkpt lat="46.52748" lon="-96.33384">
        <ele>338.6</ele>
      </trkpt>
      <trkpt lat="46.52681" lon="-96.33331">
        <ele>338.9</ele>
      </trkpt>
      <trkpt lat="46.52614" lon="-96.33279">
        <ele>339.5</ele>
      </trkpt>
      <trkpt lat="46.52539" lon="-96.33223">
        <ele>339.8</ele>
      </trkpt>
      <trkpt lat="46.52465" lon="-96.33167">
        <ele>340.0</ele>
      </trkpt>
      <trkpt lat="46.5239" lon="-96.33111">
        <ele>340.2</ele>
      </trkpt>
      <trkpt lat="46.52315" lon="-96.33056">
        <ele>340.2</ele>
      </trkpt>
      <trkpt lat="46.52241" lon="-96.33">
        <ele>340.4</ele>
      </trkpt>
      <trkpt lat="46.52166" lon="-96.32944">
        <ele>340.8</ele>
      </trkpt>
      <trkpt lat="46.52092" lon="-96.32888">
        <ele>341.6</ele>
      </trkpt>
      <trkpt lat="46.5202" lon="-96.32835">
        <ele>341.6</ele>
      </trkpt>
      <trkpt lat="46.51949" lon="-96.32783">
        <ele>342.8</ele>
      </trkpt>
      <trkpt lat="46.51877" lon="-96.3273">
        <ele>342.9</ele>
      </trkpt>
      <trkpt lat="46.51806" lon="-96.32677">
        <ele>343.4</ele>
      </trkpt>
      <trkpt lat="46.51734" lon="-96.32623">
        <ele>343.4</ele>
      </trkpt>
      <trkpt lat="46.51663" lon="-96.3257">
        <ele>343.4</ele>
      </trkpt>
      <trkpt lat="46.51591" lon="-96.32516">
        <ele>343.3</ele>
      </trkpt>
      <trkpt lat="46.5152" lon="-96.32462">
        <ele>343.5</ele>
      </trkpt>
      <trkpt lat="46.51441" lon="-96.32404">
        <ele>343.6</ele>
      </trkpt>
      <trkpt lat="46.51363" lon="-96.32347">
        <ele>343.8</ele>
      </trkpt>
      <trkpt lat="46.51284" lon="-96.32289">
        <ele>343.9</ele>
      </trkpt>
      <trkpt lat="46.51208" lon="-96.32232">
        <ele>344.6</ele>
      </trkpt>
      <trkpt lat="46.51131" lon="-96.32175">
        <ele>344.7</ele>
      </trkpt>
      <trkpt lat="46.51055" lon="-96.32118">
        <ele>344.7</ele>
      </trkpt>
      <trkpt lat="46.50978" lon="-96.32061">
        <ele>344.7</ele>
      </trkpt>
      <trkpt lat="46.50902" lon="-96.32004">
        <ele>344.7</ele>
      </trkpt>
      <trkpt lat="46.50825" lon="-96.31948">
        <ele>344.4</ele>
      </trkpt>
      <trkpt lat="46.50749" lon="-96.31891">
        <ele>345.0</ele>
      </trkpt>
      <trkpt lat="46.50672" lon="-96.31834">
        <ele>346.4</ele>
      </trkpt>
      <trkpt lat="46.50596" lon="-96.31777">
        <ele>346.6</ele>
      </trkpt>
      <trkpt lat="46.50519" lon="-96.3172">
        <ele>347.7</ele>
      </trkpt>
      <trkpt lat="46.50443" lon="-96.31663">
        <ele>347.8</ele>
      </trkpt>
      <trkpt lat="46.50367" lon="-96.31606">
        <ele>347.7</ele>
      </trkpt>
      <trkpt lat="46.5029" lon="-96.3155">
        <ele>347.8</ele>
      </trkpt>
      <trkpt lat="46.50214" lon="-96.31493">
        <ele>349.4</ele>
      </trkpt>
      <trkpt lat="46.50137" lon="-96.31436">
        <ele>351.2</ele>
      </trkpt>
      <trkpt lat="46.50061" lon="-96.31379">
        <ele>352.9</ele>
      </trkpt>
      <trkpt lat="46.50019" lon="-96.31347">
        <ele>353.3</ele>
      </trkpt>
      <trkpt lat="46.49977" lon="-96.31315">
        <ele>353.3</ele>
      </trkpt>
      <trkpt lat="46.49919" lon="-96.31273">
        <ele>353.3</ele>
      </trkpt>
      <trkpt lat="46.49861" lon="-96.3123">
        <ele>353.5</ele>
      </trkpt>
      <trkpt lat="46.49803" lon="-96.31187">
        <ele>352.3</ele>
      </trkpt>
      <trkpt lat="46.49738" lon="-96.31138">
        <ele>351.3</ele>
      </trkpt>
      <trkpt lat="46.49672" lon="-96.31088">
        <ele>351.2</ele>
      </trkpt>
      <trkpt lat="46.49634" lon="-96.31056">
        <ele>351.3</ele>
      </trkpt>
      <trkpt lat="46.4957" lon="-96.30991">
        <ele>349.3</ele>
      </trkpt>
      <trkpt lat="46.49506" lon="-96.30917">
        <ele>351.4</ele>
      </trkpt>
      <trkpt lat="46.49447" lon="-96.30841">
        <ele>353.0</ele>
      </trkpt>
      <trkpt lat="46.49388" lon="-96.30765">
        <ele>353.8</ele>
      </trkpt>
      <trkpt lat="46.49324" lon="-96.30684">
        <ele>353.9</ele>
      </trkpt>
      <trkpt lat="46.4926" lon="-96.30603">
        <ele>353.9</ele>
      </trkpt>
      <trkpt lat="46.49197" lon="-96.30522">
        <ele>353.9</ele>
      </trkpt>
      <trkpt lat="46.49133" lon="-96.30441">
        <ele>355.0</ele>
      </trkpt>
      <trkpt lat="46.49069" lon="-96.3036">
        <ele>356.3</ele>
      </trkpt>
      <trkpt lat="46.49006" lon="-96.30279">
        <ele>357.5</ele>
      </trkpt>
      <trkpt lat="46.48942" lon="-96.30198">
        <ele>357.8</ele>
      </trkpt>
      <trkpt lat="46.48878" lon="-96.30117">
        <ele>358.4</ele>
      </trkpt>
      <trkpt lat="46.48815" lon="-96.30036">
        <ele>359.7</ele>
      </trkpt>
      <trkpt lat="46.48751" lon="-96.29955">
        <ele>359.9</ele>
      </trkpt>
      <trkpt lat="46.48687" lon="-96.29874">
        <ele>361.1</ele>
      </trkpt>
      <trkpt lat="46.48624" lon="-96.29793">
        <ele>361.6</ele>
      </trkpt>
      <trkpt lat="46.4856" lon="-96.29712">
        <ele>361.7</ele>
      </trkpt>
      <trkpt lat="46.48496" lon="-96.29631">
        <ele>363.0</ele>
      </trkpt>
      <trkpt lat="46.48462" lon="-96.29585">
        <ele>363.3</ele>
      </trkpt>
      <trkpt lat="46.48428" lon="-96.2954">
        <ele>364.6</ele>
      </trkpt>
      <trkpt lat="46.48404" lon="-96.29502">
        <ele>366.1</ele>
      </trkpt>
      <trkpt lat="46.4838" lon="-96.29455">
        <ele>366.1</ele>
      </trkpt>
      <trkpt lat="46.48358" lon="-96.29408">
        <ele>366.5</ele>
      </trkpt>
      <trkpt lat="46.48335" lon="-96.29349">
        <ele>365.8</ele>
      </trkpt>
      <trkpt lat="46.48317" lon="-96.29291">
        <ele>364.2</ele>
      </trkpt>
      <trkpt lat="46.4831" lon="-96.29262">
        <ele>363.3</ele>
      </trkpt>
      <trkpt lat="46.48304" lon="-96.29234">
        <ele>363.1</ele>
      </trkpt>
      <trkpt lat="46.48291" lon="-96.2917">
        <ele>363.3</ele>
      </trkpt>
      <trkpt lat="46.48269" lon="-96.29052">
        <ele>366.1</ele>
      </trkpt>
      <trkpt lat="46.48247" lon="-96.28933">
        <ele>366.9</ele>
      </trkpt>
      <trkpt lat="46.48226" lon="-96.28814">
        <ele>367.2</ele>
      </trkpt>
      <trkpt lat="46.48204" lon="-96.28696">
        <ele>364.4</ele>
      </trkpt>
      <trkpt lat="46.48182" lon="-96.28577">
        <ele>363.9</ele>
      </trkpt>
      <trkpt lat="46.48168" lon="-96.28504">
        <ele>365.6</ele>
      </trkpt>
      <trkpt lat="46.48155" lon="-96.28432">
        <ele>367.2</ele>
      </trkpt>
      <trkpt lat="46.48135" lon="-96.28345">
        <ele>368.7</ele>
      </trkpt>
      <trkpt lat="46.48109" lon="-96.28267">
        <ele>369.0</ele>
      </trkpt>
      <trkpt lat="46.48082" lon="-96.28202">
        <ele>369.8</ele>
      </trkpt>
      <trkpt lat="46.48054" lon="-96.28139">
        <ele>369.4</ele>
      </trkpt>
      <trkpt lat="46.48034" lon="-96.28079">
        <ele>369.6</ele>
      </trkpt>
      <trkpt lat="46.47992" lon="-96.28078">
        <ele>369.2</ele>
      </trkpt>
      <trkpt lat="46.47934" lon="-96.28075">
        <ele>369.3</ele>
      </trkpt>
      <trkpt lat="46.47875" lon="-96.28071">
        <ele>369.1</ele>
      </trkpt>
      <trkpt lat="46.47814" lon="-96.2807">
        <ele>368.9</ele>
      </trkpt>
      <trkpt lat="46.47753" lon="-96.2807">
        <ele>368.7</ele>
      </trkpt>
      <trkpt lat="46.47691" lon="-96.28069">
        <ele>368.6</ele>
      </trkpt>
      <trkpt lat="46.47614" lon="-96.28069">
        <ele>369.1</ele>
      </trkpt>
      <trkpt lat="46.47538" lon="-96.2807">
        <ele>369.3</ele>
      </trkpt>
      <trkpt lat="46.47461" lon="-96.2807">
        <ele>368.9</ele>
      </trkpt>
      <trkpt lat="46.47384" lon="-96.2807">
        <ele>366.9</ele>
      </trkpt>
      <trkpt lat="46.47328" lon="-96.28069">
        <ele>365.6</ele>
      </trkpt>
      <trkpt lat="46.47271" lon="-96.28069">
        <ele>365.1</ele>
      </trkpt>
      <trkpt lat="46.47221" lon="-96.2807">
        <ele>364.9</ele>
      </trkpt>
      <trkpt lat="46.47171" lon="-96.2807">
        <ele>364.0</ele>
      </trkpt>
      <trkpt lat="46.47146" lon="-96.2807">
        <ele>363.5</ele>
      </trkpt>
      <trkpt lat="46.47121" lon="-96.28066">
        <ele>363.7</ele>
      </trkpt>
      <trkpt lat="46.47074" lon="-96.28055">
        <ele>364.6</ele>
      </trkpt>
      <trkpt lat="46.47055" lon="-96.28046">
        <ele>365.1</ele>
      </trkpt>
      <trkpt lat="46.47033" lon="-96.28035">
        <ele>365.3</ele>
      </trkpt>
      <trkpt lat="46.47007" lon="-96.28019">
        <ele>365.4</ele>
      </trkpt>
      <trkpt lat="46.46975" lon="-96.27994">
        <ele>365.7</ele>
      </trkpt>
      <trkpt lat="46.46941" lon="-96.27963">
        <ele>365.8</ele>
      </trkpt>
      <trkpt lat="46.46871" lon="-96.27894">
        <ele>365.8</ele>
      </trkpt>
      <trkpt lat="46.46802" lon="-96.27826">
        <ele>366.7</ele>
      </trkpt>
      <trkpt lat="46.46732" lon="-96.27757">
        <ele>368.6</ele>
      </trkpt>
      <trkpt lat="46.46662" lon="-96.27688">
        <ele>369.6</ele>
      </trkpt>
      <trkpt lat="46.46592" lon="-96.27619">
        <ele>370.9</ele>
      </trkpt>
      <trkpt lat="46.46522" lon="-96.27551">
        <ele>371.4</ele>
      </trkpt>
      <trkpt lat="46.46452" lon="-96.27482">
        <ele>371.0</ele>
      </trkpt>
      <trkpt lat="46.46382" lon="-96.27413">
        <ele>369.4</ele>
      </trkpt>
      <trkpt lat="46.46316" lon="-96.27348">
        <ele>369.6</ele>
      </trkpt>
      <trkpt lat="46.4625" lon="-96.27284">
        <ele>369.1</ele>
      </trkpt>
      <trkpt lat="46.46184" lon="-96.27219">
        <ele>369.1</ele>
      </trkpt>
      <trkpt lat="46.46117" lon="-96.27154">
        <ele>369.1</ele>
      </trkpt>
      <trkpt lat="46.46051" lon="-96.27089">
        <ele>369.2</ele>
      </trkpt>
      <trkpt lat="46.45985" lon="-96.27024">
        <ele>369.7</ele>
      </trkpt>
      <trkpt lat="46.45919" lon="-96.2696">
        <ele>370.5</ele>
      </trkpt>
      <trkpt lat="46.45853" lon="-96.26895">
        <ele>370.7</ele>
      </trkpt>
      <trkpt lat="46.45786" lon="-96.2683">
        <ele>370.6</ele>
      </trkpt>
      <trkpt lat="46.45711" lon="-96.2676">
        <ele>370.5</ele>
      </trkpt>
      <trkpt lat="46.45651" lon="-96.2671">
        <ele>370.2</ele>
      </trkpt>
      <trkpt lat="46.45592" lon="-96.2666">
        <ele>371.6</ele>
      </trkpt>
      <trkpt lat="46.45514" lon="-96.26597">
        <ele>370.2</ele>
      </trkpt>
      <trkpt lat="46.45436" lon="-96.26533">
        <ele>369.1</ele>
      </trkpt>
      <trkpt lat="46.45358" lon="-96.2647">
        <ele>369.1</ele>
      </trkpt>
      <trkpt lat="46.45281" lon="-96.26407">
        <ele>369.2</ele>
      </trkpt>
      <trkpt lat="46.45203" lon="-96.26344">
        <ele>369.0</ele>
      </trkpt>
      <trkpt lat="46.45125" lon="-96.2628">
        <ele>366.9</ele>
      </trkpt>
      <trkpt lat="46.45047" lon="-96.26217">
        <ele>364.7</ele>
      </trkpt>
      <trkpt lat="46.4497" lon="-96.26154">
        <ele>363.1</ele>
      </trkpt>
      <trkpt lat="46.44892" lon="-96.26091">
        <ele>362.6</ele>
      </trkpt>
      <trkpt lat="46.44814" lon="-96.26027">
        <ele>363.0</ele>
      </trkpt>
      <trkpt lat="46.44736" lon="-96.25964">
        <ele>363.7</ele>
      </trkpt>
      <trkpt lat="46.44659" lon="-96.25901">
        <ele>364.7</ele>
      </trkpt>
      <trkpt lat="46.44581" lon="-96.25838">
        <ele>364.6</ele>
      </trkpt>
      <trkpt lat="46.44503" lon="-96.25774">
        <ele>363.2</ele>
      </trkpt>
      <trkpt lat="46.44425" lon="-96.25711">
        <ele>362.3</ele>
      </trkpt>
      <trkpt lat="46.44348" lon="-96.25648">
        <ele>362.3</ele>
      </trkpt>
      <trkpt lat="46.4427" lon="-96.25585">
        <ele>362.9</ele>
      </trkpt>
      <trkpt lat="46.44192" lon="-96.25521">
        <ele>361.1</ele>
      </trkpt>
      <trkpt lat="46.44114" lon="-96.25458">
        <ele>362.8</ele>
      </trkpt>
      <trkpt lat="46.44037" lon="-96.25395">
        <ele>363.7</ele>
      </trkpt>
      <trkpt lat="46.43959" lon="-96.25332">
        <ele>364.6</ele>
      </trkpt>
      <trkpt lat="46.43881" lon="-96.25268">
        <ele>365.9</ele>
      </trkpt>
      <trkpt lat="46.43803" lon="-96.25205">
        <ele>366.0</ele>
      </trkpt>
      <trkpt lat="46.43726" lon="-96.25142">
        <ele>366.4</ele>
      </trkpt>
      <trkpt lat="46.43648" lon="-96.25079">
        <ele>368.9</ele>
      </trkpt>
      <trkpt lat="46.43583" lon="-96.2503">
        <ele>367.6</ele>
      </trkpt>
      <trkpt lat="46.4353" lon="-96.24995">
        <ele>365.1</ele>
      </trkpt>
      <trkpt lat="46.43452" lon="-96.24947">
        <ele>364.4</ele>
      </trkpt>
      <trkpt lat="46.43375" lon="-96.24899">
        <ele>364.9</ele>
      </trkpt>
      <trkpt lat="46.43297" lon="-96.24851">
        <ele>365.0</ele>
      </trkpt>
      <trkpt lat="46.43219" lon="-96.24803">
        <ele>367.8</ele>
      </trkpt>
      <trkpt lat="46.43142" lon="-96.24755">
        <ele>368.7</ele>
      </trkpt>
      <trkpt lat="46.43064" lon="-96.24707">
        <ele>366.2</ele>
      </trkpt>
      <trkpt lat="46.42986" lon="-96.24659">
        <ele>366.1</ele>
      </trkpt>
      <trkpt lat="46.42908" lon="-96.24611">
        <ele>366.3</ele>
      </trkpt>
      <trkpt lat="46.42831" lon="-96.24563">
        <ele>368.2</ele>
      </trkpt>
      <trkpt lat="46.42753" lon="-96.24515">
        <ele>370.2</ele>
      </trkpt>
      <trkpt lat="46.42675" lon="-96.24467">
        <ele>372.7</ele>
      </trkpt>
      <trkpt lat="46.42598" lon="-96.24419">
        <ele>373.8</ele>
      </trkpt>
      <trkpt lat="46.4252" lon="-96.24371">
        <ele>373.2</ele>
      </trkpt>
      <trkpt lat="46.42442" lon="-96.24323">
        <ele>372.4</ele>
      </trkpt>
      <trkpt lat="46.42365" lon="-96.24275">
        <ele>373.4</ele>
      </trkpt>
      <trkpt lat="46.42304" lon="-96.24236">
        <ele>372.3</ele>
      </trkpt>
      <trkpt lat="46.42244" lon="-96.24198">
        <ele>372.1</ele>
      </trkpt>
      <trkpt lat="46.4218" lon="-96.24153">
        <ele>372.6</ele>
      </trkpt>
      <trkpt lat="46.42116" lon="-96.24107">
        <ele>374.4</ele>
      </trkpt>
      <trkpt lat="46.42053" lon="-96.24061">
        <ele>376.0</ele>
      </trkpt>
      <trkpt lat="46.41996" lon="-96.24022">
        <ele>376.4</ele>
      </trkpt>
      <trkpt lat="46.41917" lon="-96.23965">
        <ele>375.6</ele>
      </trkpt>
      <trkpt lat="46.41837" lon="-96.23909">
        <ele>376.8</ele>
      </trkpt>
      <trkpt lat="46.41758" lon="-96.23852">
        <ele>377.7</ele>
      </trkpt>
      <trkpt lat="46.41678" lon="-96.23796">
        <ele>377.5</ele>
      </trkpt>
      <trkpt lat="46.41599" lon="-96.23739">
        <ele>377.4</ele>
      </trkpt>
      <trkpt lat="46.41519" lon="-96.23683">
        <ele>376.8</ele>
      </trkpt>
      <trkpt lat="46.4144" lon="-96.23626">
        <ele>376.7</ele>
      </trkpt>
      <trkpt lat="46.41361" lon="-96.2357">
        <ele>377.2</ele>
      </trkpt>
      <trkpt lat="46.41281" lon="-96.23513">
        <ele>377.5</ele>
      </trkpt>
      <trkpt lat="46.41202" lon="-96.23457">
        <ele>375.3</ele>
      </trkpt>
      <trkpt lat="46.41122" lon="-96.234">
        <ele>374.3</ele>
      </trkpt>
      <trkpt lat="46.41043" lon="-96.23344">
        <ele>375.2</ele>
      </trkpt>
      <trkpt lat="46.40963" lon="-96.23287">
        <ele>377.2</ele>
      </trkpt>
      <trkpt lat="46.409" lon="-96.23241">
        <ele>379.1</ele>
      </trkpt>
      <trkpt lat="46.40842" lon="-96.23197">
        <ele>379.6</ele>
      </trkpt>
      <trkpt lat="46.4077" lon="-96.23133">
        <ele>377.0</ele>
      </trkpt>
      <trkpt lat="46.40696" lon="-96.23062">
        <ele>375.1</ele>
      </trkpt>
      <trkpt lat="46.40621" lon="-96.22991">
        <ele>375.0</ele>
      </trkpt>
      <trkpt lat="46.40546" lon="-96.22919">
        <ele>374.9</ele>
      </trkpt>
      <trkpt lat="46.40472" lon="-96.22848">
        <ele>374.7</ele>
      </trkpt>
      <trkpt lat="46.40434" lon="-96.22811">
        <ele>373.3</ele>
      </trkpt>
      <trkpt lat="46.40397" lon="-96.22774">
        <ele>372.0</ele>
      </trkpt>
      <trkpt lat="46.40331" lon="-96.22712">
        <ele>372.0</ele>
      </trkpt>
      <trkpt lat="46.40266" lon="-96.2265">
        <ele>372.2</ele>
      </trkpt>
      <trkpt lat="46.40201" lon="-96.22587">
        <ele>375.4</ele>
      </trkpt>
      <trkpt lat="46.40136" lon="-96.22525">
        <ele>376.3</ele>
      </trkpt>
      <trkpt lat="46.40071" lon="-96.22463">
        <ele>376.6</ele>
      </trkpt>
      <trkpt lat="46.40009" lon="-96.22402">
        <ele>378.4</ele>
      </trkpt>
      <trkpt lat="46.39946" lon="-96.22341">
        <ele>379.5</ele>
      </trkpt>
      <trkpt lat="46.39883" lon="-96.22281">
        <ele>380.3</ele>
      </trkpt>
      <trkpt lat="46.3982" lon="-96.2222">
        <ele>379.3</ele>
      </trkpt>
      <trkpt lat="46.39795" lon="-96.22195">
        <ele>378.6</ele>
      </trkpt>
      <trkpt lat="46.39729" lon="-96.22122">
        <ele>378.6</ele>
      </trkpt>
      <trkpt lat="46.3967" lon="-96.22051">
        <ele>378.4</ele>
      </trkpt>
      <trkpt lat="46.39611" lon="-96.2198">
        <ele>377.7</ele>
      </trkpt>
      <trkpt lat="46.39552" lon="-96.21909">
        <ele>377.5</ele>
      </trkpt>
      <trkpt lat="46.39493" lon="-96.21838">
        <ele>377.8</ele>
      </trkpt>
      <trkpt lat="46.3943" lon="-96.2176">
        <ele>377.2</ele>
      </trkpt>
      <trkpt lat="46.39366" lon="-96.21683">
        <ele>375.7</ele>
      </trkpt>
      <trkpt lat="46.39303" lon="-96.21605">
        <ele>374.8</ele>
      </trkpt>
      <trkpt lat="46.39239" lon="-96.21528">
        <ele>373.3</ele>
      </trkpt>
      <trkpt lat="46.39176" lon="-96.21451">
        <ele>372.5</ele>
      </trkpt>
      <trkpt lat="46.39113" lon="-96.21373">
        <ele>370.3</ele>
      </trkpt>
      <trkpt lat="46.39049" lon="-96.21296">
        <ele>369.1</ele>
      </trkpt>
      <trkpt lat="46.38986" lon="-96.21218">
        <ele>368.6</ele>
      </trkpt>
      <trkpt lat="46.38922" lon="-96.21141">
        <ele>369.1</ele>
      </trkpt>
      <trkpt lat="46.38859" lon="-96.21064">
        <ele>369.1</ele>
      </trkpt>
      <trkpt lat="46.38803" lon="-96.20997">
        <ele>372.7</ele>
      </trkpt>
      <trkpt lat="46.38747" lon="-96.20928">
        <ele>373.3</ele>
      </trkpt>
      <trkpt lat="46.38692" lon="-96.2086">
        <ele>370.5</ele>
      </trkpt>
      <trkpt lat="46.38636" lon="-96.20791">
        <ele>369.1</ele>
      </trkpt>
      <trkpt lat="46.3858" lon="-96.20722">
        <ele>369.4</ele>
      </trkpt>
      <trkpt lat="46.38523" lon="-96.20653">
        <ele>371.7</ele>
      </trkpt>
      <trkpt lat="46.38467" lon="-96.20585">
        <ele>372.1</ele>
      </trkpt>
      <trkpt lat="46.38411" lon="-96.20516">
        <ele>373.2</ele>
      </trkpt>
      <trkpt lat="46.38372" lon="-96.2047">
        <ele>374.2</ele>
      </trkpt>
      <trkpt lat="46.38326" lon="-96.20423">
        <ele>374.8</ele>
      </trkpt>
      <trkpt lat="46.3828" lon="-96.20377">
        <ele>374.9</ele>
      </trkpt>
      <trkpt lat="46.38241" lon="-96.2034">
        <ele>373.4</ele>
      </trkpt>
      <trkpt lat="46.38178" lon="-96.20285">
        <ele>371.7</ele>
      </trkpt>
      <trkpt lat="46.38115" lon="-96.20229">
        <ele>370.9</ele>
      </trkpt>
      <trkpt lat="46.38052" lon="-96.20174">
        <ele>372.4</ele>
      </trkpt>
      <trkpt lat="46.37989" lon="-96.20119">
        <ele>372.9</ele>
      </trkpt>
      <trkpt lat="46.37926" lon="-96.20064">
        <ele>372.6</ele>
      </trkpt>
      <trkpt lat="46.37864" lon="-96.20009">
        <ele>373.1</ele>
      </trkpt>
      <trkpt lat="46.37802" lon="-96.19955">
        <ele>375.1</ele>
      </trkpt>
      <trkpt lat="46.37741" lon="-96.199">
        <ele>375.1</ele>
      </trkpt>
      <trkpt lat="46.37679" lon="-96.19845">
        <ele>372.8</ele>
      </trkpt>
      <trkpt lat="46.37618" lon="-96.1979">
        <ele>375.1</ele>
      </trkpt>
      <trkpt lat="46.37571" lon="-96.19751">
        <ele>374.9</ele>
      </trkpt>
      <trkpt lat="46.37504" lon="-96.19692">
        <ele>374.1</ele>
      </trkpt>
      <trkpt lat="46.37436" lon="-96.19632">
        <ele>374.1</ele>
      </trkpt>
      <trkpt lat="46.37369" lon="-96.19573">
        <ele>372.9</ele>
      </trkpt>
      <trkpt lat="46.37301" lon="-96.19513">
        <ele>373.2</ele>
      </trkpt>
      <trkpt lat="46.37239" lon="-96.19456">
        <ele>376.9</ele>
      </trkpt>
      <trkpt lat="46.37176" lon="-96.19399">
        <ele>377.0</ele>
      </trkpt>
      <trkpt lat="46.3712" lon="-96.19344">
        <ele>377.0</ele>
      </trkpt>
      <trkpt lat="46.37064" lon="-96.19289">
        <ele>375.9</ele>
      </trkpt>
      <trkpt lat="46.37009" lon="-96.19234">
        <ele>375.3</ele>
      </trkpt>
      <trkpt lat="46.36958" lon="-96.19186">
        <ele>372.5</ele>
      </trkpt>
      <trkpt lat="46.36888" lon="-96.19125">
        <ele>374.8</ele>
      </trkpt>
      <trkpt lat="46.36818" lon="-96.19064">
        <ele>376.8</ele>
      </trkpt>
      <trkpt lat="46.36744" lon="-96.18995">
        <ele>377.2</ele>
      </trkpt>
      <trkpt lat="46.36676" lon="-96.18935">
        <ele>375.7</ele>
      </trkpt>
      <trkpt lat="46.36608" lon="-96.18875">
        <ele>375.5</ele>
      </trkpt>
      <trkpt lat="46.3654" lon="-96.18816">
        <ele>375.4</ele>
      </trkpt>
      <trkpt lat="46.36472" lon="-96.18756">
        <ele>374.9</ele>
      </trkpt>
      <trkpt lat="46.36404" lon="-96.18697">
        <ele>374.3</ele>
      </trkpt>
      <trkpt lat="46.36334" lon="-96.18627">
        <ele>371.8</ele>
      </trkpt>
      <trkpt lat="46.36282" lon="-96.18569">
        <ele>369.0</ele>
      </trkpt>
      <trkpt lat="46.36223" lon="-96.18499">
        <ele>368.4</ele>
      </trkpt>
      <trkpt lat="46.36184" lon="-96.18451">
        <ele>370.5</ele>
      </trkpt>
      <trkpt lat="46.36146" lon="-96.18403">
        <ele>372.1</ele>
      </trkpt>
      <trkpt lat="46.36105" lon="-96.18353">
        <ele>372.0</ele>
      </trkpt>
      <trkpt lat="46.36063" lon="-96.18303">
        <ele>370.2</ele>
      </trkpt>
      <trkpt lat="46.36018" lon="-96.18247">
        <ele>369.1</ele>
      </trkpt>
      <trkpt lat="46.35973" lon="-96.18191">
        <ele>368.2</ele>
      </trkpt>
      <trkpt lat="46.35917" lon="-96.18127">
        <ele>367.5</ele>
      </trkpt>
      <trkpt lat="46.35861" lon="-96.18062">
        <ele>366.2</ele>
      </trkpt>
      <trkpt lat="46.35839" lon="-96.18039">
        <ele>365.8</ele>
      </trkpt>
      <trkpt lat="46.35815" lon="-96.18017">
        <ele>364.5</ele>
      </trkpt>
      <trkpt lat="46.35765" lon="-96.17976">
        <ele>364.0</ele>
      </trkpt>
      <trkpt lat="46.3574" lon="-96.17957">
        <ele>363.0</ele>
      </trkpt>
      <trkpt lat="46.35685" lon="-96.1792">
        <ele>363.1</ele>
      </trkpt>
      <trkpt lat="46.35606" lon="-96.17868">
        <ele>368.2</ele>
      </trkpt>
      <trkpt lat="46.35526" lon="-96.17817">
        <ele>368.3</ele>
      </trkpt>
      <trkpt lat="46.35447" lon="-96.17766">
        <ele>366.5</ele>
      </trkpt>
      <trkpt lat="46.35368" lon="-96.17714">
        <ele>366.1</ele>
      </trkpt>
      <trkpt lat="46.35288" lon="-96.17663">
        <ele>366.3</ele>
      </trkpt>
      <trkpt lat="46.35209" lon="-96.17612">
        <ele>366.7</ele>
      </trkpt>
      <trkpt lat="46.35129" lon="-96.17561">
        <ele>366.0</ele>
      </trkpt>
      <trkpt lat="46.3505" lon="-96.17511">
        <ele>365.4</ele>
      </trkpt>
      <trkpt lat="46.3497" lon="-96.1746">
        <ele>364.4</ele>
      </trkpt>
      <trkpt lat="46.34891" lon="-96.1741">
        <ele>360.0</ele>
      </trkpt>
      <trkpt lat="46.34811" lon="-96.17359">
        <ele>359.9</ele>
      </trkpt>
      <trkpt lat="46.34732" lon="-96.17308">
        <ele>360.0</ele>
      </trkpt>
      <trkpt lat="46.34652" lon="-96.17258">
        <ele>360.7</ele>
      </trkpt>
      <trkpt lat="46.34573" lon="-96.17207">
        <ele>360.1</ele>
      </trkpt>
      <trkpt lat="46.34493" lon="-96.17156">
        <ele>360.5</ele>
      </trkpt>
      <trkpt lat="46.34433" lon="-96.17117">
        <ele>364.4</ele>
      </trkpt>
      <trkpt lat="46.34372" lon="-96.17078">
        <ele>365.3</ele>
      </trkpt>
      <trkpt lat="46.34312" lon="-96.17038">
        <ele>365.2</ele>
      </trkpt>
      <trkpt lat="46.34286" lon="-96.17017">
        <ele>364.9</ele>
      </trkpt>
      <trkpt lat="46.34258" lon="-96.16988">
        <ele>363.8</ele>
      </trkpt>
      <trkpt lat="46.34212" lon="-96.1693">
        <ele>361.4</ele>
      </trkpt>
      <trkpt lat="46.34185" lon="-96.16891">
        <ele>360.0</ele>
      </trkpt>
      <trkpt lat="46.34163" lon="-96.16856">
        <ele>359.9</ele>
      </trkpt>
      <trkpt lat="46.34147" lon="-96.16827">
        <ele>359.9</ele>
      </trkpt>
      <trkpt lat="46.34132" lon="-96.16797">
        <ele>359.9</ele>
      </trkpt>
      <trkpt lat="46.34113" lon="-96.16765">
        <ele>359.9</ele>
      </trkpt>
      <trkpt lat="46.34094" lon="-96.16704">
        <ele>359.9</ele>
      </trkpt>
      <trkpt lat="46.34075" lon="-96.16642">
        <ele>359.9</ele>
      </trkpt>
      <trkpt lat="46.34062" lon="-96.16596">
        <ele>360.0</ele>
      </trkpt>
      <trkpt lat="46.34048" lon="-96.16537">
        <ele>360.6</ele>
      </trkpt>
      <trkpt lat="46.34039" lon="-96.1648">
        <ele>361.3</ele>
      </trkpt>
      <trkpt lat="46.34032" lon="-96.1642">
        <ele>362.9</ele>
      </trkpt>
      <trkpt lat="46.34033" lon="-96.16292">
        <ele>363.5</ele>
      </trkpt>
      <trkpt lat="46.34033" lon="-96.16165">
        <ele>362.3</ele>
      </trkpt>
      <trkpt lat="46.34034" lon="-96.16038">
        <ele>360.0</ele>
      </trkpt>
      <trkpt lat="46.34035" lon="-96.15911">
        <ele>359.9</ele>
      </trkpt>
      <trkpt lat="46.34035" lon="-96.15784">
        <ele>359.9</ele>
      </trkpt>
      <trkpt lat="46.34036" lon="-96.15656">
        <ele>360.0</ele>
      </trkpt>
      <trkpt lat="46.34036" lon="-96.15529">
        <ele>360.7</ele>
      </trkpt>
      <trkpt lat="46.34036" lon="-96.154">
        <ele>362.9</ele>
      </trkpt>
      <trkpt lat="46.34035" lon="-96.15272">
        <ele>360.1</ele>
      </trkpt>
      <trkpt lat="46.34035" lon="-96.15143">
        <ele>360.0</ele>
      </trkpt>
      <trkpt lat="46.34035" lon="-96.15014">
        <ele>361.4</ele>
      </trkpt>
      <trkpt lat="46.34034" lon="-96.14885">
        <ele>363.1</ele>
      </trkpt>
      <trkpt lat="46.34034" lon="-96.14756">
        <ele>364.1</ele>
      </trkpt>
      <trkpt lat="46.34033" lon="-96.14627">
        <ele>366.0</ele>
      </trkpt>
      <trkpt lat="46.34033" lon="-96.14499">
        <ele>366.8</ele>
      </trkpt>
      <trkpt lat="46.34032" lon="-96.1437">
        <ele>368.0</ele>
      </trkpt>
      <trkpt lat="46.34032" lon="-96.14241">
        <ele>367.2</ele>
      </trkpt>
      <trkpt lat="46.34032" lon="-96.14112">
        <ele>372.0</ele>
      </trkpt>
      <trkpt lat="46.34031" lon="-96.13983">
        <ele>371.7</ele>
      </trkpt>
      <trkpt lat="46.34031" lon="-96.13854">
        <ele>369.7</ele>
      </trkpt>
      <trkpt lat="46.3403" lon="-96.13725">
        <ele>368.4</ele>
      </trkpt>
      <trkpt lat="46.3403" lon="-96.13597">
        <ele>367.7</ele>
      </trkpt>
      <trkpt lat="46.3403" lon="-96.13468">
        <ele>369.1</ele>
      </trkpt>
      <trkpt lat="46.34029" lon="-96.13348">
        <ele>374.4</ele>
      </trkpt>
      <trkpt lat="46.34029" lon="-96.13227">
        <ele>375.0</ele>
      </trkpt>
      <trkpt lat="46.34029" lon="-96.13107">
        <ele>378.0</ele>
      </trkpt>
      <trkpt lat="46.34029" lon="-96.12987">
        <ele>377.9</ele>
      </trkpt>
      <trkpt lat="46.34029" lon="-96.12867">
        <ele>376.0</ele>
      </trkpt>
      <trkpt lat="46.34029" lon="-96.12747">
        <ele>373.3</ele>
      </trkpt>
      <trkpt lat="46.34029" lon="-96.12626">
        <ele>372.4</ele>
      </trkpt>
      <trkpt lat="46.34029" lon="-96.12506">
        <ele>372.0</ele>
      </trkpt>
      <trkpt lat="46.34026" lon="-96.1247">
        <ele>372.3</ele>
      </trkpt>
      <trkpt lat="46.34018" lon="-96.12408">
        <ele>370.6</ele>
      </trkpt>
      <trkpt lat="46.3401" lon="-96.12367">
        <ele>369.8</ele>
      </trkpt>
      <trkpt lat="46.33987" lon="-96.1227">
        <ele>370.4</ele>
      </trkpt>
      <trkpt lat="46.33978" lon="-96.12235">
        <ele>370.9</ele>
      </trkpt>
      <trkpt lat="46.33965" lon="-96.12198">
        <ele>369.4</ele>
      </trkpt>
      <trkpt lat="46.3395" lon="-96.12164">
        <ele>368.6</ele>
      </trkpt>
      <trkpt lat="46.33913" lon="-96.12089">
        <ele>368.1</ele>
      </trkpt>
      <trkpt lat="46.339" lon="-96.12063">
        <ele>368.3</ele>
      </trkpt>
      <trkpt lat="46.33859" lon="-96.11991">
        <ele>366.2</ele>
      </trkpt>
      <trkpt lat="46.33804" lon="-96.11898">
        <ele>363.1</ele>
      </trkpt>
      <trkpt lat="46.33749" lon="-96.11804">
        <ele>363.1</ele>
      </trkpt>
      <trkpt lat="46.33694" lon="-96.11711">
        <ele>363.1</ele>
      </trkpt>
      <trkpt lat="46.33659" lon="-96.11648">
        <ele>366.4</ele>
      </trkpt>
      <trkpt lat="46.33623" lon="-96.11585">
        <ele>368.4</ele>
      </trkpt>
      <trkpt lat="46.33584" lon="-96.11526">
        <ele>368.0</ele>
      </trkpt>
      <trkpt lat="46.33567" lon="-96.11499">
        <ele>368.3</ele>
      </trkpt>
      <trkpt lat="46.33546" lon="-96.1147">
        <ele>367.8</ele>
      </trkpt>
      <trkpt lat="46.33509" lon="-96.11425">
        <ele>367.4</ele>
      </trkpt>
      <trkpt lat="46.33488" lon="-96.11403">
        <ele>366.9</ele>
      </trkpt>
      <trkpt lat="46.33433" lon="-96.11355">
        <ele>370.0</ele>
      </trkpt>
      <trkpt lat="46.33412" lon="-96.11341">
        <ele>370.0</ele>
      </trkpt>
      <trkpt lat="46.33385" lon="-96.11327">
        <ele>369.7</ele>
      </trkpt>
      <trkpt lat="46.3336" lon="-96.11317">
        <ele>369.7</ele>
      </trkpt>
      <trkpt lat="46.33336" lon="-96.11313">
        <ele>369.4</ele>
      </trkpt>
      <trkpt lat="46.33311" lon="-96.1131">
        <ele>369.4</ele>
      </trkpt>
      <trkpt lat="46.33228" lon="-96.11309">
        <ele>369.8</ele>
      </trkpt>
      <trkpt lat="46.33144" lon="-96.11307">
        <ele>369.5</ele>
      </trkpt>
      <trkpt lat="46.3306" lon="-96.11306">
        <ele>369.1</ele>
      </trkpt>
      <trkpt lat="46.32977" lon="-96.11304">
        <ele>369.1</ele>
      </trkpt>
      <trkpt lat="46.32893" lon="-96.11303">
        <ele>369.3</ele>
      </trkpt>
      <trkpt lat="46.32809" lon="-96.11301">
        <ele>369.1</ele>
      </trkpt>
      <trkpt lat="46.32726" lon="-96.11299">
        <ele>371.0</ele>
      </trkpt>
      <trkpt lat="46.32642" lon="-96.11298">
        <ele>372.3</ele>
      </trkpt>
      <trkpt lat="46.32559" lon="-96.11296">
        <ele>375.4</ele>
      </trkpt>
      <trkpt lat="46.32528" lon="-96.1129">
        <ele>376.3</ele>
      </trkpt>
      <trkpt lat="46.32475" lon="-96.1127">
        <ele>378.3</ele>
      </trkpt>
      <trkpt lat="46.32438" lon="-96.11246">
        <ele>380.0</ele>
      </trkpt>
      <trkpt lat="46.32425" lon="-96.11236">
        <ele>380.5</ele>
      </trkpt>
      <trkpt lat="46.32408" lon="-96.11221">
        <ele>381.3</ele>
      </trkpt>
      <trkpt lat="46.32378" lon="-96.11186">
        <ele>383.7</ele>
      </trkpt>
      <trkpt lat="46.32358" lon="-96.11159">
        <ele>384.4</ele>
      </trkpt>
      <trkpt lat="46.3234" lon="-96.11129">
        <ele>385.9</ele>
      </trkpt>
      <trkpt lat="46.3232" lon="-96.11091">
        <ele>386.4</ele>
      </trkpt>
      <trkpt lat="46.32279" lon="-96.1098">
        <ele>387.7</ele>
      </trkpt>
      <trkpt lat="46.32237" lon="-96.10868">
        <ele>388.6</ele>
      </trkpt>
      <trkpt lat="46.32196" lon="-96.10757">
        <ele>387.8</ele>
      </trkpt>
      <trkpt lat="46.32154" lon="-96.10645">
        <ele>385.9</ele>
      </trkpt>
      <trkpt lat="46.3214" lon="-96.10611">
        <ele>384.9</ele>
      </trkpt>
      <trkpt lat="46.32098" lon="-96.10533">
        <ele>384.4</ele>
      </trkpt>
      <trkpt lat="46.32055" lon="-96.10471">
        <ele>383.8</ele>
      </trkpt>
      <trkpt lat="46.32042" lon="-96.10459">
        <ele>383.7</ele>
      </trkpt>
      <trkpt lat="46.31982" lon="-96.10386">
        <ele>381.8</ele>
      </trkpt>
      <trkpt lat="46.31921" lon="-96.10312">
        <ele>381.4</ele>
      </trkpt>
      <trkpt lat="46.31854" lon="-96.10232">
        <ele>379.0</ele>
      </trkpt>
      <trkpt lat="46.31786" lon="-96.10151">
        <ele>378.4</ele>
      </trkpt>
      <trkpt lat="46.31719" lon="-96.1007">
        <ele>378.2</ele>
      </trkpt>
      <trkpt lat="46.31651" lon="-96.09989">
        <ele>376.9</ele>
      </trkpt>
      <trkpt lat="46.31583" lon="-96.09909">
        <ele>378.0</ele>
      </trkpt>
      <trkpt lat="46.31516" lon="-96.09828">
        <ele>376.3</ele>
      </trkpt>
      <trkpt lat="46.31448" lon="-96.09747">
        <ele>375.8</ele>
      </trkpt>
      <trkpt lat="46.3138" lon="-96.09666">
        <ele>375.2</ele>
      </trkpt>
      <trkpt lat="46.31313" lon="-96.09586">
        <ele>374.1</ele>
      </trkpt>
      <trkpt lat="46.31245" lon="-96.09505">
        <ele>374.2</ele>
      </trkpt>
      <trkpt lat="46.31178" lon="-96.09424">
        <ele>373.8</ele>
      </trkpt>
      <trkpt lat="46.3111" lon="-96.09343">
        <ele>372.9</ele>
      </trkpt>
      <trkpt lat="46.31053" lon="-96.09278">
        <ele>374.5</ele>
      </trkpt>
      <trkpt lat="46.31028" lon="-96.09247">
        <ele>374.0</ele>
      </trkpt>
      <trkpt lat="46.31011" lon="-96.09233">
        <ele>373.8</ele>
      </trkpt>
      <trkpt lat="46.30992" lon="-96.09219">
        <ele>373.6</ele>
      </trkpt>
      <trkpt lat="46.30967" lon="-96.09202">
        <ele>373.4</ele>
      </trkpt>
      <trkpt lat="46.30929" lon="-96.09186">
        <ele>373.8</ele>
      </trkpt>
      <trkpt lat="46.30901" lon="-96.09178">
        <ele>374.4</ele>
      </trkpt>
      <trkpt lat="46.30876" lon="-96.09174">
        <ele>374.6</ele>
      </trkpt>
      <trkpt lat="46.30826" lon="-96.09172">
        <ele>374.6</ele>
      </trkpt>
      <trkpt lat="46.30776" lon="-96.0917">
        <ele>374.6</ele>
      </trkpt>
      <trkpt lat="46.30691" lon="-96.09166">
        <ele>374.3</ele>
      </trkpt>
      <trkpt lat="46.30605" lon="-96.09165">
        <ele>376.0</ele>
      </trkpt>
      <trkpt lat="46.30606" lon="-96.09183">
        <ele>375.9</ele>
      </trkpt>
      <trkpt lat="46.30549" lon="-96.09183">
        <ele>376.8</ele>
      </trkpt>
      <trkpt lat="46.30493" lon="-96.09183">
        <ele>376.7</ele>
      </trkpt>
      <trkpt lat="46.3048" lon="-96.09186">
        <ele>376.7</ele>
      </trkpt>
      <trkpt lat="46.30467" lon="-96.09183">
        <ele>376.4</ele>
      </trkpt>
      <trkpt lat="46.30405" lon="-96.09181">
        <ele>377.2</ele>
      </trkpt>
      <trkpt lat="46.30318" lon="-96.09182">
        <ele>379.9</ele>
      </trkpt>
      <trkpt lat="46.30241" lon="-96.0918">
        <ele>382.1</ele>
      </trkpt>
      <trkpt lat="46.30234" lon="-96.09178">
        <ele>382.2</ele>
      </trkpt>
      <trkpt lat="46.30187" lon="-96.09175">
        <ele>381.3</ele>
      </trkpt>
      <trkpt lat="46.30169" lon="-96.09178">
        <ele>381.3</ele>
      </trkpt>
      <trkpt lat="46.30109" lon="-96.09177">
        <ele>380.8</ele>
      </trkpt>
      <trkpt lat="46.30048" lon="-96.09176">
        <ele>380.7</ele>
      </trkpt>
      <trkpt lat="46.29987" lon="-96.09175">
        <ele>380.8</ele>
      </trkpt>
      <trkpt lat="46.29919" lon="-96.0917">
        <ele>379.8</ele>
      </trkpt>
      <trkpt lat="46.29895" lon="-96.09164">
        <ele>378.9</ele>
      </trkpt>
      <trkpt lat="46.29856" lon="-96.09148">
        <ele>376.5</ele>
      </trkpt>
      <trkpt lat="46.29834" lon="-96.09135">
        <ele>375.4</ele>
      </trkpt>
      <trkpt lat="46.29812" lon="-96.09119">
        <ele>375.3</ele>
      </trkpt>
      <trkpt lat="46.29798" lon="-96.09107">
        <ele>375.3</ele>
      </trkpt>
      <trkpt lat="46.29778" lon="-96.09087">
        <ele>375.2</ele>
      </trkpt>
      <trkpt lat="46.29748" lon="-96.09051">
        <ele>375.2</ele>
      </trkpt>
      <trkpt lat="46.29734" lon="-96.09033">
        <ele>375.8</ele>
      </trkpt>
      <trkpt lat="46.29727" lon="-96.09022">
        <ele>376.0</ele>
      </trkpt>
      <trkpt lat="46.29713" lon="-96.08996">
        <ele>376.3</ele>
      </trkpt>
      <trkpt lat="46.2969" lon="-96.08943">
        <ele>376.4</ele>
      </trkpt>
      <trkpt lat="46.2968" lon="-96.08915">
        <ele>376.3</ele>
      </trkpt>
      <trkpt lat="46.29678" lon="-96.08897">
        <ele>376.2</ele>
      </trkpt>
      <trkpt lat="46.29666" lon="-96.08837">
        <ele>376.0</ele>
      </trkpt>
      <trkpt lat="46.29662" lon="-96.08804">
        <ele>376.0</ele>
      </trkpt>
      <trkpt lat="46.2966" lon="-96.0877">
        <ele>376.1</ele>
      </trkpt>
      <trkpt lat="46.29658" lon="-96.08677">
        <ele>375.2</ele>
      </trkpt>
      <trkpt lat="46.29571" lon="-96.08678">
        <ele>375.3</ele>
      </trkpt>
      <trkpt lat="46.29562" lon="-96.08669">
        <ele>375.3</ele>
      </trkpt>
      <trkpt lat="46.29548" lon="-96.08646">
        <ele>375.3</ele>
      </trkpt>
      <trkpt lat="46.29509" lon="-96.08599">
        <ele>375.2</ele>
      </trkpt>
      <trkpt lat="46.2949" lon="-96.0858">
        <ele>375.2</ele>
      </trkpt>
      <trkpt lat="46.2946" lon="-96.0854">
        <ele>373.5</ele>
      </trkpt>
      <trkpt lat="46.29419" lon="-96.08507">
        <ele>371.8</ele>
      </trkpt>
      <trkpt lat="46.2938" lon="-96.08481">
        <ele>371.8</ele>
      </trkpt>
      <trkpt lat="46.29369" lon="-96.08471">
        <ele>371.8</ele>
      </trkpt>
      <trkpt lat="46.29364" lon="-96.08452">
        <ele>371.4</ele>
      </trkpt>
      <trkpt lat="46.2936" lon="-96.08418">
        <ele>370.5</ele>
      </trkpt>
      <trkpt lat="46.29303" lon="-96.0842">
        <ele>371.9</ele>
      </trkpt>
      <trkpt lat="46.29302" lon="-96.08408">
        <ele>371.6</ele>
      </trkpt>
      <trkpt lat="46.29301" lon="-96.08397">
        <ele>371.4</ele>
      </trkpt>
      <trkpt lat="46.29296" lon="-96.08286">
        <ele>369.2</ele>
      </trkpt>
      <trkpt lat="46.29293" lon="-96.08278">
        <ele>369.1</ele>
      </trkpt>
      <trkpt lat="46.29289" lon="-96.08274">
        <ele>369.1</ele>
      </trkpt>
      <trkpt lat="46.29228" lon="-96.08238">
        <ele>369.0</ele>
      </trkpt>
      <trkpt lat="46.292" lon="-96.08215">
        <ele>368.8</ele>
      </trkpt>
      <trkpt lat="46.29195" lon="-96.08209">
        <ele>368.8</ele>
      </trkpt>
      <trkpt lat="46.2919" lon="-96.08197">
        <ele>368.8</ele>
      </trkpt>
      <trkpt lat="46.2918" lon="-96.08161">
        <ele>369.3</ele>
      </trkpt>
      <trkpt lat="46.29175" lon="-96.08153">
        <ele>369.5</ele>
      </trkpt>
      <trkpt lat="46.29175" lon="-96.08029">
        <ele>375.0</ele>
      </trkpt>
      <trkpt lat="46.29174" lon="-96.07905">
        <ele>378.6</ele>
      </trkpt>
      <trkpt lat="46.29173" lon="-96.07781">
        <ele>374.0</ele>
      </trkpt>
      <trkpt lat="46.29173" lon="-96.0772">
        <ele>372.5</ele>
      </trkpt>
      <trkpt lat="46.29167" lon="-96.07721">
        <ele>372.5</ele>
      </trkpt>
      <trkpt lat="46.29158" lon="-96.07721">
        <ele>372.6</ele>
      </trkpt>
      <trkpt lat="46.2915" lon="-96.0772">
        <ele>372.6</ele>
      </trkpt>
      <trkpt lat="46.29136" lon="-96.07712">
        <ele>372.2</ele>
      </trkpt>
      <trkpt lat="46.29118" lon="-96.077">
        <ele>370.4</ele>
      </trkpt>
      <trkpt lat="46.29101" lon="-96.07686">
        <ele>370.4</ele>
      </trkpt>
      <trkpt lat="46.29089" lon="-96.07679">
        <ele>370.4</ele>
      </trkpt>
      <trkpt lat="46.29054" lon="-96.07665">
        <ele>371.1</ele>
      </trkpt>
      <trkpt lat="46.29025" lon="-96.07647">
        <ele>370.7</ele>
      </trkpt>
      <trkpt lat="46.29009" lon="-96.07641">
        <ele>371.6</ele>
      </trkpt>
      <trkpt lat="46.28999" lon="-96.0764">
        <ele>371.6</ele>
      </trkpt>
      <trkpt lat="46.2894" lon="-96.07644">
        <ele>373.2</ele>
      </trkpt>
      <trkpt lat="46.28913" lon="-96.07644">
        <ele>373.4</ele>
      </trkpt>
      <trkpt lat="46.28897" lon="-96.07643">
        <ele>373.7</ele>
      </trkpt>
      <trkpt lat="46.28883" lon="-96.07639">
        <ele>373.8</ele>
      </trkpt>
      <trkpt lat="46.28872" lon="-96.07635">
        <ele>373.8</ele>
      </trkpt>
      <trkpt lat="46.28863" lon="-96.07631">
        <ele>373.6</ele>
      </trkpt>
      <trkpt lat="46.28851" lon="-96.07629">
        <ele>373.3</ele>
      </trkpt>
      <trkpt lat="46.28845" lon="-96.0763">
        <ele>373.3</ele>
      </trkpt>
      <trkpt lat="46.28833" lon="-96.07638">
        <ele>373.6</ele>
      </trkpt>
      <trkpt lat="46.28793" lon="-96.07671">
        <ele>373.7</ele>
      </trkpt>
      <trkpt lat="46.28788" lon="-96.07674">
        <ele>373.7</ele>
      </trkpt>
      <trkpt lat="46.28758" lon="-96.07684">
        <ele>373.8</ele>
      </trkpt>
      <trkpt lat="46.28739" lon="-96.07688">
        <ele>373.7</ele>
      </trkpt>
      <trkpt lat="46.28728" lon="-96.07689">
        <ele>373.7</ele>
      </trkpt>
      <trkpt lat="46.28717" lon="-96.07688">
        <ele>373.7</ele>
      </trkpt>
      <trkpt lat="46.28707" lon="-96.07685">
        <ele>373.7</ele>
      </trkpt>
      <trkpt lat="46.28687" lon="-96.07673">
        <ele>371.9</ele>
      </trkpt>
      <trkpt lat="46.28673" lon="-96.07661">
        <ele>370.6</ele>
      </trkpt>
      <trkpt lat="46.28664" lon="-96.07653">
        <ele>371.1</ele>
      </trkpt>
      <trkpt lat="46.28644" lon="-96.076">
        <ele>369.8</ele>
      </trkpt>
      <trkpt lat="46.28638" lon="-96.07572">
        <ele>369.3</ele>
      </trkpt>
      <trkpt lat="46.28636" lon="-96.07548">
        <ele>369.3</ele>
      </trkpt>
      <trkpt lat="46.28638" lon="-96.07519">
        <ele>369.3</ele>
      </trkpt>
      <trkpt lat="46.2864" lon="-96.07509">
        <ele>369.3</ele>
      </trkpt>
      <trkpt lat="46.28645" lon="-96.07489">
        <ele>369.4</ele>
      </trkpt>
      <trkpt lat="46.28619" lon="-96.07466">
        <ele>368.5</ele>
      </trkpt>
      <trkpt lat="46.2859" lon="-96.0743">
        <ele>365.5</ele>
      </trkpt>
      <trkpt lat="46.28579" lon="-96.07423">
        <ele>365.3</ele>
      </trkpt>
      <trkpt lat="46.28567" lon="-96.07421">
        <ele>365.0</ele>
      </trkpt>
      <trkpt lat="46.28556" lon="-96.0742">
        <ele>364.7</ele>
      </trkpt>
      <trkpt lat="46.28509" lon="-96.07421">
        <ele>363.5</ele>
      </trkpt>
      <trkpt lat="46.28463" lon="-96.07422">
        <ele>362.9</ele>
      </trkpt>
      <trkpt lat="46.28407" lon="-96.07422">
        <ele>361.9</ele>
      </trkpt>
      <trkpt lat="46.28351" lon="-96.07421">
        <ele>361.1</ele>
      </trkpt>
      <trkpt lat="46.2835" lon="-96.07421">
        <ele>361.0</ele>
      </trkpt>
      <trkpt lat="46.2835" lon="-96.07421">
        <ele>361.0</ele>
      </trkpt>
      <trkpt lat="46.28351" lon="-96.07421">
        <ele>361.1</ele>
      </trkpt>
      <trkpt lat="46.28351" lon="-96.07309">
        <ele>361.1</ele>
      </trkpt>
      <trkpt lat="46.28351" lon="-96.07197">
        <ele>361.5</ele>
      </trkpt>
      <trkpt lat="46.28351" lon="-96.07085">
        <ele>361.7</ele>
      </trkpt>
      <trkpt lat="46.28351" lon="-96.07064">
        <ele>361.2</ele>
      </trkpt>
      <trkpt lat="46.2835" lon="-96.07056">
        <ele>360.9</ele>
      </trkpt>
      <trkpt lat="46.28343" lon="-96.07027">
        <ele>360.7</ele>
      </trkpt>
      <trkpt lat="46.28321" lon="-96.06949">
        <ele>360.2</ele>
      </trkpt>
      <trkpt lat="46.28307" lon="-96.06903">
        <ele>360.0</ele>
      </trkpt>
      <trkpt lat="46.28298" lon="-96.06882">
        <ele>360.1</ele>
      </trkpt>
      <trkpt lat="46.28289" lon="-96.06861">
        <ele>360.2</ele>
      </trkpt>
      <trkpt lat="46.28239" lon="-96.06762">
        <ele>360.5</ele>
      </trkpt>
      <trkpt lat="46.28231" lon="-96.06749">
        <ele>360.5</ele>
      </trkpt>
      <trkpt lat="46.28223" lon="-96.06738">
        <ele>360.5</ele>
      </trkpt>
      <trkpt lat="46.28216" lon="-96.0673">
        <ele>360.5</ele>
      </trkpt>
      <trkpt lat="46.28199" lon="-96.06716">
        <ele>360.6</ele>
      </trkpt>
      <trkpt lat="46.28192" lon="-96.06713">
        <ele>360.6</ele>
      </trkpt>
      <trkpt lat="46.2818" lon="-96.0671">
        <ele>360.7</ele>
      </trkpt>
      <trkpt lat="46.28163" lon="-96.06709">
        <ele>360.8</ele>
      </trkpt>
      <trkpt lat="46.28145" lon="-96.0671">
        <ele>360.9</ele>
      </trkpt>
      <trkpt lat="46.28146" lon="-96.06631">
        <ele>360.9</ele>
      </trkpt>
      <trkpt lat="46.28146" lon="-96.06552">
        <ele>360.9</ele>
      </trkpt>
      <trkpt lat="46.28144" lon="-96.06539">
        <ele>361.0</ele>
      </trkpt>
      <trkpt lat="46.2812" lon="-96.0648">
        <ele>361.5</ele>
      </trkpt>
      <trkpt lat="46.28086" lon="-96.06402">
        <ele>361.9</ele>
      </trkpt>
      <trkpt lat="46.28062" lon="-96.06359">
        <ele>362.4</ele>
      </trkpt>
      <trkpt lat="46.28054" lon="-96.06354">
        <ele>362.4</ele>
      </trkpt>
      <trkpt lat="46.28042" lon="-96.06351">
        <ele>362.5</ele>
      </trkpt>
      <trkpt lat="46.27991" lon="-96.06351">
        <ele>362.5</ele>
      </trkpt>
      <trkpt lat="46.27941" lon="-96.06351">
        <ele>362.7</ele>
      </trkpt>
      <trkpt lat="46.27893" lon="-96.06351">
        <ele>365.3</ele>
      </trkpt>
      <trkpt lat="46.27846" lon="-96.0635">
        <ele>367.2</ele>
      </trkpt>
      <trkpt lat="46.27846" lon="-96.0634">
        <ele>367.0</ele>
      </trkpt>
      <trkpt lat="46.27844" lon="-96.06299">
        <ele>366.5</ele>
      </trkpt>
      <trkpt lat="46.27841" lon="-96.06269">
        <ele>366.7</ele>
      </trkpt>
      <trkpt lat="46.27834" lon="-96.06231">
        <ele>367.1</ele>
      </trkpt>
      <trkpt lat="46.27825" lon="-96.06197">
        <ele>367.8</ele>
      </trkpt>
      <trkpt lat="46.27814" lon="-96.06164">
        <ele>369.0</ele>
      </trkpt>
      <trkpt lat="46.27795" lon="-96.06117">
        <ele>370.4</ele>
      </trkpt>
      <trkpt lat="46.27778" lon="-96.06085">
        <ele>372.3</ele>
      </trkpt>
      <trkpt lat="46.27763" lon="-96.06063">
        <ele>374.5</ele>
      </trkpt>
      <trkpt lat="46.27738" lon="-96.06031">
        <ele>373.4</ele>
      </trkpt>
      <trkpt lat="46.27729" lon="-96.06026">
        <ele>373.1</ele>
      </trkpt>
      <trkpt lat="46.27718" lon="-96.06017">
        <ele>372.8</ele>
      </trkpt>
      <trkpt lat="46.2766" lon="-96.05973">
        <ele>374.5</ele>
      </trkpt>
      <trkpt lat="46.27602" lon="-96.05928">
        <ele>375.1</ele>
      </trkpt>
      <trkpt lat="46.27544" lon="-96.05884">
        <ele>378.3</ele>
      </trkpt>
      <trkpt lat="46.27482" lon="-96.05837">
        <ele>377.3</ele>
      </trkpt>
      <trkpt lat="46.27421" lon="-96.05791">
        <ele>375.1</ele>
      </trkpt>
      <trkpt lat="46.27359" lon="-96.05744">
        <ele>374.0</ele>
      </trkpt>
      <trkpt lat="46.27309" lon="-96.05707">
        <ele>372.7</ele>
      </trkpt>
      <trkpt lat="46.27259" lon="-96.05671">
        <ele>371.9</ele>
      </trkpt>
      <trkpt lat="46.27215" lon="-96.0564">
        <ele>369.0</ele>
      </trkpt>
      <trkpt lat="46.27157" lon="-96.05609">
        <ele>368.0</ele>
      </trkpt>
      <trkpt lat="46.27144" lon="-96.05606">
        <ele>367.9</ele>
      </trkpt>
      <trkpt lat="46.27099" lon="-96.05592">
        <ele>366.7</ele>
      </trkpt>
      <trkpt lat="46.27053" lon="-96.05577">
        <ele>365.4</ele>
      </trkpt>
      <trkpt lat="46.27049" lon="-96.0557">
        <ele>365.4</ele>
      </trkpt>
      <trkpt lat="46.27043" lon="-96.05558">
        <ele>365.5</ele>
      </trkpt>
      <trkpt lat="46.27023" lon="-96.05547">
        <ele>365.8</ele>
      </trkpt>
      <trkpt lat="46.27018" lon="-96.05534">
        <ele>366.0</ele>
      </trkpt>
      <trkpt lat="46.27013" lon="-96.05515">
        <ele>366.5</ele>
      </trkpt>
      <trkpt lat="46.27014" lon="-96.05489">
        <ele>367.2</ele>
      </trkpt>
      <trkpt lat="46.27036" lon="-96.05379">
        <ele>369.7</ele>
      </trkpt>
      <trkpt lat="46.27059" lon="-96.05269">
        <ele>372.1</ele>
      </trkpt>
      <trkpt lat="46.27082" lon="-96.05158">
        <ele>372.4</ele>
      </trkpt>
      <trkpt lat="46.27095" lon="-96.05099">
        <ele>372.4</ele>
      </trkpt>
      <trkpt lat="46.27108" lon="-96.0505">
        <ele>372.3</ele>
      </trkpt>
      <trkpt lat="46.27116" lon="-96.05025">
        <ele>372.3</ele>
      </trkpt>
      <trkpt lat="46.27119" lon="-96.05014">
        <ele>372.3</ele>
      </trkpt>
      <trkpt lat="46.27132" lon="-96.04946">
        <ele>372.6</ele>
      </trkpt>
      <trkpt lat="46.27144" lon="-96.04878">
        <ele>372.8</ele>
      </trkpt>
      <trkpt lat="46.27149" lon="-96.04855">
        <ele>372.7</ele>
      </trkpt>
      <trkpt lat="46.27185" lon="-96.04742">
        <ele>367.8</ele>
      </trkpt>
      <trkpt lat="46.27196" lon="-96.04711">
        <ele>366.9</ele>
      </trkpt>
      <trkpt lat="46.27202" lon="-96.04686">
        <ele>366.1</ele>
      </trkpt>
      <trkpt lat="46.27206" lon="-96.04659">
        <ele>366.1</ele>
      </trkpt>
      <trkpt lat="46.27209" lon="-96.04617">
        <ele>367.3</ele>
      </trkpt>
      <trkpt lat="46.27218" lon="-96.0457">
        <ele>367.4</ele>
      </trkpt>
      <trkpt lat="46.27209" lon="-96.04562">
        <ele>367.4</ele>
      </trkpt>
      <trkpt lat="46.27167" lon="-96.04533">
        <ele>367.5</ele>
      </trkpt>
      <trkpt lat="46.27099" lon="-96.04479">
        <ele>367.8</ele>
      </trkpt>
      <trkpt lat="46.2702" lon="-96.04427">
        <ele>366.6</ele>
      </trkpt>
      <trkpt lat="46.2694" lon="-96.04376">
        <ele>366.0</ele>
      </trkpt>
      <trkpt lat="46.2686" lon="-96.04325">
        <ele>365.6</ele>
      </trkpt>
      <trkpt lat="46.2678" lon="-96.04274">
        <ele>366.0</ele>
      </trkpt>
      <trkpt lat="46.26701" lon="-96.04223">
        <ele>366.3</ele>
      </trkpt>
      <trkpt lat="46.26621" lon="-96.04172">
        <ele>366.0</ele>
      </trkpt>
      <trkpt lat="46.26541" lon="-96.04121">
        <ele>366.4</ele>
      </trkpt>
      <trkpt lat="46.26461" lon="-96.04069">
        <ele>367.3</ele>
      </trkpt>
      <trkpt lat="46.26382" lon="-96.04018">
        <ele>369.2</ele>
      </trkpt>
      <trkpt lat="46.26302" lon="-96.03967">
        <ele>370.3</ele>
      </trkpt>
      <trkpt lat="46.26222" lon="-96.03916">
        <ele>371.6</ele>
      </trkpt>
      <trkpt lat="46.26143" lon="-96.03865">
        <ele>372.1</ele>
      </trkpt>
      <trkpt lat="46.26063" lon="-96.03814">
        <ele>372.1</ele>
      </trkpt>
      <trkpt lat="46.26033" lon="-96.03791">
        <ele>372.1</ele>
      </trkpt>
      <trkpt lat="46.26008" lon="-96.03768">
        <ele>372.2</ele>
      </trkpt>
      <trkpt lat="46.25975" lon="-96.03734">
        <ele>372.6</ele>
      </trkpt>
      <trkpt lat="46.25931" lon="-96.03678">
        <ele>373.0</ele>
      </trkpt>
      <trkpt lat="46.25908" lon="-96.03644">
        <ele>373.1</ele>
      </trkpt>
      <trkpt lat="46.25887" lon="-96.03608">
        <ele>373.0</ele>
      </trkpt>
      <trkpt lat="46.25861" lon="-96.03557">
        <ele>372.1</ele>
      </trkpt>
      <trkpt lat="46.25847" lon="-96.03527">
        <ele>372.4</ele>
      </trkpt>
      <trkpt lat="46.25809" lon="-96.03419">
        <ele>368.3</ele>
      </trkpt>
      <trkpt lat="46.25786" lon="-96.03348">
        <ele>368.4</ele>
      </trkpt>
      <trkpt lat="46.25762" lon="-96.03274">
        <ele>369.1</ele>
      </trkpt>
      <trkpt lat="46.25747" lon="-96.03233">
        <ele>369.2</ele>
      </trkpt>
      <trkpt lat="46.25729" lon="-96.03194">
        <ele>369.3</ele>
      </trkpt>
      <trkpt lat="46.25714" lon="-96.03163">
        <ele>369.5</ele>
      </trkpt>
      <trkpt lat="46.25685" lon="-96.03117">
        <ele>370.0</ele>
      </trkpt>
      <trkpt lat="46.25652" lon="-96.03074">
        <ele>367.9</ele>
      </trkpt>
      <trkpt lat="46.25622" lon="-96.03046">
        <ele>367.1</ele>
      </trkpt>
      <trkpt lat="46.25586" lon="-96.03015">
        <ele>366.0</ele>
      </trkpt>
      <trkpt lat="46.25553" lon="-96.02996">
        <ele>366.0</ele>
      </trkpt>
      <trkpt lat="46.25508" lon="-96.02973">
        <ele>366.0</ele>
      </trkpt>
      <trkpt lat="46.25457" lon="-96.02955">
        <ele>366.4</ele>
      </trkpt>
      <trkpt lat="46.25406" lon="-96.02937">
        <ele>371.3</ele>
      </trkpt>
      <trkpt lat="46.2536" lon="-96.02922">
        <ele>371.9</ele>
      </trkpt>
      <trkpt lat="46.25313" lon="-96.02907">
        <ele>372.1</ele>
      </trkpt>
      <trkpt lat="46.25271" lon="-96.02891">
        <ele>372.1</ele>
      </trkpt>
      <trkpt lat="46.2524" lon="-96.02878">
        <ele>372.1</ele>
      </trkpt>
      <trkpt lat="46.25193" lon="-96.0285">
        <ele>372.2</ele>
      </trkpt>
      <trkpt lat="46.2516" lon="-96.02827">
        <ele>373.2</ele>
      </trkpt>
      <trkpt lat="46.25123" lon="-96.02793">
        <ele>374.0</ele>
      </trkpt>
      <trkpt lat="46.25087" lon="-96.02758">
        <ele>373.6</ele>
      </trkpt>
      <trkpt lat="46.25058" lon="-96.02722">
        <ele>373.4</ele>
      </trkpt>
      <trkpt lat="46.24994" lon="-96.02634">
        <ele>373.9</ele>
      </trkpt>
      <trkpt lat="46.2493" lon="-96.02546">
        <ele>374.2</ele>
      </trkpt>
      <trkpt lat="46.24865" lon="-96.02458">
        <ele>372.4</ele>
      </trkpt>
      <trkpt lat="46.24801" lon="-96.02369">
        <ele>372.4</ele>
      </trkpt>
      <trkpt lat="46.24736" lon="-96.02281">
        <ele>370.5</ele>
      </trkpt>
      <trkpt lat="46.24672" lon="-96.02194">
        <ele>368.9</ele>
      </trkpt>
      <trkpt lat="46.24607" lon="-96.02106">
        <ele>365.9</ele>
      </trkpt>
      <trkpt lat="46.24543" lon="-96.02018">
        <ele>365.9</ele>
      </trkpt>
      <trkpt lat="46.24478" lon="-96.0193">
        <ele>369.3</ele>
      </trkpt>
      <trkpt lat="46.24447" lon="-96.01883">
        <ele>369.3</ele>
      </trkpt>
      <trkpt lat="46.24416" lon="-96.01832">
        <ele>370.0</ele>
      </trkpt>
      <trkpt lat="46.2439" lon="-96.01782">
        <ele>371.2</ele>
      </trkpt>
      <trkpt lat="46.24372" lon="-96.0174">
        <ele>371.6</ele>
      </trkpt>
      <trkpt lat="46.24358" lon="-96.01696">
        <ele>370.7</ele>
      </trkpt>
      <trkpt lat="46.24342" lon="-96.01641">
        <ele>369.2</ele>
      </trkpt>
      <trkpt lat="46.24325" lon="-96.01572">
        <ele>368.8</ele>
      </trkpt>
      <trkpt lat="46.24313" lon="-96.01504">
        <ele>368.7</ele>
      </trkpt>
      <trkpt lat="46.24299" lon="-96.01419">
        <ele>369.0</ele>
      </trkpt>
      <trkpt lat="46.24285" lon="-96.01334">
        <ele>369.0</ele>
      </trkpt>
      <trkpt lat="46.24265" lon="-96.01221">
        <ele>369.0</ele>
      </trkpt>
      <trkpt lat="46.24251" lon="-96.01148">
        <ele>368.0</ele>
      </trkpt>
      <trkpt lat="46.24241" lon="-96.01101">
        <ele>370.3</ele>
      </trkpt>
      <trkpt lat="46.24231" lon="-96.01067">
        <ele>371.9</ele>
      </trkpt>
      <trkpt lat="46.24206" lon="-96.01016">
        <ele>371.6</ele>
      </trkpt>
      <trkpt lat="46.24139" lon="-96.00944">
        <ele>371.9</ele>
      </trkpt>
      <trkpt lat="46.24128" lon="-96.00929">
        <ele>372.0</ele>
      </trkpt>
      <trkpt lat="46.24124" lon="-96.00921">
        <ele>372.1</ele>
      </trkpt>
      <trkpt lat="46.24123" lon="-96.00909">
        <ele>372.3</ele>
      </trkpt>
      <trkpt lat="46.24128" lon="-96.00894">
        <ele>372.5</ele>
      </trkpt>
      <trkpt lat="46.24139" lon="-96.0088">
        <ele>372.9</ele>
      </trkpt>
      <trkpt lat="46.24143" lon="-96.00869">
        <ele>373.1</ele>
      </trkpt>
      <trkpt lat="46.24142" lon="-96.00857">
        <ele>373.2</ele>
      </trkpt>
      <trkpt lat="46.24139" lon="-96.00848">
        <ele>373.2</ele>
      </trkpt>
      <trkpt lat="46.24133" lon="-96.00837">
        <ele>373.4</ele>
      </trkpt>
      <trkpt lat="46.24109" lon="-96.00803">
        <ele>374.5</ele>
      </trkpt>
      <trkpt lat="46.24082" lon="-96.00769">
        <ele>375.1</ele>
      </trkpt>
      <trkpt lat="46.24046" lon="-96.00728">
        <ele>375.1</ele>
      </trkpt>
      <trkpt lat="46.2401" lon="-96.00686">
        <ele>374.5</ele>
      </trkpt>
      <trkpt lat="46.23961" lon="-96.00635">
        <ele>375.0</ele>
      </trkpt>
      <trkpt lat="46.23913" lon="-96.00583">
        <ele>374.9</ele>
      </trkpt>
      <trkpt lat="46.23846" lon="-96.0051">
        <ele>375.0</ele>
      </trkpt>
      <trkpt lat="46.23779" lon="-96.00436">
        <ele>372.3</ele>
      </trkpt>
      <trkpt lat="46.23711" lon="-96.00363">
        <ele>372.4</ele>
      </trkpt>
      <trkpt lat="46.23644" lon="-96.0029">
        <ele>374.1</ele>
      </trkpt>
      <trkpt lat="46.2359" lon="-96.00226">
        <ele>374.7</ele>
      </trkpt>
      <trkpt lat="46.23535" lon="-96.00162">
        <ele>373.8</ele>
      </trkpt>
      <trkpt lat="46.23481" lon="-96.00098">
        <ele>375.0</ele>
      </trkpt>
      <trkpt lat="46.23427" lon="-96.00034">
        <ele>376.5</ele>
      </trkpt>
      <trkpt lat="46.23421" lon="-96.00026">
        <ele>376.7</ele>
      </trkpt>
      <trkpt lat="46.23361" lon="-95.99957">
        <ele>378.4</ele>
      </trkpt>
      <trkpt lat="46.23302" lon="-95.99889">
        <ele>378.7</ele>
      </trkpt>
      <trkpt lat="46.23242" lon="-95.9982">
        <ele>377.3</ele>
      </trkpt>
      <trkpt lat="46.23183" lon="-95.99752">
        <ele>372.7</ele>
      </trkpt>
      <trkpt lat="46.23117" lon="-95.99675">
        <ele>372.1</ele>
      </trkpt>
      <trkpt lat="46.23052" lon="-95.99599">
        <ele>371.7</ele>
      </trkpt>
      <trkpt lat="46.22987" lon="-95.99523">
        <ele>375.1</ele>
      </trkpt>
      <trkpt lat="46.22921" lon="-95.99447">
        <ele>375.2</ele>
      </trkpt>
      <trkpt lat="46.22856" lon="-95.99371">
        <ele>371.4</ele>
      </trkpt>
      <trkpt lat="46.2279" lon="-95.99295">
        <ele>372.3</ele>
      </trkpt>
      <trkpt lat="46.22725" lon="-95.99218">
        <ele>372.2</ele>
      </trkpt>
      <trkpt lat="46.2266" lon="-95.99142">
        <ele>372.0</ele>
      </trkpt>
      <trkpt lat="46.22594" lon="-95.99066">
        <ele>373.3</ele>
      </trkpt>
      <trkpt lat="46.22529" lon="-95.9899">
        <ele>374.8</ele>
      </trkpt>
      <trkpt lat="46.22462" lon="-95.98911">
        <ele>372.4</ele>
      </trkpt>
      <trkpt lat="46.22394" lon="-95.98832">
        <ele>372.3</ele>
      </trkpt>
      <trkpt lat="46.22327" lon="-95.98754">
        <ele>373.1</ele>
      </trkpt>
      <trkpt lat="46.22259" lon="-95.98675">
        <ele>372.0</ele>
      </trkpt>
      <trkpt lat="46.22192" lon="-95.98596">
        <ele>373.1</ele>
      </trkpt>
      <trkpt lat="46.22124" lon="-95.98517">
        <ele>374.0</ele>
      </trkpt>
      <trkpt lat="46.22057" lon="-95.98438">
        <ele>375.1</ele>
      </trkpt>
      <trkpt lat="46.21987" lon="-95.98363">
        <ele>378.0</ele>
      </trkpt>
      <trkpt lat="46.21916" lon="-95.98288">
        <ele>379.0</ele>
      </trkpt>
      <trkpt lat="46.21846" lon="-95.98214">
        <ele>375.3</ele>
      </trkpt>
      <trkpt lat="46.21775" lon="-95.98139">
        <ele>375.2</ele>
      </trkpt>
      <trkpt lat="46.21705" lon="-95.98064">
        <ele>376.2</ele>
      </trkpt>
      <trkpt lat="46.21635" lon="-95.97989">
        <ele>377.7</ele>
      </trkpt>
      <trkpt lat="46.21564" lon="-95.97914">
        <ele>378.1</ele>
      </trkpt>
      <trkpt lat="46.21494" lon="-95.97839">
        <ele>379.0</ele>
      </trkpt>
      <trkpt lat="46.21424" lon="-95.97764">
        <ele>378.6</ele>
      </trkpt>
      <trkpt lat="46.21353" lon="-95.97689">
        <ele>379.1</ele>
      </trkpt>
      <trkpt lat="46.21283" lon="-95.97614">
        <ele>381.1</ele>
      </trkpt>
      <trkpt lat="46.21212" lon="-95.97539">
        <ele>381.2</ele>
      </trkpt>
      <trkpt lat="46.21142" lon="-95.97464">
        <ele>381.5</ele>
      </trkpt>
      <trkpt lat="46.21072" lon="-95.97389">
        <ele>384.3</ele>
      </trkpt>
      <trkpt lat="46.21001" lon="-95.97315">
        <ele>386.4</ele>
      </trkpt>
      <trkpt lat="46.20931" lon="-95.9724">
        <ele>388.3</ele>
      </trkpt>
      <trkpt lat="46.2086" lon="-95.97165">
        <ele>388.0</ele>
      </trkpt>
      <trkpt lat="46.2079" lon="-95.9709">
        <ele>387.4</ele>
      </trkpt>
      <trkpt lat="46.2072" lon="-95.97015">
        <ele>387.6</ele>
      </trkpt>
      <trkpt lat="46.20649" lon="-95.96941">
        <ele>387.7</ele>
      </trkpt>
      <trkpt lat="46.20579" lon="-95.96867">
        <ele>387.1</ele>
      </trkpt>
      <trkpt lat="46.20508" lon="-95.96793">
        <ele>386.0</ele>
      </trkpt>
      <trkpt lat="46.20438" lon="-95.96718">
        <ele>385.8</ele>
      </trkpt>
      <trkpt lat="46.20393" lon="-95.9667">
        <ele>387.1</ele>
      </trkpt>
      <trkpt lat="46.20348" lon="-95.96622">
        <ele>385.9</ele>
      </trkpt>
      <trkpt lat="46.20275" lon="-95.96554">
        <ele>383.9</ele>
      </trkpt>
      <trkpt lat="46.20201" lon="-95.96486">
        <ele>384.1</ele>
      </trkpt>
      <trkpt lat="46.20128" lon="-95.96418">
        <ele>382.9</ele>
      </trkpt>
      <trkpt lat="46.20055" lon="-95.9635">
        <ele>383.7</ele>
      </trkpt>
      <trkpt lat="46.19982" lon="-95.96282">
        <ele>384.1</ele>
      </trkpt>
      <trkpt lat="46.19917" lon="-95.96223">
        <ele>383.4</ele>
      </trkpt>
      <trkpt lat="46.19853" lon="-95.96164">
        <ele>382.3</ele>
      </trkpt>
      <trkpt lat="46.19789" lon="-95.96105">
        <ele>383.4</ele>
      </trkpt>
      <trkpt lat="46.19725" lon="-95.96046">
        <ele>383.5</ele>
      </trkpt>
      <trkpt lat="46.19702" lon="-95.96025">
        <ele>383.6</ele>
      </trkpt>
      <trkpt lat="46.19641" lon="-95.95969">
        <ele>383.8</ele>
      </trkpt>
      <trkpt lat="46.1958" lon="-95.95913">
        <ele>385.1</ele>
      </trkpt>
      <trkpt lat="46.19519" lon="-95.95856">
        <ele>385.1</ele>
      </trkpt>
      <trkpt lat="46.19478" lon="-95.95817">
        <ele>388.6</ele>
      </trkpt>
      <trkpt lat="46.19437" lon="-95.95778">
        <ele>391.1</ele>
      </trkpt>
      <trkpt lat="46.19381" lon="-95.95722">
        <ele>391.4</ele>
      </trkpt>
      <trkpt lat="46.1933" lon="-95.95666">
        <ele>391.5</ele>
      </trkpt>
      <trkpt lat="46.19278" lon="-95.95603">
        <ele>393.8</ele>
      </trkpt>
      <trkpt lat="46.19228" lon="-95.95539">
        <ele>392.4</ele>
      </trkpt>
      <trkpt lat="46.19183" lon="-95.9547">
        <ele>391.1</ele>
      </trkpt>
      <trkpt lat="46.19137" lon="-95.95402">
        <ele>394.3</ele>
      </trkpt>
      <trkpt lat="46.19107" lon="-95.95345">
        <ele>396.1</ele>
      </trkpt>
      <trkpt lat="46.19073" lon="-95.95263">
        <ele>395.9</ele>
      </trkpt>
      <trkpt lat="46.19057" lon="-95.95211">
        <ele>396.4</ele>
      </trkpt>
      <trkpt lat="46.19041" lon="-95.95147">
        <ele>393.5</ele>
      </trkpt>
      <trkpt lat="46.1903" lon="-95.95088">
        <ele>392.5</ele>
      </trkpt>
      <trkpt lat="46.19021" lon="-95.95037">
        <ele>393.7</ele>
      </trkpt>
      <trkpt lat="46.19015" lon="-95.94933">
        <ele>396.5</ele>
      </trkpt>
      <trkpt lat="46.19008" lon="-95.94829">
        <ele>400.3</ele>
      </trkpt>
      <trkpt lat="46.18998" lon="-95.94728">
        <ele>400.9</ele>
      </trkpt>
      <trkpt lat="46.18988" lon="-95.94627">
        <ele>400.8</ele>
      </trkpt>
      <trkpt lat="46.18981" lon="-95.94569">
        <ele>399.8</ele>
      </trkpt>
      <trkpt lat="46.18966" lon="-95.94508">
        <ele>401.4</ele>
      </trkpt>
      <trkpt lat="46.18951" lon="-95.94451">
        <ele>400.0</ele>
      </trkpt>
      <trkpt lat="46.18937" lon="-95.94405">
        <ele>401.0</ele>
      </trkpt>
      <trkpt lat="46.18912" lon="-95.94345">
        <ele>400.9</ele>
      </trkpt>
      <trkpt lat="46.18887" lon="-95.94288">
        <ele>398.8</ele>
      </trkpt>
      <trkpt lat="46.18831" lon="-95.94195">
        <ele>396.1</ele>
      </trkpt>
      <trkpt lat="46.18776" lon="-95.94102">
        <ele>396.2</ele>
      </trkpt>
      <trkpt lat="46.18721" lon="-95.94009">
        <ele>397.3</ele>
      </trkpt>
      <trkpt lat="46.18665" lon="-95.93916">
        <ele>400.1</ele>
      </trkpt>
      <trkpt lat="46.18609" lon="-95.9382">
        <ele>400.5</ele>
      </trkpt>
      <trkpt lat="46.18553" lon="-95.93725">
        <ele>400.9</ele>
      </trkpt>
      <trkpt lat="46.18497" lon="-95.9363">
        <ele>402.1</ele>
      </trkpt>
      <trkpt lat="46.18441" lon="-95.93535">
        <ele>402.7</ele>
      </trkpt>
      <trkpt lat="46.18385" lon="-95.93439">
        <ele>408.7</ele>
      </trkpt>
      <trkpt lat="46.18329" lon="-95.93344">
        <ele>403.7</ele>
      </trkpt>
      <trkpt lat="46.18273" lon="-95.93249">
        <ele>401.0</ele>
      </trkpt>
      <trkpt lat="46.18217" lon="-95.93154">
        <ele>400.7</ele>
      </trkpt>
      <trkpt lat="46.1818" lon="-95.93089">
        <ele>402.1</ele>
      </trkpt>
      <trkpt lat="46.18143" lon="-95.93024">
        <ele>404.4</ele>
      </trkpt>
      <trkpt lat="46.18107" lon="-95.92963">
        <ele>406.4</ele>
      </trkpt>
      <trkpt lat="46.1807" lon="-95.92902">
        <ele>406.3</ele>
      </trkpt>
      <trkpt lat="46.18017" lon="-95.92811">
        <ele>407.5</ele>
      </trkpt>
      <trkpt lat="46.17963" lon="-95.9272">
        <ele>407.7</ele>
      </trkpt>
      <trkpt lat="46.1791" lon="-95.92629">
        <ele>407.5</ele>
      </trkpt>
      <trkpt lat="46.17856" lon="-95.92538">
        <ele>408.7</ele>
      </trkpt>
      <trkpt lat="46.17802" lon="-95.92446">
        <ele>408.8</ele>
      </trkpt>
      <trkpt lat="46.17749" lon="-95.92355">
        <ele>409.9</ele>
      </trkpt>
      <trkpt lat="46.17701" lon="-95.92281">
        <ele>411.2</ele>
      </trkpt>
      <trkpt lat="46.17641" lon="-95.92197">
        <ele>411.8</ele>
      </trkpt>
      <trkpt lat="46.17592" lon="-95.92135">
        <ele>411.7</ele>
      </trkpt>
      <trkpt lat="46.17543" lon="-95.92074">
        <ele>411.6</ele>
      </trkpt>
      <trkpt lat="46.17505" lon="-95.9203">
        <ele>411.4</ele>
      </trkpt>
      <trkpt lat="46.17466" lon="-95.91986">
        <ele>411.7</ele>
      </trkpt>
      <trkpt lat="46.17429" lon="-95.91948">
        <ele>412.9</ele>
      </trkpt>
      <trkpt lat="46.17392" lon="-95.91911">
        <ele>413.6</ele>
      </trkpt>
      <trkpt lat="46.17371" lon="-95.91891">
        <ele>414.0</ele>
      </trkpt>
      <trkpt lat="46.17352" lon="-95.91871">
        <ele>414.5</ele>
      </trkpt>
      <trkpt lat="46.17312" lon="-95.91839">
        <ele>414.5</ele>
      </trkpt>
      <trkpt lat="46.17262" lon="-95.91788">
        <ele>414.3</ele>
      </trkpt>
      <trkpt lat="46.17192" lon="-95.91721">
        <ele>414.5</ele>
      </trkpt>
      <trkpt lat="46.1712" lon="-95.91644">
        <ele>412.9</ele>
      </trkpt>
      <trkpt lat="46.17048" lon="-95.91568">
        <ele>411.2</ele>
      </trkpt>
      <trkpt lat="46.16998" lon="-95.91515">
        <ele>409.9</ele>
      </trkpt>
      <trkpt lat="46.16952" lon="-95.9147">
        <ele>409.0</ele>
      </trkpt>
      <trkpt lat="46.16907" lon="-95.91426">
        <ele>409.0</ele>
      </trkpt>
      <trkpt lat="46.16846" lon="-95.91363">
        <ele>408.6</ele>
      </trkpt>
      <trkpt lat="46.16785" lon="-95.91301">
        <ele>409.0</ele>
      </trkpt>
      <trkpt lat="46.16714" lon="-95.91229">
        <ele>409.0</ele>
      </trkpt>
      <trkpt lat="46.16643" lon="-95.91158">
        <ele>408.7</ele>
      </trkpt>
      <trkpt lat="46.16572" lon="-95.91086">
        <ele>407.1</ele>
      </trkpt>
      <trkpt lat="46.16501" lon="-95.91015">
        <ele>406.1</ele>
      </trkpt>
      <trkpt lat="46.16438" lon="-95.90951">
        <ele>405.5</ele>
      </trkpt>
      <trkpt lat="46.16376" lon="-95.90887">
        <ele>401.2</ele>
      </trkpt>
      <trkpt lat="46.16313" lon="-95.90823">
        <ele>405.1</ele>
      </trkpt>
      <trkpt lat="46.16251" lon="-95.9076">
        <ele>404.5</ele>
      </trkpt>
      <trkpt lat="46.16188" lon="-95.90696">
        <ele>405.7</ele>
      </trkpt>
      <trkpt lat="46.16126" lon="-95.90633">
        <ele>404.5</ele>
      </trkpt>
      <trkpt lat="46.16058" lon="-95.90563">
        <ele>401.8</ele>
      </trkpt>
      <trkpt lat="46.1599" lon="-95.90493">
        <ele>403.1</ele>
      </trkpt>
      <trkpt lat="46.15921" lon="-95.90423">
        <ele>406.1</ele>
      </trkpt>
      <trkpt lat="46.15853" lon="-95.90353">
        <ele>408.8</ele>
      </trkpt>
      <trkpt lat="46.15785" lon="-95.90283">
        <ele>408.4</ele>
      </trkpt>
      <trkpt lat="46.15714" lon="-95.90209">
        <ele>404.4</ele>
      </trkpt>
      <trkpt lat="46.15642" lon="-95.90135">
        <ele>405.6</ele>
      </trkpt>
      <trkpt lat="46.15571" lon="-95.90061">
        <ele>407.3</ele>
      </trkpt>
      <trkpt lat="46.155" lon="-95.89987">
        <ele>410.4</ele>
      </trkpt>
      <trkpt lat="46.15428" lon="-95.89913">
        <ele>410.7</ele>
      </trkpt>
      <trkpt lat="46.15357" lon="-95.89839">
        <ele>411.3</ele>
      </trkpt>
      <trkpt lat="46.15286" lon="-95.89765">
        <ele>411.5</ele>
      </trkpt>
      <trkpt lat="46.15214" lon="-95.8969">
        <ele>410.9</ele>
      </trkpt>
      <trkpt lat="46.15171" lon="-95.89644">
        <ele>410.8</ele>
      </trkpt>
      <trkpt lat="46.15128" lon="-95.89597">
        <ele>411.6</ele>
      </trkpt>
      <trkpt lat="46.15085" lon="-95.89554">
        <ele>411.6</ele>
      </trkpt>
      <trkpt lat="46.15042" lon="-95.8951">
        <ele>410.0</ele>
      </trkpt>
      <trkpt lat="46.14974" lon="-95.8944">
        <ele>408.7</ele>
      </trkpt>
      <trkpt lat="46.14906" lon="-95.89369">
        <ele>409.8</ele>
      </trkpt>
      <trkpt lat="46.14838" lon="-95.89298">
        <ele>411.7</ele>
      </trkpt>
      <trkpt lat="46.1477" lon="-95.89227">
        <ele>411.3</ele>
      </trkpt>
      <trkpt lat="46.14702" lon="-95.89156">
        <ele>411.0</ele>
      </trkpt>
      <trkpt lat="46.14634" lon="-95.89085">
        <ele>411.2</ele>
      </trkpt>
      <trkpt lat="46.14566" lon="-95.89014">
        <ele>411.4</ele>
      </trkpt>
      <trkpt lat="46.14498" lon="-95.88943">
        <ele>410.4</ele>
      </trkpt>
      <trkpt lat="46.1443" lon="-95.88872">
        <ele>411.1</ele>
      </trkpt>
      <trkpt lat="46.14361" lon="-95.88801">
        <ele>411.5</ele>
      </trkpt>
      <trkpt lat="46.14293" lon="-95.88731">
        <ele>411.7</ele>
      </trkpt>
      <trkpt lat="46.14254" lon="-95.88696">
        <ele>411.6</ele>
      </trkpt>
      <trkpt lat="46.14214" lon="-95.88662">
        <ele>409.1</ele>
      </trkpt>
      <trkpt lat="46.14174" lon="-95.8863">
        <ele>408.6</ele>
      </trkpt>
      <trkpt lat="46.14133" lon="-95.88597">
        <ele>408.7</ele>
      </trkpt>
      <trkpt lat="46.14092" lon="-95.88567">
        <ele>408.5</ele>
      </trkpt>
      <trkpt lat="46.14052" lon="-95.88538">
        <ele>407.7</ele>
      </trkpt>
      <trkpt lat="46.13977" lon="-95.88483">
        <ele>406.1</ele>
      </trkpt>
      <trkpt lat="46.13902" lon="-95.88429">
        <ele>405.7</ele>
      </trkpt>
      <trkpt lat="46.13827" lon="-95.88375">
        <ele>405.9</ele>
      </trkpt>
      <trkpt lat="46.13753" lon="-95.88321">
        <ele>403.5</ele>
      </trkpt>
      <trkpt lat="46.13678" lon="-95.88267">
        <ele>404.1</ele>
      </trkpt>
      <trkpt lat="46.13603" lon="-95.88213">
        <ele>403.8</ele>
      </trkpt>
      <trkpt lat="46.13528" lon="-95.88159">
        <ele>400.3</ele>
      </trkpt>
      <trkpt lat="46.13453" lon="-95.88105">
        <ele>398.5</ele>
      </trkpt>
      <trkpt lat="46.13389" lon="-95.88058">
        <ele>398.1</ele>
      </trkpt>
      <trkpt lat="46.13324" lon="-95.8801">
        <ele>397.9</ele>
      </trkpt>
      <trkpt lat="46.13259" lon="-95.87963">
        <ele>399.4</ele>
      </trkpt>
      <trkpt lat="46.13194" lon="-95.87915">
        <ele>399.5</ele>
      </trkpt>
      <trkpt lat="46.13141" lon="-95.87869">
        <ele>399.6</ele>
      </trkpt>
      <trkpt lat="46.13097" lon="-95.87829">
        <ele>400.9</ele>
      </trkpt>
      <trkpt lat="46.13044" lon="-95.87776">
        <ele>402.3</ele>
      </trkpt>
      <trkpt lat="46.12992" lon="-95.87722">
        <ele>400.1</ele>
      </trkpt>
      <trkpt lat="46.12941" lon="-95.87662">
        <ele>400.2</ele>
      </trkpt>
      <trkpt lat="46.1289" lon="-95.87603">
        <ele>399.4</ele>
      </trkpt>
      <trkpt lat="46.12826" lon="-95.87515">
        <ele>400.1</ele>
      </trkpt>
      <trkpt lat="46.12793" lon="-95.87464">
        <ele>401.9</ele>
      </trkpt>
      <trkpt lat="46.12761" lon="-95.87413">
        <ele>400.2</ele>
      </trkpt>
      <trkpt lat="46.12719" lon="-95.87343">
        <ele>400.0</ele>
      </trkpt>
      <trkpt lat="46.12687" lon="-95.87284">
        <ele>399.7</ele>
      </trkpt>
      <trkpt lat="46.12656" lon="-95.87225">
        <ele>399.1</ele>
      </trkpt>
      <trkpt lat="46.12612" lon="-95.87138">
        <ele>396.9</ele>
      </trkpt>
      <trkpt lat="46.12568" lon="-95.87051">
        <ele>398.6</ele>
      </trkpt>
      <trkpt lat="46.12517" lon="-95.8695">
        <ele>396.7</ele>
      </trkpt>
      <trkpt lat="46.12467" lon="-95.86849">
        <ele>396.2</ele>
      </trkpt>
      <trkpt lat="46.12416" lon="-95.86748">
        <ele>396.7</ele>
      </trkpt>
      <trkpt lat="46.12366" lon="-95.86647">
        <ele>396.0</ele>
      </trkpt>
      <trkpt lat="46.1233" lon="-95.86576">
        <ele>396.4</ele>
      </trkpt>
      <trkpt lat="46.12294" lon="-95.86504">
        <ele>396.2</ele>
      </trkpt>
      <trkpt lat="46.12258" lon="-95.86433">
        <ele>396.1</ele>
      </trkpt>
      <trkpt lat="46.12209" lon="-95.86324">
        <ele>395.2</ele>
      </trkpt>
      <trkpt lat="46.1216" lon="-95.86216">
        <ele>393.3</ele>
      </trkpt>
      <trkpt lat="46.12112" lon="-95.86107">
        <ele>393.4</ele>
      </trkpt>
      <trkpt lat="46.12063" lon="-95.85999">
        <ele>392.1</ele>
      </trkpt>
      <trkpt lat="46.12014" lon="-95.8589">
        <ele>393.1</ele>
      </trkpt>
      <trkpt lat="46.11965" lon="-95.85782">
        <ele>393.3</ele>
      </trkpt>
      <trkpt lat="46.11916" lon="-95.85673">
        <ele>392.0</ele>
      </trkpt>
      <trkpt lat="46.11868" lon="-95.85565">
        <ele>393.3</ele>
      </trkpt>
      <trkpt lat="46.11819" lon="-95.85456">
        <ele>392.6</ele>
      </trkpt>
      <trkpt lat="46.1177" lon="-95.85348">
        <ele>390.8</ele>
      </trkpt>
      <trkpt lat="46.11721" lon="-95.85239">
        <ele>390.5</ele>
      </trkpt>
      <trkpt lat="46.11673" lon="-95.85131">
        <ele>389.7</ele>
      </trkpt>
      <trkpt lat="46.11624" lon="-95.85022">
        <ele>390.5</ele>
      </trkpt>
      <trkpt lat="46.11575" lon="-95.84914">
        <ele>389.5</ele>
      </trkpt>
      <trkpt lat="46.11526" lon="-95.84805">
        <ele>388.2</ele>
      </trkpt>
      <trkpt lat="46.11478" lon="-95.84696">
        <ele>388.0</ele>
      </trkpt>
      <trkpt lat="46.11429" lon="-95.84588">
        <ele>387.4</ele>
      </trkpt>
      <trkpt lat="46.1138" lon="-95.84479">
        <ele>385.0</ele>
      </trkpt>
      <trkpt lat="46.11331" lon="-95.84371">
        <ele>385.4</ele>
      </trkpt>
      <trkpt lat="46.11282" lon="-95.84262">
        <ele>385.0</ele>
      </trkpt>
      <trkpt lat="46.11233" lon="-95.84154">
        <ele>384.8</ele>
      </trkpt>
      <trkpt lat="46.11184" lon="-95.84045">
        <ele>384.1</ele>
      </trkpt>
      <trkpt lat="46.11135" lon="-95.83937">
        <ele>383.9</ele>
      </trkpt>
      <trkpt lat="46.11086" lon="-95.83828">
        <ele>381.9</ele>
      </trkpt>
      <trkpt lat="46.11037" lon="-95.8372">
        <ele>381.2</ele>
      </trkpt>
      <trkpt lat="46.10989" lon="-95.83611">
        <ele>381.2</ele>
      </trkpt>
      <trkpt lat="46.1094" lon="-95.83503">
        <ele>381.0</ele>
      </trkpt>
      <trkpt lat="46.10891" lon="-95.83394">
        <ele>380.8</ele>
      </trkpt>
      <trkpt lat="46.10849" lon="-95.83304">
        <ele>381.7</ele>
      </trkpt>
      <trkpt lat="46.10808" lon="-95.83213">
        <ele>384.5</ele>
      </trkpt>
      <trkpt lat="46.10777" lon="-95.83143">
        <ele>384.7</ele>
      </trkpt>
      <trkpt lat="46.10745" lon="-95.83078">
        <ele>385.8</ele>
      </trkpt>
      <trkpt lat="46.10712" lon="-95.83015">
        <ele>384.1</ele>
      </trkpt>
      <trkpt lat="46.10679" lon="-95.82961">
        <ele>382.0</ele>
      </trkpt>
      <trkpt lat="46.10646" lon="-95.82906">
        <ele>383.5</ele>
      </trkpt>
      <trkpt lat="46.10587" lon="-95.82812">
        <ele>383.5</ele>
      </trkpt>
      <trkpt lat="46.10529" lon="-95.82719">
        <ele>385.2</ele>
      </trkpt>
      <trkpt lat="46.10498" lon="-95.82675">
        <ele>387.1</ele>
      </trkpt>
      <trkpt lat="46.10461" lon="-95.82628">
        <ele>387.5</ele>
      </trkpt>
      <trkpt lat="46.10437" lon="-95.82601">
        <ele>387.6</ele>
      </trkpt>
      <trkpt lat="46.10411" lon="-95.82574">
        <ele>388.4</ele>
      </trkpt>
      <trkpt lat="46.10371" lon="-95.82544">
        <ele>389.6</ele>
      </trkpt>
      <trkpt lat="46.10339" lon="-95.82521">
        <ele>390.0</ele>
      </trkpt>
      <trkpt lat="46.10294" lon="-95.82497">
        <ele>388.4</ele>
      </trkpt>
      <trkpt lat="46.10216" lon="-95.82459">
        <ele>386.1</ele>
      </trkpt>
      <trkpt lat="46.10138" lon="-95.82422">
        <ele>387.3</ele>
      </trkpt>
      <trkpt lat="46.10086" lon="-95.82396">
        <ele>387.3</ele>
      </trkpt>
      <trkpt lat="46.10032" lon="-95.82366">
        <ele>387.8</ele>
      </trkpt>
      <trkpt lat="46.09966" lon="-95.82316">
        <ele>389.2</ele>
      </trkpt>
      <trkpt lat="46.09929" lon="-95.82285">
        <ele>387.8</ele>
      </trkpt>
      <trkpt lat="46.09887" lon="-95.82243">
        <ele>387.3</ele>
      </trkpt>
      <trkpt lat="46.09863" lon="-95.82215">
        <ele>390.0</ele>
      </trkpt>
      <trkpt lat="46.09821" lon="-95.82165">
        <ele>391.3</ele>
      </trkpt>
      <trkpt lat="46.09761" lon="-95.82086">
        <ele>393.1</ele>
      </trkpt>
      <trkpt lat="46.09701" lon="-95.82007">
        <ele>392.7</ele>
      </trkpt>
      <trkpt lat="46.09646" lon="-95.81936">
        <ele>392.5</ele>
      </trkpt>
      <trkpt lat="46.09591" lon="-95.81865">
        <ele>392.9</ele>
      </trkpt>
      <trkpt lat="46.09536" lon="-95.81794">
        <ele>392.7</ele>
      </trkpt>
      <trkpt lat="46.09474" lon="-95.81715">
        <ele>393.1</ele>
      </trkpt>
      <trkpt lat="46.09412" lon="-95.81636">
        <ele>393.1</ele>
      </trkpt>
      <trkpt lat="46.09378" lon="-95.8159">
        <ele>392.9</ele>
      </trkpt>
      <trkpt lat="46.09344" lon="-95.81544">
        <ele>392.9</ele>
      </trkpt>
      <trkpt lat="46.09319" lon="-95.81501">
        <ele>392.4</ele>
      </trkpt>
      <trkpt lat="46.09301" lon="-95.81466">
        <ele>391.7</ele>
      </trkpt>
      <trkpt lat="46.09267" lon="-95.81388">
        <ele>390.1</ele>
      </trkpt>
      <trkpt lat="46.09227" lon="-95.81286">
        <ele>389.5</ele>
      </trkpt>
      <trkpt lat="46.09207" lon="-95.81224">
        <ele>388.7</ele>
      </trkpt>
      <trkpt lat="46.09186" lon="-95.81162">
        <ele>389.1</ele>
      </trkpt>
      <trkpt lat="46.09158" lon="-95.81073">
        <ele>389.3</ele>
      </trkpt>
      <trkpt lat="46.09131" lon="-95.80984">
        <ele>387.0</ele>
      </trkpt>
      <trkpt lat="46.09097" lon="-95.80881">
        <ele>385.8</ele>
      </trkpt>
      <trkpt lat="46.09064" lon="-95.80779">
        <ele>385.5</ele>
      </trkpt>
      <trkpt lat="46.09038" lon="-95.80702">
        <ele>385.3</ele>
      </trkpt>
      <trkpt lat="46.09" lon="-95.80594">
        <ele>385.1</ele>
      </trkpt>
      <trkpt lat="46.08962" lon="-95.80485">
        <ele>383.7</ele>
      </trkpt>
      <trkpt lat="46.08924" lon="-95.80376">
        <ele>381.9</ele>
      </trkpt>
      <trkpt lat="46.08886" lon="-95.80268">
        <ele>383.3</ele>
      </trkpt>
      <trkpt lat="46.08848" lon="-95.80159">
        <ele>382.4</ele>
      </trkpt>
      <trkpt lat="46.0881" lon="-95.8005">
        <ele>381.4</ele>
      </trkpt>
      <trkpt lat="46.08772" lon="-95.79942">
        <ele>380.8</ele>
      </trkpt>
      <trkpt lat="46.08735" lon="-95.79833">
        <ele>378.2</ele>
      </trkpt>
      <trkpt lat="46.08697" lon="-95.79724">
        <ele>377.7</ele>
      </trkpt>
      <trkpt lat="46.08659" lon="-95.79616">
        <ele>379.1</ele>
      </trkpt>
      <trkpt lat="46.08621" lon="-95.79507">
        <ele>380.5</ele>
      </trkpt>
      <trkpt lat="46.08591" lon="-95.79427">
        <ele>378.6</ele>
      </trkpt>
      <trkpt lat="46.08562" lon="-95.79354">
        <ele>377.5</ele>
      </trkpt>
      <trkpt lat="46.08528" lon="-95.79289">
        <ele>379.0</ele>
      </trkpt>
      <trkpt lat="46.08493" lon="-95.79228">
        <ele>379.1</ele>
      </trkpt>
      <trkpt lat="46.08456" lon="-95.79169">
        <ele>378.5</ele>
      </trkpt>
      <trkpt lat="46.08409" lon="-95.79102">
        <ele>379.2</ele>
      </trkpt>
      <trkpt lat="46.08375" lon="-95.79057">
        <ele>381.2</ele>
      </trkpt>
      <trkpt lat="46.08343" lon="-95.79017">
        <ele>380.3</ele>
      </trkpt>
      <trkpt lat="46.08275" lon="-95.78945">
        <ele>378.4</ele>
      </trkpt>
      <trkpt lat="46.08208" lon="-95.78879">
        <ele>378.9</ele>
      </trkpt>
      <trkpt lat="46.08167" lon="-95.78845">
        <ele>379.7</ele>
      </trkpt>
      <trkpt lat="46.08113" lon="-95.78804">
        <ele>378.9</ele>
      </trkpt>
      <trkpt lat="46.08042" lon="-95.78756">
        <ele>379.5</ele>
      </trkpt>
      <trkpt lat="46.07971" lon="-95.78707">
        <ele>380.0</ele>
      </trkpt>
      <trkpt lat="46.07901" lon="-95.78659">
        <ele>380.2</ele>
      </trkpt>
      <trkpt lat="46.0783" lon="-95.78611">
        <ele>378.7</ele>
      </trkpt>
      <trkpt lat="46.0776" lon="-95.78563">
        <ele>380.1</ele>
      </trkpt>
      <trkpt lat="46.07725" lon="-95.78537">
        <ele>380.2</ele>
      </trkpt>
      <trkpt lat="46.07697" lon="-95.78515">
        <ele>379.5</ele>
      </trkpt>
      <trkpt lat="46.0768" lon="-95.785">
        <ele>379.1</ele>
      </trkpt>
      <trkpt lat="46.07665" lon="-95.78484">
        <ele>379.3</ele>
      </trkpt>
      <trkpt lat="46.07629" lon="-95.78442">
        <ele>377.9</ele>
      </trkpt>
      <trkpt lat="46.07572" lon="-95.78365">
        <ele>375.2</ele>
      </trkpt>
      <trkpt lat="46.07515" lon="-95.78289">
        <ele>373.9</ele>
      </trkpt>
      <trkpt lat="46.07458" lon="-95.78212">
        <ele>375.7</ele>
      </trkpt>
      <trkpt lat="46.07416" lon="-95.78155">
        <ele>375.8</ele>
      </trkpt>
      <trkpt lat="46.07375" lon="-95.78098">
        <ele>376.1</ele>
      </trkpt>
      <trkpt lat="46.07316" lon="-95.78006">
        <ele>377.8</ele>
      </trkpt>
      <trkpt lat="46.07298" lon="-95.77974">
        <ele>377.8</ele>
      </trkpt>
      <trkpt lat="46.07281" lon="-95.77937">
        <ele>377.6</ele>
      </trkpt>
      <trkpt lat="46.07249" lon="-95.77863">
        <ele>377.5</ele>
      </trkpt>
      <trkpt lat="46.07235" lon="-95.77822">
        <ele>377.8</ele>
      </trkpt>
      <trkpt lat="46.07218" lon="-95.77767">
        <ele>378.0</ele>
      </trkpt>
      <trkpt lat="46.07204" lon="-95.77712">
        <ele>375.9</ele>
      </trkpt>
      <trkpt lat="46.07191" lon="-95.77643">
        <ele>372.6</ele>
      </trkpt>
      <trkpt lat="46.07182" lon="-95.77579">
        <ele>372.1</ele>
      </trkpt>
      <trkpt lat="46.07173" lon="-95.77503">
        <ele>372.1</ele>
      </trkpt>
      <trkpt lat="46.07165" lon="-95.77427">
        <ele>372.1</ele>
      </trkpt>
      <trkpt lat="46.07157" lon="-95.77359">
        <ele>372.1</ele>
      </trkpt>
      <trkpt lat="46.07148" lon="-95.77291">
        <ele>372.1</ele>
      </trkpt>
      <trkpt lat="46.07137" lon="-95.7719">
        <ele>373.8</ele>
      </trkpt>
      <trkpt lat="46.07127" lon="-95.77113">
        <ele>375.1</ele>
      </trkpt>
      <trkpt lat="46.07117" lon="-95.77037">
        <ele>376.1</ele>
      </trkpt>
      <trkpt lat="46.07106" lon="-95.76947">
        <ele>376.2</ele>
      </trkpt>
      <trkpt lat="46.07095" lon="-95.76857">
        <ele>377.8</ele>
      </trkpt>
      <trkpt lat="46.0708" lon="-95.76736">
        <ele>378.1</ele>
      </trkpt>
      <trkpt lat="46.07066" lon="-95.76615">
        <ele>379.8</ele>
      </trkpt>
      <trkpt lat="46.07051" lon="-95.76493">
        <ele>381.0</ele>
      </trkpt>
      <trkpt lat="46.07037" lon="-95.76372">
        <ele>380.9</ele>
      </trkpt>
      <trkpt lat="46.07028" lon="-95.76315">
        <ele>381.1</ele>
      </trkpt>
      <trkpt lat="46.07018" lon="-95.76261">
        <ele>381.0</ele>
      </trkpt>
      <trkpt lat="46.06999" lon="-95.76172">
        <ele>380.5</ele>
      </trkpt>
      <trkpt lat="46.06974" lon="-95.76072">
        <ele>379.0</ele>
      </trkpt>
      <trkpt lat="46.06948" lon="-95.76003">
        <ele>377.4</ele>
      </trkpt>
      <trkpt lat="46.06918" lon="-95.75918">
        <ele>378.1</ele>
      </trkpt>
      <trkpt lat="46.06889" lon="-95.75833">
        <ele>378.3</ele>
      </trkpt>
      <trkpt lat="46.06859" lon="-95.75747">
        <ele>376.7</ele>
      </trkpt>
      <trkpt lat="46.06837" lon="-95.75683">
        <ele>378.1</ele>
      </trkpt>
      <trkpt lat="46.06815" lon="-95.75619">
        <ele>378.5</ele>
      </trkpt>
      <trkpt lat="46.06782" lon="-95.75525">
        <ele>377.2</ele>
      </trkpt>
      <trkpt lat="46.06749" lon="-95.75431">
        <ele>376.5</ele>
      </trkpt>
      <trkpt lat="46.06716" lon="-95.75336">
        <ele>379.3</ele>
      </trkpt>
      <trkpt lat="46.06683" lon="-95.75242">
        <ele>381.6</ele>
      </trkpt>
      <trkpt lat="46.06661" lon="-95.75178">
        <ele>381.3</ele>
      </trkpt>
      <trkpt lat="46.0664" lon="-95.75114">
        <ele>380.8</ele>
      </trkpt>
      <trkpt lat="46.0662" lon="-95.7504">
        <ele>381.0</ele>
      </trkpt>
      <trkpt lat="46.06606" lon="-95.74983">
        <ele>380.9</ele>
      </trkpt>
      <trkpt lat="46.06585" lon="-95.74881">
        <ele>381.4</ele>
      </trkpt>
      <trkpt lat="46.06564" lon="-95.7478">
        <ele>381.1</ele>
      </trkpt>
      <trkpt lat="46.06542" lon="-95.74679">
        <ele>384.5</ele>
      </trkpt>
      <trkpt lat="46.06521" lon="-95.74575">
        <ele>384.3</ele>
      </trkpt>
      <trkpt lat="46.065" lon="-95.74471">
        <ele>383.6</ele>
      </trkpt>
      <trkpt lat="46.06478" lon="-95.74367">
        <ele>384.6</ele>
      </trkpt>
      <trkpt lat="46.06457" lon="-95.74263">
        <ele>387.0</ele>
      </trkpt>
      <trkpt lat="46.06439" lon="-95.7418">
        <ele>389.8</ele>
      </trkpt>
      <trkpt lat="46.06421" lon="-95.74097">
        <ele>390.1</ele>
      </trkpt>
      <trkpt lat="46.06404" lon="-95.74014">
        <ele>389.0</ele>
      </trkpt>
      <trkpt lat="46.06382" lon="-95.73942">
        <ele>388.5</ele>
      </trkpt>
      <trkpt lat="46.06361" lon="-95.7387">
        <ele>390.7</ele>
      </trkpt>
      <trkpt lat="46.06321" lon="-95.73767">
        <ele>390.8</ele>
      </trkpt>
      <trkpt lat="46.06297" lon="-95.7371">
        <ele>390.5</ele>
      </trkpt>
      <trkpt lat="46.06267" lon="-95.73648">
        <ele>390.1</ele>
      </trkpt>
      <trkpt lat="46.06211" lon="-95.73548">
        <ele>388.6</ele>
      </trkpt>
      <trkpt lat="46.06176" lon="-95.73492">
        <ele>388.9</ele>
      </trkpt>
      <trkpt lat="46.06135" lon="-95.73436">
        <ele>388.1</ele>
      </trkpt>
      <trkpt lat="46.06093" lon="-95.73381">
        <ele>389.9</ele>
      </trkpt>
      <trkpt lat="46.06033" lon="-95.73313">
        <ele>391.0</ele>
      </trkpt>
      <trkpt lat="46.05994" lon="-95.73274">
        <ele>395.1</ele>
      </trkpt>
      <trkpt lat="46.05943" lon="-95.7323">
        <ele>396.5</ele>
      </trkpt>
      <trkpt lat="46.05868" lon="-95.73174">
        <ele>396.8</ele>
      </trkpt>
      <trkpt lat="46.0581" lon="-95.73137">
        <ele>397.4</ele>
      </trkpt>
      <trkpt lat="46.0576" lon="-95.73109">
        <ele>398.3</ele>
      </trkpt>
      <trkpt lat="46.05697" lon="-95.73083">
        <ele>396.8</ele>
      </trkpt>
      <trkpt lat="46.05621" lon="-95.73052">
        <ele>396.8</ele>
      </trkpt>
      <trkpt lat="46.05544" lon="-95.73021">
        <ele>398.5</ele>
      </trkpt>
      <trkpt lat="46.05468" lon="-95.72991">
        <ele>399.9</ele>
      </trkpt>
      <trkpt lat="46.05409" lon="-95.72966">
        <ele>399.2</ele>
      </trkpt>
      <trkpt lat="46.05341" lon="-95.72937">
        <ele>401.4</ele>
      </trkpt>
      <trkpt lat="46.05278" lon="-95.72913">
        <ele>401.1</ele>
      </trkpt>
      <trkpt lat="46.05215" lon="-95.7289">
        <ele>399.7</ele>
      </trkpt>
      <trkpt lat="46.05159" lon="-95.72865">
        <ele>400.3</ele>
      </trkpt>
      <trkpt lat="46.05127" lon="-95.72848">
        <ele>401.2</ele>
      </trkpt>
      <trkpt lat="46.051" lon="-95.72831">
        <ele>401.6</ele>
      </trkpt>
      <trkpt lat="46.05059" lon="-95.72803">
        <ele>401.4</ele>
      </trkpt>
      <trkpt lat="46.05012" lon="-95.72769">
        <ele>402.5</ele>
      </trkpt>
      <trkpt lat="46.04966" lon="-95.72733">
        <ele>401.6</ele>
      </trkpt>
      <trkpt lat="46.04891" lon="-95.72671">
        <ele>399.4</ele>
      </trkpt>
      <trkpt lat="46.04816" lon="-95.7261">
        <ele>400.2</ele>
      </trkpt>
      <trkpt lat="46.04741" lon="-95.72548">
        <ele>399.4</ele>
      </trkpt>
      <trkpt lat="46.04665" lon="-95.72486">
        <ele>400.7</ele>
      </trkpt>
      <trkpt lat="46.0459" lon="-95.72424">
        <ele>402.4</ele>
      </trkpt>
      <trkpt lat="46.04514" lon="-95.72362">
        <ele>399.5</ele>
      </trkpt>
      <trkpt lat="46.04439" lon="-95.72299">
        <ele>399.4</ele>
      </trkpt>
      <trkpt lat="46.04364" lon="-95.72237">
        <ele>403.0</ele>
      </trkpt>
      <trkpt lat="46.04288" lon="-95.72175">
        <ele>405.3</ele>
      </trkpt>
      <trkpt lat="46.04213" lon="-95.72113">
        <ele>403.9</ele>
      </trkpt>
      <trkpt lat="46.04138" lon="-95.72051">
        <ele>404.2</ele>
      </trkpt>
      <trkpt lat="46.04071" lon="-95.71995">
        <ele>405.9</ele>
      </trkpt>
      <trkpt lat="46.04004" lon="-95.71939">
        <ele>407.7</ele>
      </trkpt>
      <trkpt lat="46.03937" lon="-95.71884">
        <ele>407.5</ele>
      </trkpt>
      <trkpt lat="46.03871" lon="-95.71828">
        <ele>409.7</ele>
      </trkpt>
      <trkpt lat="46.03804" lon="-95.71773">
        <ele>412.8</ele>
      </trkpt>
      <trkpt lat="46.03733" lon="-95.71715">
        <ele>408.4</ele>
      </trkpt>
      <trkpt lat="46.03663" lon="-95.71657">
        <ele>408.6</ele>
      </trkpt>
      <trkpt lat="46.03592" lon="-95.716">
        <ele>409.4</ele>
      </trkpt>
      <trkpt lat="46.03521" lon="-95.71542">
        <ele>409.7</ele>
      </trkpt>
      <trkpt lat="46.03448" lon="-95.71482">
        <ele>410.2</ele>
      </trkpt>
      <trkpt lat="46.03376" lon="-95.71421">
        <ele>409.5</ele>
      </trkpt>
      <trkpt lat="46.03303" lon="-95.71361">
        <ele>411.6</ele>
      </trkpt>
      <trkpt lat="46.03264" lon="-95.71329">
        <ele>411.5</ele>
      </trkpt>
      <trkpt lat="46.03221" lon="-95.71289">
        <ele>411.8</ele>
      </trkpt>
      <trkpt lat="46.03183" lon="-95.71251">
        <ele>414.1</ele>
      </trkpt>
      <trkpt lat="46.03146" lon="-95.71213">
        <ele>413.9</ele>
      </trkpt>
      <trkpt lat="46.03076" lon="-95.7114">
        <ele>415.9</ele>
      </trkpt>
      <trkpt lat="46.03006" lon="-95.71067">
        <ele>416.6</ele>
      </trkpt>
      <trkpt lat="46.02936" lon="-95.70994">
        <ele>417.1</ele>
      </trkpt>
      <trkpt lat="46.02866" lon="-95.70921">
        <ele>416.6</ele>
      </trkpt>
      <trkpt lat="46.02796" lon="-95.70848">
        <ele>414.7</ele>
      </trkpt>
      <trkpt lat="46.02726" lon="-95.70775">
        <ele>417.0</ele>
      </trkpt>
      <trkpt lat="46.02656" lon="-95.70703">
        <ele>418.1</ele>
      </trkpt>
      <trkpt lat="46.02615" lon="-95.70659">
        <ele>418.0</ele>
      </trkpt>
      <trkpt lat="46.02574" lon="-95.70616">
        <ele>420.0</ele>
      </trkpt>
      <trkpt lat="46.02502" lon="-95.70541">
        <ele>420.4</ele>
      </trkpt>
      <trkpt lat="46.02429" lon="-95.70465">
        <ele>419.0</ele>
      </trkpt>
      <trkpt lat="46.02357" lon="-95.70389">
        <ele>419.7</ele>
      </trkpt>
      <trkpt lat="46.02285" lon="-95.70314">
        <ele>416.7</ele>
      </trkpt>
      <trkpt lat="46.02212" lon="-95.70238">
        <ele>418.7</ele>
      </trkpt>
      <trkpt lat="46.0214" lon="-95.70162">
        <ele>420.9</ele>
      </trkpt>
      <trkpt lat="46.02067" lon="-95.70087">
        <ele>421.5</ele>
      </trkpt>
      <trkpt lat="46.01995" lon="-95.70011">
        <ele>415.9</ele>
      </trkpt>
      <trkpt lat="46.01922" lon="-95.69935">
        <ele>414.7</ele>
      </trkpt>
      <trkpt lat="46.0185" lon="-95.6986">
        <ele>416.2</ele>
      </trkpt>
      <trkpt lat="46.01778" lon="-95.69784">
        <ele>417.4</ele>
      </trkpt>
      <trkpt lat="46.01705" lon="-95.69709">
        <ele>419.3</ele>
      </trkpt>
      <trkpt lat="46.01656" lon="-95.69658">
        <ele>419.2</ele>
      </trkpt>
      <trkpt lat="46.01608" lon="-95.69608">
        <ele>419.7</ele>
      </trkpt>
      <trkpt lat="46.01551" lon="-95.69546">
        <ele>418.9</ele>
      </trkpt>
      <trkpt lat="46.01505" lon="-95.69499">
        <ele>415.5</ele>
      </trkpt>
      <trkpt lat="46.01459" lon="-95.69452">
        <ele>414.6</ele>
      </trkpt>
      <trkpt lat="46.01408" lon="-95.69397">
        <ele>413.7</ele>
      </trkpt>
      <trkpt lat="46.01371" lon="-95.69359">
        <ele>412.3</ele>
      </trkpt>
      <trkpt lat="46.01333" lon="-95.69322">
        <ele>414.3</ele>
      </trkpt>
      <trkpt lat="46.01264" lon="-95.6925">
        <ele>415.5</ele>
      </trkpt>
      <trkpt lat="46.01196" lon="-95.69178">
        <ele>414.9</ele>
      </trkpt>
      <trkpt lat="46.01127" lon="-95.69106">
        <ele>412.4</ele>
      </trkpt>
      <trkpt lat="46.01059" lon="-95.69037">
        <ele>412.4</ele>
      </trkpt>
      <trkpt lat="46.0099" lon="-95.68968">
        <ele>412.0</ele>
      </trkpt>
      <trkpt lat="46.00939" lon="-95.68915">
        <ele>412.0</ele>
      </trkpt>
      <trkpt lat="46.00903" lon="-95.68874">
        <ele>411.8</ele>
      </trkpt>
      <trkpt lat="46.00867" lon="-95.68833">
        <ele>413.8</ele>
      </trkpt>
      <trkpt lat="46.00806" lon="-95.68755">
        <ele>413.8</ele>
      </trkpt>
      <trkpt lat="46.00764" lon="-95.68691">
        <ele>412.9</ele>
      </trkpt>
      <trkpt lat="46.00728" lon="-95.68633">
        <ele>412.5</ele>
      </trkpt>
      <trkpt lat="46.00693" lon="-95.68576">
        <ele>412.5</ele>
      </trkpt>
      <trkpt lat="46.00639" lon="-95.685">
        <ele>412.0</ele>
      </trkpt>
      <trkpt lat="46.00597" lon="-95.6844">
        <ele>412.0</ele>
      </trkpt>
      <trkpt lat="46.00555" lon="-95.6838">
        <ele>412.3</ele>
      </trkpt>
      <trkpt lat="46.00514" lon="-95.68316">
        <ele>411.8</ele>
      </trkpt>
      <trkpt lat="46.00474" lon="-95.68252">
        <ele>412.0</ele>
      </trkpt>
      <trkpt lat="46.00417" lon="-95.68161">
        <ele>412.3</ele>
      </trkpt>
      <trkpt lat="46.0036" lon="-95.68074">
        <ele>411.7</ele>
      </trkpt>
      <trkpt lat="46.00328" lon="-95.68024">
        <ele>411.7</ele>
      </trkpt>
      <trkpt lat="46.00297" lon="-95.67974">
        <ele>411.1</ele>
      </trkpt>
      <trkpt lat="46.00247" lon="-95.67903">
        <ele>411.6</ele>
      </trkpt>
      <trkpt lat="46.00205" lon="-95.67838">
        <ele>414.4</ele>
      </trkpt>
      <trkpt lat="46.00162" lon="-95.67773">
        <ele>417.4</ele>
      </trkpt>
      <trkpt lat="46.0012" lon="-95.67708">
        <ele>417.2</ele>
      </trkpt>
      <trkpt lat="46.00063" lon="-95.67619">
        <ele>416.7</ele>
      </trkpt>
      <trkpt lat="46.00006" lon="-95.67531">
        <ele>416.0</ele>
      </trkpt>
      <trkpt lat="45.99949" lon="-95.67442">
        <ele>415.9</ele>
      </trkpt>
      <trkpt lat="45.99892" lon="-95.67353">
        <ele>415.2</ele>
      </trkpt>
      <trkpt lat="45.9986" lon="-95.67301">
        <ele>414.8</ele>
      </trkpt>
      <trkpt lat="45.99809" lon="-95.67225">
        <ele>417.7</ele>
      </trkpt>
      <trkpt lat="45.99758" lon="-95.67149">
        <ele>418.6</ele>
      </trkpt>
      <trkpt lat="45.99699" lon="-95.67059">
        <ele>417.8</ele>
      </trkpt>
      <trkpt lat="45.99641" lon="-95.66969">
        <ele>418.0</ele>
      </trkpt>
      <trkpt lat="45.99583" lon="-95.66879">
        <ele>419.7</ele>
      </trkpt>
      <trkpt lat="45.99524" lon="-95.66789">
        <ele>421.0</ele>
      </trkpt>
      <trkpt lat="45.99466" lon="-95.66699">
        <ele>419.7</ele>
      </trkpt>
      <trkpt lat="45.99407" lon="-95.66609">
        <ele>418.3</ele>
      </trkpt>
      <trkpt lat="45.99349" lon="-95.66519">
        <ele>417.8</ele>
      </trkpt>
      <trkpt lat="45.99291" lon="-95.66429">
        <ele>417.8</ele>
      </trkpt>
      <trkpt lat="45.99232" lon="-95.66338">
        <ele>416.3</ele>
      </trkpt>
      <trkpt lat="45.9919" lon="-95.66273">
        <ele>415.8</ele>
      </trkpt>
      <trkpt lat="45.99147" lon="-95.66207">
        <ele>415.0</ele>
      </trkpt>
      <trkpt lat="45.99105" lon="-95.66141">
        <ele>414.8</ele>
      </trkpt>
      <trkpt lat="45.9905" lon="-95.66056">
        <ele>415.2</ele>
      </trkpt>
      <trkpt lat="45.98995" lon="-95.65972">
        <ele>414.7</ele>
      </trkpt>
      <trkpt lat="45.98941" lon="-95.65888">
        <ele>414.8</ele>
      </trkpt>
      <trkpt lat="45.98886" lon="-95.65803">
        <ele>414.7</ele>
      </trkpt>
      <trkpt lat="45.98831" lon="-95.65719">
        <ele>415.0</ele>
      </trkpt>
      <trkpt lat="45.98776" lon="-95.65634">
        <ele>417.1</ele>
      </trkpt>
      <trkpt lat="45.98733" lon="-95.65571">
        <ele>416.7</ele>
      </trkpt>
      <trkpt lat="45.9869" lon="-95.65507">
        <ele>416.5</ele>
      </trkpt>
      <trkpt lat="45.98641" lon="-95.6543">
        <ele>419.2</ele>
      </trkpt>
      <trkpt lat="45.98592" lon="-95.65352">
        <ele>420.9</ele>
      </trkpt>
      <trkpt lat="45.98536" lon="-95.65267">
        <ele>420.9</ele>
      </trkpt>
      <trkpt lat="45.9848" lon="-95.65181">
        <ele>421.8</ele>
      </trkpt>
      <trkpt lat="45.98425" lon="-95.65095">
        <ele>419.8</ele>
      </trkpt>
      <trkpt lat="45.9837" lon="-95.65009">
        <ele>420.9</ele>
      </trkpt>
      <trkpt lat="45.98317" lon="-95.6492">
        <ele>421.2</ele>
      </trkpt>
      <trkpt lat="45.98276" lon="-95.64838">
        <ele>420.7</ele>
      </trkpt>
      <trkpt lat="45.98234" lon="-95.64756">
        <ele>420.4</ele>
      </trkpt>
      <trkpt lat="45.98191" lon="-95.64646">
        <ele>418.0</ele>
      </trkpt>
      <trkpt lat="45.98147" lon="-95.64536">
        <ele>417.8</ele>
      </trkpt>
      <trkpt lat="45.98104" lon="-95.64426">
        <ele>416.6</ele>
      </trkpt>
      <trkpt lat="45.9806" lon="-95.64316">
        <ele>413.9</ele>
      </trkpt>
      <trkpt lat="45.98032" lon="-95.64242">
        <ele>412.7</ele>
      </trkpt>
      <trkpt lat="45.98004" lon="-95.64168">
        <ele>413.8</ele>
      </trkpt>
      <trkpt lat="45.97962" lon="-95.6406">
        <ele>415.6</ele>
      </trkpt>
      <trkpt lat="45.9792" lon="-95.63952">
        <ele>415.5</ele>
      </trkpt>
      <trkpt lat="45.97879" lon="-95.63843">
        <ele>416.4</ele>
      </trkpt>
      <trkpt lat="45.97837" lon="-95.63735">
        <ele>417.8</ele>
      </trkpt>
      <trkpt lat="45.97795" lon="-95.63627">
        <ele>418.6</ele>
      </trkpt>
      <trkpt lat="45.97761" lon="-95.63542">
        <ele>418.8</ele>
      </trkpt>
      <trkpt lat="45.97728" lon="-95.63458">
        <ele>417.8</ele>
      </trkpt>
      <trkpt lat="45.97692" lon="-95.63365">
        <ele>417.9</ele>
      </trkpt>
      <trkpt lat="45.97657" lon="-95.63271">
        <ele>418.0</ele>
      </trkpt>
      <trkpt lat="45.9762" lon="-95.63177">
        <ele>417.9</ele>
      </trkpt>
      <trkpt lat="45.97583" lon="-95.63082">
        <ele>417.8</ele>
      </trkpt>
      <trkpt lat="45.97546" lon="-95.62988">
        <ele>417.8</ele>
      </trkpt>
      <trkpt lat="45.97509" lon="-95.62893">
        <ele>417.9</ele>
      </trkpt>
      <trkpt lat="45.97471" lon="-95.62795">
        <ele>418.7</ele>
      </trkpt>
      <trkpt lat="45.97433" lon="-95.62698">
        <ele>418.4</ele>
      </trkpt>
      <trkpt lat="45.97395" lon="-95.626">
        <ele>419.4</ele>
      </trkpt>
      <trkpt lat="45.97357" lon="-95.62502">
        <ele>421.0</ele>
      </trkpt>
      <trkpt lat="45.97319" lon="-95.62404">
        <ele>423.8</ele>
      </trkpt>
      <trkpt lat="45.97281" lon="-95.62306">
        <ele>423.9</ele>
      </trkpt>
      <trkpt lat="45.97243" lon="-95.62209">
        <ele>423.9</ele>
      </trkpt>
      <trkpt lat="45.9721" lon="-95.6212">
        <ele>423.9</ele>
      </trkpt>
      <trkpt lat="45.97176" lon="-95.62031">
        <ele>423.7</ele>
      </trkpt>
      <trkpt lat="45.97142" lon="-95.61943">
        <ele>421.7</ele>
      </trkpt>
      <trkpt lat="45.97108" lon="-95.61854">
        <ele>420.8</ele>
      </trkpt>
      <trkpt lat="45.97065" lon="-95.61743">
        <ele>420.8</ele>
      </trkpt>
      <trkpt lat="45.97022" lon="-95.61633">
        <ele>420.8</ele>
      </trkpt>
      <trkpt lat="45.96978" lon="-95.61522">
        <ele>421.0</ele>
      </trkpt>
      <trkpt lat="45.96935" lon="-95.61412">
        <ele>422.5</ele>
      </trkpt>
      <trkpt lat="45.96892" lon="-95.61301">
        <ele>422.1</ele>
      </trkpt>
      <trkpt lat="45.96855" lon="-95.61206">
        <ele>421.0</ele>
      </trkpt>
      <trkpt lat="45.96819" lon="-95.6111">
        <ele>420.9</ele>
      </trkpt>
      <trkpt lat="45.96782" lon="-95.61015">
        <ele>418.6</ele>
      </trkpt>
      <trkpt lat="45.96745" lon="-95.60919">
        <ele>417.8</ele>
      </trkpt>
      <trkpt lat="45.96708" lon="-95.60824">
        <ele>417.8</ele>
      </trkpt>
      <trkpt lat="45.96671" lon="-95.60729">
        <ele>417.8</ele>
      </trkpt>
      <trkpt lat="45.96634" lon="-95.60634">
        <ele>418.3</ele>
      </trkpt>
      <trkpt lat="45.96597" lon="-95.60538">
        <ele>417.8</ele>
      </trkpt>
      <trkpt lat="45.9656" lon="-95.60443">
        <ele>419.9</ele>
      </trkpt>
      <trkpt lat="45.96523" lon="-95.60348">
        <ele>420.7</ele>
      </trkpt>
      <trkpt lat="45.96507" lon="-95.60308">
        <ele>421.0</ele>
      </trkpt>
      <trkpt lat="45.96486" lon="-95.60265">
        <ele>421.1</ele>
      </trkpt>
      <trkpt lat="45.96461" lon="-95.60224">
        <ele>421.4</ele>
      </trkpt>
      <trkpt lat="45.96427" lon="-95.60141">
        <ele>422.7</ele>
      </trkpt>
      <trkpt lat="45.96392" lon="-95.60058">
        <ele>423.4</ele>
      </trkpt>
      <trkpt lat="45.96362" lon="-95.59978">
        <ele>423.5</ele>
      </trkpt>
      <trkpt lat="45.96358" lon="-95.59962">
        <ele>423.6</ele>
      </trkpt>
      <trkpt lat="45.96334" lon="-95.59901">
        <ele>423.6</ele>
      </trkpt>
      <trkpt lat="45.9631" lon="-95.59839">
        <ele>423.4</ele>
      </trkpt>
      <trkpt lat="45.96279" lon="-95.59749">
        <ele>423.8</ele>
      </trkpt>
      <trkpt lat="45.9627" lon="-95.59718">
        <ele>423.8</ele>
      </trkpt>
      <trkpt lat="45.96255" lon="-95.59655">
        <ele>423.5</ele>
      </trkpt>
      <trkpt lat="45.96246" lon="-95.59607">
        <ele>423.4</ele>
      </trkpt>
      <trkpt lat="45.96212" lon="-95.59489">
        <ele>421.0</ele>
      </trkpt>
      <trkpt lat="45.96179" lon="-95.59383">
        <ele>420.8</ele>
      </trkpt>
      <trkpt lat="45.96146" lon="-95.59277">
        <ele>420.8</ele>
      </trkpt>
      <trkpt lat="45.96114" lon="-95.5917">
        <ele>420.8</ele>
      </trkpt>
      <trkpt lat="45.96079" lon="-95.59056">
        <ele>421.1</ele>
      </trkpt>
      <trkpt lat="45.96045" lon="-95.58942">
        <ele>421.1</ele>
      </trkpt>
      <trkpt lat="45.9601" lon="-95.58828">
        <ele>421.8</ele>
      </trkpt>
      <trkpt lat="45.95976" lon="-95.58713">
        <ele>424.0</ele>
      </trkpt>
      <trkpt lat="45.95942" lon="-95.58599">
        <ele>430.1</ele>
      </trkpt>
      <trkpt lat="45.95907" lon="-95.58505">
        <ele>429.6</ele>
      </trkpt>
      <trkpt lat="45.95874" lon="-95.5844">
        <ele>428.1</ele>
      </trkpt>
      <trkpt lat="45.95841" lon="-95.58375">
        <ele>428.0</ele>
      </trkpt>
      <trkpt lat="45.95792" lon="-95.58287">
        <ele>429.3</ele>
      </trkpt>
      <trkpt lat="45.95743" lon="-95.582">
        <ele>426.0</ele>
      </trkpt>
      <trkpt lat="45.95714" lon="-95.58154">
        <ele>426.9</ele>
      </trkpt>
      <trkpt lat="45.95672" lon="-95.58079">
        <ele>426.9</ele>
      </trkpt>
      <trkpt lat="45.9563" lon="-95.58005">
        <ele>426.5</ele>
      </trkpt>
      <trkpt lat="45.95587" lon="-95.57931">
        <ele>424.3</ele>
      </trkpt>
      <trkpt lat="45.95544" lon="-95.57857">
        <ele>428.6</ele>
      </trkpt>
      <trkpt lat="45.95515" lon="-95.57802">
        <ele>430.1</ele>
      </trkpt>
      <trkpt lat="45.95487" lon="-95.57747">
        <ele>430.4</ele>
      </trkpt>
      <trkpt lat="45.9544" lon="-95.57642">
        <ele>430.0</ele>
      </trkpt>
      <trkpt lat="45.95397" lon="-95.57536">
        <ele>429.0</ele>
      </trkpt>
      <trkpt lat="45.95353" lon="-95.57431">
        <ele>429.6</ele>
      </trkpt>
      <trkpt lat="45.95309" lon="-95.57325">
        <ele>429.8</ele>
      </trkpt>
      <trkpt lat="45.95266" lon="-95.57219">
        <ele>430.7</ele>
      </trkpt>
      <trkpt lat="45.95222" lon="-95.57113">
        <ele>432.0</ele>
      </trkpt>
      <trkpt lat="45.95179" lon="-95.57007">
        <ele>432.8</ele>
      </trkpt>
      <trkpt lat="45.95135" lon="-95.56901">
        <ele>432.0</ele>
      </trkpt>
      <trkpt lat="45.95091" lon="-95.56795">
        <ele>431.0</ele>
      </trkpt>
      <trkpt lat="45.95048" lon="-95.56689">
        <ele>431.6</ele>
      </trkpt>
      <trkpt lat="45.9501" lon="-95.56598">
        <ele>431.8</ele>
      </trkpt>
      <trkpt lat="45.94972" lon="-95.56507">
        <ele>431.2</ele>
      </trkpt>
      <trkpt lat="45.94939" lon="-95.56424">
        <ele>430.2</ele>
      </trkpt>
      <trkpt lat="45.94925" lon="-95.56382">
        <ele>429.3</ele>
      </trkpt>
      <trkpt lat="45.9491" lon="-95.56331">
        <ele>428.7</ele>
      </trkpt>
      <trkpt lat="45.94894" lon="-95.56269">
        <ele>427.9</ele>
      </trkpt>
      <trkpt lat="45.94884" lon="-95.56222">
        <ele>426.4</ele>
      </trkpt>
      <trkpt lat="45.94873" lon="-95.5616">
        <ele>426.8</ele>
      </trkpt>
      <trkpt lat="45.94867" lon="-95.56112">
        <ele>424.2</ele>
      </trkpt>
      <trkpt lat="45.94862" lon="-95.56083">
        <ele>424.5</ele>
      </trkpt>
      <trkpt lat="45.94849" lon="-95.55989">
        <ele>427.0</ele>
      </trkpt>
      <trkpt lat="45.94836" lon="-95.55894">
        <ele>428.8</ele>
      </trkpt>
      <trkpt lat="45.94825" lon="-95.55805">
        <ele>429.9</ele>
      </trkpt>
      <trkpt lat="45.94813" lon="-95.55715">
        <ele>430.1</ele>
      </trkpt>
      <trkpt lat="45.94809" lon="-95.55678">
        <ele>429.5</ele>
      </trkpt>
      <trkpt lat="45.94804" lon="-95.55584">
        <ele>429.0</ele>
      </trkpt>
      <trkpt lat="45.94804" lon="-95.55519">
        <ele>428.0</ele>
      </trkpt>
      <trkpt lat="45.94805" lon="-95.55467">
        <ele>427.3</ele>
      </trkpt>
      <trkpt lat="45.94809" lon="-95.55409">
        <ele>428.2</ele>
      </trkpt>
      <trkpt lat="45.94817" lon="-95.55332">
        <ele>428.3</ele>
      </trkpt>
      <trkpt lat="45.94826" lon="-95.55278">
        <ele>427.7</ele>
      </trkpt>
      <trkpt lat="45.94835" lon="-95.55225">
        <ele>427.8</ele>
      </trkpt>
      <trkpt lat="45.9486" lon="-95.55125">
        <ele>426.9</ele>
      </trkpt>
      <trkpt lat="45.94884" lon="-95.55025">
        <ele>426.9</ele>
      </trkpt>
      <trkpt lat="45.94908" lon="-95.54925">
        <ele>427.0</ele>
      </trkpt>
      <trkpt lat="45.9492" lon="-95.54872">
        <ele>428.1</ele>
      </trkpt>
      <trkpt lat="45.94936" lon="-95.54796">
        <ele>428.6</ele>
      </trkpt>
      <trkpt lat="45.94941" lon="-95.54764">
        <ele>428.0</ele>
      </trkpt>
      <trkpt lat="45.94945" lon="-95.54734">
        <ele>427.5</ele>
      </trkpt>
      <trkpt lat="45.94956" lon="-95.54607">
        <ele>427.0</ele>
      </trkpt>
      <trkpt lat="45.94963" lon="-95.54511">
        <ele>427.3</ele>
      </trkpt>
      <trkpt lat="45.9497" lon="-95.54416">
        <ele>429.9</ele>
      </trkpt>
      <trkpt lat="45.94978" lon="-95.54321">
        <ele>431.9</ele>
      </trkpt>
      <trkpt lat="45.9498" lon="-95.54278">
        <ele>432.8</ele>
      </trkpt>
      <trkpt lat="45.94982" lon="-95.54201">
        <ele>433.0</ele>
      </trkpt>
      <trkpt lat="45.94982" lon="-95.54154">
        <ele>433.0</ele>
      </trkpt>
      <trkpt lat="45.94981" lon="-95.54103">
        <ele>431.8</ele>
      </trkpt>
      <trkpt lat="45.94973" lon="-95.53993">
        <ele>430.4</ele>
      </trkpt>
      <trkpt lat="45.94964" lon="-95.5388">
        <ele>430.6</ele>
      </trkpt>
      <trkpt lat="45.94956" lon="-95.53767">
        <ele>429.9</ele>
      </trkpt>
      <trkpt lat="45.94947" lon="-95.53653">
        <ele>430.7</ele>
      </trkpt>
      <trkpt lat="45.94938" lon="-95.5354">
        <ele>431.6</ele>
      </trkpt>
      <trkpt lat="45.94929" lon="-95.53427">
        <ele>431.8</ele>
      </trkpt>
      <trkpt lat="45.9492" lon="-95.53309">
        <ele>430.4</ele>
      </trkpt>
      <trkpt lat="45.9491" lon="-95.53191">
        <ele>431.9</ele>
      </trkpt>
      <trkpt lat="45.94905" lon="-95.53121">
        <ele>432.4</ele>
      </trkpt>
      <trkpt lat="45.949" lon="-95.5305">
        <ele>435.6</ele>
      </trkpt>
      <trkpt lat="45.9489" lon="-95.52934">
        <ele>434.0</ele>
      </trkpt>
      <trkpt lat="45.94881" lon="-95.52818">
        <ele>433.4</ele>
      </trkpt>
      <trkpt lat="45.94873" lon="-95.52714">
        <ele>436.2</ele>
      </trkpt>
      <trkpt lat="45.94865" lon="-95.52611">
        <ele>437.0</ele>
      </trkpt>
      <trkpt lat="45.94857" lon="-95.52508">
        <ele>439.4</ele>
      </trkpt>
      <trkpt lat="45.94849" lon="-95.52404">
        <ele>439.3</ele>
      </trkpt>
      <trkpt lat="45.94842" lon="-95.52301">
        <ele>440.0</ele>
      </trkpt>
      <trkpt lat="45.94831" lon="-95.52176">
        <ele>442.0</ele>
      </trkpt>
      <trkpt lat="45.94821" lon="-95.52051">
        <ele>441.7</ele>
      </trkpt>
      <trkpt lat="45.94811" lon="-95.51927">
        <ele>443.0</ele>
      </trkpt>
      <trkpt lat="45.94801" lon="-95.51802">
        <ele>442.2</ele>
      </trkpt>
      <trkpt lat="45.94791" lon="-95.51677">
        <ele>442.1</ele>
      </trkpt>
      <trkpt lat="45.94787" lon="-95.51611">
        <ele>442.2</ele>
      </trkpt>
      <trkpt lat="45.94777" lon="-95.51486">
        <ele>439.2</ele>
      </trkpt>
      <trkpt lat="45.94766" lon="-95.51361">
        <ele>440.2</ele>
      </trkpt>
      <trkpt lat="45.94756" lon="-95.51236">
        <ele>439.4</ele>
      </trkpt>
      <trkpt lat="45.94746" lon="-95.51112">
        <ele>440.8</ele>
      </trkpt>
      <trkpt lat="45.94741" lon="-95.51075">
        <ele>441.3</ele>
      </trkpt>
      <trkpt lat="45.94732" lon="-95.51015">
        <ele>441.8</ele>
      </trkpt>
      <trkpt lat="45.94718" lon="-95.50948">
        <ele>440.6</ele>
      </trkpt>
      <trkpt lat="45.94706" lon="-95.50902">
        <ele>438.3</ele>
      </trkpt>
      <trkpt lat="45.94695" lon="-95.50869">
        <ele>437.3</ele>
      </trkpt>
      <trkpt lat="45.94682" lon="-95.50831">
        <ele>437.2</ele>
      </trkpt>
      <trkpt lat="45.94669" lon="-95.50799">
        <ele>436.5</ele>
      </trkpt>
      <trkpt lat="45.94644" lon="-95.50743">
        <ele>438.4</ele>
      </trkpt>
      <trkpt lat="45.94618" lon="-95.50687">
        <ele>439.1</ele>
      </trkpt>
      <trkpt lat="45.94579" lon="-95.50603">
        <ele>436.3</ele>
      </trkpt>
      <trkpt lat="45.94541" lon="-95.50519">
        <ele>436.1</ele>
      </trkpt>
      <trkpt lat="45.94502" lon="-95.50436">
        <ele>436.1</ele>
      </trkpt>
      <trkpt lat="45.94455" lon="-95.50337">
        <ele>437.1</ele>
      </trkpt>
      <trkpt lat="45.9441" lon="-95.5024">
        <ele>439.1</ele>
      </trkpt>
      <trkpt lat="45.94366" lon="-95.50143">
        <ele>439.2</ele>
      </trkpt>
      <trkpt lat="45.94321" lon="-95.50046">
        <ele>439.2</ele>
      </trkpt>
      <trkpt lat="45.94276" lon="-95.49949">
        <ele>438.4</ele>
      </trkpt>
      <trkpt lat="45.94232" lon="-95.49853">
        <ele>436.9</ele>
      </trkpt>
      <trkpt lat="45.94187" lon="-95.49756">
        <ele>434.1</ele>
      </trkpt>
      <trkpt lat="45.94149" lon="-95.49676">
        <ele>433.3</ele>
      </trkpt>
      <trkpt lat="45.94116" lon="-95.49604">
        <ele>433.0</ele>
      </trkpt>
      <trkpt lat="45.94083" lon="-95.49532">
        <ele>433.0</ele>
      </trkpt>
      <trkpt lat="45.94074" lon="-95.49521">
        <ele>433.0</ele>
      </trkpt>
      <trkpt lat="45.94065" lon="-95.49512">
        <ele>433.0</ele>
      </trkpt>
      <trkpt lat="45.9405" lon="-95.49494">
        <ele>433.0</ele>
      </trkpt>
      <trkpt lat="45.94006" lon="-95.49411">
        <ele>433.3</ele>
      </trkpt>
      <trkpt lat="45.93961" lon="-95.49328">
        <ele>433.2</ele>
      </trkpt>
      <trkpt lat="45.93931" lon="-95.49274">
        <ele>432.6</ele>
      </trkpt>
      <trkpt lat="45.93901" lon="-95.4922">
        <ele>432.2</ele>
      </trkpt>
      <trkpt lat="45.93891" lon="-95.49185">
        <ele>431.3</ele>
      </trkpt>
      <trkpt lat="45.93888" lon="-95.49177">
        <ele>431.1</ele>
      </trkpt>
      <trkpt lat="45.93841" lon="-95.49106">
        <ele>430.7</ele>
      </trkpt>
      <trkpt lat="45.93794" lon="-95.49036">
        <ele>430.2</ele>
      </trkpt>
      <trkpt lat="45.93747" lon="-95.48966">
        <ele>430.1</ele>
      </trkpt>
      <trkpt lat="45.93711" lon="-95.48909">
        <ele>430.0</ele>
      </trkpt>
      <trkpt lat="45.93674" lon="-95.48852">
        <ele>430.0</ele>
      </trkpt>
      <trkpt lat="45.93624" lon="-95.48773">
        <ele>430.0</ele>
      </trkpt>
      <trkpt lat="45.93573" lon="-95.48695">
        <ele>430.3</ele>
      </trkpt>
      <trkpt lat="45.93522" lon="-95.48617">
        <ele>432.4</ele>
      </trkpt>
      <trkpt lat="45.93472" lon="-95.48539">
        <ele>432.1</ele>
      </trkpt>
      <trkpt lat="45.93421" lon="-95.48461">
        <ele>432.3</ele>
      </trkpt>
      <trkpt lat="45.93379" lon="-95.48397">
        <ele>431.7</ele>
      </trkpt>
      <trkpt lat="45.93338" lon="-95.48334">
        <ele>430.2</ele>
      </trkpt>
      <trkpt lat="45.93307" lon="-95.48289">
        <ele>432.1</ele>
      </trkpt>
      <trkpt lat="45.93277" lon="-95.48249">
        <ele>433.0</ele>
      </trkpt>
      <trkpt lat="45.93225" lon="-95.48186">
        <ele>432.1</ele>
      </trkpt>
      <trkpt lat="45.93173" lon="-95.48123">
        <ele>431.6</ele>
      </trkpt>
      <trkpt lat="45.93118" lon="-95.48061">
        <ele>431.9</ele>
      </trkpt>
      <trkpt lat="45.93063" lon="-95.48">
        <ele>431.7</ele>
      </trkpt>
      <trkpt lat="45.93022" lon="-95.47952">
        <ele>431.5</ele>
      </trkpt>
      <trkpt lat="45.92982" lon="-95.47904">
        <ele>430.4</ele>
      </trkpt>
      <trkpt lat="45.92921" lon="-95.47834">
        <ele>429.9</ele>
      </trkpt>
      <trkpt lat="45.92861" lon="-95.47765">
        <ele>429.9</ele>
      </trkpt>
      <trkpt lat="45.92801" lon="-95.47695">
        <ele>428.4</ele>
      </trkpt>
      <trkpt lat="45.92732" lon="-95.47614">
        <ele>428.0</ele>
      </trkpt>
      <trkpt lat="45.92663" lon="-95.47533">
        <ele>426.6</ele>
      </trkpt>
      <trkpt lat="45.92601" lon="-95.47461">
        <ele>426.1</ele>
      </trkpt>
      <trkpt lat="45.92538" lon="-95.47389">
        <ele>429.0</ele>
      </trkpt>
      <trkpt lat="45.92476" lon="-95.47317">
        <ele>428.2</ele>
      </trkpt>
      <trkpt lat="45.92413" lon="-95.47244">
        <ele>428.3</ele>
      </trkpt>
      <trkpt lat="45.9235" lon="-95.4717">
        <ele>428.4</ele>
      </trkpt>
      <trkpt lat="45.92319" lon="-95.47131">
        <ele>428.0</ele>
      </trkpt>
      <trkpt lat="45.92292" lon="-95.47085">
        <ele>429.2</ele>
      </trkpt>
      <trkpt lat="45.92276" lon="-95.47051">
        <ele>429.1</ele>
      </trkpt>
      <trkpt lat="45.92261" lon="-95.47014">
        <ele>430.2</ele>
      </trkpt>
      <trkpt lat="45.92248" lon="-95.46976">
        <ele>430.8</ele>
      </trkpt>
      <trkpt lat="45.92224" lon="-95.46898">
        <ele>430.3</ele>
      </trkpt>
      <trkpt lat="45.92199" lon="-95.46811">
        <ele>430.0</ele>
      </trkpt>
      <trkpt lat="45.92175" lon="-95.46724">
        <ele>431.9</ele>
      </trkpt>
      <trkpt lat="45.92151" lon="-95.46643">
        <ele>430.1</ele>
      </trkpt>
      <trkpt lat="45.92126" lon="-95.46563">
        <ele>427.9</ele>
      </trkpt>
      <trkpt lat="45.92102" lon="-95.46478">
        <ele>422.8</ele>
      </trkpt>
      <trkpt lat="45.92078" lon="-95.46415">
        <ele>420.8</ele>
      </trkpt>
      <trkpt lat="45.92065" lon="-95.46385">
        <ele>421.8</ele>
      </trkpt>
      <trkpt lat="45.92034" lon="-95.4633">
        <ele>423.6</ele>
      </trkpt>
      <trkpt lat="45.91998" lon="-95.46281">
        <ele>423.1</ele>
      </trkpt>
      <trkpt lat="45.91952" lon="-95.46228">
        <ele>423.7</ele>
      </trkpt>
      <trkpt lat="45.9191" lon="-95.46184">
        <ele>423.8</ele>
      </trkpt>
      <trkpt lat="45.91868" lon="-95.46141">
        <ele>423.6</ele>
      </trkpt>
      <trkpt lat="45.91798" lon="-95.46066">
        <ele>421.1</ele>
      </trkpt>
      <trkpt lat="45.91729" lon="-95.45991">
        <ele>421.7</ele>
      </trkpt>
      <trkpt lat="45.9166" lon="-95.45915">
        <ele>421.2</ele>
      </trkpt>
      <trkpt lat="45.91591" lon="-95.4584">
        <ele>423.4</ele>
      </trkpt>
      <trkpt lat="45.91562" lon="-95.45803">
        <ele>425.3</ele>
      </trkpt>
      <trkpt lat="45.91529" lon="-95.45753">
        <ele>424.2</ele>
      </trkpt>
      <trkpt lat="45.91485" lon="-95.45653">
        <ele>424.2</ele>
      </trkpt>
      <trkpt lat="45.91441" lon="-95.45554">
        <ele>426.5</ele>
      </trkpt>
      <trkpt lat="45.91397" lon="-95.45455">
        <ele>424.4</ele>
      </trkpt>
      <trkpt lat="45.91353" lon="-95.45356">
        <ele>422.9</ele>
      </trkpt>
      <trkpt lat="45.91326" lon="-95.45292">
        <ele>421.8</ele>
      </trkpt>
      <trkpt lat="45.913" lon="-95.45228">
        <ele>422.8</ele>
      </trkpt>
      <trkpt lat="45.91283" lon="-95.45174">
        <ele>423.4</ele>
      </trkpt>
      <trkpt lat="45.91262" lon="-95.45082">
        <ele>421.3</ele>
      </trkpt>
      <trkpt lat="45.91242" lon="-95.44991">
        <ele>420.4</ele>
      </trkpt>
      <trkpt lat="45.91222" lon="-95.44899">
        <ele>421.4</ele>
      </trkpt>
      <trkpt lat="45.91203" lon="-95.44792">
        <ele>420.5</ele>
      </trkpt>
      <trkpt lat="45.91199" lon="-95.44754">
        <ele>419.4</ele>
      </trkpt>
      <trkpt lat="45.91193" lon="-95.4467">
        <ele>417.9</ele>
      </trkpt>
      <trkpt lat="45.91186" lon="-95.44586">
        <ele>417.8</ele>
      </trkpt>
      <trkpt lat="45.91181" lon="-95.44502">
        <ele>420.1</ele>
      </trkpt>
      <trkpt lat="45.91175" lon="-95.44417">
        <ele>418.0</ele>
      </trkpt>
      <trkpt lat="45.91168" lon="-95.44321">
        <ele>418.0</ele>
      </trkpt>
      <trkpt lat="45.91161" lon="-95.44225">
        <ele>418.8</ele>
      </trkpt>
      <trkpt lat="45.91154" lon="-95.44128">
        <ele>421.4</ele>
      </trkpt>
      <trkpt lat="45.91148" lon="-95.44032">
        <ele>420.7</ele>
      </trkpt>
      <trkpt lat="45.91137" lon="-95.43947">
        <ele>416.5</ele>
      </trkpt>
      <trkpt lat="45.91118" lon="-95.43852">
        <ele>415.4</ele>
      </trkpt>
      <trkpt lat="45.91101" lon="-95.43769">
        <ele>417.4</ele>
      </trkpt>
      <trkpt lat="45.91083" lon="-95.43685">
        <ele>420.1</ele>
      </trkpt>
      <trkpt lat="45.91068" lon="-95.43595">
        <ele>417.0</ele>
      </trkpt>
      <trkpt lat="45.91061" lon="-95.43547">
        <ele>414.7</ele>
      </trkpt>
      <trkpt lat="45.91057" lon="-95.43503">
        <ele>414.2</ele>
      </trkpt>
      <trkpt lat="45.91053" lon="-95.43432">
        <ele>414.4</ele>
      </trkpt>
      <trkpt lat="45.91051" lon="-95.4336">
        <ele>414.6</ele>
      </trkpt>
      <trkpt lat="45.91057" lon="-95.4324">
        <ele>417.9</ele>
      </trkpt>
      <trkpt lat="45.91062" lon="-95.43121">
        <ele>415.8</ele>
      </trkpt>
      <trkpt lat="45.91067" lon="-95.43001">
        <ele>415.5</ele>
      </trkpt>
      <trkpt lat="45.91072" lon="-95.42882">
        <ele>414.4</ele>
      </trkpt>
      <trkpt lat="45.91079" lon="-95.42766">
        <ele>414.4</ele>
      </trkpt>
      <trkpt lat="45.91085" lon="-95.42652">
        <ele>417.7</ele>
      </trkpt>
      <trkpt lat="45.91087" lon="-95.42592">
        <ele>414.7</ele>
      </trkpt>
      <trkpt lat="45.91082" lon="-95.42514">
        <ele>415.6</ele>
      </trkpt>
      <trkpt lat="45.91079" lon="-95.42483">
        <ele>415.5</ele>
      </trkpt>
      <trkpt lat="45.91064" lon="-95.4242">
        <ele>415.8</ele>
      </trkpt>
      <trkpt lat="45.91041" lon="-95.4234">
        <ele>416.0</ele>
      </trkpt>
      <trkpt lat="45.91018" lon="-95.4226">
        <ele>419.3</ele>
      </trkpt>
      <trkpt lat="45.90994" lon="-95.42179">
        <ele>418.6</ele>
      </trkpt>
      <trkpt lat="45.90959" lon="-95.42062">
        <ele>417.6</ele>
      </trkpt>
      <trkpt lat="45.90924" lon="-95.41946">
        <ele>420.9</ele>
      </trkpt>
      <trkpt lat="45.90901" lon="-95.41866">
        <ele>421.3</ele>
      </trkpt>
      <trkpt lat="45.90878" lon="-95.41786">
        <ele>420.0</ele>
      </trkpt>
      <trkpt lat="45.90854" lon="-95.41707">
        <ele>418.7</ele>
      </trkpt>
      <trkpt lat="45.90836" lon="-95.41651">
        <ele>420.2</ele>
      </trkpt>
      <trkpt lat="45.90813" lon="-95.41587">
        <ele>421.3</ele>
      </trkpt>
      <trkpt lat="45.90784" lon="-95.4153">
        <ele>420.7</ele>
      </trkpt>
      <trkpt lat="45.90755" lon="-95.41479">
        <ele>420.5</ele>
      </trkpt>
      <trkpt lat="45.9073" lon="-95.41432">
        <ele>420.4</ele>
      </trkpt>
      <trkpt lat="45.90688" lon="-95.41367">
        <ele>419.2</ele>
      </trkpt>
      <trkpt lat="45.90644" lon="-95.41292">
        <ele>417.9</ele>
      </trkpt>
      <trkpt lat="45.906" lon="-95.41217">
        <ele>415.8</ele>
      </trkpt>
      <trkpt lat="45.90557" lon="-95.41147">
        <ele>415.6</ele>
      </trkpt>
      <trkpt lat="45.90515" lon="-95.41077">
        <ele>416.3</ele>
      </trkpt>
      <trkpt lat="45.90509" lon="-95.41068">
        <ele>416.4</ele>
      </trkpt>
      <trkpt lat="45.90464" lon="-95.40992">
        <ele>417.3</ele>
      </trkpt>
      <trkpt lat="45.90418" lon="-95.40916">
        <ele>417.4</ele>
      </trkpt>
      <trkpt lat="45.90373" lon="-95.40841">
        <ele>417.5</ele>
      </trkpt>
      <trkpt lat="45.90327" lon="-95.40765">
        <ele>417.3</ele>
      </trkpt>
      <trkpt lat="45.90281" lon="-95.40689">
        <ele>421.0</ele>
      </trkpt>
      <trkpt lat="45.90245" lon="-95.40633">
        <ele>422.8</ele>
      </trkpt>
      <trkpt lat="45.90203" lon="-95.40562">
        <ele>423.7</ele>
      </trkpt>
      <trkpt lat="45.90174" lon="-95.40498">
        <ele>423.4</ele>
      </trkpt>
      <trkpt lat="45.90151" lon="-95.40443">
        <ele>423.7</ele>
      </trkpt>
      <trkpt lat="45.90115" lon="-95.4035">
        <ele>423.7</ele>
      </trkpt>
      <trkpt lat="45.90074" lon="-95.40241">
        <ele>423.8</ele>
      </trkpt>
      <trkpt lat="45.90033" lon="-95.40132">
        <ele>425.0</ele>
      </trkpt>
      <trkpt lat="45.89999" lon="-95.40043">
        <ele>426.9</ele>
      </trkpt>
      <trkpt lat="45.89965" lon="-95.39954">
        <ele>426.8</ele>
      </trkpt>
      <trkpt lat="45.89924" lon="-95.39847">
        <ele>426.4</ele>
      </trkpt>
      <trkpt lat="45.89884" lon="-95.39739">
        <ele>425.3</ele>
      </trkpt>
      <trkpt lat="45.89844" lon="-95.39632">
        <ele>424.1</ele>
      </trkpt>
      <trkpt lat="45.89803" lon="-95.39525">
        <ele>423.9</ele>
      </trkpt>
      <trkpt lat="45.89769" lon="-95.39436">
        <ele>423.9</ele>
      </trkpt>
      <trkpt lat="45.89734" lon="-95.39346">
        <ele>423.8</ele>
      </trkpt>
      <trkpt lat="45.897" lon="-95.39257">
        <ele>424.7</ele>
      </trkpt>
      <trkpt lat="45.89678" lon="-95.39196">
        <ele>425.5</ele>
      </trkpt>
      <trkpt lat="45.89668" lon="-95.39174">
        <ele>425.6</ele>
      </trkpt>
      <trkpt lat="45.89629" lon="-95.39073">
        <ele>425.8</ele>
      </trkpt>
      <trkpt lat="45.89589" lon="-95.38971">
        <ele>426.2</ele>
      </trkpt>
      <trkpt lat="45.89548" lon="-95.3886">
        <ele>426.7</ele>
      </trkpt>
      <trkpt lat="45.89513" lon="-95.38765">
        <ele>426.5</ele>
      </trkpt>
      <trkpt lat="45.89478" lon="-95.38671">
        <ele>426.4</ele>
      </trkpt>
      <trkpt lat="45.89442" lon="-95.38576">
        <ele>424.2</ele>
      </trkpt>
      <trkpt lat="45.89412" lon="-95.38498">
        <ele>424.2</ele>
      </trkpt>
      <trkpt lat="45.89382" lon="-95.38421">
        <ele>424.0</ele>
      </trkpt>
      <trkpt lat="45.89352" lon="-95.38343">
        <ele>423.2</ele>
      </trkpt>
      <trkpt lat="45.89322" lon="-95.38262">
        <ele>421.4</ele>
      </trkpt>
      <trkpt lat="45.89292" lon="-95.38181">
        <ele>421.1</ele>
      </trkpt>
      <trkpt lat="45.89259" lon="-95.38093">
        <ele>421.0</ele>
      </trkpt>
      <trkpt lat="45.89225" lon="-95.38006">
        <ele>420.8</ele>
      </trkpt>
      <trkpt lat="45.89192" lon="-95.37918">
        <ele>421.1</ele>
      </trkpt>
      <trkpt lat="45.8917" lon="-95.37857">
        <ele>421.4</ele>
      </trkpt>
      <trkpt lat="45.89147" lon="-95.37795">
        <ele>421.5</ele>
      </trkpt>
      <trkpt lat="45.89142" lon="-95.37784">
        <ele>421.6</ele>
      </trkpt>
      <trkpt lat="45.89136" lon="-95.37766">
        <ele>421.6</ele>
      </trkpt>
      <trkpt lat="45.89124" lon="-95.37761">
        <ele>422.0</ele>
      </trkpt>
      <trkpt lat="45.89109" lon="-95.3776">
        <ele>422.7</ele>
      </trkpt>
      <trkpt lat="45.89069" lon="-95.3776">
        <ele>424.0</ele>
      </trkpt>
      <trkpt lat="45.89049" lon="-95.37768">
        <ele>424.4</ele>
      </trkpt>
      <trkpt lat="45.88962" lon="-95.37771">
        <ele>425.4</ele>
      </trkpt>
      <trkpt lat="45.88946" lon="-95.37762">
        <ele>425.7</ele>
      </trkpt>
      <trkpt lat="45.88946" lon="-95.37831">
        <ele>424.3</ele>
      </trkpt>
      <trkpt lat="45.88947" lon="-95.37845">
        <ele>424.1</ele>
      </trkpt>
      <trkpt lat="45.88949" lon="-95.37877">
        <ele>423.7</ele>
      </trkpt>
      <trkpt lat="45.88955" lon="-95.37909">
        <ele>423.4</ele>
      </trkpt>
      <trkpt lat="45.88923" lon="-95.37918">
        <ele>423.8</ele>
      </trkpt>
      <trkpt lat="45.88842" lon="-95.37919">
        <ele>425.7</ele>
      </trkpt>
      <trkpt lat="45.8876" lon="-95.3792">
        <ele>427.5</ele>
      </trkpt>
      <trkpt lat="45.88678" lon="-95.37921">
        <ele>429.4</ele>
      </trkpt>
      <trkpt lat="45.88597" lon="-95.37922">
        <ele>429.1</ele>
      </trkpt>
      <trkpt lat="45.88596" lon="-95.37844">
        <ele>428.8</ele>
      </trkpt>
      <trkpt lat="45.88595" lon="-95.37765">
        <ele>428.2</ele>
      </trkpt>
      <trkpt lat="45.88595" lon="-95.37765">
        <ele>428.2</ele>
      </trkpt>
      <trkpt lat="45.88595" lon="-95.37685">
        <ele>428.3</ele>
      </trkpt>
      <trkpt lat="45.88595" lon="-95.37621">
        <ele>427.9</ele>
      </trkpt>
      <trkpt lat="45.88594" lon="-95.37497">
        <ele>427.3</ele>
      </trkpt>
      <trkpt lat="45.88594" lon="-95.37372">
        <ele>427.3</ele>
      </trkpt>
      <trkpt lat="45.88593" lon="-95.37248">
        <ele>428.9</ele>
      </trkpt>
      <trkpt lat="45.88592" lon="-95.37124">
        <ele>429.7</ele>
      </trkpt>
      <trkpt lat="45.88614" lon="-95.37124">
        <ele>430.0</ele>
      </trkpt>
      <trkpt lat="45.88623" lon="-95.37128">
        <ele>430.0</ele>
      </trkpt>
      <trkpt lat="45.88634" lon="-95.37137">
        <ele>430.0</ele>
      </trkpt>
      <trkpt lat="45.88644" lon="-95.3715">
        <ele>429.8</ele>
      </trkpt>
      <trkpt lat="45.88658" lon="-95.37156">
        <ele>429.5</ele>
      </trkpt>
      <trkpt lat="45.88742" lon="-95.37156">
        <ele>428.7</ele>
      </trkpt>
      <trkpt lat="45.88825" lon="-95.37156">
        <ele>428.5</ele>
      </trkpt>
      <trkpt lat="45.88904" lon="-95.37154">
        <ele>428.1</ele>
      </trkpt>
      <trkpt lat="45.88983" lon="-95.37153">
        <ele>426.9</ele>
      </trkpt>
      <trkpt lat="45.89062" lon="-95.37152">
        <ele>423.5</ele>
      </trkpt>
      <trkpt lat="45.89062" lon="-95.37124">
        <ele>423.8</ele>
      </trkpt>
      <trkpt lat="45.89063" lon="-95.37113">
        <ele>424.0</ele>
      </trkpt>
      <trkpt lat="45.89064" lon="-95.37104">
        <ele>424.1</ele>
      </trkpt>
      <trkpt lat="45.89079" lon="-95.37042">
        <ele>424.8</ele>
      </trkpt>
      <trkpt lat="45.8908" lon="-95.37035">
        <ele>424.8</ele>
      </trkpt>
      <trkpt lat="45.8908" lon="-95.36963">
        <ele>424.3</ele>
      </trkpt>
      <trkpt lat="45.89079" lon="-95.36868">
        <ele>425.2</ele>
      </trkpt>
      <trkpt lat="45.89078" lon="-95.36773">
        <ele>428.1</ele>
      </trkpt>
      <trkpt lat="45.89077" lon="-95.36681">
        <ele>429.1</ele>
      </trkpt>
      <trkpt lat="45.89077" lon="-95.36646">
        <ele>429.6</ele>
      </trkpt>
      <trkpt lat="45.89075" lon="-95.36529">
        <ele>431.0</ele>
      </trkpt>
      <trkpt lat="45.89076" lon="-95.36459">
        <ele>432.0</ele>
      </trkpt>
      <trkpt lat="45.89075" lon="-95.36409">
        <ele>433.0</ele>
      </trkpt>
      <trkpt lat="45.89071" lon="-95.36318">
        <ele>432.6</ele>
      </trkpt>
      <trkpt lat="45.89068" lon="-95.36289">
        <ele>432.7</ele>
      </trkpt>
      <trkpt lat="45.89063" lon="-95.36252">
        <ele>432.8</ele>
      </trkpt>
      <trkpt lat="45.89053" lon="-95.36181">
        <ele>432.6</ele>
      </trkpt>
      <trkpt lat="45.89036" lon="-95.36106">
        <ele>430.0</ele>
      </trkpt>
      <trkpt lat="45.89017" lon="-95.36035">
        <ele>430.0</ele>
      </trkpt>
      <trkpt lat="45.89" lon="-95.35956">
        <ele>429.9</ele>
      </trkpt>
      <trkpt lat="45.88983" lon="-95.35878">
        <ele>429.5</ele>
      </trkpt>
      <trkpt lat="45.88962" lon="-95.35778">
        <ele>427.3</ele>
      </trkpt>
      <trkpt lat="45.88941" lon="-95.35679">
        <ele>428.8</ele>
      </trkpt>
      <trkpt lat="45.88919" lon="-95.35579">
        <ele>430.2</ele>
      </trkpt>
      <trkpt lat="45.88898" lon="-95.3548">
        <ele>430.8</ele>
      </trkpt>
      <trkpt lat="45.88878" lon="-95.35381">
        <ele>431.2</ele>
      </trkpt>
      <trkpt lat="45.88857" lon="-95.35282">
        <ele>432.3</ele>
      </trkpt>
      <trkpt lat="45.88836" lon="-95.35183">
        <ele>433.1</ele>
      </trkpt>
      <trkpt lat="45.8881" lon="-95.35066">
        <ele>433.0</ele>
      </trkpt>
      <trkpt lat="45.88785" lon="-95.3495">
        <ele>430.6</ele>
      </trkpt>
      <trkpt lat="45.88765" lon="-95.34851">
        <ele>430.3</ele>
      </trkpt>
      <trkpt lat="45.88741" lon="-95.34742">
        <ele>430.8</ele>
      </trkpt>
      <trkpt lat="45.88715" lon="-95.34619">
        <ele>431.3</ele>
      </trkpt>
      <trkpt lat="45.88689" lon="-95.34496">
        <ele>431.0</ele>
      </trkpt>
      <trkpt lat="45.88671" lon="-95.34406">
        <ele>431.9</ele>
      </trkpt>
      <trkpt lat="45.88655" lon="-95.34334">
        <ele>428.6</ele>
      </trkpt>
      <trkpt lat="45.88639" lon="-95.34263">
        <ele>427.3</ele>
      </trkpt>
      <trkpt lat="45.8862" lon="-95.34166">
        <ele>425.0</ele>
      </trkpt>
      <trkpt lat="45.88597" lon="-95.34061">
        <ele>423.2</ele>
      </trkpt>
      <trkpt lat="45.88574" lon="-95.33957">
        <ele>422.2</ele>
      </trkpt>
      <trkpt lat="45.88551" lon="-95.33852">
        <ele>421.7</ele>
      </trkpt>
      <trkpt lat="45.88541" lon="-95.33794">
        <ele>421.6</ele>
      </trkpt>
      <trkpt lat="45.88538" lon="-95.33767">
        <ele>420.9</ele>
      </trkpt>
      <trkpt lat="45.88534" lon="-95.33734">
        <ele>420.7</ele>
      </trkpt>
      <trkpt lat="45.8853" lon="-95.33687">
        <ele>420.9</ele>
      </trkpt>
      <trkpt lat="45.88529" lon="-95.33637">
        <ele>420.9</ele>
      </trkpt>
      <trkpt lat="45.88529" lon="-95.33612">
        <ele>420.9</ele>
      </trkpt>
      <trkpt lat="45.88532" lon="-95.33561">
        <ele>420.8</ele>
      </trkpt>
      <trkpt lat="45.88535" lon="-95.33532">
        <ele>420.8</ele>
      </trkpt>
      <trkpt lat="45.8854" lon="-95.33489">
        <ele>420.7</ele>
      </trkpt>
      <trkpt lat="45.8855" lon="-95.33417">
        <ele>420.8</ele>
      </trkpt>
      <trkpt lat="45.88565" lon="-95.33317">
        <ele>420.5</ele>
      </trkpt>
      <trkpt lat="45.88579" lon="-95.33217">
        <ele>420.8</ele>
      </trkpt>
      <trkpt lat="45.88594" lon="-95.33105">
        <ele>419.9</ele>
      </trkpt>
      <trkpt lat="45.88607" lon="-95.3301">
        <ele>417.5</ele>
      </trkpt>
      <trkpt lat="45.88621" lon="-95.32915">
        <ele>418.0</ele>
      </trkpt>
      <trkpt lat="45.88635" lon="-95.3282">
        <ele>416.2</ele>
      </trkpt>
      <trkpt lat="45.88648" lon="-95.32725">
        <ele>416.9</ele>
      </trkpt>
      <trkpt lat="45.88657" lon="-95.32664">
        <ele>417.3</ele>
      </trkpt>
      <trkpt lat="45.88671" lon="-95.32578">
        <ele>418.0</ele>
      </trkpt>
      <trkpt lat="45.88684" lon="-95.32493">
        <ele>417.3</ele>
      </trkpt>
      <trkpt lat="45.8869" lon="-95.3245">
        <ele>416.5</ele>
      </trkpt>
      <trkpt lat="45.88707" lon="-95.32332">
        <ele>418.5</ele>
      </trkpt>
      <trkpt lat="45.88724" lon="-95.32214">
        <ele>423.7</ele>
      </trkpt>
      <trkpt lat="45.88741" lon="-95.32096">
        <ele>423.9</ele>
      </trkpt>
      <trkpt lat="45.88758" lon="-95.31978">
        <ele>423.9</ele>
      </trkpt>
      <trkpt lat="45.88773" lon="-95.31861">
        <ele>426.2</ele>
      </trkpt>
      <trkpt lat="45.88789" lon="-95.31744">
        <ele>427.2</ele>
      </trkpt>
      <trkpt lat="45.88804" lon="-95.31628">
        <ele>427.1</ele>
      </trkpt>
      <trkpt lat="45.88814" lon="-95.31563">
        <ele>427.9</ele>
      </trkpt>
      <trkpt lat="45.88827" lon="-95.31475">
        <ele>429.0</ele>
      </trkpt>
      <trkpt lat="45.8884" lon="-95.31388">
        <ele>429.7</ele>
      </trkpt>
      <trkpt lat="45.88851" lon="-95.31304">
        <ele>430.6</ele>
      </trkpt>
      <trkpt lat="45.88863" lon="-95.3122">
        <ele>430.2</ele>
      </trkpt>
      <trkpt lat="45.88875" lon="-95.31138">
        <ele>432.3</ele>
      </trkpt>
      <trkpt lat="45.88888" lon="-95.31057">
        <ele>433.0</ele>
      </trkpt>
      <trkpt lat="45.88898" lon="-95.30968">
        <ele>432.9</ele>
      </trkpt>
      <trkpt lat="45.88908" lon="-95.30879">
        <ele>432.8</ele>
      </trkpt>
      <trkpt lat="45.88912" lon="-95.30792">
        <ele>433.0</ele>
      </trkpt>
      <trkpt lat="45.88916" lon="-95.30705">
        <ele>434.0</ele>
      </trkpt>
      <trkpt lat="45.88918" lon="-95.30612">
        <ele>433.8</ele>
      </trkpt>
      <trkpt lat="45.88916" lon="-95.3053">
        <ele>434.4</ele>
      </trkpt>
      <trkpt lat="45.88914" lon="-95.30448">
        <ele>434.1</ele>
      </trkpt>
      <trkpt lat="45.88908" lon="-95.30329">
        <ele>435.4</ele>
      </trkpt>
      <trkpt lat="45.88902" lon="-95.3021">
        <ele>435.7</ele>
      </trkpt>
      <trkpt lat="45.88896" lon="-95.30091">
        <ele>434.2</ele>
      </trkpt>
      <trkpt lat="45.8889" lon="-95.29972">
        <ele>433.8</ele>
      </trkpt>
      <trkpt lat="45.88885" lon="-95.29853">
        <ele>433.0</ele>
      </trkpt>
      <trkpt lat="45.88879" lon="-95.29737">
        <ele>433.0</ele>
      </trkpt>
      <trkpt lat="45.88874" lon="-95.29621">
        <ele>434.1</ele>
      </trkpt>
      <trkpt lat="45.88868" lon="-95.29505">
        <ele>434.3</ele>
      </trkpt>
      <trkpt lat="45.88863" lon="-95.29389">
        <ele>434.3</ele>
      </trkpt>
      <trkpt lat="45.88858" lon="-95.29273">
        <ele>433.0</ele>
      </trkpt>
      <trkpt lat="45.88852" lon="-95.29158">
        <ele>433.3</ele>
      </trkpt>
      <trkpt lat="45.88847" lon="-95.29042">
        <ele>432.9</ele>
      </trkpt>
      <trkpt lat="45.88842" lon="-95.28926">
        <ele>431.0</ele>
      </trkpt>
      <trkpt lat="45.88836" lon="-95.2881">
        <ele>429.8</ele>
      </trkpt>
      <trkpt lat="45.8883" lon="-95.28682">
        <ele>428.7</ele>
      </trkpt>
      <trkpt lat="45.88824" lon="-95.28553">
        <ele>426.3</ele>
      </trkpt>
      <trkpt lat="45.88817" lon="-95.28424">
        <ele>425.1</ele>
      </trkpt>
      <trkpt lat="45.88811" lon="-95.28296">
        <ele>426.1</ele>
      </trkpt>
      <trkpt lat="45.88805" lon="-95.28167">
        <ele>426.3</ele>
      </trkpt>
      <trkpt lat="45.88798" lon="-95.28039">
        <ele>425.3</ele>
      </trkpt>
      <trkpt lat="45.88792" lon="-95.2791">
        <ele>423.9</ele>
      </trkpt>
      <trkpt lat="45.88786" lon="-95.27782">
        <ele>423.0</ele>
      </trkpt>
      <trkpt lat="45.8878" lon="-95.27653">
        <ele>421.8</ele>
      </trkpt>
      <trkpt lat="45.88773" lon="-95.27525">
        <ele>421.6</ele>
      </trkpt>
      <trkpt lat="45.88767" lon="-95.27396">
        <ele>420.8</ele>
      </trkpt>
      <trkpt lat="45.88761" lon="-95.27268">
        <ele>420.6</ele>
      </trkpt>
      <trkpt lat="45.88754" lon="-95.27139">
        <ele>420.4</ele>
      </trkpt>
      <trkpt lat="45.88748" lon="-95.27011">
        <ele>418.6</ele>
      </trkpt>
      <trkpt lat="45.88742" lon="-95.26882">
        <ele>418.0</ele>
      </trkpt>
      <trkpt lat="45.88736" lon="-95.26753">
        <ele>417.8</ele>
      </trkpt>
      <trkpt lat="45.88729" lon="-95.26625">
        <ele>417.1</ele>
      </trkpt>
      <trkpt lat="45.88722" lon="-95.26516">
        <ele>415.6</ele>
      </trkpt>
      <trkpt lat="45.88717" lon="-95.2645">
        <ele>415.1</ele>
      </trkpt>
      <trkpt lat="45.88712" lon="-95.26385">
        <ele>415.1</ele>
      </trkpt>
      <trkpt lat="45.88698" lon="-95.26264">
        <ele>415.3</ele>
      </trkpt>
      <trkpt lat="45.88683" lon="-95.26159">
        <ele>414.9</ele>
      </trkpt>
      <trkpt lat="45.88673" lon="-95.26078">
        <ele>415.0</ele>
      </trkpt>
      <trkpt lat="45.88663" lon="-95.25997">
        <ele>414.9</ele>
      </trkpt>
      <trkpt lat="45.8865" lon="-95.25908">
        <ele>414.9</ele>
      </trkpt>
      <trkpt lat="45.88637" lon="-95.2582">
        <ele>414.9</ele>
      </trkpt>
      <trkpt lat="45.88622" lon="-95.25708">
        <ele>414.7</ele>
      </trkpt>
      <trkpt lat="45.88608" lon="-95.25596">
        <ele>413.5</ele>
      </trkpt>
      <trkpt lat="45.88593" lon="-95.25484">
        <ele>411.7</ele>
      </trkpt>
      <trkpt lat="45.88579" lon="-95.25373">
        <ele>411.7</ele>
      </trkpt>
      <trkpt lat="45.88564" lon="-95.25261">
        <ele>411.7</ele>
      </trkpt>
      <trkpt lat="45.88549" lon="-95.25144">
        <ele>411.7</ele>
      </trkpt>
      <trkpt lat="45.88533" lon="-95.25028">
        <ele>411.7</ele>
      </trkpt>
      <trkpt lat="45.88517" lon="-95.24911">
        <ele>411.7</ele>
      </trkpt>
      <trkpt lat="45.88501" lon="-95.24795">
        <ele>411.5</ele>
      </trkpt>
      <trkpt lat="45.88485" lon="-95.24678">
        <ele>411.2</ele>
      </trkpt>
      <trkpt lat="45.88483" lon="-95.24665">
        <ele>411.2</ele>
      </trkpt>
      <trkpt lat="45.8847" lon="-95.24562">
        <ele>411.0</ele>
      </trkpt>
      <trkpt lat="45.88457" lon="-95.24459">
        <ele>411.3</ele>
      </trkpt>
      <trkpt lat="45.88443" lon="-95.24356">
        <ele>411.3</ele>
      </trkpt>
      <trkpt lat="45.88427" lon="-95.24239">
        <ele>409.9</ele>
      </trkpt>
      <trkpt lat="45.88411" lon="-95.24122">
        <ele>408.7</ele>
      </trkpt>
      <trkpt lat="45.88395" lon="-95.24005">
        <ele>408.6</ele>
      </trkpt>
      <trkpt lat="45.88383" lon="-95.23912">
        <ele>408.6</ele>
      </trkpt>
      <trkpt lat="45.88371" lon="-95.23819">
        <ele>408.6</ele>
      </trkpt>
      <trkpt lat="45.88359" lon="-95.23728">
        <ele>408.6</ele>
      </trkpt>
      <trkpt lat="45.88347" lon="-95.23637">
        <ele>408.6</ele>
      </trkpt>
      <trkpt lat="45.88346" lon="-95.2363">
        <ele>408.6</ele>
      </trkpt>
      <trkpt lat="45.8833" lon="-95.23511">
        <ele>408.6</ele>
      </trkpt>
      <trkpt lat="45.88314" lon="-95.23392">
        <ele>409.1</ele>
      </trkpt>
      <trkpt lat="45.88298" lon="-95.23273">
        <ele>410.8</ele>
      </trkpt>
      <trkpt lat="45.88283" lon="-95.23184">
        <ele>410.3</ele>
      </trkpt>
      <trkpt lat="45.88268" lon="-95.23095">
        <ele>411.0</ele>
      </trkpt>
      <trkpt lat="45.88254" lon="-95.23006">
        <ele>410.3</ele>
      </trkpt>
      <trkpt lat="45.88233" lon="-95.22885">
        <ele>410.9</ele>
      </trkpt>
      <trkpt lat="45.88212" lon="-95.22764">
        <ele>410.8</ele>
      </trkpt>
      <trkpt lat="45.8821" lon="-95.22756">
        <ele>410.7</ele>
      </trkpt>
      <trkpt lat="45.88188" lon="-95.22635">
        <ele>410.7</ele>
      </trkpt>
      <trkpt lat="45.88166" lon="-95.22513">
        <ele>411.6</ele>
      </trkpt>
      <trkpt lat="45.88147" lon="-95.22405">
        <ele>411.7</ele>
      </trkpt>
      <trkpt lat="45.88129" lon="-95.22297">
        <ele>412.4</ele>
      </trkpt>
      <trkpt lat="45.88107" lon="-95.22174">
        <ele>414.4</ele>
      </trkpt>
      <trkpt lat="45.88085" lon="-95.22051">
        <ele>414.5</ele>
      </trkpt>
      <trkpt lat="45.88063" lon="-95.21929">
        <ele>412.1</ele>
      </trkpt>
      <trkpt lat="45.88041" lon="-95.21806">
        <ele>414.3</ele>
      </trkpt>
      <trkpt lat="45.88019" lon="-95.21683">
        <ele>414.7</ele>
      </trkpt>
      <trkpt lat="45.87997" lon="-95.2156">
        <ele>417.7</ele>
      </trkpt>
      <trkpt lat="45.87975" lon="-95.21438">
        <ele>419.4</ele>
      </trkpt>
      <trkpt lat="45.87953" lon="-95.21315">
        <ele>420.1</ele>
      </trkpt>
      <trkpt lat="45.87931" lon="-95.21192">
        <ele>421.3</ele>
      </trkpt>
      <trkpt lat="45.8791" lon="-95.21069">
        <ele>422.0</ele>
      </trkpt>
      <trkpt lat="45.87888" lon="-95.20947">
        <ele>422.9</ele>
      </trkpt>
      <trkpt lat="45.87866" lon="-95.20824">
        <ele>422.8</ele>
      </trkpt>
      <trkpt lat="45.87844" lon="-95.20701">
        <ele>423.4</ele>
      </trkpt>
      <trkpt lat="45.87822" lon="-95.20578">
        <ele>424.1</ele>
      </trkpt>
      <trkpt lat="45.878" lon="-95.20456">
        <ele>424.6</ele>
      </trkpt>
      <trkpt lat="45.87778" lon="-95.20333">
        <ele>427.4</ele>
      </trkpt>
      <trkpt lat="45.87763" lon="-95.20244">
        <ele>427.2</ele>
      </trkpt>
      <trkpt lat="45.87747" lon="-95.20155">
        <ele>427.1</ele>
      </trkpt>
      <trkpt lat="45.87726" lon="-95.20037">
        <ele>428.2</ele>
      </trkpt>
      <trkpt lat="45.87705" lon="-95.19919">
        <ele>427.0</ele>
      </trkpt>
      <trkpt lat="45.87684" lon="-95.198">
        <ele>426.8</ele>
      </trkpt>
      <trkpt lat="45.87663" lon="-95.19682">
        <ele>426.8</ele>
      </trkpt>
      <trkpt lat="45.87642" lon="-95.19564">
        <ele>428.0</ele>
      </trkpt>
      <trkpt lat="45.87621" lon="-95.19446">
        <ele>429.2</ele>
      </trkpt>
      <trkpt lat="45.876" lon="-95.19328">
        <ele>429.9</ele>
      </trkpt>
      <trkpt lat="45.87579" lon="-95.19209">
        <ele>429.7</ele>
      </trkpt>
      <trkpt lat="45.87558" lon="-95.19091">
        <ele>430.1</ele>
      </trkpt>
      <trkpt lat="45.87537" lon="-95.18973">
        <ele>430.2</ele>
      </trkpt>
      <trkpt lat="45.87516" lon="-95.18855">
        <ele>428.8</ele>
      </trkpt>
      <trkpt lat="45.87495" lon="-95.18737">
        <ele>428.1</ele>
      </trkpt>
      <trkpt lat="45.87474" lon="-95.18618">
        <ele>427.4</ele>
      </trkpt>
      <trkpt lat="45.87453" lon="-95.185">
        <ele>427.4</ele>
      </trkpt>
      <trkpt lat="45.87432" lon="-95.18382">
        <ele>427.0</ele>
      </trkpt>
      <trkpt lat="45.87411" lon="-95.18264">
        <ele>427.1</ele>
      </trkpt>
      <trkpt lat="45.8739" lon="-95.18146">
        <ele>427.6</ele>
      </trkpt>
      <trkpt lat="45.87369" lon="-95.18032">
        <ele>427.3</ele>
      </trkpt>
      <trkpt lat="45.87349" lon="-95.17919">
        <ele>426.6</ele>
      </trkpt>
      <trkpt lat="45.87329" lon="-95.17805">
        <ele>426.0</ele>
      </trkpt>
      <trkpt lat="45.87308" lon="-95.17692">
        <ele>424.2</ele>
      </trkpt>
      <trkpt lat="45.87288" lon="-95.17579">
        <ele>422.0</ele>
      </trkpt>
      <trkpt lat="45.87268" lon="-95.17465">
        <ele>421.1</ele>
      </trkpt>
      <trkpt lat="45.87247" lon="-95.17352">
        <ele>421.1</ele>
      </trkpt>
      <trkpt lat="45.87227" lon="-95.17238">
        <ele>420.7</ele>
      </trkpt>
      <trkpt lat="45.87207" lon="-95.17125">
        <ele>419.6</ele>
      </trkpt>
      <trkpt lat="45.87187" lon="-95.17012">
        <ele>418.3</ele>
      </trkpt>
      <trkpt lat="45.87185" lon="-95.17">
        <ele>418.1</ele>
      </trkpt>
      <trkpt lat="45.87165" lon="-95.16888">
        <ele>416.9</ele>
      </trkpt>
      <trkpt lat="45.87145" lon="-95.16775">
        <ele>417.0</ele>
      </trkpt>
      <trkpt lat="45.87125" lon="-95.16662">
        <ele>417.0</ele>
      </trkpt>
      <trkpt lat="45.87105" lon="-95.1655">
        <ele>412.3</ele>
      </trkpt>
      <trkpt lat="45.87085" lon="-95.16437">
        <ele>412.7</ele>
      </trkpt>
      <trkpt lat="45.87065" lon="-95.16325">
        <ele>410.4</ele>
      </trkpt>
      <trkpt lat="45.87044" lon="-95.16216">
        <ele>411.4</ele>
      </trkpt>
      <trkpt lat="45.87024" lon="-95.16108">
        <ele>412.1</ele>
      </trkpt>
      <trkpt lat="45.87007" lon="-95.16007">
        <ele>411.9</ele>
      </trkpt>
      <trkpt lat="45.86985" lon="-95.15884">
        <ele>411.8</ele>
      </trkpt>
      <trkpt lat="45.86963" lon="-95.15761">
        <ele>408.6</ele>
      </trkpt>
      <trkpt lat="45.8694" lon="-95.15639">
        <ele>408.2</ele>
      </trkpt>
      <trkpt lat="45.86918" lon="-95.15516">
        <ele>407.3</ele>
      </trkpt>
      <trkpt lat="45.86901" lon="-95.15419">
        <ele>408.1</ele>
      </trkpt>
      <trkpt lat="45.86894" lon="-95.15379">
        <ele>408.4</ele>
      </trkpt>
      <trkpt lat="45.8688" lon="-95.15298">
        <ele>409.2</ele>
      </trkpt>
      <trkpt lat="45.86867" lon="-95.15217">
        <ele>410.2</ele>
      </trkpt>
      <trkpt lat="45.86851" lon="-95.15127">
        <ele>410.1</ele>
      </trkpt>
      <trkpt lat="45.86835" lon="-95.15037">
        <ele>410.2</ele>
      </trkpt>
      <trkpt lat="45.86817" lon="-95.14937">
        <ele>410.4</ele>
      </trkpt>
      <trkpt lat="45.868" lon="-95.14838">
        <ele>410.7</ele>
      </trkpt>
      <trkpt lat="45.86782" lon="-95.14738">
        <ele>410.3</ele>
      </trkpt>
      <trkpt lat="45.86764" lon="-95.14639">
        <ele>410.1</ele>
      </trkpt>
      <trkpt lat="45.86743" lon="-95.14545">
        <ele>410.8</ele>
      </trkpt>
      <trkpt lat="45.86735" lon="-95.14508">
        <ele>411.3</ele>
      </trkpt>
      <trkpt lat="45.86723" lon="-95.14467">
        <ele>411.2</ele>
      </trkpt>
      <trkpt lat="45.86697" lon="-95.1438">
        <ele>411.1</ele>
      </trkpt>
      <trkpt lat="45.86686" lon="-95.1435">
        <ele>411.3</ele>
      </trkpt>
      <trkpt lat="45.86658" lon="-95.14279">
        <ele>411.0</ele>
      </trkpt>
      <trkpt lat="45.86635" lon="-95.1423">
        <ele>410.1</ele>
      </trkpt>
      <trkpt lat="45.86606" lon="-95.14172">
        <ele>408.7</ele>
      </trkpt>
      <trkpt lat="45.86582" lon="-95.1413">
        <ele>408.3</ele>
      </trkpt>
      <trkpt lat="45.8655" lon="-95.14082">
        <ele>408.5</ele>
      </trkpt>
      <trkpt lat="45.86518" lon="-95.14034">
        <ele>408.6</ele>
      </trkpt>
      <trkpt lat="45.865" lon="-95.14006">
        <ele>408.6</ele>
      </trkpt>
      <trkpt lat="45.86469" lon="-95.13962">
        <ele>408.8</ele>
      </trkpt>
      <trkpt lat="45.8644" lon="-95.1392">
        <ele>408.9</ele>
      </trkpt>
      <trkpt lat="45.86381" lon="-95.13831">
        <ele>410.3</ele>
      </trkpt>
      <trkpt lat="45.86322" lon="-95.13743">
        <ele>411.7</ele>
      </trkpt>
      <trkpt lat="45.86263" lon="-95.13654">
        <ele>411.8</ele>
      </trkpt>
      <trkpt lat="45.86204" lon="-95.13565">
        <ele>411.2</ele>
      </trkpt>
      <trkpt lat="45.86158" lon="-95.13496">
        <ele>412.7</ele>
      </trkpt>
      <trkpt lat="45.86113" lon="-95.13427">
        <ele>412.4</ele>
      </trkpt>
      <trkpt lat="45.86068" lon="-95.13358">
        <ele>411.5</ele>
      </trkpt>
      <trkpt lat="45.86019" lon="-95.13286">
        <ele>411.7</ele>
      </trkpt>
      <trkpt lat="45.85971" lon="-95.13213">
        <ele>411.5</ele>
      </trkpt>
      <trkpt lat="45.85923" lon="-95.1314">
        <ele>411.6</ele>
      </trkpt>
      <trkpt lat="45.85888" lon="-95.1309">
        <ele>410.2</ele>
      </trkpt>
      <trkpt lat="45.85854" lon="-95.13039">
        <ele>408.1</ele>
      </trkpt>
      <trkpt lat="45.85822" lon="-95.1299">
        <ele>407.6</ele>
      </trkpt>
      <trkpt lat="45.85789" lon="-95.1294">
        <ele>405.7</ele>
      </trkpt>
      <trkpt lat="45.85751" lon="-95.12885">
        <ele>405.4</ele>
      </trkpt>
      <trkpt lat="45.85738" lon="-95.12868">
        <ele>405.8</ele>
      </trkpt>
      <trkpt lat="45.85669" lon="-95.1279">
        <ele>411.1</ele>
      </trkpt>
      <trkpt lat="45.85654" lon="-95.12776">
        <ele>411.3</ele>
      </trkpt>
      <trkpt lat="45.85618" lon="-95.12744">
        <ele>410.1</ele>
      </trkpt>
      <trkpt lat="45.85568" lon="-95.12706">
        <ele>410.3</ele>
      </trkpt>
      <trkpt lat="45.85532" lon="-95.1268">
        <ele>410.7</ele>
      </trkpt>
      <trkpt lat="45.85473" lon="-95.12641">
        <ele>412.1</ele>
      </trkpt>
      <trkpt lat="45.85414" lon="-95.12603">
        <ele>413.5</ele>
      </trkpt>
      <trkpt lat="45.85403" lon="-95.12596">
        <ele>413.4</ele>
      </trkpt>
      <trkpt lat="45.85391" lon="-95.12587">
        <ele>413.3</ele>
      </trkpt>
      <trkpt lat="45.8531" lon="-95.12534">
        <ele>413.4</ele>
      </trkpt>
      <trkpt lat="45.85229" lon="-95.12481">
        <ele>412.3</ele>
      </trkpt>
      <trkpt lat="45.85181" lon="-95.12449">
        <ele>411.3</ele>
      </trkpt>
      <trkpt lat="45.85117" lon="-95.12408">
        <ele>411.6</ele>
      </trkpt>
      <trkpt lat="45.85056" lon="-95.12368">
        <ele>411.6</ele>
      </trkpt>
      <trkpt lat="45.84996" lon="-95.12327">
        <ele>414.8</ele>
      </trkpt>
      <trkpt lat="45.8493" lon="-95.12284">
        <ele>417.8</ele>
      </trkpt>
      <trkpt lat="45.84864" lon="-95.12242">
        <ele>414.9</ele>
      </trkpt>
      <trkpt lat="45.84798" lon="-95.12199">
        <ele>415.0</ele>
      </trkpt>
      <trkpt lat="45.84753" lon="-95.12169">
        <ele>415.1</ele>
      </trkpt>
      <trkpt lat="45.84708" lon="-95.12138">
        <ele>415.3</ele>
      </trkpt>
      <trkpt lat="45.84631" lon="-95.12087">
        <ele>415.4</ele>
      </trkpt>
      <trkpt lat="45.84554" lon="-95.12036">
        <ele>415.0</ele>
      </trkpt>
      <trkpt lat="45.84477" lon="-95.11986">
        <ele>414.3</ele>
      </trkpt>
      <trkpt lat="45.844" lon="-95.11935">
        <ele>414.4</ele>
      </trkpt>
      <trkpt lat="45.84323" lon="-95.11884">
        <ele>414.6</ele>
      </trkpt>
      <trkpt lat="45.84246" lon="-95.11833">
        <ele>413.4</ele>
      </trkpt>
      <trkpt lat="45.84169" lon="-95.11783">
        <ele>412.2</ele>
      </trkpt>
      <trkpt lat="45.84092" lon="-95.11732">
        <ele>412.0</ele>
      </trkpt>
      <trkpt lat="45.84015" lon="-95.11681">
        <ele>411.7</ele>
      </trkpt>
      <trkpt lat="45.83939" lon="-95.11631">
        <ele>412.0</ele>
      </trkpt>
      <trkpt lat="45.83863" lon="-95.1158">
        <ele>411.7</ele>
      </trkpt>
      <trkpt lat="45.83783" lon="-95.11528">
        <ele>412.3</ele>
      </trkpt>
      <trkpt lat="45.83703" lon="-95.11475">
        <ele>411.7</ele>
      </trkpt>
      <trkpt lat="45.83623" lon="-95.11423">
        <ele>412.9</ele>
      </trkpt>
      <trkpt lat="45.83552" lon="-95.11376">
        <ele>414.2</ele>
      </trkpt>
      <trkpt lat="45.83482" lon="-95.1133">
        <ele>414.5</ele>
      </trkpt>
      <trkpt lat="45.83412" lon="-95.11283">
        <ele>414.5</ele>
      </trkpt>
      <trkpt lat="45.83342" lon="-95.11237">
        <ele>415.0</ele>
      </trkpt>
      <trkpt lat="45.83272" lon="-95.1119">
        <ele>414.7</ele>
      </trkpt>
      <trkpt lat="45.83201" lon="-95.11144">
        <ele>414.6</ele>
      </trkpt>
      <trkpt lat="45.83128" lon="-95.11096">
        <ele>413.6</ele>
      </trkpt>
      <trkpt lat="45.83055" lon="-95.11049">
        <ele>413.8</ele>
      </trkpt>
      <trkpt lat="45.82987" lon="-95.11004">
        <ele>413.1</ele>
      </trkpt>
      <trkpt lat="45.82918" lon="-95.10959">
        <ele>411.7</ele>
      </trkpt>
      <trkpt lat="45.8285" lon="-95.10914">
        <ele>411.7</ele>
      </trkpt>
      <trkpt lat="45.82782" lon="-95.10869">
        <ele>411.7</ele>
      </trkpt>
      <trkpt lat="45.82714" lon="-95.10824">
        <ele>411.7</ele>
      </trkpt>
      <trkpt lat="45.82645" lon="-95.10779">
        <ele>411.7</ele>
      </trkpt>
      <trkpt lat="45.82619" lon="-95.10761">
        <ele>411.7</ele>
      </trkpt>
      <trkpt lat="45.82564" lon="-95.1072">
        <ele>411.7</ele>
      </trkpt>
      <trkpt lat="45.82537" lon="-95.10698">
        <ele>411.7</ele>
      </trkpt>
      <trkpt lat="45.82497" lon="-95.10663">
        <ele>411.5</ele>
      </trkpt>
      <trkpt lat="45.82458" lon="-95.10628">
        <ele>410.0</ele>
      </trkpt>
      <trkpt lat="45.82431" lon="-95.10602">
        <ele>409.4</ele>
      </trkpt>
      <trkpt lat="45.8237" lon="-95.10542">
        <ele>408.7</ele>
      </trkpt>
      <trkpt lat="45.82309" lon="-95.10483">
        <ele>408.6</ele>
      </trkpt>
      <trkpt lat="45.82248" lon="-95.10423">
        <ele>408.6</ele>
      </trkpt>
      <trkpt lat="45.82187" lon="-95.10362">
        <ele>408.3</ele>
      </trkpt>
      <trkpt lat="45.82126" lon="-95.103">
        <ele>407.7</ele>
      </trkpt>
      <trkpt lat="45.82065" lon="-95.10239">
        <ele>407.9</ele>
      </trkpt>
      <trkpt lat="45.82003" lon="-95.10178">
        <ele>408.6</ele>
      </trkpt>
      <trkpt lat="45.81938" lon="-95.10114">
        <ele>408.6</ele>
      </trkpt>
      <trkpt lat="45.81873" lon="-95.10049">
        <ele>408.9</ele>
      </trkpt>
      <trkpt lat="45.81807" lon="-95.09984">
        <ele>409.0</ele>
      </trkpt>
      <trkpt lat="45.81742" lon="-95.0992">
        <ele>409.2</ele>
      </trkpt>
      <trkpt lat="45.81676" lon="-95.09855">
        <ele>408.5</ele>
      </trkpt>
      <trkpt lat="45.81611" lon="-95.09791">
        <ele>408.6</ele>
      </trkpt>
      <trkpt lat="45.81546" lon="-95.09726">
        <ele>408.6</ele>
      </trkpt>
      <trkpt lat="45.8148" lon="-95.09662">
        <ele>408.6</ele>
      </trkpt>
      <trkpt lat="45.81407" lon="-95.09589">
        <ele>408.6</ele>
      </trkpt>
      <trkpt lat="45.81335" lon="-95.09517">
        <ele>408.6</ele>
      </trkpt>
      <trkpt lat="45.81262" lon="-95.09444">
        <ele>408.6</ele>
      </trkpt>
      <trkpt lat="45.81189" lon="-95.09372">
        <ele>408.6</ele>
      </trkpt>
      <trkpt lat="45.81116" lon="-95.09299">
        <ele>408.6</ele>
      </trkpt>
      <trkpt lat="45.81043" lon="-95.09227">
        <ele>408.6</ele>
      </trkpt>
      <trkpt lat="45.8097" lon="-95.09154">
        <ele>407.7</ele>
      </trkpt>
      <trkpt lat="45.80897" lon="-95.09082">
        <ele>408.6</ele>
      </trkpt>
      <trkpt lat="45.80825" lon="-95.09009">
        <ele>408.0</ele>
      </trkpt>
      <trkpt lat="45.80752" lon="-95.08937">
        <ele>406.5</ele>
      </trkpt>
      <trkpt lat="45.807" lon="-95.08886">
        <ele>405.7</ele>
      </trkpt>
      <trkpt lat="45.80649" lon="-95.08835">
        <ele>405.8</ele>
      </trkpt>
      <trkpt lat="45.80597" lon="-95.08785">
        <ele>406.8</ele>
      </trkpt>
      <trkpt lat="45.80542" lon="-95.08729">
        <ele>410.9</ele>
      </trkpt>
      <trkpt lat="45.80486" lon="-95.08673">
        <ele>406.3</ele>
      </trkpt>
      <trkpt lat="45.8043" lon="-95.08617">
        <ele>405.7</ele>
      </trkpt>
      <trkpt lat="45.80375" lon="-95.08561">
        <ele>406.3</ele>
      </trkpt>
      <trkpt lat="45.80317" lon="-95.08505">
        <ele>407.4</ele>
      </trkpt>
      <trkpt lat="45.8026" lon="-95.08448">
        <ele>407.6</ele>
      </trkpt>
      <trkpt lat="45.80203" lon="-95.08391">
        <ele>407.4</ele>
      </trkpt>
      <trkpt lat="45.80145" lon="-95.08335">
        <ele>408.4</ele>
      </trkpt>
      <trkpt lat="45.80119" lon="-95.08306">
        <ele>408.3</ele>
      </trkpt>
      <trkpt lat="45.8008" lon="-95.08257">
        <ele>408.6</ele>
      </trkpt>
      <trkpt lat="45.8004" lon="-95.08209">
        <ele>408.3</ele>
      </trkpt>
      <trkpt lat="45.80016" lon="-95.08177">
        <ele>408.4</ele>
      </trkpt>
      <trkpt lat="45.79963" lon="-95.08105">
        <ele>407.6</ele>
      </trkpt>
      <trkpt lat="45.7991" lon="-95.08032">
        <ele>406.9</ele>
      </trkpt>
      <trkpt lat="45.79858" lon="-95.07957">
        <ele>405.6</ele>
      </trkpt>
      <trkpt lat="45.79805" lon="-95.07882">
        <ele>405.6</ele>
      </trkpt>
      <trkpt lat="45.79771" lon="-95.07836">
        <ele>405.6</ele>
      </trkpt>
      <trkpt lat="45.79737" lon="-95.07789">
        <ele>406.1</ele>
      </trkpt>
      <trkpt lat="45.79679" lon="-95.0771">
        <ele>407.1</ele>
      </trkpt>
      <trkpt lat="45.79622" lon="-95.07631">
        <ele>407.7</ele>
      </trkpt>
      <trkpt lat="45.79564" lon="-95.07551">
        <ele>408.4</ele>
      </trkpt>
      <trkpt lat="45.79507" lon="-95.07472">
        <ele>406.6</ele>
      </trkpt>
      <trkpt lat="45.79446" lon="-95.07387">
        <ele>405.6</ele>
      </trkpt>
      <trkpt lat="45.79384" lon="-95.07302">
        <ele>405.5</ele>
      </trkpt>
      <trkpt lat="45.79323" lon="-95.07216">
        <ele>405.6</ele>
      </trkpt>
      <trkpt lat="45.79262" lon="-95.07131">
        <ele>405.6</ele>
      </trkpt>
      <trkpt lat="45.792" lon="-95.07046">
        <ele>406.4</ele>
      </trkpt>
      <trkpt lat="45.79139" lon="-95.06961">
        <ele>406.0</ele>
      </trkpt>
      <trkpt lat="45.79078" lon="-95.06876">
        <ele>404.0</ele>
      </trkpt>
      <trkpt lat="45.79016" lon="-95.06791">
        <ele>403.1</ele>
      </trkpt>
      <trkpt lat="45.78955" lon="-95.06706">
        <ele>402.6</ele>
      </trkpt>
      <trkpt lat="45.78894" lon="-95.06621">
        <ele>402.5</ele>
      </trkpt>
      <trkpt lat="45.78832" lon="-95.06536">
        <ele>400.7</ele>
      </trkpt>
      <trkpt lat="45.78771" lon="-95.0645">
        <ele>399.4</ele>
      </trkpt>
      <trkpt lat="45.7871" lon="-95.06364">
        <ele>399.5</ele>
      </trkpt>
      <trkpt lat="45.78648" lon="-95.06279">
        <ele>399.5</ele>
      </trkpt>
      <trkpt lat="45.78587" lon="-95.06193">
        <ele>399.6</ele>
      </trkpt>
      <trkpt lat="45.78534" lon="-95.06121">
        <ele>399.5</ele>
      </trkpt>
      <trkpt lat="45.78481" lon="-95.06048">
        <ele>397.5</ele>
      </trkpt>
      <trkpt lat="45.78417" lon="-95.05959">
        <ele>397.0</ele>
      </trkpt>
      <trkpt lat="45.78353" lon="-95.0587">
        <ele>396.4</ele>
      </trkpt>
      <trkpt lat="45.78289" lon="-95.05782">
        <ele>395.3</ele>
      </trkpt>
      <trkpt lat="45.78225" lon="-95.05693">
        <ele>394.3</ele>
      </trkpt>
      <trkpt lat="45.78162" lon="-95.05604">
        <ele>393.8</ele>
      </trkpt>
      <trkpt lat="45.78098" lon="-95.05516">
        <ele>393.4</ele>
      </trkpt>
      <trkpt lat="45.78044" lon="-95.05441">
        <ele>392.4</ele>
      </trkpt>
      <trkpt lat="45.77991" lon="-95.05366">
        <ele>390.3</ele>
      </trkpt>
      <trkpt lat="45.77938" lon="-95.05291">
        <ele>389.9</ele>
      </trkpt>
      <trkpt lat="45.77919" lon="-95.05267">
        <ele>389.7</ele>
      </trkpt>
      <trkpt lat="45.77877" lon="-95.05208">
        <ele>389.5</ele>
      </trkpt>
      <trkpt lat="45.77834" lon="-95.05148">
        <ele>388.6</ele>
      </trkpt>
      <trkpt lat="45.77779" lon="-95.05072">
        <ele>390.3</ele>
      </trkpt>
      <trkpt lat="45.77723" lon="-95.04996">
        <ele>390.4</ele>
      </trkpt>
      <trkpt lat="45.77668" lon="-95.04921">
        <ele>391.1</ele>
      </trkpt>
      <trkpt lat="45.77613" lon="-95.04845">
        <ele>390.6</ele>
      </trkpt>
      <trkpt lat="45.77559" lon="-95.0477">
        <ele>391.3</ele>
      </trkpt>
      <trkpt lat="45.77505" lon="-95.04695">
        <ele>391.3</ele>
      </trkpt>
      <trkpt lat="45.77451" lon="-95.0462">
        <ele>392.2</ele>
      </trkpt>
      <trkpt lat="45.77397" lon="-95.04545">
        <ele>392.1</ele>
      </trkpt>
      <trkpt lat="45.77337" lon="-95.04461">
        <ele>391.8</ele>
      </trkpt>
      <trkpt lat="45.77277" lon="-95.04378">
        <ele>391.7</ele>
      </trkpt>
      <trkpt lat="45.77216" lon="-95.04295">
        <ele>391.6</ele>
      </trkpt>
      <trkpt lat="45.77163" lon="-95.04222">
        <ele>391.2</ele>
      </trkpt>
      <trkpt lat="45.77109" lon="-95.04149">
        <ele>390.5</ele>
      </trkpt>
      <trkpt lat="45.77086" lon="-95.04117">
        <ele>390.3</ele>
      </trkpt>
      <trkpt lat="45.77044" lon="-95.04057">
        <ele>389.8</ele>
      </trkpt>
      <trkpt lat="45.77001" lon="-95.03997">
        <ele>392.9</ele>
      </trkpt>
      <trkpt lat="45.76959" lon="-95.03935">
        <ele>396.6</ele>
      </trkpt>
      <trkpt lat="45.76917" lon="-95.03869">
        <ele>396.5</ele>
      </trkpt>
      <trkpt lat="45.76884" lon="-95.03813">
        <ele>396.4</ele>
      </trkpt>
      <trkpt lat="45.76849" lon="-95.03749">
        <ele>396.3</ele>
      </trkpt>
      <trkpt lat="45.7681" lon="-95.03671">
        <ele>397.6</ele>
      </trkpt>
      <trkpt lat="45.76793" lon="-95.03636">
        <ele>398.3</ele>
      </trkpt>
      <trkpt lat="45.76774" lon="-95.03593">
        <ele>399.3</ele>
      </trkpt>
      <trkpt lat="45.7675" lon="-95.03537">
        <ele>399.5</ele>
      </trkpt>
      <trkpt lat="45.76707" lon="-95.03433">
        <ele>401.4</ele>
      </trkpt>
      <trkpt lat="45.76664" lon="-95.03329">
        <ele>402.3</ele>
      </trkpt>
      <trkpt lat="45.76621" lon="-95.03225">
        <ele>402.4</ele>
      </trkpt>
      <trkpt lat="45.76579" lon="-95.03122">
        <ele>402.9</ele>
      </trkpt>
      <trkpt lat="45.76536" lon="-95.03018">
        <ele>405.1</ele>
      </trkpt>
      <trkpt lat="45.7649" lon="-95.02908">
        <ele>405.6</ele>
      </trkpt>
      <trkpt lat="45.76445" lon="-95.02798">
        <ele>405.8</ele>
      </trkpt>
      <trkpt lat="45.764" lon="-95.02689">
        <ele>405.5</ele>
      </trkpt>
      <trkpt lat="45.76354" lon="-95.02579">
        <ele>405.6</ele>
      </trkpt>
      <trkpt lat="45.76309" lon="-95.02469">
        <ele>405.6</ele>
      </trkpt>
      <trkpt lat="45.76263" lon="-95.02359">
        <ele>406.0</ele>
      </trkpt>
      <trkpt lat="45.76218" lon="-95.0225">
        <ele>406.5</ele>
      </trkpt>
      <trkpt lat="45.76173" lon="-95.0214">
        <ele>406.2</ele>
      </trkpt>
      <trkpt lat="45.76127" lon="-95.0203">
        <ele>405.9</ele>
      </trkpt>
      <trkpt lat="45.76082" lon="-95.01921">
        <ele>405.7</ele>
      </trkpt>
      <trkpt lat="45.76036" lon="-95.01811">
        <ele>405.7</ele>
      </trkpt>
      <trkpt lat="45.75991" lon="-95.01701">
        <ele>405.5</ele>
      </trkpt>
      <trkpt lat="45.75946" lon="-95.01592">
        <ele>402.0</ele>
      </trkpt>
      <trkpt lat="45.759" lon="-95.01482">
        <ele>396.9</ele>
      </trkpt>
      <trkpt lat="45.75855" lon="-95.01372">
        <ele>401.1</ele>
      </trkpt>
      <trkpt lat="45.7581" lon="-95.01262">
        <ele>394.6</ele>
      </trkpt>
      <trkpt lat="45.75764" lon="-95.01153">
        <ele>394.4</ele>
      </trkpt>
      <trkpt lat="45.75719" lon="-95.01043">
        <ele>396.9</ele>
      </trkpt>
      <trkpt lat="45.75673" lon="-95.00933">
        <ele>394.4</ele>
      </trkpt>
      <trkpt lat="45.75628" lon="-95.00824">
        <ele>396.0</ele>
      </trkpt>
      <trkpt lat="45.75583" lon="-95.00714">
        <ele>394.5</ele>
      </trkpt>
      <trkpt lat="45.75537" lon="-95.00604">
        <ele>394.8</ele>
      </trkpt>
      <trkpt lat="45.75492" lon="-95.00495">
        <ele>398.3</ele>
      </trkpt>
      <trkpt lat="45.75447" lon="-95.00387">
        <ele>399.5</ele>
      </trkpt>
      <trkpt lat="45.75402" lon="-95.00279">
        <ele>399.5</ele>
      </trkpt>
      <trkpt lat="45.75358" lon="-95.00172">
        <ele>399.8</ele>
      </trkpt>
      <trkpt lat="45.75313" lon="-95.00064">
        <ele>399.9</ele>
      </trkpt>
      <trkpt lat="45.75268" lon="-94.99956">
        <ele>398.7</ele>
      </trkpt>
      <trkpt lat="45.75224" lon="-94.99849">
        <ele>396.5</ele>
      </trkpt>
      <trkpt lat="45.75179" lon="-94.99741">
        <ele>396.4</ele>
      </trkpt>
      <trkpt lat="45.75134" lon="-94.99633">
        <ele>396.4</ele>
      </trkpt>
      <trkpt lat="45.7509" lon="-94.99526">
        <ele>396.9</ele>
      </trkpt>
      <trkpt lat="45.75045" lon="-94.99418">
        <ele>396.4</ele>
      </trkpt>
      <trkpt lat="45.75" lon="-94.9931">
        <ele>396.4</ele>
      </trkpt>
      <trkpt lat="45.74956" lon="-94.99203">
        <ele>396.3</ele>
      </trkpt>
      <trkpt lat="45.74911" lon="-94.99095">
        <ele>396.4</ele>
      </trkpt>
      <trkpt lat="45.74866" lon="-94.98987">
        <ele>396.1</ele>
      </trkpt>
      <trkpt lat="45.74822" lon="-94.9888">
        <ele>394.7</ele>
      </trkpt>
      <trkpt lat="45.74777" lon="-94.98772">
        <ele>394.1</ele>
      </trkpt>
      <trkpt lat="45.74732" lon="-94.98664">
        <ele>393.4</ele>
      </trkpt>
      <trkpt lat="45.74688" lon="-94.98557">
        <ele>393.4</ele>
      </trkpt>
      <trkpt lat="45.74643" lon="-94.98449">
        <ele>393.1</ele>
      </trkpt>
      <trkpt lat="45.74598" lon="-94.98341">
        <ele>392.7</ele>
      </trkpt>
      <trkpt lat="45.74554" lon="-94.98234">
        <ele>392.5</ele>
      </trkpt>
      <trkpt lat="45.74509" lon="-94.98126">
        <ele>393.6</ele>
      </trkpt>
      <trkpt lat="45.74464" lon="-94.98018">
        <ele>391.1</ele>
      </trkpt>
      <trkpt lat="45.7442" lon="-94.97911">
        <ele>390.3</ele>
      </trkpt>
      <trkpt lat="45.74375" lon="-94.97803">
        <ele>390.3</ele>
      </trkpt>
      <trkpt lat="45.7433" lon="-94.97695">
        <ele>389.1</ele>
      </trkpt>
      <trkpt lat="45.74299" lon="-94.97619">
        <ele>389.2</ele>
      </trkpt>
      <trkpt lat="45.74267" lon="-94.97543">
        <ele>389.3</ele>
      </trkpt>
      <trkpt lat="45.74236" lon="-94.97467">
        <ele>388.1</ele>
      </trkpt>
      <trkpt lat="45.74215" lon="-94.9741">
        <ele>386.7</ele>
      </trkpt>
      <trkpt lat="45.7418" lon="-94.97311">
        <ele>384.8</ele>
      </trkpt>
      <trkpt lat="45.74145" lon="-94.97213">
        <ele>381.5</ele>
      </trkpt>
      <trkpt lat="45.74111" lon="-94.97115">
        <ele>381.2</ele>
      </trkpt>
      <trkpt lat="45.74076" lon="-94.97017">
        <ele>381.4</ele>
      </trkpt>
      <trkpt lat="45.74035" lon="-94.96903">
        <ele>382.6</ele>
      </trkpt>
      <trkpt lat="45.74027" lon="-94.9688">
        <ele>381.9</ele>
      </trkpt>
      <trkpt lat="45.74005" lon="-94.96816">
        <ele>381.5</ele>
      </trkpt>
      <trkpt lat="45.73983" lon="-94.96753">
        <ele>381.2</ele>
      </trkpt>
      <trkpt lat="45.73956" lon="-94.96677">
        <ele>381.2</ele>
      </trkpt>
      <trkpt lat="45.73928" lon="-94.96601">
        <ele>381.2</ele>
      </trkpt>
      <trkpt lat="45.73907" lon="-94.96538">
        <ele>382.2</ele>
      </trkpt>
      <trkpt lat="45.73882" lon="-94.96468">
        <ele>383.4</ele>
      </trkpt>
      <trkpt lat="45.73857" lon="-94.96398">
        <ele>383.8</ele>
      </trkpt>
      <trkpt lat="45.73826" lon="-94.96325">
        <ele>383.9</ele>
      </trkpt>
      <trkpt lat="45.73804" lon="-94.96277">
        <ele>384.0</ele>
      </trkpt>
      <trkpt lat="45.73799" lon="-94.96265">
        <ele>384.0</ele>
      </trkpt>
      <trkpt lat="45.73768" lon="-94.96212">
        <ele>384.0</ele>
      </trkpt>
      <trkpt lat="45.73713" lon="-94.96124">
        <ele>383.7</ele>
      </trkpt>
      <trkpt lat="45.73706" lon="-94.96111">
        <ele>383.7</ele>
      </trkpt>
      <trkpt lat="45.7366" lon="-94.96043">
        <ele>383.7</ele>
      </trkpt>
      <trkpt lat="45.73611" lon="-94.95968">
        <ele>383.7</ele>
      </trkpt>
      <trkpt lat="45.73563" lon="-94.95893">
        <ele>383.6</ele>
      </trkpt>
      <trkpt lat="45.73514" lon="-94.95819">
        <ele>383.6</ele>
      </trkpt>
      <trkpt lat="45.73481" lon="-94.95766">
        <ele>383.5</ele>
      </trkpt>
      <trkpt lat="45.73423" lon="-94.95677">
        <ele>383.0</ele>
      </trkpt>
      <trkpt lat="45.73365" lon="-94.95587">
        <ele>382.6</ele>
      </trkpt>
      <trkpt lat="45.73306" lon="-94.95498">
        <ele>382.3</ele>
      </trkpt>
      <trkpt lat="45.73302" lon="-94.9549">
        <ele>382.3</ele>
      </trkpt>
      <trkpt lat="45.73265" lon="-94.95434">
        <ele>382.1</ele>
      </trkpt>
      <trkpt lat="45.73229" lon="-94.95379">
        <ele>381.7</ele>
      </trkpt>
      <trkpt lat="45.73198" lon="-94.95331">
        <ele>381.3</ele>
      </trkpt>
      <trkpt lat="45.73168" lon="-94.95283">
        <ele>380.7</ele>
      </trkpt>
      <trkpt lat="45.73121" lon="-94.95213">
        <ele>380.4</ele>
      </trkpt>
      <trkpt lat="45.73086" lon="-94.95159">
        <ele>380.2</ele>
      </trkpt>
      <trkpt lat="45.73036" lon="-94.95081">
        <ele>380.0</ele>
      </trkpt>
      <trkpt lat="45.72986" lon="-94.95003">
        <ele>380.2</ele>
      </trkpt>
      <trkpt lat="45.72936" lon="-94.94924">
        <ele>380.6</ele>
      </trkpt>
      <trkpt lat="45.72886" lon="-94.94846">
        <ele>382.0</ele>
      </trkpt>
      <trkpt lat="45.72839" lon="-94.94775">
        <ele>381.9</ele>
      </trkpt>
      <trkpt lat="45.72793" lon="-94.94704">
        <ele>382.0</ele>
      </trkpt>
      <trkpt lat="45.72746" lon="-94.94633">
        <ele>381.6</ele>
      </trkpt>
      <trkpt lat="45.727" lon="-94.94562">
        <ele>381.2</ele>
      </trkpt>
      <trkpt lat="45.72651" lon="-94.94482">
        <ele>380.9</ele>
      </trkpt>
      <trkpt lat="45.72621" lon="-94.94429">
        <ele>380.7</ele>
      </trkpt>
      <trkpt lat="45.72592" lon="-94.94377">
        <ele>380.3</ele>
      </trkpt>
      <trkpt lat="45.72576" lon="-94.94347">
        <ele>380.1</ele>
      </trkpt>
      <trkpt lat="45.72543" lon="-94.94278">
        <ele>379.6</ele>
      </trkpt>
      <trkpt lat="45.7253" lon="-94.9425">
        <ele>379.4</ele>
      </trkpt>
      <trkpt lat="45.72504" lon="-94.94189">
        <ele>379.1</ele>
      </trkpt>
      <trkpt lat="45.72478" lon="-94.94128">
        <ele>378.7</ele>
      </trkpt>
      <trkpt lat="45.72446" lon="-94.94051">
        <ele>378.7</ele>
      </trkpt>
      <trkpt lat="45.72414" lon="-94.93973">
        <ele>377.7</ele>
      </trkpt>
      <trkpt lat="45.72382" lon="-94.93896">
        <ele>376.8</ele>
      </trkpt>
      <trkpt lat="45.72347" lon="-94.93813">
        <ele>376.0</ele>
      </trkpt>
      <trkpt lat="45.72303" lon="-94.93705">
        <ele>374.9</ele>
      </trkpt>
      <trkpt lat="45.72258" lon="-94.93597">
        <ele>378.7</ele>
      </trkpt>
      <trkpt lat="45.72213" lon="-94.93489">
        <ele>379.5</ele>
      </trkpt>
      <trkpt lat="45.72169" lon="-94.93381">
        <ele>379.5</ele>
      </trkpt>
      <trkpt lat="45.72124" lon="-94.93273">
        <ele>377.5</ele>
      </trkpt>
      <trkpt lat="45.72079" lon="-94.93165">
        <ele>378.1</ele>
      </trkpt>
      <trkpt lat="45.72035" lon="-94.93056">
        <ele>380.5</ele>
      </trkpt>
      <trkpt lat="45.71993" lon="-94.92961">
        <ele>380.9</ele>
      </trkpt>
      <trkpt lat="45.71972" lon="-94.92919">
        <ele>381.1</ele>
      </trkpt>
      <trkpt lat="45.71942" lon="-94.92861">
        <ele>381.2</ele>
      </trkpt>
      <trkpt lat="45.71894" lon="-94.92774">
        <ele>381.7</ele>
      </trkpt>
      <trkpt lat="45.71865" lon="-94.92726">
        <ele>382.4</ele>
      </trkpt>
      <trkpt lat="45.71836" lon="-94.9268">
        <ele>382.6</ele>
      </trkpt>
      <trkpt lat="45.71801" lon="-94.92628">
        <ele>382.3</ele>
      </trkpt>
      <trkpt lat="45.71764" lon="-94.92577">
        <ele>382.7</ele>
      </trkpt>
      <trkpt lat="45.71714" lon="-94.92515">
        <ele>382.8</ele>
      </trkpt>
      <trkpt lat="45.71665" lon="-94.92453">
        <ele>383.3</ele>
      </trkpt>
      <trkpt lat="45.71616" lon="-94.92391">
        <ele>383.6</ele>
      </trkpt>
      <trkpt lat="45.71577" lon="-94.92343">
        <ele>383.9</ele>
      </trkpt>
      <trkpt lat="45.71521" lon="-94.92274">
        <ele>383.6</ele>
      </trkpt>
      <trkpt lat="45.71466" lon="-94.92205">
        <ele>383.8</ele>
      </trkpt>
      <trkpt lat="45.7141" lon="-94.92136">
        <ele>384.4</ele>
      </trkpt>
      <trkpt lat="45.71355" lon="-94.92066">
        <ele>385.7</ele>
      </trkpt>
      <trkpt lat="45.71299" lon="-94.91997">
        <ele>387.7</ele>
      </trkpt>
      <trkpt lat="45.71234" lon="-94.91915">
        <ele>387.2</ele>
      </trkpt>
      <trkpt lat="45.71168" lon="-94.91834">
        <ele>387.4</ele>
      </trkpt>
      <trkpt lat="45.71102" lon="-94.91752">
        <ele>384.7</ele>
      </trkpt>
      <trkpt lat="45.71037" lon="-94.9167">
        <ele>385.7</ele>
      </trkpt>
      <trkpt lat="45.70971" lon="-94.91589">
        <ele>387.3</ele>
      </trkpt>
      <trkpt lat="45.70935" lon="-94.91542">
        <ele>388.1</ele>
      </trkpt>
      <trkpt lat="45.70913" lon="-94.9151">
        <ele>388.9</ele>
      </trkpt>
      <trkpt lat="45.70888" lon="-94.91474">
        <ele>388.8</ele>
      </trkpt>
      <trkpt lat="45.70858" lon="-94.91422">
        <ele>390.9</ele>
      </trkpt>
      <trkpt lat="45.70844" lon="-94.91395">
        <ele>390.3</ele>
      </trkpt>
      <trkpt lat="45.70813" lon="-94.91331">
        <ele>389.5</ele>
      </trkpt>
      <trkpt lat="45.7078" lon="-94.9125">
        <ele>389.7</ele>
      </trkpt>
      <trkpt lat="45.70744" lon="-94.91144">
        <ele>386.6</ele>
      </trkpt>
      <trkpt lat="45.70711" lon="-94.91043">
        <ele>384.3</ele>
      </trkpt>
      <trkpt lat="45.70678" lon="-94.90943">
        <ele>384.0</ele>
      </trkpt>
      <trkpt lat="45.70645" lon="-94.90843">
        <ele>384.2</ele>
      </trkpt>
      <trkpt lat="45.70611" lon="-94.90743">
        <ele>384.2</ele>
      </trkpt>
      <trkpt lat="45.70578" lon="-94.90643">
        <ele>384.2</ele>
      </trkpt>
      <trkpt lat="45.70545" lon="-94.90543">
        <ele>384.1</ele>
      </trkpt>
      <trkpt lat="45.70508" lon="-94.90429">
        <ele>381.2</ele>
      </trkpt>
      <trkpt lat="45.7047" lon="-94.90315">
        <ele>381.2</ele>
      </trkpt>
      <trkpt lat="45.70432" lon="-94.90201">
        <ele>384.3</ele>
      </trkpt>
      <trkpt lat="45.70394" lon="-94.90088">
        <ele>384.3</ele>
      </trkpt>
      <trkpt lat="45.70367" lon="-94.90004">
        <ele>384.2</ele>
      </trkpt>
      <trkpt lat="45.7034" lon="-94.8992">
        <ele>382.6</ele>
      </trkpt>
      <trkpt lat="45.70305" lon="-94.89814">
        <ele>381.5</ele>
      </trkpt>
      <trkpt lat="45.7027" lon="-94.89709">
        <ele>381.2</ele>
      </trkpt>
      <trkpt lat="45.70235" lon="-94.89604">
        <ele>383.3</ele>
      </trkpt>
      <trkpt lat="45.702" lon="-94.89498">
        <ele>384.1</ele>
      </trkpt>
      <trkpt lat="45.70165" lon="-94.89393">
        <ele>385.5</ele>
      </trkpt>
      <trkpt lat="45.70127" lon="-94.89277">
        <ele>386.1</ele>
      </trkpt>
      <trkpt lat="45.70089" lon="-94.89162">
        <ele>384.8</ele>
      </trkpt>
      <trkpt lat="45.70051" lon="-94.89047">
        <ele>382.2</ele>
      </trkpt>
      <trkpt lat="45.70013" lon="-94.88932">
        <ele>380.5</ele>
      </trkpt>
      <trkpt lat="45.69975" lon="-94.88816">
        <ele>378.6</ele>
      </trkpt>
      <trkpt lat="45.69937" lon="-94.88701">
        <ele>378.3</ele>
      </trkpt>
      <trkpt lat="45.69899" lon="-94.88586">
        <ele>380.0</ele>
      </trkpt>
      <trkpt lat="45.6986" lon="-94.88471">
        <ele>381.6</ele>
      </trkpt>
      <trkpt lat="45.69822" lon="-94.88355">
        <ele>381.3</ele>
      </trkpt>
      <trkpt lat="45.69784" lon="-94.8824">
        <ele>381.6</ele>
      </trkpt>
      <trkpt lat="45.69746" lon="-94.88125">
        <ele>381.2</ele>
      </trkpt>
      <trkpt lat="45.69708" lon="-94.88009">
        <ele>381.2</ele>
      </trkpt>
      <trkpt lat="45.69675" lon="-94.87913">
        <ele>381.2</ele>
      </trkpt>
      <trkpt lat="45.69644" lon="-94.87818">
        <ele>381.2</ele>
      </trkpt>
      <trkpt lat="45.69612" lon="-94.87723">
        <ele>381.2</ele>
      </trkpt>
      <trkpt lat="45.69581" lon="-94.87627">
        <ele>381.3</ele>
      </trkpt>
      <trkpt lat="45.6955" lon="-94.87532">
        <ele>381.2</ele>
      </trkpt>
      <trkpt lat="45.69518" lon="-94.87437">
        <ele>381.3</ele>
      </trkpt>
      <trkpt lat="45.69482" lon="-94.87329">
        <ele>381.2</ele>
      </trkpt>
      <trkpt lat="45.69446" lon="-94.8722">
        <ele>380.5</ele>
      </trkpt>
      <trkpt lat="45.6941" lon="-94.87111">
        <ele>379.7</ele>
      </trkpt>
      <trkpt lat="45.69374" lon="-94.87002">
        <ele>378.3</ele>
      </trkpt>
      <trkpt lat="45.69335" lon="-94.86886">
        <ele>376.6</ele>
      </trkpt>
      <trkpt lat="45.69296" lon="-94.86771">
        <ele>373.9</ele>
      </trkpt>
      <trkpt lat="45.69258" lon="-94.86655">
        <ele>372.8</ele>
      </trkpt>
      <trkpt lat="45.6923" lon="-94.8657">
        <ele>374.0</ele>
      </trkpt>
      <trkpt lat="45.69203" lon="-94.86484">
        <ele>375.1</ele>
      </trkpt>
      <trkpt lat="45.69177" lon="-94.86396">
        <ele>373.3</ele>
      </trkpt>
      <trkpt lat="45.69165" lon="-94.8635">
        <ele>373.2</ele>
      </trkpt>
      <trkpt lat="45.6914" lon="-94.86244">
        <ele>374.4</ele>
      </trkpt>
      <trkpt lat="45.6913" lon="-94.86192">
        <ele>374.8</ele>
      </trkpt>
      <trkpt lat="45.69119" lon="-94.86127">
        <ele>374.8</ele>
      </trkpt>
      <trkpt lat="45.69099" lon="-94.86004">
        <ele>375.3</ele>
      </trkpt>
      <trkpt lat="45.69093" lon="-94.85951">
        <ele>374.6</ele>
      </trkpt>
      <trkpt lat="45.69081" lon="-94.85844">
        <ele>372.5</ele>
      </trkpt>
      <trkpt lat="45.6907" lon="-94.85738">
        <ele>371.8</ele>
      </trkpt>
      <trkpt lat="45.69059" lon="-94.85631">
        <ele>369.3</ele>
      </trkpt>
      <trkpt lat="45.69048" lon="-94.85525">
        <ele>369.0</ele>
      </trkpt>
      <trkpt lat="45.69039" lon="-94.85456">
        <ele>369.1</ele>
      </trkpt>
      <trkpt lat="45.69023" lon="-94.85369">
        <ele>369.0</ele>
      </trkpt>
      <trkpt lat="45.69013" lon="-94.85326">
        <ele>369.0</ele>
      </trkpt>
      <trkpt lat="45.68991" lon="-94.85249">
        <ele>369.0</ele>
      </trkpt>
      <trkpt lat="45.68961" lon="-94.85162">
        <ele>369.0</ele>
      </trkpt>
      <trkpt lat="45.68919" lon="-94.85052">
        <ele>367.7</ele>
      </trkpt>
      <trkpt lat="45.68902" lon="-94.85008">
        <ele>367.3</ele>
      </trkpt>
      <trkpt lat="45.6886" lon="-94.84898">
        <ele>366.1</ele>
      </trkpt>
      <trkpt lat="45.68818" lon="-94.84788">
        <ele>365.7</ele>
      </trkpt>
      <trkpt lat="45.68776" lon="-94.84678">
        <ele>365.6</ele>
      </trkpt>
      <trkpt lat="45.68734" lon="-94.84568">
        <ele>367.1</ele>
      </trkpt>
      <trkpt lat="45.68692" lon="-94.84458">
        <ele>368.1</ele>
      </trkpt>
      <trkpt lat="45.6865" lon="-94.84348">
        <ele>367.8</ele>
      </trkpt>
      <trkpt lat="45.68608" lon="-94.84238">
        <ele>366.1</ele>
      </trkpt>
      <trkpt lat="45.68566" lon="-94.84128">
        <ele>366.0</ele>
      </trkpt>
      <trkpt lat="45.68524" lon="-94.84018">
        <ele>366.0</ele>
      </trkpt>
      <trkpt lat="45.68502" lon="-94.83962">
        <ele>366.0</ele>
      </trkpt>
      <trkpt lat="45.6848" lon="-94.83905">
        <ele>365.9</ele>
      </trkpt>
      <trkpt lat="45.68438" lon="-94.83796">
        <ele>366.3</ele>
      </trkpt>
      <trkpt lat="45.68396" lon="-94.83686">
        <ele>366.2</ele>
      </trkpt>
      <trkpt lat="45.68354" lon="-94.83576">
        <ele>366.1</ele>
      </trkpt>
      <trkpt lat="45.68312" lon="-94.83467">
        <ele>366.5</ele>
      </trkpt>
      <trkpt lat="45.6827" lon="-94.83357">
        <ele>366.8</ele>
      </trkpt>
      <trkpt lat="45.68228" lon="-94.83247">
        <ele>366.9</ele>
      </trkpt>
      <trkpt lat="45.68186" lon="-94.83138">
        <ele>367.3</ele>
      </trkpt>
      <trkpt lat="45.68144" lon="-94.83028">
        <ele>367.3</ele>
      </trkpt>
      <trkpt lat="45.68102" lon="-94.82918">
        <ele>367.5</ele>
      </trkpt>
      <trkpt lat="45.68061" lon="-94.82809">
        <ele>367.5</ele>
      </trkpt>
      <trkpt lat="45.68034" lon="-94.82738">
        <ele>367.5</ele>
      </trkpt>
      <trkpt lat="45.68007" lon="-94.82668">
        <ele>367.9</ele>
      </trkpt>
      <trkpt lat="45.67966" lon="-94.8256">
        <ele>368.2</ele>
      </trkpt>
      <trkpt lat="45.67924" lon="-94.82452">
        <ele>368.2</ele>
      </trkpt>
      <trkpt lat="45.67883" lon="-94.82344">
        <ele>368.4</ele>
      </trkpt>
      <trkpt lat="45.67841" lon="-94.82236">
        <ele>368.5</ele>
      </trkpt>
      <trkpt lat="45.678" lon="-94.82128">
        <ele>368.7</ele>
      </trkpt>
      <trkpt lat="45.67758" lon="-94.8202">
        <ele>368.7</ele>
      </trkpt>
      <trkpt lat="45.67717" lon="-94.81912">
        <ele>368.9</ele>
      </trkpt>
      <trkpt lat="45.67675" lon="-94.81802">
        <ele>369.0</ele>
      </trkpt>
      <trkpt lat="45.67633" lon="-94.81691">
        <ele>369.0</ele>
      </trkpt>
      <trkpt lat="45.67591" lon="-94.81581">
        <ele>368.9</ele>
      </trkpt>
      <trkpt lat="45.67549" lon="-94.81473">
        <ele>368.5</ele>
      </trkpt>
      <trkpt lat="45.67507" lon="-94.81366">
        <ele>368.5</ele>
      </trkpt>
      <trkpt lat="45.67496" lon="-94.81339">
        <ele>368.4</ele>
      </trkpt>
      <trkpt lat="45.67496" lon="-94.81296">
        <ele>368.6</ele>
      </trkpt>
      <trkpt lat="45.67481" lon="-94.81296">
        <ele>368.5</ele>
      </trkpt>
      <trkpt lat="45.67478" lon="-94.81292">
        <ele>368.5</ele>
      </trkpt>
      <trkpt lat="45.67453" lon="-94.81225">
        <ele>368.6</ele>
      </trkpt>
      <trkpt lat="45.67429" lon="-94.81158">
        <ele>368.7</ele>
      </trkpt>
      <trkpt lat="45.67395" lon="-94.8109">
        <ele>369.0</ele>
      </trkpt>
      <trkpt lat="45.67361" lon="-94.81023">
        <ele>368.8</ele>
      </trkpt>
      <trkpt lat="45.67318" lon="-94.8094">
        <ele>369.0</ele>
      </trkpt>
      <trkpt lat="45.67313" lon="-94.80925">
        <ele>369.0</ele>
      </trkpt>
      <trkpt lat="45.67301" lon="-94.80859">
        <ele>369.0</ele>
      </trkpt>
      <trkpt lat="45.67289" lon="-94.80794">
        <ele>368.8</ele>
      </trkpt>
      <trkpt lat="45.67275" lon="-94.80725">
        <ele>368.8</ele>
      </trkpt>
      <trkpt lat="45.6727" lon="-94.80598">
        <ele>369.0</ele>
      </trkpt>
      <trkpt lat="45.67271" lon="-94.8059">
        <ele>369.0</ele>
      </trkpt>
      <trkpt lat="45.67273" lon="-94.80584">
        <ele>369.0</ele>
      </trkpt>
      <trkpt lat="45.67283" lon="-94.80566">
        <ele>369.1</ele>
      </trkpt>
      <trkpt lat="45.67284" lon="-94.80561">
        <ele>369.1</ele>
      </trkpt>
      <trkpt lat="45.67287" lon="-94.80535">
        <ele>368.8</ele>
      </trkpt>
      <trkpt lat="45.67288" lon="-94.80517">
        <ele>368.2</ele>
      </trkpt>
      <trkpt lat="45.67287" lon="-94.80507">
        <ele>367.8</ele>
      </trkpt>
      <trkpt lat="45.67281" lon="-94.80461">
        <ele>367.0</ele>
      </trkpt>
      <trkpt lat="45.67268" lon="-94.80337">
        <ele>368.2</ele>
      </trkpt>
      <trkpt lat="45.67255" lon="-94.80213">
        <ele>366.4</ele>
      </trkpt>
      <trkpt lat="45.67242" lon="-94.80089">
        <ele>369.0</ele>
      </trkpt>
      <trkpt lat="45.67229" lon="-94.79964">
        <ele>368.9</ele>
      </trkpt>
      <trkpt lat="45.67217" lon="-94.7984">
        <ele>367.6</ele>
      </trkpt>
      <trkpt lat="45.67204" lon="-94.79716">
        <ele>368.6</ele>
      </trkpt>
      <trkpt lat="45.67191" lon="-94.79592">
        <ele>368.3</ele>
      </trkpt>
      <trkpt lat="45.67178" lon="-94.7947">
        <ele>365.6</ele>
      </trkpt>
      <trkpt lat="45.67164" lon="-94.79348">
        <ele>365.5</ele>
      </trkpt>
      <trkpt lat="45.67152" lon="-94.79233">
        <ele>363.0</ele>
      </trkpt>
      <trkpt lat="45.6714" lon="-94.79118">
        <ele>362.9</ele>
      </trkpt>
      <trkpt lat="45.67129" lon="-94.79003">
        <ele>362.9</ele>
      </trkpt>
      <trkpt lat="45.67117" lon="-94.78888">
        <ele>362.9</ele>
      </trkpt>
      <trkpt lat="45.67105" lon="-94.78773">
        <ele>362.9</ele>
      </trkpt>
      <trkpt lat="45.67093" lon="-94.78658">
        <ele>362.9</ele>
      </trkpt>
      <trkpt lat="45.67081" lon="-94.78543">
        <ele>363.7</ele>
      </trkpt>
      <trkpt lat="45.67069" lon="-94.78428">
        <ele>364.1</ele>
      </trkpt>
      <trkpt lat="45.67057" lon="-94.78313">
        <ele>365.3</ele>
      </trkpt>
      <trkpt lat="45.67045" lon="-94.78202">
        <ele>365.5</ele>
      </trkpt>
      <trkpt lat="45.67034" lon="-94.78091">
        <ele>364.4</ele>
      </trkpt>
      <trkpt lat="45.67022" lon="-94.77979">
        <ele>362.9</ele>
      </trkpt>
      <trkpt lat="45.67019" lon="-94.77943">
        <ele>362.9</ele>
      </trkpt>
      <trkpt lat="45.67012" lon="-94.77827">
        <ele>362.9</ele>
      </trkpt>
      <trkpt lat="45.67009" lon="-94.77771">
        <ele>362.9</ele>
      </trkpt>
      <trkpt lat="45.67008" lon="-94.7768">
        <ele>362.4</ele>
      </trkpt>
      <trkpt lat="45.67009" lon="-94.77606">
        <ele>362.2</ele>
      </trkpt>
      <trkpt lat="45.67014" lon="-94.77483">
        <ele>361.3</ele>
      </trkpt>
      <trkpt lat="45.67019" lon="-94.77415">
        <ele>359.7</ele>
      </trkpt>
      <trkpt lat="45.67029" lon="-94.77307">
        <ele>359.9</ele>
      </trkpt>
      <trkpt lat="45.6704" lon="-94.77199">
        <ele>360.1</ele>
      </trkpt>
      <trkpt lat="45.67045" lon="-94.77128">
        <ele>360.6</ele>
      </trkpt>
      <trkpt lat="45.67056" lon="-94.77016">
        <ele>361.7</ele>
      </trkpt>
      <trkpt lat="45.67066" lon="-94.76904">
        <ele>361.5</ele>
      </trkpt>
      <trkpt lat="45.67077" lon="-94.76792">
        <ele>362.2</ele>
      </trkpt>
      <trkpt lat="45.67087" lon="-94.7668">
        <ele>362.9</ele>
      </trkpt>
      <trkpt lat="45.67098" lon="-94.76568">
        <ele>362.9</ele>
      </trkpt>
      <trkpt lat="45.67108" lon="-94.76456">
        <ele>360.3</ele>
      </trkpt>
      <trkpt lat="45.67119" lon="-94.76345">
        <ele>360.1</ele>
      </trkpt>
      <trkpt lat="45.67126" lon="-94.76259">
        <ele>359.9</ele>
      </trkpt>
      <trkpt lat="45.67136" lon="-94.76156">
        <ele>359.8</ele>
      </trkpt>
      <trkpt lat="45.67145" lon="-94.76054">
        <ele>360.0</ele>
      </trkpt>
      <trkpt lat="45.67154" lon="-94.75954">
        <ele>359.8</ele>
      </trkpt>
      <trkpt lat="45.67158" lon="-94.75871">
        <ele>360.1</ele>
      </trkpt>
      <trkpt lat="45.6716" lon="-94.7583">
        <ele>360.3</ele>
      </trkpt>
      <trkpt lat="45.67161" lon="-94.75707">
        <ele>361.0</ele>
      </trkpt>
      <trkpt lat="45.67158" lon="-94.75606">
        <ele>362.2</ele>
      </trkpt>
      <trkpt lat="45.67155" lon="-94.75549">
        <ele>361.1</ele>
      </trkpt>
      <trkpt lat="45.67151" lon="-94.75491">
        <ele>360.9</ele>
      </trkpt>
      <trkpt lat="45.67139" lon="-94.75365">
        <ele>362.8</ele>
      </trkpt>
      <trkpt lat="45.67127" lon="-94.75239">
        <ele>365.5</ele>
      </trkpt>
      <trkpt lat="45.67116" lon="-94.75112">
        <ele>367.1</ele>
      </trkpt>
      <trkpt lat="45.67104" lon="-94.74986">
        <ele>366.2</ele>
      </trkpt>
      <trkpt lat="45.67092" lon="-94.7486">
        <ele>367.3</ele>
      </trkpt>
      <trkpt lat="45.6708" lon="-94.74734">
        <ele>367.3</ele>
      </trkpt>
      <trkpt lat="45.67068" lon="-94.74607">
        <ele>369.0</ele>
      </trkpt>
      <trkpt lat="45.67057" lon="-94.74481">
        <ele>368.4</ele>
      </trkpt>
      <trkpt lat="45.67045" lon="-94.74355">
        <ele>368.2</ele>
      </trkpt>
      <trkpt lat="45.67033" lon="-94.74228">
        <ele>368.0</ele>
      </trkpt>
      <trkpt lat="45.67021" lon="-94.74102">
        <ele>367.9</ele>
      </trkpt>
      <trkpt lat="45.67009" lon="-94.73976">
        <ele>367.0</ele>
      </trkpt>
      <trkpt lat="45.66998" lon="-94.7385">
        <ele>366.9</ele>
      </trkpt>
      <trkpt lat="45.66986" lon="-94.73723">
        <ele>368.9</ele>
      </trkpt>
      <trkpt lat="45.66974" lon="-94.73597">
        <ele>369.0</ele>
      </trkpt>
      <trkpt lat="45.66962" lon="-94.73471">
        <ele>369.4</ele>
      </trkpt>
      <trkpt lat="45.6695" lon="-94.73345">
        <ele>369.5</ele>
      </trkpt>
      <trkpt lat="45.66939" lon="-94.73218">
        <ele>369.5</ele>
      </trkpt>
      <trkpt lat="45.66927" lon="-94.73092">
        <ele>369.9</ele>
      </trkpt>
      <trkpt lat="45.66915" lon="-94.72966">
        <ele>369.5</ele>
      </trkpt>
      <trkpt lat="45.66903" lon="-94.7284">
        <ele>371.8</ele>
      </trkpt>
      <trkpt lat="45.66891" lon="-94.72713">
        <ele>373.4</ele>
      </trkpt>
      <trkpt lat="45.6688" lon="-94.72587">
        <ele>373.4</ele>
      </trkpt>
      <trkpt lat="45.66868" lon="-94.72461">
        <ele>368.0</ele>
      </trkpt>
      <trkpt lat="45.66856" lon="-94.72335">
        <ele>372.5</ele>
      </trkpt>
      <trkpt lat="45.66844" lon="-94.72208">
        <ele>375.5</ele>
      </trkpt>
      <trkpt lat="45.66833" lon="-94.72082">
        <ele>373.0</ele>
      </trkpt>
      <trkpt lat="45.66824" lon="-94.71983">
        <ele>372.0</ele>
      </trkpt>
      <trkpt lat="45.66815" lon="-94.71883">
        <ele>370.3</ele>
      </trkpt>
      <trkpt lat="45.66806" lon="-94.71784">
        <ele>368.4</ele>
      </trkpt>
      <trkpt lat="45.66799" lon="-94.71716">
        <ele>371.2</ele>
      </trkpt>
      <trkpt lat="45.66791" lon="-94.71648">
        <ele>372.1</ele>
      </trkpt>
      <trkpt lat="45.66782" lon="-94.71541">
        <ele>371.6</ele>
      </trkpt>
      <trkpt lat="45.66772" lon="-94.71434">
        <ele>366.7</ele>
      </trkpt>
      <trkpt lat="45.66762" lon="-94.71328">
        <ele>371.9</ele>
      </trkpt>
      <trkpt lat="45.66752" lon="-94.71221">
        <ele>372.0</ele>
      </trkpt>
      <trkpt lat="45.66743" lon="-94.71114">
        <ele>372.7</ele>
      </trkpt>
      <trkpt lat="45.66734" lon="-94.71028">
        <ele>375.0</ele>
      </trkpt>
      <trkpt lat="45.66726" lon="-94.70942">
        <ele>375.1</ele>
      </trkpt>
      <trkpt lat="45.66714" lon="-94.70821">
        <ele>375.1</ele>
      </trkpt>
      <trkpt lat="45.66703" lon="-94.70701">
        <ele>375.1</ele>
      </trkpt>
      <trkpt lat="45.66692" lon="-94.7058">
        <ele>375.4</ele>
      </trkpt>
      <trkpt lat="45.6668" lon="-94.70459">
        <ele>376.7</ele>
      </trkpt>
      <trkpt lat="45.66669" lon="-94.70338">
        <ele>377.6</ele>
      </trkpt>
      <trkpt lat="45.66662" lon="-94.70254">
        <ele>377.8</ele>
      </trkpt>
      <trkpt lat="45.66653" lon="-94.70169">
        <ele>378.0</ele>
      </trkpt>
      <trkpt lat="45.66643" lon="-94.70094">
        <ele>378.0</ele>
      </trkpt>
      <trkpt lat="45.66633" lon="-94.70019">
        <ele>377.9</ele>
      </trkpt>
      <trkpt lat="45.66615" lon="-94.69911">
        <ele>378.1</ele>
      </trkpt>
      <trkpt lat="45.66599" lon="-94.69835">
        <ele>378.6</ele>
      </trkpt>
      <trkpt lat="45.66571" lon="-94.69719">
        <ele>378.2</ele>
      </trkpt>
      <trkpt lat="45.66556" lon="-94.69666">
        <ele>378.1</ele>
      </trkpt>
      <trkpt lat="45.6654" lon="-94.6961">
        <ele>378.1</ele>
      </trkpt>
      <trkpt lat="45.66513" lon="-94.69525">
        <ele>378.1</ele>
      </trkpt>
      <trkpt lat="45.66473" lon="-94.69418">
        <ele>379.1</ele>
      </trkpt>
      <trkpt lat="45.66453" lon="-94.69366">
        <ele>379.2</ele>
      </trkpt>
      <trkpt lat="45.66421" lon="-94.69289">
        <ele>379.7</ele>
      </trkpt>
      <trkpt lat="45.66389" lon="-94.69212">
        <ele>380.5</ele>
      </trkpt>
      <trkpt lat="45.66358" lon="-94.69135">
        <ele>380.9</ele>
      </trkpt>
      <trkpt lat="45.66316" lon="-94.69031">
        <ele>379.9</ele>
      </trkpt>
      <trkpt lat="45.66287" lon="-94.6895">
        <ele>379.2</ele>
      </trkpt>
      <trkpt lat="45.66256" lon="-94.68872">
        <ele>378.7</ele>
      </trkpt>
      <trkpt lat="45.66232" lon="-94.6881">
        <ele>378.6</ele>
      </trkpt>
      <trkpt lat="45.66201" lon="-94.68733">
        <ele>378.1</ele>
      </trkpt>
      <trkpt lat="45.6618" lon="-94.68679">
        <ele>377.8</ele>
      </trkpt>
      <trkpt lat="45.66157" lon="-94.68623">
        <ele>377.7</ele>
      </trkpt>
      <trkpt lat="45.6615" lon="-94.68605">
        <ele>377.6</ele>
      </trkpt>
      <trkpt lat="45.66146" lon="-94.68598">
        <ele>377.7</ele>
      </trkpt>
      <trkpt lat="45.66131" lon="-94.68576">
        <ele>377.7</ele>
      </trkpt>
      <trkpt lat="45.66121" lon="-94.68559">
        <ele>377.7</ele>
      </trkpt>
      <trkpt lat="45.66101" lon="-94.68517">
        <ele>377.5</ele>
      </trkpt>
      <trkpt lat="45.66065" lon="-94.68428">
        <ele>377.7</ele>
      </trkpt>
      <trkpt lat="45.66051" lon="-94.68392">
        <ele>377.7</ele>
      </trkpt>
      <trkpt lat="45.66013" lon="-94.68297">
        <ele>375.7</ele>
      </trkpt>
      <trkpt lat="45.65975" lon="-94.68203">
        <ele>375.1</ele>
      </trkpt>
      <trkpt lat="45.65937" lon="-94.68108">
        <ele>375.1</ele>
      </trkpt>
      <trkpt lat="45.65907" lon="-94.68029">
        <ele>375.1</ele>
      </trkpt>
      <trkpt lat="45.65879" lon="-94.67959">
        <ele>375.1</ele>
      </trkpt>
      <trkpt lat="45.65852" lon="-94.67889">
        <ele>374.9</ele>
      </trkpt>
      <trkpt lat="45.65826" lon="-94.67818">
        <ele>374.6</ele>
      </trkpt>
      <trkpt lat="45.65794" lon="-94.67716">
        <ele>374.2</ele>
      </trkpt>
      <trkpt lat="45.65778" lon="-94.6767">
        <ele>374.1</ele>
      </trkpt>
      <trkpt lat="45.65735" lon="-94.67563">
        <ele>373.4</ele>
      </trkpt>
      <trkpt lat="45.65692" lon="-94.67456">
        <ele>372.9</ele>
      </trkpt>
      <trkpt lat="45.65648" lon="-94.67345">
        <ele>372.3</ele>
      </trkpt>
      <trkpt lat="45.65604" lon="-94.67235">
        <ele>371.7</ele>
      </trkpt>
      <trkpt lat="45.6556" lon="-94.67124">
        <ele>369.7</ele>
      </trkpt>
      <trkpt lat="45.65516" lon="-94.67014">
        <ele>368.3</ele>
      </trkpt>
      <trkpt lat="45.65472" lon="-94.66903">
        <ele>368.4</ele>
      </trkpt>
      <trkpt lat="45.65428" lon="-94.66793">
        <ele>368.5</ele>
      </trkpt>
      <trkpt lat="45.65384" lon="-94.66683">
        <ele>366.4</ele>
      </trkpt>
      <trkpt lat="45.6534" lon="-94.66572">
        <ele>365.7</ele>
      </trkpt>
      <trkpt lat="45.65324" lon="-94.66533">
        <ele>365.5</ele>
      </trkpt>
      <trkpt lat="45.65282" lon="-94.66427">
        <ele>365.0</ele>
      </trkpt>
      <trkpt lat="45.65239" lon="-94.66321">
        <ele>368.8</ele>
      </trkpt>
      <trkpt lat="45.65197" lon="-94.66216">
        <ele>368.9</ele>
      </trkpt>
      <trkpt lat="45.65155" lon="-94.6611">
        <ele>369.0</ele>
      </trkpt>
      <trkpt lat="45.65113" lon="-94.66005">
        <ele>370.6</ele>
      </trkpt>
      <trkpt lat="45.6507" lon="-94.65899">
        <ele>372.4</ele>
      </trkpt>
      <trkpt lat="45.65028" lon="-94.65794">
        <ele>372.9</ele>
      </trkpt>
      <trkpt lat="45.64986" lon="-94.65688">
        <ele>372.8</ele>
      </trkpt>
      <trkpt lat="45.64944" lon="-94.65582">
        <ele>373.3</ele>
      </trkpt>
      <trkpt lat="45.64901" lon="-94.65477">
        <ele>375.2</ele>
      </trkpt>
      <trkpt lat="45.64859" lon="-94.65371">
        <ele>373.6</ele>
      </trkpt>
      <trkpt lat="45.64817" lon="-94.65266">
        <ele>374.6</ele>
      </trkpt>
      <trkpt lat="45.64775" lon="-94.6516">
        <ele>375.0</ele>
      </trkpt>
      <trkpt lat="45.64733" lon="-94.65055">
        <ele>377.6</ele>
      </trkpt>
      <trkpt lat="45.64701" lon="-94.64971">
        <ele>377.8</ele>
      </trkpt>
      <trkpt lat="45.64669" lon="-94.64888">
        <ele>378.2</ele>
      </trkpt>
      <trkpt lat="45.64649" lon="-94.64832">
        <ele>378.2</ele>
      </trkpt>
      <trkpt lat="45.64612" lon="-94.6472">
        <ele>378.2</ele>
      </trkpt>
      <trkpt lat="45.64583" lon="-94.64629">
        <ele>378.3</ele>
      </trkpt>
      <trkpt lat="45.64556" lon="-94.64536">
        <ele>379.2</ele>
      </trkpt>
      <trkpt lat="45.64537" lon="-94.6447">
        <ele>378.3</ele>
      </trkpt>
      <trkpt lat="45.64519" lon="-94.64404">
        <ele>379.4</ele>
      </trkpt>
      <trkpt lat="45.64488" lon="-94.6429">
        <ele>378.2</ele>
      </trkpt>
      <trkpt lat="45.64457" lon="-94.64175">
        <ele>378.2</ele>
      </trkpt>
      <trkpt lat="45.64426" lon="-94.6406">
        <ele>377.4</ele>
      </trkpt>
      <trkpt lat="45.64395" lon="-94.63945">
        <ele>377.0</ele>
      </trkpt>
      <trkpt lat="45.64364" lon="-94.6383">
        <ele>375.1</ele>
      </trkpt>
      <trkpt lat="45.64333" lon="-94.63716">
        <ele>373.4</ele>
      </trkpt>
      <trkpt lat="45.64303" lon="-94.63607">
        <ele>374.5</ele>
      </trkpt>
      <trkpt lat="45.64273" lon="-94.63498">
        <ele>375.2</ele>
      </trkpt>
      <trkpt lat="45.64241" lon="-94.63381">
        <ele>378.0</ele>
      </trkpt>
      <trkpt lat="45.64209" lon="-94.63263">
        <ele>378.2</ele>
      </trkpt>
      <trkpt lat="45.64177" lon="-94.63145">
        <ele>378.2</ele>
      </trkpt>
      <trkpt lat="45.64145" lon="-94.63028">
        <ele>379.3</ele>
      </trkpt>
      <trkpt lat="45.64113" lon="-94.6291">
        <ele>381.1</ele>
      </trkpt>
      <trkpt lat="45.64081" lon="-94.62793">
        <ele>381.0</ele>
      </trkpt>
      <trkpt lat="45.64049" lon="-94.62675">
        <ele>379.5</ele>
      </trkpt>
      <trkpt lat="45.64021" lon="-94.62573">
        <ele>378.9</ele>
      </trkpt>
      <trkpt lat="45.63993" lon="-94.62471">
        <ele>378.4</ele>
      </trkpt>
      <trkpt lat="45.63965" lon="-94.62369">
        <ele>378.1</ele>
      </trkpt>
      <trkpt lat="45.63937" lon="-94.62268">
        <ele>378.1</ele>
      </trkpt>
      <trkpt lat="45.63909" lon="-94.62165">
        <ele>378.8</ele>
      </trkpt>
      <trkpt lat="45.63881" lon="-94.62063">
        <ele>380.6</ele>
      </trkpt>
      <trkpt lat="45.63854" lon="-94.61961">
        <ele>381.6</ele>
      </trkpt>
      <trkpt lat="45.63826" lon="-94.61859">
        <ele>381.9</ele>
      </trkpt>
      <trkpt lat="45.63794" lon="-94.61741">
        <ele>381.3</ele>
      </trkpt>
      <trkpt lat="45.63766" lon="-94.61638">
        <ele>380.7</ele>
      </trkpt>
      <trkpt lat="45.63739" lon="-94.61536">
        <ele>378.4</ele>
      </trkpt>
      <trkpt lat="45.63711" lon="-94.61433">
        <ele>379.3</ele>
      </trkpt>
      <trkpt lat="45.63683" lon="-94.61331">
        <ele>378.3</ele>
      </trkpt>
      <trkpt lat="45.63655" lon="-94.61229">
        <ele>378.2</ele>
      </trkpt>
      <trkpt lat="45.63627" lon="-94.61126">
        <ele>378.1</ele>
      </trkpt>
      <trkpt lat="45.63622" lon="-94.6111">
        <ele>378.1</ele>
      </trkpt>
      <trkpt lat="45.63591" lon="-94.60995">
        <ele>378.1</ele>
      </trkpt>
      <trkpt lat="45.63559" lon="-94.60879">
        <ele>378.1</ele>
      </trkpt>
      <trkpt lat="45.63528" lon="-94.60764">
        <ele>378.6</ele>
      </trkpt>
      <trkpt lat="45.63497" lon="-94.60648">
        <ele>378.5</ele>
      </trkpt>
      <trkpt lat="45.63465" lon="-94.60532">
        <ele>378.1</ele>
      </trkpt>
      <trkpt lat="45.63434" lon="-94.60417">
        <ele>378.1</ele>
      </trkpt>
      <trkpt lat="45.63403" lon="-94.60301">
        <ele>378.8</ele>
      </trkpt>
      <trkpt lat="45.6338" lon="-94.60218">
        <ele>378.2</ele>
      </trkpt>
      <trkpt lat="45.63357" lon="-94.60135">
        <ele>378.1</ele>
      </trkpt>
      <trkpt lat="45.63334" lon="-94.60053">
        <ele>378.1</ele>
      </trkpt>
      <trkpt lat="45.63311" lon="-94.59965">
        <ele>378.1</ele>
      </trkpt>
      <trkpt lat="45.63287" lon="-94.59877">
        <ele>378.1</ele>
      </trkpt>
      <trkpt lat="45.63264" lon="-94.5979">
        <ele>377.9</ele>
      </trkpt>
      <trkpt lat="45.63245" lon="-94.5972">
        <ele>376.7</ele>
      </trkpt>
      <trkpt lat="45.63226" lon="-94.59651">
        <ele>376.7</ele>
      </trkpt>
      <trkpt lat="45.63197" lon="-94.59539">
        <ele>376.5</ele>
      </trkpt>
      <trkpt lat="45.63187" lon="-94.59493">
        <ele>375.6</ele>
      </trkpt>
      <trkpt lat="45.63168" lon="-94.59395">
        <ele>376.4</ele>
      </trkpt>
      <trkpt lat="45.63158" lon="-94.59337">
        <ele>375.6</ele>
      </trkpt>
      <trkpt lat="45.63149" lon="-94.59279">
        <ele>375.1</ele>
      </trkpt>
      <trkpt lat="45.63139" lon="-94.59205">
        <ele>375.1</ele>
      </trkpt>
      <trkpt lat="45.63136" lon="-94.59168">
        <ele>375.1</ele>
      </trkpt>
      <trkpt lat="45.63125" lon="-94.59042">
        <ele>375.0</ele>
      </trkpt>
      <trkpt lat="45.63115" lon="-94.58916">
        <ele>375.1</ele>
      </trkpt>
      <trkpt lat="45.63104" lon="-94.5879">
        <ele>375.0</ele>
      </trkpt>
      <trkpt lat="45.63094" lon="-94.58664">
        <ele>376.5</ele>
      </trkpt>
      <trkpt lat="45.63083" lon="-94.58538">
        <ele>375.0</ele>
      </trkpt>
      <trkpt lat="45.63073" lon="-94.58412">
        <ele>374.7</ele>
      </trkpt>
      <trkpt lat="45.63062" lon="-94.58286">
        <ele>372.4</ele>
      </trkpt>
      <trkpt lat="45.63052" lon="-94.5816">
        <ele>370.1</ele>
      </trkpt>
      <trkpt lat="45.63041" lon="-94.58034">
        <ele>369.0</ele>
      </trkpt>
      <trkpt lat="45.63031" lon="-94.57908">
        <ele>369.0</ele>
      </trkpt>
      <trkpt lat="45.63026" lon="-94.57841">
        <ele>368.6</ele>
      </trkpt>
      <trkpt lat="45.6302" lon="-94.57775">
        <ele>368.4</ele>
      </trkpt>
      <trkpt lat="45.6301" lon="-94.57663">
        <ele>366.8</ele>
      </trkpt>
      <trkpt lat="45.63" lon="-94.57552">
        <ele>365.7</ele>
      </trkpt>
      <trkpt lat="45.6299" lon="-94.57447">
        <ele>362.7</ele>
      </trkpt>
      <trkpt lat="45.6298" lon="-94.57342">
        <ele>366.1</ele>
      </trkpt>
      <trkpt lat="45.62979" lon="-94.57334">
        <ele>366.1</ele>
      </trkpt>
      <trkpt lat="45.6296" lon="-94.57264">
        <ele>365.7</ele>
      </trkpt>
      <trkpt lat="45.62957" lon="-94.57244">
        <ele>365.9</ele>
      </trkpt>
      <trkpt lat="45.6295" lon="-94.57166">
        <ele>366.8</ele>
      </trkpt>
      <trkpt lat="45.62947" lon="-94.57141">
        <ele>366.9</ele>
      </trkpt>
      <trkpt lat="45.6294" lon="-94.5707">
        <ele>366.7</ele>
      </trkpt>
      <trkpt lat="45.62934" lon="-94.57">
        <ele>365.7</ele>
      </trkpt>
      <trkpt lat="45.62929" lon="-94.5693">
        <ele>365.9</ele>
      </trkpt>
      <trkpt lat="45.62926" lon="-94.56883">
        <ele>365.8</ele>
      </trkpt>
      <trkpt lat="45.62924" lon="-94.56773">
        <ele>366.1</ele>
      </trkpt>
      <trkpt lat="45.62923" lon="-94.56738">
        <ele>365.8</ele>
      </trkpt>
      <trkpt lat="45.62913" lon="-94.56618">
        <ele>365.5</ele>
      </trkpt>
      <trkpt lat="45.62903" lon="-94.56498">
        <ele>363.3</ele>
      </trkpt>
      <trkpt lat="45.62893" lon="-94.56378">
        <ele>364.1</ele>
      </trkpt>
      <trkpt lat="45.6289" lon="-94.56309">
        <ele>363.3</ele>
      </trkpt>
      <trkpt lat="45.62888" lon="-94.56239">
        <ele>363.4</ele>
      </trkpt>
      <trkpt lat="45.62883" lon="-94.56127">
        <ele>360.7</ele>
      </trkpt>
      <trkpt lat="45.6288" lon="-94.56087">
        <ele>361.4</ele>
      </trkpt>
      <trkpt lat="45.62876" lon="-94.56052">
        <ele>362.9</ele>
      </trkpt>
      <trkpt lat="45.62866" lon="-94.55934">
        <ele>362.8</ele>
      </trkpt>
      <trkpt lat="45.62863" lon="-94.55876">
        <ele>362.6</ele>
      </trkpt>
      <trkpt lat="45.62855" lon="-94.55788">
        <ele>362.5</ele>
      </trkpt>
      <trkpt lat="45.62847" lon="-94.557">
        <ele>360.4</ele>
      </trkpt>
      <trkpt lat="45.62839" lon="-94.55612">
        <ele>360.5</ele>
      </trkpt>
      <trkpt lat="45.62835" lon="-94.55587">
        <ele>361.4</ele>
      </trkpt>
      <trkpt lat="45.62827" lon="-94.55541">
        <ele>363.4</ele>
      </trkpt>
      <trkpt lat="45.62826" lon="-94.55533">
        <ele>363.6</ele>
      </trkpt>
      <trkpt lat="45.62826" lon="-94.55487">
        <ele>363.7</ele>
      </trkpt>
      <trkpt lat="45.62825" lon="-94.55443">
        <ele>360.8</ele>
      </trkpt>
      <trkpt lat="45.62823" lon="-94.55411">
        <ele>359.7</ele>
      </trkpt>
      <trkpt lat="45.62813" lon="-94.55287">
        <ele>359.9</ele>
      </trkpt>
      <trkpt lat="45.62802" lon="-94.55162">
        <ele>359.6</ele>
      </trkpt>
      <trkpt lat="45.62792" lon="-94.55038">
        <ele>360.7</ele>
      </trkpt>
      <trkpt lat="45.62781" lon="-94.54913">
        <ele>359.2</ele>
      </trkpt>
      <trkpt lat="45.62771" lon="-94.54789">
        <ele>355.3</ele>
      </trkpt>
      <trkpt lat="45.6276" lon="-94.54664">
        <ele>357.0</ele>
      </trkpt>
      <trkpt lat="45.6275" lon="-94.5454">
        <ele>356.9</ele>
      </trkpt>
      <trkpt lat="45.62739" lon="-94.54415">
        <ele>354.1</ele>
      </trkpt>
      <trkpt lat="45.62729" lon="-94.54291">
        <ele>353.6</ele>
      </trkpt>
      <trkpt lat="45.62718" lon="-94.54166">
        <ele>353.7</ele>
      </trkpt>
      <trkpt lat="45.62708" lon="-94.54042">
        <ele>353.6</ele>
      </trkpt>
      <trkpt lat="45.62697" lon="-94.53917">
        <ele>352.9</ele>
      </trkpt>
      <trkpt lat="45.62687" lon="-94.53793">
        <ele>350.6</ele>
      </trkpt>
      <trkpt lat="45.62676" lon="-94.53669">
        <ele>350.6</ele>
      </trkpt>
      <trkpt lat="45.62666" lon="-94.53544">
        <ele>350.4</ele>
      </trkpt>
      <trkpt lat="45.62655" lon="-94.5342">
        <ele>347.7</ele>
      </trkpt>
      <trkpt lat="45.62645" lon="-94.53295">
        <ele>347.6</ele>
      </trkpt>
      <trkpt lat="45.62634" lon="-94.53171">
        <ele>347.4</ele>
      </trkpt>
      <trkpt lat="45.62633" lon="-94.53147">
        <ele>347.3</ele>
      </trkpt>
      <trkpt lat="45.62625" lon="-94.53075">
        <ele>347.3</ele>
      </trkpt>
      <trkpt lat="45.6262" lon="-94.53032">
        <ele>347.9</ele>
      </trkpt>
      <trkpt lat="45.62612" lon="-94.52978">
        <ele>348.3</ele>
      </trkpt>
      <trkpt lat="45.62601" lon="-94.5292">
        <ele>350.3</ele>
      </trkpt>
      <trkpt lat="45.62593" lon="-94.5288">
        <ele>350.3</ele>
      </trkpt>
      <trkpt lat="45.62584" lon="-94.52841">
        <ele>350.7</ele>
      </trkpt>
      <trkpt lat="45.62568" lon="-94.52783">
        <ele>350.8</ele>
      </trkpt>
      <trkpt lat="45.62547" lon="-94.52718">
        <ele>350.8</ele>
      </trkpt>
      <trkpt lat="45.62536" lon="-94.52684">
        <ele>348.5</ele>
      </trkpt>
      <trkpt lat="45.62513" lon="-94.52619">
        <ele>346.8</ele>
      </trkpt>
      <trkpt lat="45.6249" lon="-94.52555">
        <ele>347.6</ele>
      </trkpt>
      <trkpt lat="45.62463" lon="-94.52478">
        <ele>348.7</ele>
      </trkpt>
      <trkpt lat="45.62442" lon="-94.52417">
        <ele>349.6</ele>
      </trkpt>
      <trkpt lat="45.62421" lon="-94.52357">
        <ele>349.7</ele>
      </trkpt>
      <trkpt lat="45.62387" lon="-94.52262">
        <ele>350.3</ele>
      </trkpt>
      <trkpt lat="45.62349" lon="-94.52151">
        <ele>350.7</ele>
      </trkpt>
      <trkpt lat="45.6231" lon="-94.5204">
        <ele>352.8</ele>
      </trkpt>
      <trkpt lat="45.62272" lon="-94.5193">
        <ele>351.7</ele>
      </trkpt>
      <trkpt lat="45.62233" lon="-94.51819">
        <ele>350.8</ele>
      </trkpt>
      <trkpt lat="45.62202" lon="-94.51733">
        <ele>350.7</ele>
      </trkpt>
      <trkpt lat="45.62171" lon="-94.51646">
        <ele>350.7</ele>
      </trkpt>
      <trkpt lat="45.62131" lon="-94.51531">
        <ele>350.6</ele>
      </trkpt>
      <trkpt lat="45.62091" lon="-94.51417">
        <ele>350.7</ele>
      </trkpt>
      <trkpt lat="45.62051" lon="-94.51303">
        <ele>350.7</ele>
      </trkpt>
      <trkpt lat="45.62011" lon="-94.51188">
        <ele>350.7</ele>
      </trkpt>
      <trkpt lat="45.61971" lon="-94.51074">
        <ele>350.7</ele>
      </trkpt>
      <trkpt lat="45.61931" lon="-94.50959">
        <ele>350.7</ele>
      </trkpt>
      <trkpt lat="45.61907" lon="-94.50885">
        <ele>352.0</ele>
      </trkpt>
      <trkpt lat="45.61875" lon="-94.50771">
        <ele>353.6</ele>
      </trkpt>
      <trkpt lat="45.6186" lon="-94.50709">
        <ele>355.0</ele>
      </trkpt>
      <trkpt lat="45.61845" lon="-94.50637">
        <ele>356.0</ele>
      </trkpt>
      <trkpt lat="45.6183" lon="-94.50565">
        <ele>356.1</ele>
      </trkpt>
      <trkpt lat="45.6182" lon="-94.505">
        <ele>357.3</ele>
      </trkpt>
      <trkpt lat="45.6181" lon="-94.50431">
        <ele>356.8</ele>
      </trkpt>
      <trkpt lat="45.61796" lon="-94.50325">
        <ele>356.0</ele>
      </trkpt>
      <trkpt lat="45.6179" lon="-94.5027">
        <ele>356.1</ele>
      </trkpt>
      <trkpt lat="45.61782" lon="-94.50157">
        <ele>355.6</ele>
      </trkpt>
      <trkpt lat="45.61774" lon="-94.50044">
        <ele>355.5</ele>
      </trkpt>
      <trkpt lat="45.61766" lon="-94.49931">
        <ele>354.1</ele>
      </trkpt>
      <trkpt lat="45.61757" lon="-94.49818">
        <ele>353.9</ele>
      </trkpt>
      <trkpt lat="45.61749" lon="-94.49705">
        <ele>353.9</ele>
      </trkpt>
      <trkpt lat="45.61741" lon="-94.49601">
        <ele>353.8</ele>
      </trkpt>
      <trkpt lat="45.61733" lon="-94.49497">
        <ele>353.4</ele>
      </trkpt>
      <trkpt lat="45.61725" lon="-94.49394">
        <ele>354.9</ele>
      </trkpt>
      <trkpt lat="45.61716" lon="-94.49273">
        <ele>356.6</ele>
      </trkpt>
      <trkpt lat="45.61707" lon="-94.49152">
        <ele>357.0</ele>
      </trkpt>
      <trkpt lat="45.61698" lon="-94.49031">
        <ele>356.9</ele>
      </trkpt>
      <trkpt lat="45.61689" lon="-94.4891">
        <ele>357.4</ele>
      </trkpt>
      <trkpt lat="45.6168" lon="-94.48791">
        <ele>355.5</ele>
      </trkpt>
      <trkpt lat="45.61671" lon="-94.48673">
        <ele>354.2</ele>
      </trkpt>
      <trkpt lat="45.61662" lon="-94.48554">
        <ele>355.1</ele>
      </trkpt>
      <trkpt lat="45.61653" lon="-94.48435">
        <ele>353.9</ele>
      </trkpt>
      <trkpt lat="45.61645" lon="-94.48317">
        <ele>353.7</ele>
      </trkpt>
      <trkpt lat="45.61636" lon="-94.48198">
        <ele>353.5</ele>
      </trkpt>
      <trkpt lat="45.61627" lon="-94.48079">
        <ele>350.5</ele>
      </trkpt>
      <trkpt lat="45.61618" lon="-94.47961">
        <ele>350.5</ele>
      </trkpt>
      <trkpt lat="45.61609" lon="-94.47842">
        <ele>350.5</ele>
      </trkpt>
      <trkpt lat="45.616" lon="-94.47736">
        <ele>347.2</ele>
      </trkpt>
      <trkpt lat="45.61592" lon="-94.4763">
        <ele>346.8</ele>
      </trkpt>
      <trkpt lat="45.61584" lon="-94.47524">
        <ele>342.8</ele>
      </trkpt>
      <trkpt lat="45.61579" lon="-94.47477">
        <ele>344.6</ele>
      </trkpt>
      <trkpt lat="45.61564" lon="-94.47384">
        <ele>344.4</ele>
      </trkpt>
      <trkpt lat="45.61556" lon="-94.47343">
        <ele>344.6</ele>
      </trkpt>
      <trkpt lat="45.61547" lon="-94.47302">
        <ele>344.5</ele>
      </trkpt>
      <trkpt lat="45.61535" lon="-94.47255">
        <ele>344.5</ele>
      </trkpt>
      <trkpt lat="45.61519" lon="-94.472">
        <ele>344.4</ele>
      </trkpt>
      <trkpt lat="45.61503" lon="-94.47151">
        <ele>344.6</ele>
      </trkpt>
      <trkpt lat="45.61466" lon="-94.47047">
        <ele>344.1</ele>
      </trkpt>
      <trkpt lat="45.61429" lon="-94.46944">
        <ele>341.5</ele>
      </trkpt>
      <trkpt lat="45.61392" lon="-94.46841">
        <ele>342.8</ele>
      </trkpt>
      <trkpt lat="45.61369" lon="-94.46781">
        <ele>343.4</ele>
      </trkpt>
      <trkpt lat="45.61347" lon="-94.4672">
        <ele>343.9</ele>
      </trkpt>
      <trkpt lat="45.61309" lon="-94.46611">
        <ele>343.6</ele>
      </trkpt>
      <trkpt lat="45.61292" lon="-94.46555">
        <ele>342.7</ele>
      </trkpt>
      <trkpt lat="45.61275" lon="-94.46496">
        <ele>342.5</ele>
      </trkpt>
      <trkpt lat="45.61262" lon="-94.46444">
        <ele>342.4</ele>
      </trkpt>
      <trkpt lat="45.61242" lon="-94.46345">
        <ele>341.6</ele>
      </trkpt>
      <trkpt lat="45.61234" lon="-94.46295">
        <ele>341.7</ele>
      </trkpt>
      <trkpt lat="45.61223" lon="-94.46176">
        <ele>341.5</ele>
      </trkpt>
      <trkpt lat="45.61219" lon="-94.46123">
        <ele>341.5</ele>
      </trkpt>
      <trkpt lat="45.61218" lon="-94.46011">
        <ele>339.1</ele>
      </trkpt>
      <trkpt lat="45.61217" lon="-94.459">
        <ele>339.3</ele>
      </trkpt>
      <trkpt lat="45.61218" lon="-94.45829">
        <ele>339.2</ele>
      </trkpt>
      <trkpt lat="45.61219" lon="-94.45757">
        <ele>341.9</ele>
      </trkpt>
      <trkpt lat="45.61218" lon="-94.45675">
        <ele>343.9</ele>
      </trkpt>
      <trkpt lat="45.61216" lon="-94.45624">
        <ele>343.3</ele>
      </trkpt>
      <trkpt lat="45.61213" lon="-94.45582">
        <ele>342.6</ele>
      </trkpt>
      <trkpt lat="45.61204" lon="-94.45501">
        <ele>343.3</ele>
      </trkpt>
      <trkpt lat="45.61193" lon="-94.45427">
        <ele>343.9</ele>
      </trkpt>
      <trkpt lat="45.61181" lon="-94.45366">
        <ele>344.6</ele>
      </trkpt>
      <trkpt lat="45.61167" lon="-94.45306">
        <ele>344.6</ele>
      </trkpt>
      <trkpt lat="45.61152" lon="-94.45254">
        <ele>344.6</ele>
      </trkpt>
      <trkpt lat="45.61131" lon="-94.45186">
        <ele>344.7</ele>
      </trkpt>
      <trkpt lat="45.61109" lon="-94.45118">
        <ele>344.6</ele>
      </trkpt>
      <trkpt lat="45.61088" lon="-94.45054">
        <ele>344.7</ele>
      </trkpt>
      <trkpt lat="45.61067" lon="-94.4499">
        <ele>344.6</ele>
      </trkpt>
      <trkpt lat="45.61063" lon="-94.44976">
        <ele>344.6</ele>
      </trkpt>
      <trkpt lat="45.61026" lon="-94.4487">
        <ele>344.6</ele>
      </trkpt>
      <trkpt lat="45.6099" lon="-94.44765">
        <ele>344.4</ele>
      </trkpt>
      <trkpt lat="45.60954" lon="-94.4466">
        <ele>343.6</ele>
      </trkpt>
      <trkpt lat="45.60917" lon="-94.44554">
        <ele>343.0</ele>
      </trkpt>
      <trkpt lat="45.60881" lon="-94.44449">
        <ele>342.5</ele>
      </trkpt>
      <trkpt lat="45.60844" lon="-94.44344">
        <ele>342.6</ele>
      </trkpt>
      <trkpt lat="45.60808" lon="-94.44238">
        <ele>344.4</ele>
      </trkpt>
      <trkpt lat="45.60771" lon="-94.44127">
        <ele>344.8</ele>
      </trkpt>
      <trkpt lat="45.60745" lon="-94.44043">
        <ele>344.8</ele>
      </trkpt>
      <trkpt lat="45.60716" lon="-94.43938">
        <ele>345.9</ele>
      </trkpt>
      <trkpt lat="45.60708" lon="-94.43902">
        <ele>346.1</ele>
      </trkpt>
      <trkpt lat="45.60701" lon="-94.43866">
        <ele>346.1</ele>
      </trkpt>
      <trkpt lat="45.60695" lon="-94.43831">
        <ele>346.5</ele>
      </trkpt>
      <trkpt lat="45.60688" lon="-94.43778">
        <ele>346.8</ele>
      </trkpt>
      <trkpt lat="45.60681" lon="-94.43697">
        <ele>346.7</ele>
      </trkpt>
      <trkpt lat="45.60678" lon="-94.43615">
        <ele>346.2</ele>
      </trkpt>
      <trkpt lat="45.60678" lon="-94.43561">
        <ele>345.1</ele>
      </trkpt>
      <trkpt lat="45.6068" lon="-94.43529">
        <ele>344.7</ele>
      </trkpt>
      <trkpt lat="45.60683" lon="-94.43479">
        <ele>344.9</ele>
      </trkpt>
      <trkpt lat="45.60694" lon="-94.43372">
        <ele>344.4</ele>
      </trkpt>
      <trkpt lat="45.60705" lon="-94.43283">
        <ele>343.6</ele>
      </trkpt>
      <trkpt lat="45.60716" lon="-94.43193">
        <ele>343.5</ele>
      </trkpt>
      <trkpt lat="45.60727" lon="-94.43103">
        <ele>343.8</ele>
      </trkpt>
      <trkpt lat="45.60733" lon="-94.43058">
        <ele>344.0</ele>
      </trkpt>
      <trkpt lat="45.6075" lon="-94.42956">
        <ele>343.6</ele>
      </trkpt>
      <trkpt lat="45.60765" lon="-94.42882">
        <ele>344.0</ele>
      </trkpt>
      <trkpt lat="45.6078" lon="-94.42807">
        <ele>343.5</ele>
      </trkpt>
      <trkpt lat="45.60801" lon="-94.42724">
        <ele>342.7</ele>
      </trkpt>
      <trkpt lat="45.60813" lon="-94.42679">
        <ele>342.4</ele>
      </trkpt>
      <trkpt lat="45.60833" lon="-94.42614">
        <ele>342.4</ele>
      </trkpt>
      <trkpt lat="45.60854" lon="-94.42549">
        <ele>343.0</ele>
      </trkpt>
      <trkpt lat="45.60883" lon="-94.42465">
        <ele>344.7</ele>
      </trkpt>
      <trkpt lat="45.60912" lon="-94.42388">
        <ele>345.3</ele>
      </trkpt>
      <trkpt lat="45.60941" lon="-94.4232">
        <ele>347.0</ele>
      </trkpt>
      <trkpt lat="45.60972" lon="-94.42252">
        <ele>347.7</ele>
      </trkpt>
      <trkpt lat="45.61021" lon="-94.42145">
        <ele>348.0</ele>
      </trkpt>
      <trkpt lat="45.61069" lon="-94.42038">
        <ele>348.7</ele>
      </trkpt>
      <trkpt lat="45.61107" lon="-94.41959">
        <ele>349.1</ele>
      </trkpt>
      <trkpt lat="45.61138" lon="-94.41889">
        <ele>349.5</ele>
      </trkpt>
      <trkpt lat="45.61167" lon="-94.41821">
        <ele>350.6</ele>
      </trkpt>
      <trkpt lat="45.61179" lon="-94.41789">
        <ele>350.5</ele>
      </trkpt>
      <trkpt lat="45.61192" lon="-94.4175">
        <ele>350.4</ele>
      </trkpt>
      <trkpt lat="45.61213" lon="-94.41681">
        <ele>349.5</ele>
      </trkpt>
      <trkpt lat="45.6123" lon="-94.41613">
        <ele>349.3</ele>
      </trkpt>
      <trkpt lat="45.61243" lon="-94.41545">
        <ele>349.1</ele>
      </trkpt>
      <trkpt lat="45.61258" lon="-94.41464">
        <ele>348.5</ele>
      </trkpt>
      <trkpt lat="45.61274" lon="-94.41383">
        <ele>347.7</ele>
      </trkpt>
      <trkpt lat="45.61297" lon="-94.41267">
        <ele>344.7</ele>
      </trkpt>
      <trkpt lat="45.61321" lon="-94.41151">
        <ele>344.5</ele>
      </trkpt>
      <trkpt lat="45.61344" lon="-94.41034">
        <ele>344.8</ele>
      </trkpt>
      <trkpt lat="45.61367" lon="-94.40918">
        <ele>344.9</ele>
      </trkpt>
      <trkpt lat="45.6139" lon="-94.40802">
        <ele>344.9</ele>
      </trkpt>
      <trkpt lat="45.61413" lon="-94.40685">
        <ele>345.1</ele>
      </trkpt>
      <trkpt lat="45.61426" lon="-94.40623">
        <ele>344.8</ele>
      </trkpt>
      <trkpt lat="45.61438" lon="-94.40561">
        <ele>344.7</ele>
      </trkpt>
      <trkpt lat="45.61444" lon="-94.40538">
        <ele>344.7</ele>
      </trkpt>
      <trkpt lat="45.6146" lon="-94.40475">
        <ele>345.3</ele>
      </trkpt>
      <trkpt lat="45.6147" lon="-94.40442">
        <ele>345.9</ele>
      </trkpt>
      <trkpt lat="45.61497" lon="-94.40369">
        <ele>346.5</ele>
      </trkpt>
      <trkpt lat="45.6152" lon="-94.4031">
        <ele>346.9</ele>
      </trkpt>
      <trkpt lat="45.61566" lon="-94.40213">
        <ele>346.7</ele>
      </trkpt>
      <trkpt lat="45.61612" lon="-94.40115">
        <ele>347.3</ele>
      </trkpt>
      <trkpt lat="45.61658" lon="-94.40018">
        <ele>347.5</ele>
      </trkpt>
      <trkpt lat="45.61703" lon="-94.39921">
        <ele>347.6</ele>
      </trkpt>
      <trkpt lat="45.61749" lon="-94.39824">
        <ele>348.0</ele>
      </trkpt>
      <trkpt lat="45.61795" lon="-94.39726">
        <ele>348.5</ele>
      </trkpt>
      <trkpt lat="45.6184" lon="-94.39629">
        <ele>350.7</ele>
      </trkpt>
      <trkpt lat="45.61886" lon="-94.39532">
        <ele>351.2</ele>
      </trkpt>
      <trkpt lat="45.61905" lon="-94.39488">
        <ele>352.5</ele>
      </trkpt>
      <trkpt lat="45.61923" lon="-94.39439">
        <ele>352.4</ele>
      </trkpt>
      <trkpt lat="45.61937" lon="-94.39396">
        <ele>351.8</ele>
      </trkpt>
      <trkpt lat="45.61944" lon="-94.39368">
        <ele>351.7</ele>
      </trkpt>
      <trkpt lat="45.61954" lon="-94.39324">
        <ele>352.5</ele>
      </trkpt>
      <trkpt lat="45.61964" lon="-94.39265">
        <ele>352.2</ele>
      </trkpt>
      <trkpt lat="45.6197" lon="-94.39214">
        <ele>348.2</ele>
      </trkpt>
      <trkpt lat="45.61973" lon="-94.39172">
        <ele>347.5</ele>
      </trkpt>
      <trkpt lat="45.61975" lon="-94.39113">
        <ele>348.7</ele>
      </trkpt>
      <trkpt lat="45.61973" lon="-94.39044">
        <ele>347.6</ele>
      </trkpt>
      <trkpt lat="45.61971" lon="-94.39018">
        <ele>347.4</ele>
      </trkpt>
      <trkpt lat="45.61967" lon="-94.3898">
        <ele>347.2</ele>
      </trkpt>
      <trkpt lat="45.61954" lon="-94.38909">
        <ele>348.7</ele>
      </trkpt>
      <trkpt lat="45.61948" lon="-94.38883">
        <ele>348.9</ele>
      </trkpt>
      <trkpt lat="45.61942" lon="-94.3886">
        <ele>348.8</ele>
      </trkpt>
      <trkpt lat="45.61929" lon="-94.38815">
        <ele>348.6</ele>
      </trkpt>
      <trkpt lat="45.61914" lon="-94.38767">
        <ele>348.4</ele>
      </trkpt>
      <trkpt lat="45.61896" lon="-94.38722">
        <ele>349.6</ele>
      </trkpt>
      <trkpt lat="45.61849" lon="-94.38613">
        <ele>343.7</ele>
      </trkpt>
      <trkpt lat="45.61803" lon="-94.38503">
        <ele>348.5</ele>
      </trkpt>
      <trkpt lat="45.61756" lon="-94.38394">
        <ele>346.5</ele>
      </trkpt>
      <trkpt lat="45.61723" lon="-94.38312">
        <ele>344.6</ele>
      </trkpt>
      <trkpt lat="45.61689" lon="-94.38231">
        <ele>344.3</ele>
      </trkpt>
      <trkpt lat="45.6166" lon="-94.38162">
        <ele>344.5</ele>
      </trkpt>
      <trkpt lat="45.61631" lon="-94.38094">
        <ele>344.6</ele>
      </trkpt>
      <trkpt lat="45.61612" lon="-94.38052">
        <ele>344.1</ele>
      </trkpt>
      <trkpt lat="45.61587" lon="-94.38003">
        <ele>344.4</ele>
      </trkpt>
      <trkpt lat="45.6156" lon="-94.37955">
        <ele>344.9</ele>
      </trkpt>
      <trkpt lat="45.61532" lon="-94.3791">
        <ele>346.6</ele>
      </trkpt>
      <trkpt lat="45.61498" lon="-94.37863">
        <ele>348.3</ele>
      </trkpt>
      <trkpt lat="45.61448" lon="-94.37802">
        <ele>347.8</ele>
      </trkpt>
      <trkpt lat="45.61419" lon="-94.3777">
        <ele>347.5</ele>
      </trkpt>
      <trkpt lat="45.61389" lon="-94.37741">
        <ele>347.8</ele>
      </trkpt>
      <trkpt lat="45.61332" lon="-94.37694">
        <ele>347.8</ele>
      </trkpt>
      <trkpt lat="45.61315" lon="-94.3768">
        <ele>346.2</ele>
      </trkpt>
      <trkpt lat="45.61237" lon="-94.37624">
        <ele>343.4</ele>
      </trkpt>
      <trkpt lat="45.61159" lon="-94.37567">
        <ele>342.2</ele>
      </trkpt>
      <trkpt lat="45.61081" lon="-94.3751">
        <ele>341.1</ele>
      </trkpt>
      <trkpt lat="45.61003" lon="-94.37454">
        <ele>341.4</ele>
      </trkpt>
      <trkpt lat="45.60925" lon="-94.37397">
        <ele>339.8</ele>
      </trkpt>
      <trkpt lat="45.60847" lon="-94.3734">
        <ele>338.5</ele>
      </trkpt>
      <trkpt lat="45.60769" lon="-94.37284">
        <ele>338.4</ele>
      </trkpt>
      <trkpt lat="45.60691" lon="-94.37227">
        <ele>335.7</ele>
      </trkpt>
      <trkpt lat="45.60613" lon="-94.3717">
        <ele>336.1</ele>
      </trkpt>
      <trkpt lat="45.60535" lon="-94.37114">
        <ele>334.6</ele>
      </trkpt>
      <trkpt lat="45.60456" lon="-94.37057">
        <ele>335.3</ele>
      </trkpt>
      <trkpt lat="45.60378" lon="-94.37">
        <ele>335.5</ele>
      </trkpt>
      <trkpt lat="45.603" lon="-94.36944">
        <ele>338.6</ele>
      </trkpt>
      <trkpt lat="45.60222" lon="-94.36887">
        <ele>338.4</ele>
      </trkpt>
      <trkpt lat="45.60144" lon="-94.3683">
        <ele>336.8</ele>
      </trkpt>
      <trkpt lat="45.60066" lon="-94.36774">
        <ele>333.9</ele>
      </trkpt>
      <trkpt lat="45.59988" lon="-94.36717">
        <ele>335.3</ele>
      </trkpt>
      <trkpt lat="45.5991" lon="-94.3666">
        <ele>335.4</ele>
      </trkpt>
      <trkpt lat="45.59832" lon="-94.36604">
        <ele>334.6</ele>
      </trkpt>
      <trkpt lat="45.59754" lon="-94.36547">
        <ele>334.6</ele>
      </trkpt>
      <trkpt lat="45.59676" lon="-94.3649">
        <ele>335.0</ele>
      </trkpt>
      <trkpt lat="45.59598" lon="-94.36434">
        <ele>333.4</ele>
      </trkpt>
      <trkpt lat="45.5952" lon="-94.36377">
        <ele>333.5</ele>
      </trkpt>
      <trkpt lat="45.59442" lon="-94.3632">
        <ele>334.2</ele>
      </trkpt>
      <trkpt lat="45.59364" lon="-94.36264">
        <ele>334.3</ele>
      </trkpt>
      <trkpt lat="45.59293" lon="-94.3621">
        <ele>333.9</ele>
      </trkpt>
      <trkpt lat="45.59267" lon="-94.36188">
        <ele>333.5</ele>
      </trkpt>
      <trkpt lat="45.59221" lon="-94.36144">
        <ele>332.9</ele>
      </trkpt>
      <trkpt lat="45.59192" lon="-94.36113">
        <ele>332.5</ele>
      </trkpt>
      <trkpt lat="45.59164" lon="-94.36079">
        <ele>332.3</ele>
      </trkpt>
      <trkpt lat="45.59131" lon="-94.36036">
        <ele>332.4</ele>
      </trkpt>
      <trkpt lat="45.59113" lon="-94.3601">
        <ele>332.4</ele>
      </trkpt>
      <trkpt lat="45.59072" lon="-94.35942">
        <ele>332.4</ele>
      </trkpt>
      <trkpt lat="45.59043" lon="-94.35888">
        <ele>332.8</ele>
      </trkpt>
      <trkpt lat="45.58994" lon="-94.35788">
        <ele>332.7</ele>
      </trkpt>
      <trkpt lat="45.58945" lon="-94.35689">
        <ele>332.4</ele>
      </trkpt>
      <trkpt lat="45.58895" lon="-94.35589">
        <ele>332.6</ele>
      </trkpt>
      <trkpt lat="45.58846" lon="-94.3549">
        <ele>332.3</ele>
      </trkpt>
      <trkpt lat="45.58797" lon="-94.3539">
        <ele>332.3</ele>
      </trkpt>
      <trkpt lat="45.58748" lon="-94.3529">
        <ele>332.3</ele>
      </trkpt>
      <trkpt lat="45.58699" lon="-94.35191">
        <ele>332.4</ele>
      </trkpt>
      <trkpt lat="45.5865" lon="-94.35091">
        <ele>332.4</ele>
      </trkpt>
      <trkpt lat="45.58602" lon="-94.34996">
        <ele>332.3</ele>
      </trkpt>
      <trkpt lat="45.58555" lon="-94.349">
        <ele>331.4</ele>
      </trkpt>
      <trkpt lat="45.58508" lon="-94.34805">
        <ele>330.9</ele>
      </trkpt>
      <trkpt lat="45.5846" lon="-94.3471">
        <ele>330.2</ele>
      </trkpt>
      <trkpt lat="45.58413" lon="-94.34614">
        <ele>329.8</ele>
      </trkpt>
      <trkpt lat="45.58366" lon="-94.34519">
        <ele>330.7</ele>
      </trkpt>
      <trkpt lat="45.58319" lon="-94.34424">
        <ele>330.4</ele>
      </trkpt>
      <trkpt lat="45.58267" lon="-94.34319">
        <ele>329.4</ele>
      </trkpt>
      <trkpt lat="45.58215" lon="-94.34214">
        <ele>329.6</ele>
      </trkpt>
      <trkpt lat="45.58163" lon="-94.3411">
        <ele>328.9</ele>
      </trkpt>
      <trkpt lat="45.58112" lon="-94.34005">
        <ele>329.7</ele>
      </trkpt>
      <trkpt lat="45.5806" lon="-94.33901">
        <ele>330.1</ele>
      </trkpt>
      <trkpt lat="45.58008" lon="-94.33796">
        <ele>329.1</ele>
      </trkpt>
      <trkpt lat="45.57956" lon="-94.33691">
        <ele>330.6</ele>
      </trkpt>
      <trkpt lat="45.57905" lon="-94.33587">
        <ele>331.8</ele>
      </trkpt>
      <trkpt lat="45.57853" lon="-94.33482">
        <ele>332.4</ele>
      </trkpt>
      <trkpt lat="45.57801" lon="-94.33378">
        <ele>332.3</ele>
      </trkpt>
      <trkpt lat="45.5775" lon="-94.33273">
        <ele>331.3</ele>
      </trkpt>
      <trkpt lat="45.57698" lon="-94.33168">
        <ele>329.9</ele>
      </trkpt>
      <trkpt lat="45.57646" lon="-94.33064">
        <ele>328.4</ele>
      </trkpt>
      <trkpt lat="45.57594" lon="-94.32959">
        <ele>324.6</ele>
      </trkpt>
      <trkpt lat="45.57543" lon="-94.32855">
        <ele>325.2</ele>
      </trkpt>
      <trkpt lat="45.57491" lon="-94.3275">
        <ele>326.3</ele>
      </trkpt>
      <trkpt lat="45.57439" lon="-94.32645">
        <ele>327.5</ele>
      </trkpt>
      <trkpt lat="45.57388" lon="-94.32541">
        <ele>329.4</ele>
      </trkpt>
      <trkpt lat="45.57339" lon="-94.32444">
        <ele>329.3</ele>
      </trkpt>
      <trkpt lat="45.57291" lon="-94.32347">
        <ele>331.4</ele>
      </trkpt>
      <trkpt lat="45.57243" lon="-94.3225">
        <ele>330.1</ele>
      </trkpt>
      <trkpt lat="45.57195" lon="-94.32153">
        <ele>329.3</ele>
      </trkpt>
      <trkpt lat="45.57147" lon="-94.32056">
        <ele>329.3</ele>
      </trkpt>
      <trkpt lat="45.57099" lon="-94.31959">
        <ele>329.5</ele>
      </trkpt>
      <trkpt lat="45.5705" lon="-94.31862">
        <ele>329.5</ele>
      </trkpt>
      <trkpt lat="45.57014" lon="-94.31788">
        <ele>331.6</ele>
      </trkpt>
      <trkpt lat="45.56978" lon="-94.31714">
        <ele>332.4</ele>
      </trkpt>
      <trkpt lat="45.56942" lon="-94.3164">
        <ele>332.2</ele>
      </trkpt>
      <trkpt lat="45.56923" lon="-94.31599">
        <ele>331.8</ele>
      </trkpt>
      <trkpt lat="45.56906" lon="-94.31557">
        <ele>331.6</ele>
      </trkpt>
      <trkpt lat="45.56885" lon="-94.31497">
        <ele>332.3</ele>
      </trkpt>
      <trkpt lat="45.56868" lon="-94.31446">
        <ele>331.4</ele>
      </trkpt>
      <trkpt lat="45.56853" lon="-94.31386">
        <ele>330.5</ele>
      </trkpt>
      <trkpt lat="45.56842" lon="-94.31336">
        <ele>331.9</ele>
      </trkpt>
      <trkpt lat="45.56836" lon="-94.31307">
        <ele>332.3</ele>
      </trkpt>
      <trkpt lat="45.56826" lon="-94.31241">
        <ele>332.4</ele>
      </trkpt>
      <trkpt lat="45.56821" lon="-94.312">
        <ele>332.4</ele>
      </trkpt>
      <trkpt lat="45.56814" lon="-94.31131">
        <ele>332.6</ele>
      </trkpt>
      <trkpt lat="45.56809" lon="-94.31052">
        <ele>332.3</ele>
      </trkpt>
      <trkpt lat="45.56804" lon="-94.30974">
        <ele>331.5</ele>
      </trkpt>
      <trkpt lat="45.56803" lon="-94.3096">
        <ele>331.0</ele>
      </trkpt>
      <trkpt lat="45.56794" lon="-94.30843">
        <ele>332.2</ele>
      </trkpt>
      <trkpt lat="45.56786" lon="-94.30726">
        <ele>332.4</ele>
      </trkpt>
      <trkpt lat="45.56778" lon="-94.30608">
        <ele>332.9</ele>
      </trkpt>
      <trkpt lat="45.56777" lon="-94.30599">
        <ele>332.8</ele>
      </trkpt>
      <trkpt lat="45.56777" lon="-94.3059">
        <ele>332.6</ele>
      </trkpt>
      <trkpt lat="45.56769" lon="-94.30476">
        <ele>332.4</ele>
      </trkpt>
      <trkpt lat="45.56761" lon="-94.30362">
        <ele>332.4</ele>
      </trkpt>
      <trkpt lat="45.56753" lon="-94.30248">
        <ele>332.4</ele>
      </trkpt>
      <trkpt lat="45.56745" lon="-94.30134">
        <ele>332.4</ele>
      </trkpt>
      <trkpt lat="45.56743" lon="-94.30121">
        <ele>332.4</ele>
      </trkpt>
      <trkpt lat="45.56737" lon="-94.30107">
        <ele>332.4</ele>
      </trkpt>
      <trkpt lat="45.56725" lon="-94.30092">
        <ele>332.4</ele>
      </trkpt>
      <trkpt lat="45.56715" lon="-94.30081">
        <ele>332.4</ele>
      </trkpt>
      <trkpt lat="45.56716" lon="-94.30055">
        <ele>332.4</ele>
      </trkpt>
      <trkpt lat="45.56728" lon="-94.30032">
        <ele>332.4</ele>
      </trkpt>
      <trkpt lat="45.56733" lon="-94.3002">
        <ele>332.4</ele>
      </trkpt>
      <trkpt lat="45.56735" lon="-94.3001">
        <ele>332.4</ele>
      </trkpt>
      <trkpt lat="45.56736" lon="-94.29999">
        <ele>332.4</ele>
      </trkpt>
      <trkpt lat="45.56734" lon="-94.29979">
        <ele>332.4</ele>
      </trkpt>
      <trkpt lat="45.56727" lon="-94.2988">
        <ele>332.4</ele>
      </trkpt>
      <trkpt lat="45.5672" lon="-94.29782">
        <ele>332.3</ele>
      </trkpt>
      <trkpt lat="45.56715" lon="-94.29709">
        <ele>330.4</ele>
      </trkpt>
      <trkpt lat="45.56711" lon="-94.29636">
        <ele>329.6</ele>
      </trkpt>
      <trkpt lat="45.56704" lon="-94.29553">
        <ele>329.4</ele>
      </trkpt>
      <trkpt lat="45.56697" lon="-94.29443">
        <ele>329.3</ele>
      </trkpt>
      <trkpt lat="45.56689" lon="-94.29333">
        <ele>329.3</ele>
      </trkpt>
      <trkpt lat="45.56688" lon="-94.29325">
        <ele>329.3</ele>
      </trkpt>
      <trkpt lat="45.56686" lon="-94.29318">
        <ele>329.3</ele>
      </trkpt>
      <trkpt lat="45.56678" lon="-94.29301">
        <ele>329.2</ele>
      </trkpt>
      <trkpt lat="45.56675" lon="-94.29287">
        <ele>328.9</ele>
      </trkpt>
      <trkpt lat="45.56674" lon="-94.29277">
        <ele>328.7</ele>
      </trkpt>
      <trkpt lat="45.56667" lon="-94.29173">
        <ele>328.3</ele>
      </trkpt>
      <trkpt lat="45.56659" lon="-94.29069">
        <ele>327.6</ele>
      </trkpt>
      <trkpt lat="45.56652" lon="-94.28965">
        <ele>327.2</ele>
      </trkpt>
      <trkpt lat="45.56645" lon="-94.28861">
        <ele>327.4</ele>
      </trkpt>
      <trkpt lat="45.56638" lon="-94.28757">
        <ele>326.6</ele>
      </trkpt>
      <trkpt lat="45.56631" lon="-94.28655">
        <ele>326.5</ele>
      </trkpt>
      <trkpt lat="45.56624" lon="-94.28554">
        <ele>326.6</ele>
      </trkpt>
      <trkpt lat="45.56617" lon="-94.28452">
        <ele>326.2</ele>
      </trkpt>
      <trkpt lat="45.5661" lon="-94.28351">
        <ele>325.9</ele>
      </trkpt>
      <trkpt lat="45.56602" lon="-94.28248">
        <ele>325.0</ele>
      </trkpt>
      <trkpt lat="45.56593" lon="-94.28146">
        <ele>323.8</ele>
      </trkpt>
      <trkpt lat="45.56588" lon="-94.28063">
        <ele>323.2</ele>
      </trkpt>
      <trkpt lat="45.56584" lon="-94.2798">
        <ele>323.3</ele>
      </trkpt>
      <trkpt lat="45.56576" lon="-94.27873">
        <ele>323.5</ele>
      </trkpt>
      <trkpt lat="45.56568" lon="-94.27765">
        <ele>323.4</ele>
      </trkpt>
      <trkpt lat="45.5656" lon="-94.27658">
        <ele>323.3</ele>
      </trkpt>
      <trkpt lat="45.56554" lon="-94.27562">
        <ele>323.2</ele>
      </trkpt>
      <trkpt lat="45.56548" lon="-94.27465">
        <ele>324.0</ele>
      </trkpt>
      <trkpt lat="45.56542" lon="-94.27368">
        <ele>326.2</ele>
      </trkpt>
      <trkpt lat="45.56534" lon="-94.27279">
        <ele>326.3</ele>
      </trkpt>
      <trkpt lat="45.56527" lon="-94.27189">
        <ele>324.7</ele>
      </trkpt>
      <trkpt lat="45.56519" lon="-94.27068">
        <ele>324.3</ele>
      </trkpt>
      <trkpt lat="45.56511" lon="-94.26947">
        <ele>324.0</ele>
      </trkpt>
      <trkpt lat="45.56503" lon="-94.26827">
        <ele>324.4</ele>
      </trkpt>
      <trkpt lat="45.56495" lon="-94.26706">
        <ele>324.6</ele>
      </trkpt>
      <trkpt lat="45.56487" lon="-94.26585">
        <ele>323.7</ele>
      </trkpt>
      <trkpt lat="45.56481" lon="-94.26509">
        <ele>323.5</ele>
      </trkpt>
      <trkpt lat="45.56475" lon="-94.26433">
        <ele>323.8</ele>
      </trkpt>
      <trkpt lat="45.56469" lon="-94.26346">
        <ele>323.7</ele>
      </trkpt>
      <trkpt lat="45.56468" lon="-94.26338">
        <ele>323.7</ele>
      </trkpt>
      <trkpt lat="45.56464" lon="-94.26325">
        <ele>323.5</ele>
      </trkpt>
      <trkpt lat="45.56459" lon="-94.26271">
        <ele>323.5</ele>
      </trkpt>
      <trkpt lat="45.56461" lon="-94.26235">
        <ele>323.5</ele>
      </trkpt>
      <trkpt lat="45.56459" lon="-94.26209">
        <ele>323.5</ele>
      </trkpt>
      <trkpt lat="45.56451" lon="-94.26093">
        <ele>323.5</ele>
      </trkpt>
      <trkpt lat="45.56443" lon="-94.25977">
        <ele>323.4</ele>
      </trkpt>
      <trkpt lat="45.56434" lon="-94.25861">
        <ele>323.2</ele>
      </trkpt>
      <trkpt lat="45.56427" lon="-94.2575">
        <ele>323.2</ele>
      </trkpt>
      <trkpt lat="45.56419" lon="-94.25639">
        <ele>323.2</ele>
      </trkpt>
      <trkpt lat="45.56412" lon="-94.25529">
        <ele>323.2</ele>
      </trkpt>
      <trkpt lat="45.56404" lon="-94.25418">
        <ele>323.1</ele>
      </trkpt>
      <trkpt lat="45.56403" lon="-94.25403">
        <ele>323.1</ele>
      </trkpt>
      <trkpt lat="45.56401" lon="-94.25391">
        <ele>323.1</ele>
      </trkpt>
      <trkpt lat="45.56387" lon="-94.25353">
        <ele>323.1</ele>
      </trkpt>
      <trkpt lat="45.56386" lon="-94.25344">
        <ele>323.1</ele>
      </trkpt>
      <trkpt lat="45.56389" lon="-94.25329">
        <ele>323.2</ele>
      </trkpt>
      <trkpt lat="45.56393" lon="-94.25319">
        <ele>323.2</ele>
      </trkpt>
      <trkpt lat="45.56394" lon="-94.25313">
        <ele>323.2</ele>
      </trkpt>
      <trkpt lat="45.56395" lon="-94.25305">
        <ele>323.2</ele>
      </trkpt>
      <trkpt lat="45.56395" lon="-94.25293">
        <ele>323.2</ele>
      </trkpt>
      <trkpt lat="45.56388" lon="-94.252">
        <ele>322.7</ele>
      </trkpt>
      <trkpt lat="45.56381" lon="-94.25106">
        <ele>323.0</ele>
      </trkpt>
      <trkpt lat="45.56374" lon="-94.25012">
        <ele>322.9</ele>
      </trkpt>
      <trkpt lat="45.56367" lon="-94.24884">
        <ele>322.6</ele>
      </trkpt>
      <trkpt lat="45.56365" lon="-94.24869">
        <ele>322.6</ele>
      </trkpt>
      <trkpt lat="45.56363" lon="-94.24857">
        <ele>322.6</ele>
      </trkpt>
      <trkpt lat="45.5635" lon="-94.24827">
        <ele>322.8</ele>
      </trkpt>
      <trkpt lat="45.56348" lon="-94.24818">
        <ele>323.1</ele>
      </trkpt>
      <trkpt lat="45.56345" lon="-94.248">
        <ele>324.1</ele>
      </trkpt>
      <trkpt lat="45.56341" lon="-94.24754">
        <ele>325.9</ele>
      </trkpt>
      <trkpt lat="45.56336" lon="-94.24664">
        <ele>323.5</ele>
      </trkpt>
      <trkpt lat="45.56336" lon="-94.24628">
        <ele>322.9</ele>
      </trkpt>
      <trkpt lat="45.5634" lon="-94.24537">
        <ele>322.5</ele>
      </trkpt>
      <trkpt lat="45.5634" lon="-94.24509">
        <ele>322.1</ele>
      </trkpt>
      <trkpt lat="45.56334" lon="-94.24417">
        <ele>321.0</ele>
      </trkpt>
      <trkpt lat="45.56328" lon="-94.24325">
        <ele>320.4</ele>
      </trkpt>
      <trkpt lat="45.56321" lon="-94.24241">
        <ele>320.2</ele>
      </trkpt>
      <trkpt lat="45.56314" lon="-94.24157">
        <ele>320.2</ele>
      </trkpt>
      <trkpt lat="45.5631" lon="-94.2408">
        <ele>320.2</ele>
      </trkpt>
      <trkpt lat="45.56305" lon="-94.24002">
        <ele>320.2</ele>
      </trkpt>
      <trkpt lat="45.56304" lon="-94.23993">
        <ele>320.2</ele>
      </trkpt>
      <trkpt lat="45.563" lon="-94.23974">
        <ele>320.2</ele>
      </trkpt>
      <trkpt lat="45.56295" lon="-94.23909">
        <ele>320.2</ele>
      </trkpt>
      <trkpt lat="45.56296" lon="-94.23886">
        <ele>320.2</ele>
      </trkpt>
      <trkpt lat="45.56295" lon="-94.23873">
        <ele>320.3</ele>
      </trkpt>
      <trkpt lat="45.56289" lon="-94.23778">
        <ele>319.3</ele>
      </trkpt>
      <trkpt lat="45.56283" lon="-94.23684">
        <ele>317.2</ele>
      </trkpt>
      <trkpt lat="45.56279" lon="-94.2365">
        <ele>317.5</ele>
      </trkpt>
      <trkpt lat="45.56275" lon="-94.23629">
        <ele>317.7</ele>
      </trkpt>
      <trkpt lat="45.56258" lon="-94.23549">
        <ele>318.5</ele>
      </trkpt>
      <trkpt lat="45.56256" lon="-94.23534">
        <ele>318.6</ele>
      </trkpt>
      <trkpt lat="45.56258" lon="-94.23513">
        <ele>318.9</ele>
      </trkpt>
      <trkpt lat="45.5626" lon="-94.23499">
        <ele>319.3</ele>
      </trkpt>
      <trkpt lat="45.5626" lon="-94.23465">
        <ele>319.9</ele>
      </trkpt>
      <trkpt lat="45.56253" lon="-94.23364">
        <ele>319.7</ele>
      </trkpt>
      <trkpt lat="45.56246" lon="-94.23263">
        <ele>320.2</ele>
      </trkpt>
      <trkpt lat="45.56246" lon="-94.23228">
        <ele>320.2</ele>
      </trkpt>
      <trkpt lat="45.56236" lon="-94.23102">
        <ele>319.9</ele>
      </trkpt>
      <trkpt lat="45.56226" lon="-94.22976">
        <ele>320.2</ele>
      </trkpt>
      <trkpt lat="45.56225" lon="-94.2294">
        <ele>320.2</ele>
      </trkpt>
      <trkpt lat="45.5623" lon="-94.22933">
        <ele>320.2</ele>
      </trkpt>
      <trkpt lat="45.56239" lon="-94.22931">
        <ele>320.2</ele>
      </trkpt>
      <trkpt lat="45.56281" lon="-94.2293">
        <ele>320.2</ele>
      </trkpt>
      <trkpt lat="45.56282" lon="-94.22914">
        <ele>320.2</ele>
      </trkpt>
      <trkpt lat="45.56238" lon="-94.22922">
        <ele>320.2</ele>
      </trkpt>
      <trkpt lat="45.56219" lon="-94.22923">
        <ele>320.2</ele>
      </trkpt>
      <trkpt lat="45.56159" lon="-94.22925">
        <ele>320.2</ele>
      </trkpt>
      <trkpt lat="45.561" lon="-94.22927">
        <ele>319.9</ele>
      </trkpt>
      <trkpt lat="45.5604" lon="-94.22929">
        <ele>319.6</ele>
      </trkpt>
      <trkpt lat="45.55993" lon="-94.22928">
        <ele>319.6</ele>
      </trkpt>
      <trkpt lat="45.55947" lon="-94.22927">
        <ele>319.6</ele>
      </trkpt>
      <trkpt lat="45.55917" lon="-94.22927">
        <ele>319.9</ele>
      </trkpt>
      <trkpt lat="45.55917" lon="-94.2291">
        <ele>320.0</ele>
      </trkpt>
      <trkpt lat="45.55923" lon="-94.22895">
        <ele>319.9</ele>
      </trkpt>
      <trkpt lat="45.55925" lon="-94.22891">
        <ele>319.9</ele>
      </trkpt>
      <trkpt lat="45.55925" lon="-94.22888">
        <ele>319.9</ele>
      </trkpt>
      <trkpt lat="45.55921" lon="-94.22876">
        <ele>319.9</ele>
      </trkpt>
      <trkpt lat="45.5592" lon="-94.22872">
        <ele>320.0</ele>
      </trkpt>
      <trkpt lat="45.55921" lon="-94.2279">
        <ele>320.6</ele>
      </trkpt>
      <trkpt lat="45.55919" lon="-94.22669">
        <ele>321.6</ele>
      </trkpt>
      <trkpt lat="45.5592" lon="-94.22647">
        <ele>321.8</ele>
      </trkpt>
      <trkpt lat="45.55923" lon="-94.22634">
        <ele>321.8</ele>
      </trkpt>
      <trkpt lat="45.55924" lon="-94.22623">
        <ele>321.8</ele>
      </trkpt>
      <trkpt lat="45.55928" lon="-94.22569">
        <ele>322.0</ele>
      </trkpt>
      <trkpt lat="45.55927" lon="-94.22455">
        <ele>322.7</ele>
      </trkpt>
      <trkpt lat="45.55932" lon="-94.22419">
        <ele>322.8</ele>
      </trkpt>
      <trkpt lat="45.55932" lon="-94.22409">
        <ele>322.9</ele>
      </trkpt>
      <trkpt lat="45.55931" lon="-94.22388">
        <ele>323.0</ele>
      </trkpt>
      <trkpt lat="45.5593" lon="-94.2238">
        <ele>323.0</ele>
      </trkpt>
      <trkpt lat="45.55927" lon="-94.22369">
        <ele>323.0</ele>
      </trkpt>
      <trkpt lat="45.55924" lon="-94.22354">
        <ele>323.0</ele>
      </trkpt>
      <trkpt lat="45.55922" lon="-94.22343">
        <ele>323.0</ele>
      </trkpt>
      <trkpt lat="45.55921" lon="-94.22333">
        <ele>323.0</ele>
      </trkpt>
      <trkpt lat="45.55922" lon="-94.22319">
        <ele>323.0</ele>
      </trkpt>
      <trkpt lat="45.55924" lon="-94.22312">
        <ele>323.0</ele>
      </trkpt>
      <trkpt lat="45.55929" lon="-94.223">
        <ele>323.0</ele>
      </trkpt>
      <trkpt lat="45.55933" lon="-94.22288">
        <ele>322.9</ele>
      </trkpt>
      <trkpt lat="45.55934" lon="-94.22281">
        <ele>322.9</ele>
      </trkpt>
      <trkpt lat="45.55935" lon="-94.22251">
        <ele>322.9</ele>
      </trkpt>
      <trkpt lat="45.55934" lon="-94.22224">
        <ele>322.9</ele>
      </trkpt>
      <trkpt lat="45.55931" lon="-94.222">
        <ele>323.0</ele>
      </trkpt>
      <trkpt lat="45.5593" lon="-94.2215">
        <ele>323.0</ele>
      </trkpt>
      <trkpt lat="45.5593" lon="-94.22143">
        <ele>323.0</ele>
      </trkpt>
      <trkpt lat="45.55932" lon="-94.22123">
        <ele>323.0</ele>
      </trkpt>
      <trkpt lat="45.55932" lon="-94.22116">
        <ele>323.0</ele>
      </trkpt>
      <trkpt lat="45.5593" lon="-94.22098">
        <ele>323.0</ele>
      </trkpt>
      <trkpt lat="45.55929" lon="-94.22082">
        <ele>323.0</ele>
      </trkpt>
      <trkpt lat="45.5593" lon="-94.22057">
        <ele>323.0</ele>
      </trkpt>
      <trkpt lat="45.55932" lon="-94.22028">
        <ele>323.0</ele>
      </trkpt>
      <trkpt lat="45.55933" lon="-94.22005">
        <ele>323.0</ele>
      </trkpt>
      <trkpt lat="45.55932" lon="-94.21991">
        <ele>323.0</ele>
      </trkpt>
      <trkpt lat="45.55928" lon="-94.21956">
        <ele>323.0</ele>
      </trkpt>
      <trkpt lat="45.5593" lon="-94.21907">
        <ele>323.0</ele>
      </trkpt>
      <trkpt lat="45.5593" lon="-94.21893">
        <ele>323.0</ele>
      </trkpt>
      <trkpt lat="45.55928" lon="-94.21882">
        <ele>323.1</ele>
      </trkpt>
      <trkpt lat="45.55915" lon="-94.21844">
        <ele>323.2</ele>
      </trkpt>
      <trkpt lat="45.55913" lon="-94.21835">
        <ele>323.2</ele>
      </trkpt>
      <trkpt lat="45.55911" lon="-94.21798">
        <ele>323.2</ele>
      </trkpt>
      <trkpt lat="45.55909" lon="-94.21689">
        <ele>323.1</ele>
      </trkpt>
      <trkpt lat="45.55909" lon="-94.21672">
        <ele>323.0</ele>
      </trkpt>
      <trkpt lat="45.55914" lon="-94.216">
        <ele>322.9</ele>
      </trkpt>
      <trkpt lat="45.55914" lon="-94.21587">
        <ele>322.9</ele>
      </trkpt>
      <trkpt lat="45.55913" lon="-94.21578">
        <ele>323.0</ele>
      </trkpt>
      <trkpt lat="45.55908" lon="-94.21553">
        <ele>323.0</ele>
      </trkpt>
      <trkpt lat="45.55907" lon="-94.21539">
        <ele>323.0</ele>
      </trkpt>
      <trkpt lat="45.55911" lon="-94.21417">
        <ele>322.3</ele>
      </trkpt>
      <trkpt lat="45.55912" lon="-94.21411">
        <ele>322.2</ele>
      </trkpt>
      <trkpt lat="45.55914" lon="-94.21407">
        <ele>322.1</ele>
      </trkpt>
      <trkpt lat="45.55912" lon="-94.21403">
        <ele>322.1</ele>
      </trkpt>
      <trkpt lat="45.55903" lon="-94.21391">
        <ele>322.2</ele>
      </trkpt>
      <trkpt lat="45.55882" lon="-94.21391">
        <ele>322.9</ele>
      </trkpt>
      <trkpt lat="45.55879" lon="-94.21316">
        <ele>321.9</ele>
      </trkpt>
      <trkpt lat="45.55876" lon="-94.21241">
        <ele>321.0</ele>
      </trkpt>
      <trkpt lat="45.55873" lon="-94.21168">
        <ele>320.6</ele>
      </trkpt>
      <trkpt lat="45.55869" lon="-94.21094">
        <ele>320.7</ele>
      </trkpt>
      <trkpt lat="45.55865" lon="-94.20989">
        <ele>321.0</ele>
      </trkpt>
      <trkpt lat="45.55864" lon="-94.20873">
        <ele>320.2</ele>
      </trkpt>
      <trkpt lat="45.55863" lon="-94.20757">
        <ele>320.0</ele>
      </trkpt>
      <trkpt lat="45.55863" lon="-94.20728">
        <ele>319.9</ele>
      </trkpt>
      <trkpt lat="45.55862" lon="-94.20661">
        <ele>319.9</ele>
      </trkpt>
      <trkpt lat="45.55862" lon="-94.20594">
        <ele>319.8</ele>
      </trkpt>
      <trkpt lat="45.55861" lon="-94.20472">
        <ele>319.4</ele>
      </trkpt>
      <trkpt lat="45.55861" lon="-94.20407">
        <ele>319.1</ele>
      </trkpt>
      <trkpt lat="45.55862" lon="-94.20342">
        <ele>319.0</ele>
      </trkpt>
      <trkpt lat="45.55824" lon="-94.20343">
        <ele>319.2</ele>
      </trkpt>
      <trkpt lat="45.55756" lon="-94.20344">
        <ele>319.8</ele>
      </trkpt>
      <trkpt lat="45.55688" lon="-94.20344">
        <ele>320.0</ele>
      </trkpt>
      <trkpt lat="45.55687" lon="-94.2028">
        <ele>319.9</ele>
      </trkpt>
      <trkpt lat="45.55687" lon="-94.20215">
        <ele>319.6</ele>
      </trkpt>
      <trkpt lat="45.55683" lon="-94.20151">
        <ele>319.6</ele>
      </trkpt>
      <trkpt lat="45.55683" lon="-94.20025">
        <ele>319.6</ele>
      </trkpt>
      <trkpt lat="45.55682" lon="-94.199">
        <ele>319.6</ele>
      </trkpt>
      <trkpt lat="45.55681" lon="-94.19774">
        <ele>319.7</ele>
      </trkpt>
      <trkpt lat="45.55681" lon="-94.19648">
        <ele>320.1</ele>
      </trkpt>
      <trkpt lat="45.5568" lon="-94.19522">
        <ele>319.9</ele>
      </trkpt>
      <trkpt lat="45.5568" lon="-94.19396">
        <ele>319.3</ele>
      </trkpt>
      <trkpt lat="45.55679" lon="-94.19271">
        <ele>318.8</ele>
      </trkpt>
      <trkpt lat="45.55678" lon="-94.19145">
        <ele>318.6</ele>
      </trkpt>
      <trkpt lat="45.55678" lon="-94.19019">
        <ele>318.3</ele>
      </trkpt>
      <trkpt lat="45.55677" lon="-94.18893">
        <ele>318.0</ele>
      </trkpt>
      <trkpt lat="45.55677" lon="-94.18768">
        <ele>318.0</ele>
      </trkpt>
      <trkpt lat="45.55676" lon="-94.18642">
        <ele>318.0</ele>
      </trkpt>
      <trkpt lat="45.55676" lon="-94.18516">
        <ele>318.0</ele>
      </trkpt>
      <trkpt lat="45.55675" lon="-94.1839">
        <ele>317.9</ele>
      </trkpt>
      <trkpt lat="45.55674" lon="-94.18264">
        <ele>317.6</ele>
      </trkpt>
      <trkpt lat="45.55674" lon="-94.18139">
        <ele>317.1</ele>
      </trkpt>
      <trkpt lat="45.55673" lon="-94.18013">
        <ele>317.1</ele>
      </trkpt>
      <trkpt lat="45.55673" lon="-94.17887">
        <ele>317.1</ele>
      </trkpt>
      <trkpt lat="45.55733" lon="-94.17886">
        <ele>317.1</ele>
      </trkpt>
      <trkpt lat="45.55792" lon="-94.17886">
        <ele>317.1</ele>
      </trkpt>
      <trkpt lat="45.55852" lon="-94.17885">
        <ele>317.1</ele>
      </trkpt>
      <trkpt lat="45.55853" lon="-94.17819">
        <ele>317.1</ele>
      </trkpt>
      <trkpt lat="45.55853" lon="-94.17752">
        <ele>317.1</ele>
      </trkpt>
      <trkpt lat="45.55855" lon="-94.17625">
        <ele>317.1</ele>
      </trkpt>
      <trkpt lat="45.55799" lon="-94.17625">
        <ele>317.1</ele>
      </trkpt>
      <trkpt lat="45.55743" lon="-94.17625">
        <ele>317.1</ele>
      </trkpt>
      <trkpt lat="45.55743" lon="-94.17594">
        <ele>317.1</ele>
      </trkpt>
      <trkpt lat="45.55743" lon="-94.17594">
        <ele>317.1</ele>
      </trkpt>
      <trkpt lat="45.55743" lon="-94.17625">
        <ele>317.1</ele>
      </trkpt>
      <trkpt lat="45.55769" lon="-94.17625">
        <ele>317.1</ele>
      </trkpt>
    </trkseg>
  </trk>
</gpx>
