<?xml version="1.0" encoding="UTF-8"?>
<gpx xmlns:gpxdata="http://www.cluetrust.com/XML/GPXDATA/1/0" xmlns:xsi="http://www.w3.org/2001/XMLSchema-instance" xmlns="http://www.topografix.com/GPX/1/1" version="1.1" creator="http://ridewithgps.com/" xsi:schemaLocation="http://www.topografix.com/GPX/1/1 http://www.topografix.com/GPX/1/1/gpx.xsd http://www.cluetrust.com/XML/GPXDATA/1/0 http://www.cluetrust.com/Schemas/gpxdata10.xsd">
  <metadata>
    <name>Saint Cloud to Mankato(Week 4)</name>
    <link href="https://ridewithgps.com/routes/54524153">
      <text>Saint Cloud to Mankato(Week 4)</text>
    </link>
    <time>2026-04-05T08:35:46Z</time>
  </metadata>
  <wpt lat="45.55861933120761" lon="-94.16536454435617">
    <name>Granite Falls</name>
    <cmt>generic</cmt>
    <sym>Dot</sym>
    <type>generic</type>
  </wpt>
  <trk>
    <name>Saint Cloud to Mankato(Week 4)</name>
    <trkseg>
      <trkpt lat="45.55862" lon="-94.16536">
        <ele>315.7</ele>
      </trkpt>
      <trkpt lat="45.55821" lon="-94.16501">
        <ele>315.1</ele>
      </trkpt>
      <trkpt lat="45.55868" lon="-94.16392">
        <ele>314.5</ele>
      </trkpt>
      <trkpt lat="45.55803" lon="-94.16337">
        <ele>314.1</ele>
      </trkpt>
      <trkpt lat="45.55784" lon="-94.16313">
        <ele>313.9</ele>
      </trkpt>
      <trkpt lat="45.55775" lon="-94.16295">
        <ele>313.8</ele>
      </trkpt>
      <trkpt lat="45.55767" lon="-94.16277">
        <ele>313.7</ele>
      </trkpt>
      <trkpt lat="45.55729" lon="-94.16178">
        <ele>315.3</ele>
      </trkpt>
      <trkpt lat="45.55692" lon="-94.16078">
        <ele>315.1</ele>
      </trkpt>
      <trkpt lat="45.55687" lon="-94.16067">
        <ele>314.6</ele>
      </trkpt>
      <trkpt lat="45.55682" lon="-94.16051">
        <ele>314.4</ele>
      </trkpt>
      <trkpt lat="45.55674" lon="-94.16044">
        <ele>314.3</ele>
      </trkpt>
      <trkpt lat="45.55656" lon="-94.16033">
        <ele>314.5</ele>
      </trkpt>
      <trkpt lat="45.55648" lon="-94.1603">
        <ele>314.5</ele>
      </trkpt>
      <trkpt lat="45.55629" lon="-94.16026">
        <ele>314.8</ele>
      </trkpt>
      <trkpt lat="45.5559" lon="-94.16025">
        <ele>315.1</ele>
      </trkpt>
      <trkpt lat="45.5559" lon="-94.15913">
        <ele>316.9</ele>
      </trkpt>
      <trkpt lat="45.55591" lon="-94.15801">
        <ele>316.7</ele>
      </trkpt>
      <trkpt lat="45.55591" lon="-94.15689">
        <ele>316.4</ele>
      </trkpt>
      <trkpt lat="45.55592" lon="-94.15577">
        <ele>315.8</ele>
      </trkpt>
      <trkpt lat="45.55592" lon="-94.15465">
        <ele>315.2</ele>
      </trkpt>
      <trkpt lat="45.55538" lon="-94.15464">
        <ele>315.8</ele>
      </trkpt>
      <trkpt lat="45.55483" lon="-94.15463">
        <ele>316.5</ele>
      </trkpt>
      <trkpt lat="45.55429" lon="-94.15463">
        <ele>317.0</ele>
      </trkpt>
      <trkpt lat="45.55375" lon="-94.15463">
        <ele>316.9</ele>
      </trkpt>
      <trkpt lat="45.55303" lon="-94.15461">
        <ele>317.0</ele>
      </trkpt>
      <trkpt lat="45.5523" lon="-94.1546">
        <ele>316.5</ele>
      </trkpt>
      <trkpt lat="45.55158" lon="-94.15459">
        <ele>315.7</ele>
      </trkpt>
      <trkpt lat="45.55158" lon="-94.15389">
        <ele>315.6</ele>
      </trkpt>
      <trkpt lat="45.55159" lon="-94.15319">
        <ele>315.5</ele>
      </trkpt>
      <trkpt lat="45.55159" lon="-94.15214">
        <ele>314.9</ele>
      </trkpt>
      <trkpt lat="45.5516" lon="-94.15109">
        <ele>314.4</ele>
      </trkpt>
      <trkpt lat="45.5516" lon="-94.15004">
        <ele>314.9</ele>
      </trkpt>
      <trkpt lat="45.55161" lon="-94.14899">
        <ele>315.0</ele>
      </trkpt>
      <trkpt lat="45.55106" lon="-94.14899">
        <ele>314.8</ele>
      </trkpt>
      <trkpt lat="45.55052" lon="-94.14899">
        <ele>313.6</ele>
      </trkpt>
      <trkpt lat="45.55005" lon="-94.14898">
        <ele>310.8</ele>
      </trkpt>
      <trkpt lat="45.54982" lon="-94.14896">
        <ele>307.9</ele>
      </trkpt>
      <trkpt lat="45.5495" lon="-94.14896">
        <ele>304.8</ele>
      </trkpt>
      <trkpt lat="45.54942" lon="-94.14898">
        <ele>304.8</ele>
      </trkpt>
      <trkpt lat="45.54871" lon="-94.1492">
        <ele>300.2</ele>
      </trkpt>
      <trkpt lat="45.548" lon="-94.14941">
        <ele>300.0</ele>
      </trkpt>
      <trkpt lat="45.54788" lon="-94.14925">
        <ele>299.2</ele>
      </trkpt>
      <trkpt lat="45.54766" lon="-94.14915">
        <ele>297.4</ele>
      </trkpt>
      <trkpt lat="45.54748" lon="-94.14918">
        <ele>296.1</ele>
      </trkpt>
      <trkpt lat="45.54727" lon="-94.14929">
        <ele>297.7</ele>
      </trkpt>
      <trkpt lat="45.54641" lon="-94.14937">
        <ele>296.9</ele>
      </trkpt>
      <trkpt lat="45.54624" lon="-94.14937">
        <ele>297.0</ele>
      </trkpt>
      <trkpt lat="45.54607" lon="-94.14928">
        <ele>296.6</ele>
      </trkpt>
      <trkpt lat="45.54592" lon="-94.1493">
        <ele>296.5</ele>
      </trkpt>
      <trkpt lat="45.5458" lon="-94.14938">
        <ele>296.9</ele>
      </trkpt>
      <trkpt lat="45.54566" lon="-94.14953">
        <ele>298.0</ele>
      </trkpt>
      <trkpt lat="45.54559" lon="-94.14955">
        <ele>298.1</ele>
      </trkpt>
      <trkpt lat="45.5454" lon="-94.14954">
        <ele>297.5</ele>
      </trkpt>
      <trkpt lat="45.54531" lon="-94.14958">
        <ele>297.4</ele>
      </trkpt>
      <trkpt lat="45.54516" lon="-94.14967">
        <ele>297.3</ele>
      </trkpt>
      <trkpt lat="45.5451" lon="-94.14968">
        <ele>297.1</ele>
      </trkpt>
      <trkpt lat="45.54503" lon="-94.14965">
        <ele>296.8</ele>
      </trkpt>
      <trkpt lat="45.54489" lon="-94.14953">
        <ele>296.1</ele>
      </trkpt>
      <trkpt lat="45.54462" lon="-94.14938">
        <ele>295.8</ele>
      </trkpt>
      <trkpt lat="45.54452" lon="-94.14934">
        <ele>295.8</ele>
      </trkpt>
      <trkpt lat="45.54398" lon="-94.14927">
        <ele>295.8</ele>
      </trkpt>
      <trkpt lat="45.54361" lon="-94.14905">
        <ele>296.0</ele>
      </trkpt>
      <trkpt lat="45.54323" lon="-94.14894">
        <ele>295.9</ele>
      </trkpt>
      <trkpt lat="45.543" lon="-94.14883">
        <ele>295.8</ele>
      </trkpt>
      <trkpt lat="45.54278" lon="-94.14882">
        <ele>295.8</ele>
      </trkpt>
      <trkpt lat="45.54269" lon="-94.14888">
        <ele>295.9</ele>
      </trkpt>
      <trkpt lat="45.54227" lon="-94.14919">
        <ele>295.8</ele>
      </trkpt>
      <trkpt lat="45.54184" lon="-94.1495">
        <ele>295.8</ele>
      </trkpt>
      <trkpt lat="45.54172" lon="-94.14967">
        <ele>295.9</ele>
      </trkpt>
      <trkpt lat="45.54141" lon="-94.15021">
        <ele>295.9</ele>
      </trkpt>
      <trkpt lat="45.54111" lon="-94.15075">
        <ele>296.0</ele>
      </trkpt>
      <trkpt lat="45.54105" lon="-94.15096">
        <ele>295.9</ele>
      </trkpt>
      <trkpt lat="45.54099" lon="-94.15168">
        <ele>296.1</ele>
      </trkpt>
      <trkpt lat="45.54078" lon="-94.15189">
        <ele>296.0</ele>
      </trkpt>
      <trkpt lat="45.54044" lon="-94.15236">
        <ele>296.0</ele>
      </trkpt>
      <trkpt lat="45.5401" lon="-94.15282">
        <ele>295.9</ele>
      </trkpt>
      <trkpt lat="45.53987" lon="-94.1531">
        <ele>296.1</ele>
      </trkpt>
      <trkpt lat="45.53974" lon="-94.15324">
        <ele>296.1</ele>
      </trkpt>
      <trkpt lat="45.53938" lon="-94.15353">
        <ele>296.2</ele>
      </trkpt>
      <trkpt lat="45.53918" lon="-94.15365">
        <ele>296.1</ele>
      </trkpt>
      <trkpt lat="45.53898" lon="-94.15375">
        <ele>296.2</ele>
      </trkpt>
      <trkpt lat="45.53858" lon="-94.15387">
        <ele>296.3</ele>
      </trkpt>
      <trkpt lat="45.53782" lon="-94.15403">
        <ele>296.4</ele>
      </trkpt>
      <trkpt lat="45.53706" lon="-94.15419">
        <ele>296.5</ele>
      </trkpt>
      <trkpt lat="45.5363" lon="-94.15436">
        <ele>296.8</ele>
      </trkpt>
      <trkpt lat="45.53553" lon="-94.15452">
        <ele>296.7</ele>
      </trkpt>
      <trkpt lat="45.53477" lon="-94.15468">
        <ele>296.7</ele>
      </trkpt>
      <trkpt lat="45.53416" lon="-94.15479">
        <ele>296.0</ele>
      </trkpt>
      <trkpt lat="45.53356" lon="-94.1549">
        <ele>296.3</ele>
      </trkpt>
      <trkpt lat="45.53311" lon="-94.15494">
        <ele>295.2</ele>
      </trkpt>
      <trkpt lat="45.53252" lon="-94.15486">
        <ele>296.1</ele>
      </trkpt>
      <trkpt lat="45.53174" lon="-94.15466">
        <ele>295.5</ele>
      </trkpt>
      <trkpt lat="45.53088" lon="-94.15435">
        <ele>295.9</ele>
      </trkpt>
      <trkpt lat="45.53002" lon="-94.15405">
        <ele>295.6</ele>
      </trkpt>
      <trkpt lat="45.52917" lon="-94.15374">
        <ele>295.6</ele>
      </trkpt>
      <trkpt lat="45.52831" lon="-94.15344">
        <ele>298.1</ele>
      </trkpt>
      <trkpt lat="45.5277" lon="-94.15329">
        <ele>300.5</ele>
      </trkpt>
      <trkpt lat="45.52716" lon="-94.15327">
        <ele>302.1</ele>
      </trkpt>
      <trkpt lat="45.52662" lon="-94.15325">
        <ele>301.8</ele>
      </trkpt>
      <trkpt lat="45.52593" lon="-94.15336">
        <ele>303.0</ele>
      </trkpt>
      <trkpt lat="45.52531" lon="-94.15361">
        <ele>302.8</ele>
      </trkpt>
      <trkpt lat="45.52455" lon="-94.15402">
        <ele>303.3</ele>
      </trkpt>
      <trkpt lat="45.52379" lon="-94.15444">
        <ele>303.6</ele>
      </trkpt>
      <trkpt lat="45.52336" lon="-94.15473">
        <ele>304.2</ele>
      </trkpt>
      <trkpt lat="45.52292" lon="-94.15503">
        <ele>304.7</ele>
      </trkpt>
      <trkpt lat="45.52254" lon="-94.15536">
        <ele>304.8</ele>
      </trkpt>
      <trkpt lat="45.52239" lon="-94.15553">
        <ele>304.8</ele>
      </trkpt>
      <trkpt lat="45.52226" lon="-94.15563">
        <ele>304.7</ele>
      </trkpt>
      <trkpt lat="45.52214" lon="-94.15565">
        <ele>304.6</ele>
      </trkpt>
      <trkpt lat="45.522" lon="-94.15572">
        <ele>304.6</ele>
      </trkpt>
      <trkpt lat="45.52141" lon="-94.15621">
        <ele>305.2</ele>
      </trkpt>
      <trkpt lat="45.52082" lon="-94.1567">
        <ele>305.5</ele>
      </trkpt>
      <trkpt lat="45.52032" lon="-94.15709">
        <ele>306.1</ele>
      </trkpt>
      <trkpt lat="45.51982" lon="-94.15747">
        <ele>305.8</ele>
      </trkpt>
      <trkpt lat="45.51923" lon="-94.1578">
        <ele>305.2</ele>
      </trkpt>
      <trkpt lat="45.51853" lon="-94.15812">
        <ele>307.1</ele>
      </trkpt>
      <trkpt lat="45.5181" lon="-94.15826">
        <ele>308.1</ele>
      </trkpt>
      <trkpt lat="45.51733" lon="-94.15838">
        <ele>309.5</ele>
      </trkpt>
      <trkpt lat="45.51695" lon="-94.15848">
        <ele>309.6</ele>
      </trkpt>
      <trkpt lat="45.51682" lon="-94.15853">
        <ele>309.7</ele>
      </trkpt>
      <trkpt lat="45.51668" lon="-94.15857">
        <ele>309.6</ele>
      </trkpt>
      <trkpt lat="45.51652" lon="-94.15855">
        <ele>309.4</ele>
      </trkpt>
      <trkpt lat="45.51634" lon="-94.1585">
        <ele>309.3</ele>
      </trkpt>
      <trkpt lat="45.51584" lon="-94.15855">
        <ele>309.0</ele>
      </trkpt>
      <trkpt lat="45.51535" lon="-94.1586">
        <ele>310.4</ele>
      </trkpt>
      <trkpt lat="45.51522" lon="-94.15866">
        <ele>310.9</ele>
      </trkpt>
      <trkpt lat="45.51517" lon="-94.15871">
        <ele>311.0</ele>
      </trkpt>
      <trkpt lat="45.51504" lon="-94.15887">
        <ele>311.0</ele>
      </trkpt>
      <trkpt lat="45.51494" lon="-94.15899">
        <ele>311.0</ele>
      </trkpt>
      <trkpt lat="45.51485" lon="-94.15912">
        <ele>311.0</ele>
      </trkpt>
      <trkpt lat="45.5148" lon="-94.15912">
        <ele>311.0</ele>
      </trkpt>
      <trkpt lat="45.51476" lon="-94.15907">
        <ele>311.0</ele>
      </trkpt>
      <trkpt lat="45.51474" lon="-94.1588">
        <ele>311.0</ele>
      </trkpt>
      <trkpt lat="45.51473" lon="-94.15871">
        <ele>311.0</ele>
      </trkpt>
      <trkpt lat="45.51467" lon="-94.15865">
        <ele>311.0</ele>
      </trkpt>
      <trkpt lat="45.51456" lon="-94.15866">
        <ele>310.9</ele>
      </trkpt>
      <trkpt lat="45.51446" lon="-94.15871">
        <ele>310.8</ele>
      </trkpt>
      <trkpt lat="45.51439" lon="-94.15871">
        <ele>310.7</ele>
      </trkpt>
      <trkpt lat="45.51418" lon="-94.15861">
        <ele>310.4</ele>
      </trkpt>
      <trkpt lat="45.51401" lon="-94.15849">
        <ele>310.1</ele>
      </trkpt>
      <trkpt lat="45.51392" lon="-94.15835">
        <ele>309.7</ele>
      </trkpt>
      <trkpt lat="45.51346" lon="-94.15807">
        <ele>309.0</ele>
      </trkpt>
      <trkpt lat="45.513" lon="-94.15779">
        <ele>308.6</ele>
      </trkpt>
      <trkpt lat="45.51253" lon="-94.15751">
        <ele>307.3</ele>
      </trkpt>
      <trkpt lat="45.51205" lon="-94.15723">
        <ele>306.2</ele>
      </trkpt>
      <trkpt lat="45.51187" lon="-94.1571">
        <ele>306.1</ele>
      </trkpt>
      <trkpt lat="45.51126" lon="-94.15673">
        <ele>308.0</ele>
      </trkpt>
      <trkpt lat="45.51065" lon="-94.15637">
        <ele>308.3</ele>
      </trkpt>
      <trkpt lat="45.51005" lon="-94.156">
        <ele>308.3</ele>
      </trkpt>
      <trkpt lat="45.50938" lon="-94.15551">
        <ele>308.3</ele>
      </trkpt>
      <trkpt lat="45.50871" lon="-94.15502">
        <ele>308.1</ele>
      </trkpt>
      <trkpt lat="45.50804" lon="-94.15454">
        <ele>308.2</ele>
      </trkpt>
      <trkpt lat="45.5075" lon="-94.15415">
        <ele>308.4</ele>
      </trkpt>
      <trkpt lat="45.50695" lon="-94.15376">
        <ele>308.5</ele>
      </trkpt>
      <trkpt lat="45.50641" lon="-94.15336">
        <ele>308.3</ele>
      </trkpt>
      <trkpt lat="45.50571" lon="-94.15288">
        <ele>308.3</ele>
      </trkpt>
      <trkpt lat="45.50501" lon="-94.15239">
        <ele>308.6</ele>
      </trkpt>
      <trkpt lat="45.50496" lon="-94.15233">
        <ele>308.6</ele>
      </trkpt>
      <trkpt lat="45.50468" lon="-94.15219">
        <ele>308.8</ele>
      </trkpt>
      <trkpt lat="45.50463" lon="-94.15216">
        <ele>308.8</ele>
      </trkpt>
      <trkpt lat="45.50459" lon="-94.1521">
        <ele>308.8</ele>
      </trkpt>
      <trkpt lat="45.50453" lon="-94.15192">
        <ele>308.9</ele>
      </trkpt>
      <trkpt lat="45.50452" lon="-94.15185">
        <ele>309.0</ele>
      </trkpt>
      <trkpt lat="45.50447" lon="-94.15179">
        <ele>309.1</ele>
      </trkpt>
      <trkpt lat="45.50443" lon="-94.15178">
        <ele>309.0</ele>
      </trkpt>
      <trkpt lat="45.5044" lon="-94.15174">
        <ele>309.0</ele>
      </trkpt>
      <trkpt lat="45.50437" lon="-94.1517">
        <ele>309.0</ele>
      </trkpt>
      <trkpt lat="45.50397" lon="-94.1514">
        <ele>308.0</ele>
      </trkpt>
      <trkpt lat="45.5037" lon="-94.15122">
        <ele>308.2</ele>
      </trkpt>
      <trkpt lat="45.50366" lon="-94.15115">
        <ele>308.1</ele>
      </trkpt>
      <trkpt lat="45.50322" lon="-94.15083">
        <ele>308.9</ele>
      </trkpt>
      <trkpt lat="45.50262" lon="-94.15047">
        <ele>309.1</ele>
      </trkpt>
      <trkpt lat="45.50237" lon="-94.15036">
        <ele>308.5</ele>
      </trkpt>
      <trkpt lat="45.50197" lon="-94.15011">
        <ele>308.1</ele>
      </trkpt>
      <trkpt lat="45.50126" lon="-94.14961">
        <ele>308.9</ele>
      </trkpt>
      <trkpt lat="45.50056" lon="-94.14911">
        <ele>307.3</ele>
      </trkpt>
      <trkpt lat="45.50039" lon="-94.14898">
        <ele>307.1</ele>
      </trkpt>
      <trkpt lat="45.49981" lon="-94.14856">
        <ele>306.7</ele>
      </trkpt>
      <trkpt lat="45.49923" lon="-94.14814">
        <ele>306.6</ele>
      </trkpt>
      <trkpt lat="45.49893" lon="-94.14794">
        <ele>306.4</ele>
      </trkpt>
      <trkpt lat="45.49859" lon="-94.14765">
        <ele>306.8</ele>
      </trkpt>
      <trkpt lat="45.49823" lon="-94.14748">
        <ele>307.8</ele>
      </trkpt>
      <trkpt lat="45.49801" lon="-94.1474">
        <ele>308.0</ele>
      </trkpt>
      <trkpt lat="45.49786" lon="-94.14737">
        <ele>308.9</ele>
      </trkpt>
      <trkpt lat="45.49775" lon="-94.14736">
        <ele>309.5</ele>
      </trkpt>
      <trkpt lat="45.49767" lon="-94.14737">
        <ele>309.9</ele>
      </trkpt>
      <trkpt lat="45.49756" lon="-94.14733">
        <ele>309.8</ele>
      </trkpt>
      <trkpt lat="45.49705" lon="-94.14737">
        <ele>307.9</ele>
      </trkpt>
      <trkpt lat="45.49654" lon="-94.1474">
        <ele>307.7</ele>
      </trkpt>
      <trkpt lat="45.49648" lon="-94.1474">
        <ele>307.8</ele>
      </trkpt>
      <trkpt lat="45.49639" lon="-94.14741">
        <ele>307.9</ele>
      </trkpt>
      <trkpt lat="45.49586" lon="-94.14745">
        <ele>308.0</ele>
      </trkpt>
      <trkpt lat="45.49533" lon="-94.14749">
        <ele>308.6</ele>
      </trkpt>
      <trkpt lat="45.4953" lon="-94.14764">
        <ele>308.6</ele>
      </trkpt>
      <trkpt lat="45.49533" lon="-94.14866">
        <ele>308.6</ele>
      </trkpt>
      <trkpt lat="45.49535" lon="-94.14968">
        <ele>308.3</ele>
      </trkpt>
      <trkpt lat="45.49537" lon="-94.1503">
        <ele>309.1</ele>
      </trkpt>
      <trkpt lat="45.49497" lon="-94.15037">
        <ele>308.1</ele>
      </trkpt>
      <trkpt lat="45.4947" lon="-94.15042">
        <ele>307.9</ele>
      </trkpt>
      <trkpt lat="45.49433" lon="-94.15053">
        <ele>307.6</ele>
      </trkpt>
      <trkpt lat="45.49395" lon="-94.15068">
        <ele>308.3</ele>
      </trkpt>
      <trkpt lat="45.49348" lon="-94.1509">
        <ele>309.1</ele>
      </trkpt>
      <trkpt lat="45.49305" lon="-94.15116">
        <ele>309.0</ele>
      </trkpt>
      <trkpt lat="45.49246" lon="-94.15155">
        <ele>310.3</ele>
      </trkpt>
      <trkpt lat="45.49173" lon="-94.15201">
        <ele>310.5</ele>
      </trkpt>
      <trkpt lat="45.491" lon="-94.15246">
        <ele>311.0</ele>
      </trkpt>
      <trkpt lat="45.49053" lon="-94.15277">
        <ele>310.8</ele>
      </trkpt>
      <trkpt lat="45.49027" lon="-94.15291">
        <ele>310.4</ele>
      </trkpt>
      <trkpt lat="45.48998" lon="-94.15305">
        <ele>310.0</ele>
      </trkpt>
      <trkpt lat="45.48936" lon="-94.15329">
        <ele>309.5</ele>
      </trkpt>
      <trkpt lat="45.48872" lon="-94.15343">
        <ele>309.2</ele>
      </trkpt>
      <trkpt lat="45.48844" lon="-94.15347">
        <ele>309.1</ele>
      </trkpt>
      <trkpt lat="45.48795" lon="-94.15341">
        <ele>308.9</ele>
      </trkpt>
      <trkpt lat="45.48721" lon="-94.15345">
        <ele>308.6</ele>
      </trkpt>
      <trkpt lat="45.48647" lon="-94.15349">
        <ele>308.3</ele>
      </trkpt>
      <trkpt lat="45.48561" lon="-94.15355">
        <ele>308.3</ele>
      </trkpt>
      <trkpt lat="45.48552" lon="-94.15291">
        <ele>308.3</ele>
      </trkpt>
      <trkpt lat="45.48536" lon="-94.1523">
        <ele>308.3</ele>
      </trkpt>
      <trkpt lat="45.48491" lon="-94.15156">
        <ele>308.6</ele>
      </trkpt>
      <trkpt lat="45.48456" lon="-94.15117">
        <ele>308.6</ele>
      </trkpt>
      <trkpt lat="45.484" lon="-94.1506">
        <ele>308.6</ele>
      </trkpt>
      <trkpt lat="45.48343" lon="-94.15004">
        <ele>308.6</ele>
      </trkpt>
      <trkpt lat="45.48287" lon="-94.14947">
        <ele>308.3</ele>
      </trkpt>
      <trkpt lat="45.48231" lon="-94.1489">
        <ele>308.3</ele>
      </trkpt>
      <trkpt lat="45.48207" lon="-94.14868">
        <ele>308.3</ele>
      </trkpt>
      <trkpt lat="45.4815" lon="-94.14812">
        <ele>308.0</ele>
      </trkpt>
      <trkpt lat="45.48094" lon="-94.14756">
        <ele>308.0</ele>
      </trkpt>
      <trkpt lat="45.48038" lon="-94.147">
        <ele>308.0</ele>
      </trkpt>
      <trkpt lat="45.47981" lon="-94.14644">
        <ele>308.0</ele>
      </trkpt>
      <trkpt lat="45.47912" lon="-94.14573">
        <ele>308.0</ele>
      </trkpt>
      <trkpt lat="45.47843" lon="-94.14503">
        <ele>308.0</ele>
      </trkpt>
      <trkpt lat="45.47773" lon="-94.14433">
        <ele>308.0</ele>
      </trkpt>
      <trkpt lat="45.47704" lon="-94.14363">
        <ele>308.0</ele>
      </trkpt>
      <trkpt lat="45.47635" lon="-94.14293">
        <ele>308.0</ele>
      </trkpt>
      <trkpt lat="45.47566" lon="-94.14223">
        <ele>308.1</ele>
      </trkpt>
      <trkpt lat="45.47497" lon="-94.14153">
        <ele>308.3</ele>
      </trkpt>
      <trkpt lat="45.4746" lon="-94.1412">
        <ele>308.3</ele>
      </trkpt>
      <trkpt lat="45.47406" lon="-94.14066">
        <ele>308.3</ele>
      </trkpt>
      <trkpt lat="45.47352" lon="-94.14011">
        <ele>308.3</ele>
      </trkpt>
      <trkpt lat="45.47307" lon="-94.13958">
        <ele>308.3</ele>
      </trkpt>
      <trkpt lat="45.47256" lon="-94.13893">
        <ele>308.1</ele>
      </trkpt>
      <trkpt lat="45.47217" lon="-94.13837">
        <ele>307.3</ele>
      </trkpt>
      <trkpt lat="45.47157" lon="-94.1375">
        <ele>304.3</ele>
      </trkpt>
      <trkpt lat="45.47096" lon="-94.13658">
        <ele>299.4</ele>
      </trkpt>
      <trkpt lat="45.47036" lon="-94.13566">
        <ele>298.7</ele>
      </trkpt>
      <trkpt lat="45.47023" lon="-94.13547">
        <ele>298.5</ele>
      </trkpt>
      <trkpt lat="45.47005" lon="-94.13519">
        <ele>298.4</ele>
      </trkpt>
      <trkpt lat="45.46987" lon="-94.13497">
        <ele>298.5</ele>
      </trkpt>
      <trkpt lat="45.46967" lon="-94.13479">
        <ele>298.6</ele>
      </trkpt>
      <trkpt lat="45.46924" lon="-94.1345">
        <ele>299.0</ele>
      </trkpt>
      <trkpt lat="45.46903" lon="-94.13444">
        <ele>299.2</ele>
      </trkpt>
      <trkpt lat="45.46884" lon="-94.1344">
        <ele>299.2</ele>
      </trkpt>
      <trkpt lat="45.46844" lon="-94.13439">
        <ele>299.0</ele>
      </trkpt>
      <trkpt lat="45.46802" lon="-94.13453">
        <ele>299.1</ele>
      </trkpt>
      <trkpt lat="45.46777" lon="-94.13468">
        <ele>298.9</ele>
      </trkpt>
      <trkpt lat="45.46749" lon="-94.13495">
        <ele>298.7</ele>
      </trkpt>
      <trkpt lat="45.46688" lon="-94.13558">
        <ele>296.8</ele>
      </trkpt>
      <trkpt lat="45.46628" lon="-94.13622">
        <ele>298.7</ele>
      </trkpt>
      <trkpt lat="45.46609" lon="-94.13639">
        <ele>298.7</ele>
      </trkpt>
      <trkpt lat="45.46592" lon="-94.1365">
        <ele>298.8</ele>
      </trkpt>
      <trkpt lat="45.46579" lon="-94.13658">
        <ele>298.8</ele>
      </trkpt>
      <trkpt lat="45.46558" lon="-94.13663">
        <ele>298.8</ele>
      </trkpt>
      <trkpt lat="45.46523" lon="-94.13663">
        <ele>298.8</ele>
      </trkpt>
      <trkpt lat="45.46451" lon="-94.13655">
        <ele>298.8</ele>
      </trkpt>
      <trkpt lat="45.46434" lon="-94.13653">
        <ele>298.8</ele>
      </trkpt>
      <trkpt lat="45.46442" lon="-94.13533">
        <ele>298.8</ele>
      </trkpt>
      <trkpt lat="45.4645" lon="-94.13414">
        <ele>298.6</ele>
      </trkpt>
      <trkpt lat="45.46458" lon="-94.13295">
        <ele>297.7</ele>
      </trkpt>
      <trkpt lat="45.46464" lon="-94.13216">
        <ele>298.8</ele>
      </trkpt>
      <trkpt lat="45.46469" lon="-94.13138">
        <ele>300.6</ele>
      </trkpt>
      <trkpt lat="45.46474" lon="-94.13065">
        <ele>302.3</ele>
      </trkpt>
      <trkpt lat="45.46479" lon="-94.12993">
        <ele>303.9</ele>
      </trkpt>
      <trkpt lat="45.4648" lon="-94.12936">
        <ele>305.3</ele>
      </trkpt>
      <trkpt lat="45.46479" lon="-94.12904">
        <ele>305.7</ele>
      </trkpt>
      <trkpt lat="45.46473" lon="-94.1284">
        <ele>305.9</ele>
      </trkpt>
      <trkpt lat="45.46466" lon="-94.12799">
        <ele>306.2</ele>
      </trkpt>
      <trkpt lat="45.46449" lon="-94.12729">
        <ele>306.7</ele>
      </trkpt>
      <trkpt lat="45.46441" lon="-94.12704">
        <ele>306.8</ele>
      </trkpt>
      <trkpt lat="45.46429" lon="-94.12672">
        <ele>306.9</ele>
      </trkpt>
      <trkpt lat="45.46417" lon="-94.12643">
        <ele>306.8</ele>
      </trkpt>
      <trkpt lat="45.46401" lon="-94.1261">
        <ele>306.9</ele>
      </trkpt>
      <trkpt lat="45.46382" lon="-94.12577">
        <ele>306.8</ele>
      </trkpt>
      <trkpt lat="45.46347" lon="-94.12525">
        <ele>306.7</ele>
      </trkpt>
      <trkpt lat="45.46312" lon="-94.12472">
        <ele>306.8</ele>
      </trkpt>
      <trkpt lat="45.46251" lon="-94.12384">
        <ele>304.5</ele>
      </trkpt>
      <trkpt lat="45.46203" lon="-94.12316">
        <ele>301.6</ele>
      </trkpt>
      <trkpt lat="45.46157" lon="-94.12247">
        <ele>302.0</ele>
      </trkpt>
      <trkpt lat="45.46116" lon="-94.12181">
        <ele>302.4</ele>
      </trkpt>
      <trkpt lat="45.4607" lon="-94.12118">
        <ele>303.9</ele>
      </trkpt>
      <trkpt lat="45.4605" lon="-94.12092">
        <ele>304.4</ele>
      </trkpt>
      <trkpt lat="45.4599" lon="-94.12021">
        <ele>304.4</ele>
      </trkpt>
      <trkpt lat="45.45957" lon="-94.11985">
        <ele>304.4</ele>
      </trkpt>
      <trkpt lat="45.45893" lon="-94.11921">
        <ele>303.2</ele>
      </trkpt>
      <trkpt lat="45.45835" lon="-94.11867">
        <ele>303.3</ele>
      </trkpt>
      <trkpt lat="45.45778" lon="-94.11814">
        <ele>304.0</ele>
      </trkpt>
      <trkpt lat="45.4571" lon="-94.11749">
        <ele>305.6</ele>
      </trkpt>
      <trkpt lat="45.45642" lon="-94.11684">
        <ele>305.8</ele>
      </trkpt>
      <trkpt lat="45.45569" lon="-94.11617">
        <ele>305.8</ele>
      </trkpt>
      <trkpt lat="45.45511" lon="-94.11566">
        <ele>305.4</ele>
      </trkpt>
      <trkpt lat="45.45454" lon="-94.11515">
        <ele>305.8</ele>
      </trkpt>
      <trkpt lat="45.45397" lon="-94.11463">
        <ele>306.2</ele>
      </trkpt>
      <trkpt lat="45.45339" lon="-94.11412">
        <ele>306.3</ele>
      </trkpt>
      <trkpt lat="45.4527" lon="-94.11349">
        <ele>306.8</ele>
      </trkpt>
      <trkpt lat="45.45201" lon="-94.11285">
        <ele>307.6</ele>
      </trkpt>
      <trkpt lat="45.45133" lon="-94.11222">
        <ele>307.6</ele>
      </trkpt>
      <trkpt lat="45.45064" lon="-94.11159">
        <ele>307.3</ele>
      </trkpt>
      <trkpt lat="45.44995" lon="-94.11096">
        <ele>307.2</ele>
      </trkpt>
      <trkpt lat="45.44926" lon="-94.11033">
        <ele>306.7</ele>
      </trkpt>
      <trkpt lat="45.44857" lon="-94.10969">
        <ele>305.8</ele>
      </trkpt>
      <trkpt lat="45.44788" lon="-94.10906">
        <ele>305.5</ele>
      </trkpt>
      <trkpt lat="45.44719" lon="-94.10843">
        <ele>305.5</ele>
      </trkpt>
      <trkpt lat="45.44651" lon="-94.1078">
        <ele>305.4</ele>
      </trkpt>
      <trkpt lat="45.44588" lon="-94.10723">
        <ele>305.1</ele>
      </trkpt>
      <trkpt lat="45.44525" lon="-94.10666">
        <ele>305.4</ele>
      </trkpt>
      <trkpt lat="45.44526" lon="-94.10625">
        <ele>305.5</ele>
      </trkpt>
      <trkpt lat="45.4451" lon="-94.1061">
        <ele>305.6</ele>
      </trkpt>
      <trkpt lat="45.44495" lon="-94.10585">
        <ele>305.7</ele>
      </trkpt>
      <trkpt lat="45.44479" lon="-94.10565">
        <ele>305.8</ele>
      </trkpt>
      <trkpt lat="45.44416" lon="-94.10507">
        <ele>306.2</ele>
      </trkpt>
      <trkpt lat="45.44354" lon="-94.10449">
        <ele>305.8</ele>
      </trkpt>
      <trkpt lat="45.44291" lon="-94.10391">
        <ele>304.9</ele>
      </trkpt>
      <trkpt lat="45.44229" lon="-94.10333">
        <ele>304.9</ele>
      </trkpt>
      <trkpt lat="45.44166" lon="-94.10275">
        <ele>304.3</ele>
      </trkpt>
      <trkpt lat="45.4411" lon="-94.10224">
        <ele>303.5</ele>
      </trkpt>
      <trkpt lat="45.44054" lon="-94.10172">
        <ele>303.6</ele>
      </trkpt>
      <trkpt lat="45.43998" lon="-94.10121">
        <ele>303.9</ele>
      </trkpt>
      <trkpt lat="45.43947" lon="-94.10071">
        <ele>303.8</ele>
      </trkpt>
      <trkpt lat="45.43895" lon="-94.1002">
        <ele>303.2</ele>
      </trkpt>
      <trkpt lat="45.43844" lon="-94.0997">
        <ele>302.3</ele>
      </trkpt>
      <trkpt lat="45.43834" lon="-94.09961">
        <ele>302.3</ele>
      </trkpt>
      <trkpt lat="45.43799" lon="-94.09913">
        <ele>301.9</ele>
      </trkpt>
      <trkpt lat="45.4375" lon="-94.09849">
        <ele>301.9</ele>
      </trkpt>
      <trkpt lat="45.43703" lon="-94.09781">
        <ele>301.9</ele>
      </trkpt>
      <trkpt lat="45.43657" lon="-94.09714">
        <ele>302.0</ele>
      </trkpt>
      <trkpt lat="45.43611" lon="-94.09647">
        <ele>301.9</ele>
      </trkpt>
      <trkpt lat="45.43553" lon="-94.09549">
        <ele>301.8</ele>
      </trkpt>
      <trkpt lat="45.43535" lon="-94.09525">
        <ele>301.7</ele>
      </trkpt>
      <trkpt lat="45.43508" lon="-94.09485">
        <ele>301.1</ele>
      </trkpt>
      <trkpt lat="45.43488" lon="-94.09452">
        <ele>300.7</ele>
      </trkpt>
      <trkpt lat="45.43429" lon="-94.09365">
        <ele>299.7</ele>
      </trkpt>
      <trkpt lat="45.4337" lon="-94.09278">
        <ele>299.3</ele>
      </trkpt>
      <trkpt lat="45.43314" lon="-94.09191">
        <ele>298.7</ele>
      </trkpt>
      <trkpt lat="45.43259" lon="-94.09111">
        <ele>298.8</ele>
      </trkpt>
      <trkpt lat="45.43224" lon="-94.09054">
        <ele>298.4</ele>
      </trkpt>
      <trkpt lat="45.43185" lon="-94.08999">
        <ele>298.5</ele>
      </trkpt>
      <trkpt lat="45.43142" lon="-94.08933">
        <ele>298.4</ele>
      </trkpt>
      <trkpt lat="45.43099" lon="-94.08867">
        <ele>298.4</ele>
      </trkpt>
      <trkpt lat="45.43056" lon="-94.08802">
        <ele>298.3</ele>
      </trkpt>
      <trkpt lat="45.43017" lon="-94.0874">
        <ele>297.7</ele>
      </trkpt>
      <trkpt lat="45.42958" lon="-94.08654">
        <ele>296.9</ele>
      </trkpt>
      <trkpt lat="45.42927" lon="-94.08606">
        <ele>296.7</ele>
      </trkpt>
      <trkpt lat="45.42895" lon="-94.08558">
        <ele>296.4</ele>
      </trkpt>
      <trkpt lat="45.42855" lon="-94.08485">
        <ele>296.7</ele>
      </trkpt>
      <trkpt lat="45.42835" lon="-94.08439">
        <ele>296.7</ele>
      </trkpt>
      <trkpt lat="45.42808" lon="-94.0837">
        <ele>297.5</ele>
      </trkpt>
      <trkpt lat="45.42803" lon="-94.0836">
        <ele>297.5</ele>
      </trkpt>
      <trkpt lat="45.42771" lon="-94.08272">
        <ele>296.2</ele>
      </trkpt>
      <trkpt lat="45.42739" lon="-94.08183">
        <ele>295.0</ele>
      </trkpt>
      <trkpt lat="45.42713" lon="-94.08109">
        <ele>293.5</ele>
      </trkpt>
      <trkpt lat="45.42687" lon="-94.08035">
        <ele>292.9</ele>
      </trkpt>
      <trkpt lat="45.42674" lon="-94.08009">
        <ele>293.3</ele>
      </trkpt>
      <trkpt lat="45.42665" lon="-94.07983">
        <ele>293.6</ele>
      </trkpt>
      <trkpt lat="45.42638" lon="-94.0791">
        <ele>294.7</ele>
      </trkpt>
      <trkpt lat="45.42623" lon="-94.07868">
        <ele>295.2</ele>
      </trkpt>
      <trkpt lat="45.42611" lon="-94.07823">
        <ele>295.6</ele>
      </trkpt>
      <trkpt lat="45.42594" lon="-94.0775">
        <ele>295.8</ele>
      </trkpt>
      <trkpt lat="45.42583" lon="-94.07672">
        <ele>294.4</ele>
      </trkpt>
      <trkpt lat="45.42579" lon="-94.07631">
        <ele>294.0</ele>
      </trkpt>
      <trkpt lat="45.42577" lon="-94.07579">
        <ele>293.8</ele>
      </trkpt>
      <trkpt lat="45.42577" lon="-94.07527">
        <ele>294.2</ele>
      </trkpt>
      <trkpt lat="45.42582" lon="-94.0744">
        <ele>295.4</ele>
      </trkpt>
      <trkpt lat="45.42587" lon="-94.07353">
        <ele>295.8</ele>
      </trkpt>
      <trkpt lat="45.42593" lon="-94.07248">
        <ele>295.1</ele>
      </trkpt>
      <trkpt lat="45.426" lon="-94.07144">
        <ele>296.1</ele>
      </trkpt>
      <trkpt lat="45.42607" lon="-94.0704">
        <ele>295.7</ele>
      </trkpt>
      <trkpt lat="45.42615" lon="-94.06917">
        <ele>295.3</ele>
      </trkpt>
      <trkpt lat="45.42623" lon="-94.06794">
        <ele>293.0</ele>
      </trkpt>
      <trkpt lat="45.42631" lon="-94.06671">
        <ele>296.3</ele>
      </trkpt>
      <trkpt lat="45.42638" lon="-94.06547">
        <ele>297.4</ele>
      </trkpt>
      <trkpt lat="45.42646" lon="-94.06424">
        <ele>297.8</ele>
      </trkpt>
      <trkpt lat="45.42654" lon="-94.06301">
        <ele>297.5</ele>
      </trkpt>
      <trkpt lat="45.42658" lon="-94.06215">
        <ele>295.8</ele>
      </trkpt>
      <trkpt lat="45.42662" lon="-94.06129">
        <ele>295.8</ele>
      </trkpt>
      <trkpt lat="45.42658" lon="-94.06084">
        <ele>295.8</ele>
      </trkpt>
      <trkpt lat="45.42652" lon="-94.06063">
        <ele>295.7</ele>
      </trkpt>
      <trkpt lat="45.42654" lon="-94.0605">
        <ele>295.5</ele>
      </trkpt>
      <trkpt lat="45.42656" lon="-94.0598">
        <ele>295.3</ele>
      </trkpt>
      <trkpt lat="45.42656" lon="-94.05928">
        <ele>295.4</ele>
      </trkpt>
      <trkpt lat="45.42649" lon="-94.05848">
        <ele>295.6</ele>
      </trkpt>
      <trkpt lat="45.42649" lon="-94.05809">
        <ele>295.5</ele>
      </trkpt>
      <trkpt lat="45.42635" lon="-94.05704">
        <ele>295.3</ele>
      </trkpt>
      <trkpt lat="45.42625" lon="-94.05666">
        <ele>295.1</ele>
      </trkpt>
      <trkpt lat="45.42615" lon="-94.056">
        <ele>293.0</ele>
      </trkpt>
      <trkpt lat="45.42592" lon="-94.05513">
        <ele>292.6</ele>
      </trkpt>
      <trkpt lat="45.4256" lon="-94.05421">
        <ele>292.7</ele>
      </trkpt>
      <trkpt lat="45.42538" lon="-94.0537">
        <ele>292.7</ele>
      </trkpt>
      <trkpt lat="45.42494" lon="-94.05294">
        <ele>292.7</ele>
      </trkpt>
      <trkpt lat="45.42481" lon="-94.05278">
        <ele>292.8</ele>
      </trkpt>
      <trkpt lat="45.4247" lon="-94.05271">
        <ele>292.8</ele>
      </trkpt>
      <trkpt lat="45.42441" lon="-94.05262">
        <ele>292.0</ele>
      </trkpt>
      <trkpt lat="45.42424" lon="-94.05252">
        <ele>290.8</ele>
      </trkpt>
      <trkpt lat="45.42413" lon="-94.05262">
        <ele>289.8</ele>
      </trkpt>
      <trkpt lat="45.42406" lon="-94.05265">
        <ele>289.5</ele>
      </trkpt>
      <trkpt lat="45.42399" lon="-94.05265">
        <ele>289.3</ele>
      </trkpt>
      <trkpt lat="45.42379" lon="-94.05258">
        <ele>289.2</ele>
      </trkpt>
      <trkpt lat="45.42361" lon="-94.05253">
        <ele>289.2</ele>
      </trkpt>
      <trkpt lat="45.42332" lon="-94.05252">
        <ele>289.2</ele>
      </trkpt>
      <trkpt lat="45.42313" lon="-94.05252">
        <ele>289.6</ele>
      </trkpt>
      <trkpt lat="45.42306" lon="-94.05251">
        <ele>289.9</ele>
      </trkpt>
      <trkpt lat="45.42293" lon="-94.05244">
        <ele>290.7</ele>
      </trkpt>
      <trkpt lat="45.4229" lon="-94.05246">
        <ele>291.0</ele>
      </trkpt>
      <trkpt lat="45.42279" lon="-94.05255">
        <ele>292.5</ele>
      </trkpt>
      <trkpt lat="45.42262" lon="-94.05259">
        <ele>293.7</ele>
      </trkpt>
      <trkpt lat="45.42221" lon="-94.05275">
        <ele>295.7</ele>
      </trkpt>
      <trkpt lat="45.42167" lon="-94.05299">
        <ele>299.9</ele>
      </trkpt>
      <trkpt lat="45.42113" lon="-94.05323">
        <ele>302.5</ele>
      </trkpt>
      <trkpt lat="45.42081" lon="-94.05335">
        <ele>302.6</ele>
      </trkpt>
      <trkpt lat="45.42042" lon="-94.05344">
        <ele>302.6</ele>
      </trkpt>
      <trkpt lat="45.42013" lon="-94.05347">
        <ele>303.3</ele>
      </trkpt>
      <trkpt lat="45.41991" lon="-94.05347">
        <ele>303.7</ele>
      </trkpt>
      <trkpt lat="45.4198" lon="-94.05345">
        <ele>303.8</ele>
      </trkpt>
      <trkpt lat="45.41971" lon="-94.05341">
        <ele>303.7</ele>
      </trkpt>
      <trkpt lat="45.41956" lon="-94.05322">
        <ele>304.0</ele>
      </trkpt>
      <trkpt lat="45.41946" lon="-94.05313">
        <ele>304.3</ele>
      </trkpt>
      <trkpt lat="45.41937" lon="-94.05308">
        <ele>304.5</ele>
      </trkpt>
      <trkpt lat="45.41928" lon="-94.05307">
        <ele>304.6</ele>
      </trkpt>
      <trkpt lat="45.41892" lon="-94.05314">
        <ele>304.3</ele>
      </trkpt>
      <trkpt lat="45.4188" lon="-94.05314">
        <ele>304.1</ele>
      </trkpt>
      <trkpt lat="45.41871" lon="-94.05311">
        <ele>304.1</ele>
      </trkpt>
      <trkpt lat="45.41817" lon="-94.05272">
        <ele>305.3</ele>
      </trkpt>
      <trkpt lat="45.41763" lon="-94.05234">
        <ele>306.4</ele>
      </trkpt>
      <trkpt lat="45.4171" lon="-94.05195">
        <ele>306.4</ele>
      </trkpt>
      <trkpt lat="45.41689" lon="-94.05253">
        <ele>306.3</ele>
      </trkpt>
      <trkpt lat="45.41668" lon="-94.0531">
        <ele>306.1</ele>
      </trkpt>
      <trkpt lat="45.41651" lon="-94.05357">
        <ele>306.0</ele>
      </trkpt>
      <trkpt lat="45.41642" lon="-94.05377">
        <ele>305.9</ele>
      </trkpt>
      <trkpt lat="45.41633" lon="-94.05396">
        <ele>305.9</ele>
      </trkpt>
      <trkpt lat="45.41621" lon="-94.05418">
        <ele>305.8</ele>
      </trkpt>
      <trkpt lat="45.41604" lon="-94.05443">
        <ele>305.6</ele>
      </trkpt>
      <trkpt lat="45.41582" lon="-94.05465">
        <ele>306.1</ele>
      </trkpt>
      <trkpt lat="45.41527" lon="-94.05507">
        <ele>306.0</ele>
      </trkpt>
      <trkpt lat="45.41471" lon="-94.05549">
        <ele>305.3</ele>
      </trkpt>
      <trkpt lat="45.41416" lon="-94.05591">
        <ele>304.9</ele>
      </trkpt>
      <trkpt lat="45.41404" lon="-94.05595">
        <ele>304.9</ele>
      </trkpt>
      <trkpt lat="45.41389" lon="-94.05597">
        <ele>304.7</ele>
      </trkpt>
      <trkpt lat="45.41374" lon="-94.05595">
        <ele>304.7</ele>
      </trkpt>
      <trkpt lat="45.41359" lon="-94.05589">
        <ele>304.8</ele>
      </trkpt>
      <trkpt lat="45.41343" lon="-94.05576">
        <ele>304.7</ele>
      </trkpt>
      <trkpt lat="45.41329" lon="-94.05563">
        <ele>304.6</ele>
      </trkpt>
      <trkpt lat="45.41314" lon="-94.05594">
        <ele>304.6</ele>
      </trkpt>
      <trkpt lat="45.41278" lon="-94.0566">
        <ele>304.5</ele>
      </trkpt>
      <trkpt lat="45.41236" lon="-94.0572">
        <ele>302.5</ele>
      </trkpt>
      <trkpt lat="45.41175" lon="-94.05789">
        <ele>299.8</ele>
      </trkpt>
      <trkpt lat="45.41158" lon="-94.05806">
        <ele>299.2</ele>
      </trkpt>
      <trkpt lat="45.41125" lon="-94.05834">
        <ele>300.5</ele>
      </trkpt>
      <trkpt lat="45.41057" lon="-94.05887">
        <ele>302.6</ele>
      </trkpt>
      <trkpt lat="45.41006" lon="-94.05919">
        <ele>303.9</ele>
      </trkpt>
      <trkpt lat="45.40972" lon="-94.05938">
        <ele>304.2</ele>
      </trkpt>
      <trkpt lat="45.40936" lon="-94.05956">
        <ele>303.8</ele>
      </trkpt>
      <trkpt lat="45.40879" lon="-94.0598">
        <ele>303.8</ele>
      </trkpt>
      <trkpt lat="45.4081" lon="-94.06">
        <ele>304.8</ele>
      </trkpt>
      <trkpt lat="45.40777" lon="-94.06008">
        <ele>304.9</ele>
      </trkpt>
      <trkpt lat="45.40726" lon="-94.06017">
        <ele>304.8</ele>
      </trkpt>
      <trkpt lat="45.40649" lon="-94.06027">
        <ele>304.2</ele>
      </trkpt>
      <trkpt lat="45.40572" lon="-94.06038">
        <ele>303.5</ele>
      </trkpt>
      <trkpt lat="45.40573" lon="-94.05922">
        <ele>302.6</ele>
      </trkpt>
      <trkpt lat="45.40573" lon="-94.05806">
        <ele>305.2</ele>
      </trkpt>
      <trkpt lat="45.40574" lon="-94.05691">
        <ele>305.5</ele>
      </trkpt>
      <trkpt lat="45.40574" lon="-94.05575">
        <ele>305.2</ele>
      </trkpt>
      <trkpt lat="45.40505" lon="-94.0557">
        <ele>305.4</ele>
      </trkpt>
      <trkpt lat="45.40436" lon="-94.05565">
        <ele>306.0</ele>
      </trkpt>
      <trkpt lat="45.40366" lon="-94.05569">
        <ele>306.8</ele>
      </trkpt>
      <trkpt lat="45.40287" lon="-94.05567">
        <ele>307.4</ele>
      </trkpt>
      <trkpt lat="45.40208" lon="-94.05565">
        <ele>307.7</ele>
      </trkpt>
      <trkpt lat="45.40129" lon="-94.05563">
        <ele>307.9</ele>
      </trkpt>
      <trkpt lat="45.4005" lon="-94.05561">
        <ele>307.3</ele>
      </trkpt>
      <trkpt lat="45.39972" lon="-94.05559">
        <ele>308.0</ele>
      </trkpt>
      <trkpt lat="45.39893" lon="-94.05557">
        <ele>308.3</ele>
      </trkpt>
      <trkpt lat="45.39814" lon="-94.05556">
        <ele>308.3</ele>
      </trkpt>
      <trkpt lat="45.39735" lon="-94.05555">
        <ele>308.0</ele>
      </trkpt>
      <trkpt lat="45.39656" lon="-94.05555">
        <ele>305.3</ele>
      </trkpt>
      <trkpt lat="45.39577" lon="-94.05554">
        <ele>302.4</ele>
      </trkpt>
      <trkpt lat="45.39498" lon="-94.05553">
        <ele>302.2</ele>
      </trkpt>
      <trkpt lat="45.39419" lon="-94.05552">
        <ele>304.5</ele>
      </trkpt>
      <trkpt lat="45.39333" lon="-94.05552">
        <ele>304.9</ele>
      </trkpt>
      <trkpt lat="45.39247" lon="-94.05552">
        <ele>306.8</ele>
      </trkpt>
      <trkpt lat="45.39161" lon="-94.05552">
        <ele>306.5</ele>
      </trkpt>
      <trkpt lat="45.39076" lon="-94.05552">
        <ele>308.0</ele>
      </trkpt>
      <trkpt lat="45.3899" lon="-94.05552">
        <ele>307.9</ele>
      </trkpt>
      <trkpt lat="45.38904" lon="-94.05552">
        <ele>307.7</ele>
      </trkpt>
      <trkpt lat="45.38818" lon="-94.05552">
        <ele>307.4</ele>
      </trkpt>
      <trkpt lat="45.38733" lon="-94.05552">
        <ele>308.0</ele>
      </trkpt>
      <trkpt lat="45.38647" lon="-94.05552">
        <ele>308.0</ele>
      </trkpt>
      <trkpt lat="45.38561" lon="-94.05552">
        <ele>308.5</ele>
      </trkpt>
      <trkpt lat="45.38475" lon="-94.05552">
        <ele>308.6</ele>
      </trkpt>
      <trkpt lat="45.3839" lon="-94.05552">
        <ele>308.8</ele>
      </trkpt>
      <trkpt lat="45.38305" lon="-94.05551">
        <ele>310.1</ele>
      </trkpt>
      <trkpt lat="45.38221" lon="-94.0555">
        <ele>310.7</ele>
      </trkpt>
      <trkpt lat="45.38136" lon="-94.05549">
        <ele>310.7</ele>
      </trkpt>
      <trkpt lat="45.38052" lon="-94.05548">
        <ele>311.0</ele>
      </trkpt>
      <trkpt lat="45.37967" lon="-94.05547">
        <ele>310.7</ele>
      </trkpt>
      <trkpt lat="45.37883" lon="-94.05546">
        <ele>310.7</ele>
      </trkpt>
      <trkpt lat="45.37799" lon="-94.05545">
        <ele>310.3</ele>
      </trkpt>
      <trkpt lat="45.37714" lon="-94.05544">
        <ele>311.0</ele>
      </trkpt>
      <trkpt lat="45.3763" lon="-94.05543">
        <ele>310.6</ele>
      </trkpt>
      <trkpt lat="45.37545" lon="-94.05542">
        <ele>309.8</ele>
      </trkpt>
      <trkpt lat="45.37461" lon="-94.05541">
        <ele>309.2</ele>
      </trkpt>
      <trkpt lat="45.37387" lon="-94.0554">
        <ele>309.2</ele>
      </trkpt>
      <trkpt lat="45.37314" lon="-94.05538">
        <ele>309.8</ele>
      </trkpt>
      <trkpt lat="45.3724" lon="-94.05537">
        <ele>309.3</ele>
      </trkpt>
      <trkpt lat="45.37167" lon="-94.05535">
        <ele>308.8</ele>
      </trkpt>
      <trkpt lat="45.3711" lon="-94.0553">
        <ele>308.5</ele>
      </trkpt>
      <trkpt lat="45.37056" lon="-94.05507">
        <ele>307.0</ele>
      </trkpt>
      <trkpt lat="45.37032" lon="-94.05498">
        <ele>307.1</ele>
      </trkpt>
      <trkpt lat="45.36997" lon="-94.05492">
        <ele>307.3</ele>
      </trkpt>
      <trkpt lat="45.36935" lon="-94.05495">
        <ele>306.6</ele>
      </trkpt>
      <trkpt lat="45.36882" lon="-94.05518">
        <ele>306.7</ele>
      </trkpt>
      <trkpt lat="45.36826" lon="-94.05534">
        <ele>307.7</ele>
      </trkpt>
      <trkpt lat="45.36758" lon="-94.05532">
        <ele>308.4</ele>
      </trkpt>
      <trkpt lat="45.3669" lon="-94.0553">
        <ele>308.9</ele>
      </trkpt>
      <trkpt lat="45.36625" lon="-94.05532">
        <ele>308.2</ele>
      </trkpt>
      <trkpt lat="45.3656" lon="-94.05533">
        <ele>307.6</ele>
      </trkpt>
      <trkpt lat="45.3648" lon="-94.05537">
        <ele>305.2</ele>
      </trkpt>
      <trkpt lat="45.364" lon="-94.0554">
        <ele>305.3</ele>
      </trkpt>
      <trkpt lat="45.3632" lon="-94.05543">
        <ele>305.5</ele>
      </trkpt>
      <trkpt lat="45.3624" lon="-94.05546">
        <ele>307.2</ele>
      </trkpt>
      <trkpt lat="45.36159" lon="-94.05549">
        <ele>307.0</ele>
      </trkpt>
      <trkpt lat="45.36139" lon="-94.05546">
        <ele>305.9</ele>
      </trkpt>
      <trkpt lat="45.36117" lon="-94.05523">
        <ele>305.7</ele>
      </trkpt>
      <trkpt lat="45.36068" lon="-94.05467">
        <ele>307.6</ele>
      </trkpt>
      <trkpt lat="45.36018" lon="-94.05412">
        <ele>307.7</ele>
      </trkpt>
      <trkpt lat="45.35968" lon="-94.05356">
        <ele>308.0</ele>
      </trkpt>
      <trkpt lat="45.3592" lon="-94.05311">
        <ele>310.1</ele>
      </trkpt>
      <trkpt lat="45.35853" lon="-94.05264">
        <ele>310.6</ele>
      </trkpt>
      <trkpt lat="45.35777" lon="-94.05225">
        <ele>308.6</ele>
      </trkpt>
      <trkpt lat="45.35749" lon="-94.05195">
        <ele>308.0</ele>
      </trkpt>
      <trkpt lat="45.35731" lon="-94.05166">
        <ele>307.7</ele>
      </trkpt>
      <trkpt lat="45.35697" lon="-94.05101">
        <ele>309.1</ele>
      </trkpt>
      <trkpt lat="45.35664" lon="-94.05073">
        <ele>309.1</ele>
      </trkpt>
      <trkpt lat="45.35622" lon="-94.05054">
        <ele>309.0</ele>
      </trkpt>
      <trkpt lat="45.35549" lon="-94.05034">
        <ele>309.5</ele>
      </trkpt>
      <trkpt lat="45.35477" lon="-94.05015">
        <ele>310.2</ele>
      </trkpt>
      <trkpt lat="45.35405" lon="-94.04995">
        <ele>313.0</ele>
      </trkpt>
      <trkpt lat="45.35323" lon="-94.04986">
        <ele>311.8</ele>
      </trkpt>
      <trkpt lat="45.35241" lon="-94.04978">
        <ele>309.6</ele>
      </trkpt>
      <trkpt lat="45.3517" lon="-94.04962">
        <ele>310.3</ele>
      </trkpt>
      <trkpt lat="45.35141" lon="-94.04953">
        <ele>311.0</ele>
      </trkpt>
      <trkpt lat="45.35126" lon="-94.04934">
        <ele>311.2</ele>
      </trkpt>
      <trkpt lat="45.35119" lon="-94.04903">
        <ele>310.9</ele>
      </trkpt>
      <trkpt lat="45.35117" lon="-94.04839">
        <ele>309.4</ele>
      </trkpt>
      <trkpt lat="45.35116" lon="-94.04731">
        <ele>307.4</ele>
      </trkpt>
      <trkpt lat="45.35114" lon="-94.04622">
        <ele>305.2</ele>
      </trkpt>
      <trkpt lat="45.35112" lon="-94.04539">
        <ele>305.2</ele>
      </trkpt>
      <trkpt lat="45.35087" lon="-94.04438">
        <ele>305.1</ele>
      </trkpt>
      <trkpt lat="45.35066" lon="-94.0438">
        <ele>305.1</ele>
      </trkpt>
      <trkpt lat="45.35032" lon="-94.04315">
        <ele>308.0</ele>
      </trkpt>
      <trkpt lat="45.34984" lon="-94.04265">
        <ele>311.5</ele>
      </trkpt>
      <trkpt lat="45.34936" lon="-94.04214">
        <ele>308.3</ele>
      </trkpt>
      <trkpt lat="45.34889" lon="-94.0415">
        <ele>310.6</ele>
      </trkpt>
      <trkpt lat="45.34843" lon="-94.0409">
        <ele>315.2</ele>
      </trkpt>
      <trkpt lat="45.34798" lon="-94.04029">
        <ele>315.6</ele>
      </trkpt>
      <trkpt lat="45.34752" lon="-94.03969">
        <ele>316.6</ele>
      </trkpt>
      <trkpt lat="45.34691" lon="-94.03911">
        <ele>315.2</ele>
      </trkpt>
      <trkpt lat="45.34631" lon="-94.03852">
        <ele>311.5</ele>
      </trkpt>
      <trkpt lat="45.3457" lon="-94.03794">
        <ele>310.4</ele>
      </trkpt>
      <trkpt lat="45.34521" lon="-94.03743">
        <ele>314.0</ele>
      </trkpt>
      <trkpt lat="45.34472" lon="-94.03692">
        <ele>314.3</ele>
      </trkpt>
      <trkpt lat="45.34405" lon="-94.03631">
        <ele>316.1</ele>
      </trkpt>
      <trkpt lat="45.34376" lon="-94.03612">
        <ele>316.8</ele>
      </trkpt>
      <trkpt lat="45.34323" lon="-94.036">
        <ele>318.4</ele>
      </trkpt>
      <trkpt lat="45.34269" lon="-94.03587">
        <ele>319.3</ele>
      </trkpt>
      <trkpt lat="45.34214" lon="-94.03567">
        <ele>318.6</ele>
      </trkpt>
      <trkpt lat="45.34167" lon="-94.03524">
        <ele>317.9</ele>
      </trkpt>
      <trkpt lat="45.3413" lon="-94.0348">
        <ele>318.6</ele>
      </trkpt>
      <trkpt lat="45.34093" lon="-94.03436">
        <ele>318.6</ele>
      </trkpt>
      <trkpt lat="45.34058" lon="-94.03351">
        <ele>318.1</ele>
      </trkpt>
      <trkpt lat="45.34044" lon="-94.03273">
        <ele>317.7</ele>
      </trkpt>
      <trkpt lat="45.3403" lon="-94.03195">
        <ele>317.5</ele>
      </trkpt>
      <trkpt lat="45.34026" lon="-94.03075">
        <ele>320.1</ele>
      </trkpt>
      <trkpt lat="45.34023" lon="-94.02954">
        <ele>324.2</ele>
      </trkpt>
      <trkpt lat="45.33976" lon="-94.02936">
        <ele>324.1</ele>
      </trkpt>
      <trkpt lat="45.33918" lon="-94.0291">
        <ele>324.9</ele>
      </trkpt>
      <trkpt lat="45.3387" lon="-94.02891">
        <ele>325.8</ele>
      </trkpt>
      <trkpt lat="45.3382" lon="-94.02874">
        <ele>325.7</ele>
      </trkpt>
      <trkpt lat="45.3378" lon="-94.02871">
        <ele>323.7</ele>
      </trkpt>
      <trkpt lat="45.33694" lon="-94.02887">
        <ele>318.7</ele>
      </trkpt>
      <trkpt lat="45.33609" lon="-94.02902">
        <ele>311.7</ele>
      </trkpt>
      <trkpt lat="45.33523" lon="-94.02918">
        <ele>310.4</ele>
      </trkpt>
      <trkpt lat="45.33437" lon="-94.02933">
        <ele>310.8</ele>
      </trkpt>
      <trkpt lat="45.33399" lon="-94.02933">
        <ele>310.7</ele>
      </trkpt>
      <trkpt lat="45.33363" lon="-94.02927">
        <ele>311.1</ele>
      </trkpt>
      <trkpt lat="45.33335" lon="-94.02901">
        <ele>310.8</ele>
      </trkpt>
      <trkpt lat="45.33307" lon="-94.02864">
        <ele>308.8</ele>
      </trkpt>
      <trkpt lat="45.33289" lon="-94.02829">
        <ele>309.4</ele>
      </trkpt>
      <trkpt lat="45.33272" lon="-94.02766">
        <ele>309.4</ele>
      </trkpt>
      <trkpt lat="45.33255" lon="-94.02702">
        <ele>307.6</ele>
      </trkpt>
      <trkpt lat="45.33241" lon="-94.0266">
        <ele>306.7</ele>
      </trkpt>
      <trkpt lat="45.33227" lon="-94.02627">
        <ele>306.6</ele>
      </trkpt>
      <trkpt lat="45.33204" lon="-94.02578">
        <ele>307.3</ele>
      </trkpt>
      <trkpt lat="45.33178" lon="-94.02529">
        <ele>307.5</ele>
      </trkpt>
      <trkpt lat="45.33148" lon="-94.02467">
        <ele>307.5</ele>
      </trkpt>
      <trkpt lat="45.3311" lon="-94.02383">
        <ele>304.4</ele>
      </trkpt>
      <trkpt lat="45.33072" lon="-94.02299">
        <ele>303.5</ele>
      </trkpt>
      <trkpt lat="45.33035" lon="-94.02197">
        <ele>304.5</ele>
      </trkpt>
      <trkpt lat="45.32998" lon="-94.02095">
        <ele>309.0</ele>
      </trkpt>
      <trkpt lat="45.32963" lon="-94.01988">
        <ele>310.2</ele>
      </trkpt>
      <trkpt lat="45.32928" lon="-94.01887">
        <ele>305.0</ele>
      </trkpt>
      <trkpt lat="45.32894" lon="-94.01785">
        <ele>303.7</ele>
      </trkpt>
      <trkpt lat="45.32859" lon="-94.01683">
        <ele>308.8</ele>
      </trkpt>
      <trkpt lat="45.32831" lon="-94.01632">
        <ele>313.2</ele>
      </trkpt>
      <trkpt lat="45.32782" lon="-94.01558">
        <ele>312.2</ele>
      </trkpt>
      <trkpt lat="45.32744" lon="-94.01516">
        <ele>308.6</ele>
      </trkpt>
      <trkpt lat="45.32699" lon="-94.01476">
        <ele>308.3</ele>
      </trkpt>
      <trkpt lat="45.32673" lon="-94.01459">
        <ele>309.0</ele>
      </trkpt>
      <trkpt lat="45.32645" lon="-94.01444">
        <ele>309.4</ele>
      </trkpt>
      <trkpt lat="45.32612" lon="-94.01429">
        <ele>308.2</ele>
      </trkpt>
      <trkpt lat="45.32574" lon="-94.01414">
        <ele>310.1</ele>
      </trkpt>
      <trkpt lat="45.32523" lon="-94.01408">
        <ele>312.1</ele>
      </trkpt>
      <trkpt lat="45.32439" lon="-94.01408">
        <ele>313.2</ele>
      </trkpt>
      <trkpt lat="45.32356" lon="-94.01409">
        <ele>314.2</ele>
      </trkpt>
      <trkpt lat="45.32272" lon="-94.01409">
        <ele>317.8</ele>
      </trkpt>
      <trkpt lat="45.32189" lon="-94.0141">
        <ele>319.9</ele>
      </trkpt>
      <trkpt lat="45.32105" lon="-94.0141">
        <ele>318.9</ele>
      </trkpt>
      <trkpt lat="45.32022" lon="-94.01411">
        <ele>316.8</ele>
      </trkpt>
      <trkpt lat="45.31938" lon="-94.01411">
        <ele>317.2</ele>
      </trkpt>
      <trkpt lat="45.31855" lon="-94.01412">
        <ele>319.3</ele>
      </trkpt>
      <trkpt lat="45.3177" lon="-94.01412">
        <ele>319.5</ele>
      </trkpt>
      <trkpt lat="45.31685" lon="-94.01413">
        <ele>319.7</ele>
      </trkpt>
      <trkpt lat="45.316" lon="-94.01414">
        <ele>319.8</ele>
      </trkpt>
      <trkpt lat="45.31515" lon="-94.01415">
        <ele>322.4</ele>
      </trkpt>
      <trkpt lat="45.3143" lon="-94.01416">
        <ele>325.7</ele>
      </trkpt>
      <trkpt lat="45.31344" lon="-94.01416">
        <ele>326.7</ele>
      </trkpt>
      <trkpt lat="45.31259" lon="-94.01417">
        <ele>328.0</ele>
      </trkpt>
      <trkpt lat="45.31186" lon="-94.01418">
        <ele>324.3</ele>
      </trkpt>
      <trkpt lat="45.31113" lon="-94.01419">
        <ele>323.2</ele>
      </trkpt>
      <trkpt lat="45.31039" lon="-94.01421">
        <ele>323.5</ele>
      </trkpt>
      <trkpt lat="45.30952" lon="-94.01421">
        <ele>323.8</ele>
      </trkpt>
      <trkpt lat="45.30864" lon="-94.01422">
        <ele>323.3</ele>
      </trkpt>
      <trkpt lat="45.30776" lon="-94.01422">
        <ele>322.1</ele>
      </trkpt>
      <trkpt lat="45.30689" lon="-94.01423">
        <ele>320.8</ele>
      </trkpt>
      <trkpt lat="45.30624" lon="-94.01424">
        <ele>322.9</ele>
      </trkpt>
      <trkpt lat="45.30558" lon="-94.01425">
        <ele>324.2</ele>
      </trkpt>
      <trkpt lat="45.30477" lon="-94.01425">
        <ele>325.4</ele>
      </trkpt>
      <trkpt lat="45.30396" lon="-94.01426">
        <ele>324.0</ele>
      </trkpt>
      <trkpt lat="45.30312" lon="-94.01427">
        <ele>323.6</ele>
      </trkpt>
      <trkpt lat="45.30229" lon="-94.01428">
        <ele>326.6</ele>
      </trkpt>
      <trkpt lat="45.30145" lon="-94.01429">
        <ele>329.2</ele>
      </trkpt>
      <trkpt lat="45.30061" lon="-94.0143">
        <ele>334.5</ele>
      </trkpt>
      <trkpt lat="45.29977" lon="-94.01431">
        <ele>331.9</ele>
      </trkpt>
      <trkpt lat="45.29893" lon="-94.01432">
        <ele>328.7</ele>
      </trkpt>
      <trkpt lat="45.29808" lon="-94.01434">
        <ele>327.0</ele>
      </trkpt>
      <trkpt lat="45.29723" lon="-94.01436">
        <ele>326.4</ele>
      </trkpt>
      <trkpt lat="45.29638" lon="-94.01437">
        <ele>326.6</ele>
      </trkpt>
      <trkpt lat="45.29553" lon="-94.01439">
        <ele>328.9</ele>
      </trkpt>
      <trkpt lat="45.29467" lon="-94.01441">
        <ele>332.3</ele>
      </trkpt>
      <trkpt lat="45.29382" lon="-94.01443">
        <ele>334.7</ele>
      </trkpt>
      <trkpt lat="45.29297" lon="-94.01445">
        <ele>334.8</ele>
      </trkpt>
      <trkpt lat="45.29215" lon="-94.01446">
        <ele>333.7</ele>
      </trkpt>
      <trkpt lat="45.29133" lon="-94.01448">
        <ele>333.1</ele>
      </trkpt>
      <trkpt lat="45.29051" lon="-94.0145">
        <ele>331.9</ele>
      </trkpt>
      <trkpt lat="45.2897" lon="-94.01451">
        <ele>330.1</ele>
      </trkpt>
      <trkpt lat="45.289" lon="-94.01452">
        <ele>328.9</ele>
      </trkpt>
      <trkpt lat="45.28831" lon="-94.01453">
        <ele>328.3</ele>
      </trkpt>
      <trkpt lat="45.28761" lon="-94.01453">
        <ele>328.0</ele>
      </trkpt>
      <trkpt lat="45.28692" lon="-94.01454">
        <ele>327.4</ele>
      </trkpt>
      <trkpt lat="45.2861" lon="-94.01455">
        <ele>326.4</ele>
      </trkpt>
      <trkpt lat="45.28527" lon="-94.01455">
        <ele>323.6</ele>
      </trkpt>
      <trkpt lat="45.28445" lon="-94.01456">
        <ele>324.0</ele>
      </trkpt>
      <trkpt lat="45.28362" lon="-94.01456">
        <ele>323.9</ele>
      </trkpt>
      <trkpt lat="45.2828" lon="-94.01457">
        <ele>323.8</ele>
      </trkpt>
      <trkpt lat="45.28198" lon="-94.01457">
        <ele>323.5</ele>
      </trkpt>
      <trkpt lat="45.28112" lon="-94.01457">
        <ele>322.6</ele>
      </trkpt>
      <trkpt lat="45.28027" lon="-94.01458">
        <ele>320.8</ele>
      </trkpt>
      <trkpt lat="45.27942" lon="-94.01458">
        <ele>320.4</ele>
      </trkpt>
      <trkpt lat="45.27856" lon="-94.01458">
        <ele>320.4</ele>
      </trkpt>
      <trkpt lat="45.27771" lon="-94.01458">
        <ele>320.8</ele>
      </trkpt>
      <trkpt lat="45.27686" lon="-94.01458">
        <ele>319.8</ele>
      </trkpt>
      <trkpt lat="45.276" lon="-94.01459">
        <ele>321.1</ele>
      </trkpt>
      <trkpt lat="45.27515" lon="-94.01459">
        <ele>320.7</ele>
      </trkpt>
      <trkpt lat="45.27502" lon="-94.01456">
        <ele>320.7</ele>
      </trkpt>
      <trkpt lat="45.27484" lon="-94.01448">
        <ele>320.8</ele>
      </trkpt>
      <trkpt lat="45.27473" lon="-94.01436">
        <ele>320.8</ele>
      </trkpt>
      <trkpt lat="45.27465" lon="-94.01427">
        <ele>320.9</ele>
      </trkpt>
      <trkpt lat="45.27458" lon="-94.01416">
        <ele>321.0</ele>
      </trkpt>
      <trkpt lat="45.27445" lon="-94.01386">
        <ele>321.2</ele>
      </trkpt>
      <trkpt lat="45.27437" lon="-94.01348">
        <ele>321.5</ele>
      </trkpt>
      <trkpt lat="45.27436" lon="-94.01223">
        <ele>323.2</ele>
      </trkpt>
      <trkpt lat="45.27435" lon="-94.01098">
        <ele>323.9</ele>
      </trkpt>
      <trkpt lat="45.27434" lon="-94.00973">
        <ele>326.1</ele>
      </trkpt>
      <trkpt lat="45.27433" lon="-94.00847">
        <ele>326.5</ele>
      </trkpt>
      <trkpt lat="45.27432" lon="-94.00722">
        <ele>328.0</ele>
      </trkpt>
      <trkpt lat="45.27431" lon="-94.00597">
        <ele>329.3</ele>
      </trkpt>
      <trkpt lat="45.2743" lon="-94.00472">
        <ele>329.5</ele>
      </trkpt>
      <trkpt lat="45.27342" lon="-94.00471">
        <ele>329.3</ele>
      </trkpt>
      <trkpt lat="45.27255" lon="-94.0047">
        <ele>328.7</ele>
      </trkpt>
      <trkpt lat="45.27168" lon="-94.00469">
        <ele>327.8</ele>
      </trkpt>
      <trkpt lat="45.2708" lon="-94.00467">
        <ele>327.1</ele>
      </trkpt>
      <trkpt lat="45.26993" lon="-94.00466">
        <ele>326.6</ele>
      </trkpt>
      <trkpt lat="45.26922" lon="-94.00463">
        <ele>326.8</ele>
      </trkpt>
      <trkpt lat="45.26851" lon="-94.0046">
        <ele>324.6</ele>
      </trkpt>
      <trkpt lat="45.2678" lon="-94.00456">
        <ele>322.2</ele>
      </trkpt>
      <trkpt lat="45.26709" lon="-94.00453">
        <ele>320.5</ele>
      </trkpt>
      <trkpt lat="45.26643" lon="-94.00449">
        <ele>320.3</ele>
      </trkpt>
      <trkpt lat="45.26577" lon="-94.00444">
        <ele>320.4</ele>
      </trkpt>
      <trkpt lat="45.26511" lon="-94.00439">
        <ele>323.3</ele>
      </trkpt>
      <trkpt lat="45.26437" lon="-94.00437">
        <ele>324.5</ele>
      </trkpt>
      <trkpt lat="45.26364" lon="-94.00436">
        <ele>320.8</ele>
      </trkpt>
      <trkpt lat="45.2629" lon="-94.00434">
        <ele>321.2</ele>
      </trkpt>
      <trkpt lat="45.26215" lon="-94.00431">
        <ele>320.0</ele>
      </trkpt>
      <trkpt lat="45.26139" lon="-94.00427">
        <ele>321.7</ele>
      </trkpt>
      <trkpt lat="45.26063" lon="-94.00424">
        <ele>324.7</ele>
      </trkpt>
      <trkpt lat="45.25988" lon="-94.0042">
        <ele>324.5</ele>
      </trkpt>
      <trkpt lat="45.25901" lon="-94.00418">
        <ele>320.2</ele>
      </trkpt>
      <trkpt lat="45.25815" lon="-94.00416">
        <ele>317.7</ele>
      </trkpt>
      <trkpt lat="45.25729" lon="-94.00414">
        <ele>318.7</ele>
      </trkpt>
      <trkpt lat="45.25648" lon="-94.0041">
        <ele>318.6</ele>
      </trkpt>
      <trkpt lat="45.25566" lon="-94.00407">
        <ele>319.6</ele>
      </trkpt>
      <trkpt lat="45.25485" lon="-94.00404">
        <ele>316.5</ele>
      </trkpt>
      <trkpt lat="45.25404" lon="-94.004">
        <ele>311.7</ele>
      </trkpt>
      <trkpt lat="45.25322" lon="-94.00397">
        <ele>307.6</ele>
      </trkpt>
      <trkpt lat="45.25241" lon="-94.00394">
        <ele>307.8</ele>
      </trkpt>
      <trkpt lat="45.25159" lon="-94.00395">
        <ele>309.5</ele>
      </trkpt>
      <trkpt lat="45.25111" lon="-94.00398">
        <ele>313.1</ele>
      </trkpt>
      <trkpt lat="45.25034" lon="-94.00401">
        <ele>318.1</ele>
      </trkpt>
      <trkpt lat="45.24957" lon="-94.00405">
        <ele>321.9</ele>
      </trkpt>
      <trkpt lat="45.2488" lon="-94.00408">
        <ele>322.9</ele>
      </trkpt>
      <trkpt lat="45.24802" lon="-94.00411">
        <ele>325.3</ele>
      </trkpt>
      <trkpt lat="45.24725" lon="-94.00415">
        <ele>324.1</ele>
      </trkpt>
      <trkpt lat="45.24648" lon="-94.00418">
        <ele>323.6</ele>
      </trkpt>
      <trkpt lat="45.24571" lon="-94.00421">
        <ele>322.6</ele>
      </trkpt>
      <trkpt lat="45.245" lon="-94.00424">
        <ele>320.6</ele>
      </trkpt>
      <trkpt lat="45.24429" lon="-94.00427">
        <ele>320.4</ele>
      </trkpt>
      <trkpt lat="45.24358" lon="-94.00429">
        <ele>318.6</ele>
      </trkpt>
      <trkpt lat="45.24303" lon="-94.00431">
        <ele>317.3</ele>
      </trkpt>
      <trkpt lat="45.24248" lon="-94.00432">
        <ele>315.2</ele>
      </trkpt>
      <trkpt lat="45.24221" lon="-94.0043">
        <ele>314.6</ele>
      </trkpt>
      <trkpt lat="45.24203" lon="-94.00426">
        <ele>314.2</ele>
      </trkpt>
      <trkpt lat="45.24177" lon="-94.00419">
        <ele>313.4</ele>
      </trkpt>
      <trkpt lat="45.24156" lon="-94.00412">
        <ele>313.1</ele>
      </trkpt>
      <trkpt lat="45.24133" lon="-94.00402">
        <ele>312.6</ele>
      </trkpt>
      <trkpt lat="45.241" lon="-94.00383">
        <ele>311.9</ele>
      </trkpt>
      <trkpt lat="45.24038" lon="-94.00337">
        <ele>311.0</ele>
      </trkpt>
      <trkpt lat="45.23975" lon="-94.00291">
        <ele>311.0</ele>
      </trkpt>
      <trkpt lat="45.23913" lon="-94.00245">
        <ele>311.2</ele>
      </trkpt>
      <trkpt lat="45.23895" lon="-94.00234">
        <ele>311.5</ele>
      </trkpt>
      <trkpt lat="45.23868" lon="-94.00219">
        <ele>313.0</ele>
      </trkpt>
      <trkpt lat="45.23833" lon="-94.00205">
        <ele>314.2</ele>
      </trkpt>
      <trkpt lat="45.23814" lon="-94.002">
        <ele>314.7</ele>
      </trkpt>
      <trkpt lat="45.23793" lon="-94.00195">
        <ele>315.5</ele>
      </trkpt>
      <trkpt lat="45.23755" lon="-94.00191">
        <ele>317.2</ele>
      </trkpt>
      <trkpt lat="45.2368" lon="-94.00191">
        <ele>319.1</ele>
      </trkpt>
      <trkpt lat="45.23604" lon="-94.00191">
        <ele>319.9</ele>
      </trkpt>
      <trkpt lat="45.23529" lon="-94.00191">
        <ele>320.1</ele>
      </trkpt>
      <trkpt lat="45.23454" lon="-94.00191">
        <ele>320.1</ele>
      </trkpt>
      <trkpt lat="45.23376" lon="-94.0019">
        <ele>320.1</ele>
      </trkpt>
      <trkpt lat="45.23298" lon="-94.00189">
        <ele>320.0</ele>
      </trkpt>
      <trkpt lat="45.23221" lon="-94.00188">
        <ele>320.1</ele>
      </trkpt>
      <trkpt lat="45.23143" lon="-94.00187">
        <ele>320.4</ele>
      </trkpt>
      <trkpt lat="45.23065" lon="-94.00186">
        <ele>322.2</ele>
      </trkpt>
      <trkpt lat="45.23016" lon="-94.00187">
        <ele>322.7</ele>
      </trkpt>
      <trkpt lat="45.22967" lon="-94.00187">
        <ele>322.5</ele>
      </trkpt>
      <trkpt lat="45.229" lon="-94.00188">
        <ele>321.7</ele>
      </trkpt>
      <trkpt lat="45.22833" lon="-94.00189">
        <ele>320.6</ele>
      </trkpt>
      <trkpt lat="45.22783" lon="-94.00189">
        <ele>319.7</ele>
      </trkpt>
      <trkpt lat="45.22732" lon="-94.00189">
        <ele>319.1</ele>
      </trkpt>
      <trkpt lat="45.22649" lon="-94.00193">
        <ele>318.4</ele>
      </trkpt>
      <trkpt lat="45.22597" lon="-94.00193">
        <ele>318.8</ele>
      </trkpt>
      <trkpt lat="45.22523" lon="-94.00191">
        <ele>318.8</ele>
      </trkpt>
      <trkpt lat="45.22449" lon="-94.00189">
        <ele>317.6</ele>
      </trkpt>
      <trkpt lat="45.22373" lon="-94.00192">
        <ele>316.1</ele>
      </trkpt>
      <trkpt lat="45.2233" lon="-94.00191">
        <ele>314.7</ele>
      </trkpt>
      <trkpt lat="45.22247" lon="-94.00194">
        <ele>312.4</ele>
      </trkpt>
      <trkpt lat="45.22164" lon="-94.00196">
        <ele>312.1</ele>
      </trkpt>
      <trkpt lat="45.22081" lon="-94.00199">
        <ele>314.0</ele>
      </trkpt>
      <trkpt lat="45.21994" lon="-94.00201">
        <ele>314.6</ele>
      </trkpt>
      <trkpt lat="45.21907" lon="-94.00204">
        <ele>316.3</ele>
      </trkpt>
      <trkpt lat="45.2182" lon="-94.00206">
        <ele>317.0</ele>
      </trkpt>
      <trkpt lat="45.21745" lon="-94.00209">
        <ele>315.9</ele>
      </trkpt>
      <trkpt lat="45.21671" lon="-94.00213">
        <ele>314.8</ele>
      </trkpt>
      <trkpt lat="45.21596" lon="-94.00216">
        <ele>313.4</ele>
      </trkpt>
      <trkpt lat="45.21521" lon="-94.00219">
        <ele>311.8</ele>
      </trkpt>
      <trkpt lat="45.21447" lon="-94.00222">
        <ele>311.4</ele>
      </trkpt>
      <trkpt lat="45.21372" lon="-94.00225">
        <ele>311.9</ele>
      </trkpt>
      <trkpt lat="45.21297" lon="-94.00227">
        <ele>312.0</ele>
      </trkpt>
      <trkpt lat="45.21222" lon="-94.0023">
        <ele>311.1</ele>
      </trkpt>
      <trkpt lat="45.21174" lon="-94.00239">
        <ele>309.3</ele>
      </trkpt>
      <trkpt lat="45.21124" lon="-94.00255">
        <ele>306.4</ele>
      </trkpt>
      <trkpt lat="45.21081" lon="-94.00293">
        <ele>305.2</ele>
      </trkpt>
      <trkpt lat="45.2106" lon="-94.00322">
        <ele>305.3</ele>
      </trkpt>
      <trkpt lat="45.21043" lon="-94.00353">
        <ele>305.6</ele>
      </trkpt>
      <trkpt lat="45.21029" lon="-94.0039">
        <ele>305.8</ele>
      </trkpt>
      <trkpt lat="45.21022" lon="-94.00429">
        <ele>306.5</ele>
      </trkpt>
      <trkpt lat="45.21016" lon="-94.00514">
        <ele>310.3</ele>
      </trkpt>
      <trkpt lat="45.21018" lon="-94.00624">
        <ele>313.0</ele>
      </trkpt>
      <trkpt lat="45.21019" lon="-94.00734">
        <ele>314.9</ele>
      </trkpt>
      <trkpt lat="45.2102" lon="-94.00844">
        <ele>317.7</ele>
      </trkpt>
      <trkpt lat="45.21021" lon="-94.00954">
        <ele>320.4</ele>
      </trkpt>
      <trkpt lat="45.21022" lon="-94.01064">
        <ele>321.2</ele>
      </trkpt>
      <trkpt lat="45.21024" lon="-94.01175">
        <ele>320.3</ele>
      </trkpt>
      <trkpt lat="45.21025" lon="-94.01285">
        <ele>317.4</ele>
      </trkpt>
      <trkpt lat="45.21024" lon="-94.01342">
        <ele>317.4</ele>
      </trkpt>
      <trkpt lat="45.21023" lon="-94.01469">
        <ele>317.1</ele>
      </trkpt>
      <trkpt lat="45.21022" lon="-94.01596">
        <ele>315.8</ele>
      </trkpt>
      <trkpt lat="45.21021" lon="-94.01724">
        <ele>314.6</ele>
      </trkpt>
      <trkpt lat="45.21021" lon="-94.01851">
        <ele>314.7</ele>
      </trkpt>
      <trkpt lat="45.2102" lon="-94.01978">
        <ele>314.2</ele>
      </trkpt>
      <trkpt lat="45.21019" lon="-94.02098">
        <ele>314.2</ele>
      </trkpt>
      <trkpt lat="45.21017" lon="-94.02217">
        <ele>314.5</ele>
      </trkpt>
      <trkpt lat="45.21016" lon="-94.02337">
        <ele>316.7</ele>
      </trkpt>
      <trkpt lat="45.21015" lon="-94.02457">
        <ele>317.6</ele>
      </trkpt>
      <trkpt lat="45.21014" lon="-94.02577">
        <ele>319.8</ele>
      </trkpt>
      <trkpt lat="45.21013" lon="-94.02696">
        <ele>320.7</ele>
      </trkpt>
      <trkpt lat="45.21012" lon="-94.02816">
        <ele>321.3</ele>
      </trkpt>
      <trkpt lat="45.21011" lon="-94.02898">
        <ele>320.8</ele>
      </trkpt>
      <trkpt lat="45.21011" lon="-94.02979">
        <ele>320.7</ele>
      </trkpt>
      <trkpt lat="45.21011" lon="-94.03053">
        <ele>320.3</ele>
      </trkpt>
      <trkpt lat="45.21008" lon="-94.03115">
        <ele>320.4</ele>
      </trkpt>
      <trkpt lat="45.21002" lon="-94.03156">
        <ele>320.6</ele>
      </trkpt>
      <trkpt lat="45.20984" lon="-94.03206">
        <ele>321.1</ele>
      </trkpt>
      <trkpt lat="45.20955" lon="-94.03257">
        <ele>321.6</ele>
      </trkpt>
      <trkpt lat="45.20925" lon="-94.03291">
        <ele>322.2</ele>
      </trkpt>
      <trkpt lat="45.20882" lon="-94.03318">
        <ele>322.9</ele>
      </trkpt>
      <trkpt lat="45.20844" lon="-94.03329">
        <ele>323.5</ele>
      </trkpt>
      <trkpt lat="45.20761" lon="-94.03326">
        <ele>324.8</ele>
      </trkpt>
      <trkpt lat="45.20679" lon="-94.03323">
        <ele>323.8</ele>
      </trkpt>
      <trkpt lat="45.20596" lon="-94.0332">
        <ele>322.3</ele>
      </trkpt>
      <trkpt lat="45.20513" lon="-94.03317">
        <ele>324.4</ele>
      </trkpt>
      <trkpt lat="45.2043" lon="-94.03313">
        <ele>326.7</ele>
      </trkpt>
      <trkpt lat="45.20348" lon="-94.0331">
        <ele>327.4</ele>
      </trkpt>
      <trkpt lat="45.20265" lon="-94.03307">
        <ele>322.0</ele>
      </trkpt>
      <trkpt lat="45.20194" lon="-94.03305">
        <ele>318.4</ele>
      </trkpt>
      <trkpt lat="45.20123" lon="-94.03303">
        <ele>314.6</ele>
      </trkpt>
      <trkpt lat="45.20052" lon="-94.033">
        <ele>314.0</ele>
      </trkpt>
      <trkpt lat="45.1997" lon="-94.03297">
        <ele>313.8</ele>
      </trkpt>
      <trkpt lat="45.19889" lon="-94.03294">
        <ele>313.7</ele>
      </trkpt>
      <trkpt lat="45.19808" lon="-94.03291">
        <ele>314.0</ele>
      </trkpt>
      <trkpt lat="45.19727" lon="-94.03288">
        <ele>315.6</ele>
      </trkpt>
      <trkpt lat="45.19645" lon="-94.03284">
        <ele>314.9</ele>
      </trkpt>
      <trkpt lat="45.19564" lon="-94.03281">
        <ele>314.3</ele>
      </trkpt>
      <trkpt lat="45.19483" lon="-94.03279">
        <ele>314.0</ele>
      </trkpt>
      <trkpt lat="45.19403" lon="-94.03276">
        <ele>315.5</ele>
      </trkpt>
      <trkpt lat="45.19322" lon="-94.03274">
        <ele>317.8</ele>
      </trkpt>
      <trkpt lat="45.19241" lon="-94.03271">
        <ele>319.0</ele>
      </trkpt>
      <trkpt lat="45.19161" lon="-94.03269">
        <ele>320.4</ele>
      </trkpt>
      <trkpt lat="45.1908" lon="-94.03266">
        <ele>322.3</ele>
      </trkpt>
      <trkpt lat="45.18999" lon="-94.03264">
        <ele>318.7</ele>
      </trkpt>
      <trkpt lat="45.18918" lon="-94.03261">
        <ele>316.5</ele>
      </trkpt>
      <trkpt lat="45.18838" lon="-94.03259">
        <ele>315.6</ele>
      </trkpt>
      <trkpt lat="45.18765" lon="-94.03256">
        <ele>316.3</ele>
      </trkpt>
      <trkpt lat="45.18693" lon="-94.03253">
        <ele>316.3</ele>
      </trkpt>
      <trkpt lat="45.18621" lon="-94.0325">
        <ele>315.6</ele>
      </trkpt>
      <trkpt lat="45.18548" lon="-94.03247">
        <ele>315.5</ele>
      </trkpt>
      <trkpt lat="45.18476" lon="-94.03244">
        <ele>313.1</ele>
      </trkpt>
      <trkpt lat="45.18386" lon="-94.03244">
        <ele>311.0</ele>
      </trkpt>
      <trkpt lat="45.18297" lon="-94.03243">
        <ele>308.7</ele>
      </trkpt>
      <trkpt lat="45.18207" lon="-94.03243">
        <ele>307.6</ele>
      </trkpt>
      <trkpt lat="45.18117" lon="-94.03242">
        <ele>309.0</ele>
      </trkpt>
      <trkpt lat="45.18028" lon="-94.03242">
        <ele>311.8</ele>
      </trkpt>
      <trkpt lat="45.17938" lon="-94.03241">
        <ele>311.4</ele>
      </trkpt>
      <trkpt lat="45.17849" lon="-94.03241">
        <ele>311.1</ele>
      </trkpt>
      <trkpt lat="45.17759" lon="-94.0324">
        <ele>311.1</ele>
      </trkpt>
      <trkpt lat="45.17686" lon="-94.0324">
        <ele>310.8</ele>
      </trkpt>
      <trkpt lat="45.17613" lon="-94.03239">
        <ele>310.0</ele>
      </trkpt>
      <trkpt lat="45.1754" lon="-94.03238">
        <ele>309.9</ele>
      </trkpt>
      <trkpt lat="45.17467" lon="-94.03238">
        <ele>309.6</ele>
      </trkpt>
      <trkpt lat="45.17394" lon="-94.03237">
        <ele>308.8</ele>
      </trkpt>
      <trkpt lat="45.17307" lon="-94.03237">
        <ele>306.9</ele>
      </trkpt>
      <trkpt lat="45.17221" lon="-94.03237">
        <ele>303.4</ele>
      </trkpt>
      <trkpt lat="45.17134" lon="-94.03236">
        <ele>302.5</ele>
      </trkpt>
      <trkpt lat="45.17048" lon="-94.03236">
        <ele>300.8</ele>
      </trkpt>
      <trkpt lat="45.16962" lon="-94.03236">
        <ele>299.6</ele>
      </trkpt>
      <trkpt lat="45.16888" lon="-94.03236">
        <ele>298.5</ele>
      </trkpt>
      <trkpt lat="45.16815" lon="-94.03236">
        <ele>297.9</ele>
      </trkpt>
      <trkpt lat="45.16741" lon="-94.03236">
        <ele>298.5</ele>
      </trkpt>
      <trkpt lat="45.16667" lon="-94.03237">
        <ele>301.1</ele>
      </trkpt>
      <trkpt lat="45.16578" lon="-94.03238">
        <ele>304.8</ele>
      </trkpt>
      <trkpt lat="45.16488" lon="-94.0324">
        <ele>309.0</ele>
      </trkpt>
      <trkpt lat="45.16399" lon="-94.03241">
        <ele>307.2</ele>
      </trkpt>
      <trkpt lat="45.16309" lon="-94.03242">
        <ele>304.4</ele>
      </trkpt>
      <trkpt lat="45.1622" lon="-94.03244">
        <ele>302.2</ele>
      </trkpt>
      <trkpt lat="45.1613" lon="-94.03245">
        <ele>302.3</ele>
      </trkpt>
      <trkpt lat="45.16041" lon="-94.03247">
        <ele>303.4</ele>
      </trkpt>
      <trkpt lat="45.15951" lon="-94.03248">
        <ele>304.9</ele>
      </trkpt>
      <trkpt lat="45.15861" lon="-94.0325">
        <ele>306.8</ele>
      </trkpt>
      <trkpt lat="45.15772" lon="-94.03251">
        <ele>305.1</ele>
      </trkpt>
      <trkpt lat="45.15702" lon="-94.03253">
        <ele>305.1</ele>
      </trkpt>
      <trkpt lat="45.15632" lon="-94.03255">
        <ele>304.9</ele>
      </trkpt>
      <trkpt lat="45.15562" lon="-94.03257">
        <ele>304.3</ele>
      </trkpt>
      <trkpt lat="45.15492" lon="-94.03259">
        <ele>304.3</ele>
      </trkpt>
      <trkpt lat="45.15416" lon="-94.0326">
        <ele>304.8</ele>
      </trkpt>
      <trkpt lat="45.15339" lon="-94.03261">
        <ele>304.3</ele>
      </trkpt>
      <trkpt lat="45.15263" lon="-94.03263">
        <ele>301.6</ele>
      </trkpt>
      <trkpt lat="45.15212" lon="-94.03262">
        <ele>300.2</ele>
      </trkpt>
      <trkpt lat="45.15212" lon="-94.03379">
        <ele>299.1</ele>
      </trkpt>
      <trkpt lat="45.15213" lon="-94.03496">
        <ele>297.2</ele>
      </trkpt>
      <trkpt lat="45.15213" lon="-94.03613">
        <ele>293.4</ele>
      </trkpt>
      <trkpt lat="45.15214" lon="-94.0373">
        <ele>292.5</ele>
      </trkpt>
      <trkpt lat="45.15215" lon="-94.03847">
        <ele>292.7</ele>
      </trkpt>
      <trkpt lat="45.15215" lon="-94.03964">
        <ele>292.6</ele>
      </trkpt>
      <trkpt lat="45.15216" lon="-94.04081">
        <ele>293.6</ele>
      </trkpt>
      <trkpt lat="45.15217" lon="-94.04198">
        <ele>295.8</ele>
      </trkpt>
      <trkpt lat="45.15217" lon="-94.04315">
        <ele>296.5</ele>
      </trkpt>
      <trkpt lat="45.15218" lon="-94.04432">
        <ele>295.4</ele>
      </trkpt>
      <trkpt lat="45.15218" lon="-94.04552">
        <ele>296.4</ele>
      </trkpt>
      <trkpt lat="45.15219" lon="-94.04673">
        <ele>299.0</ele>
      </trkpt>
      <trkpt lat="45.15219" lon="-94.04793">
        <ele>304.9</ele>
      </trkpt>
      <trkpt lat="45.1522" lon="-94.04914">
        <ele>306.5</ele>
      </trkpt>
      <trkpt lat="45.1522" lon="-94.05034">
        <ele>307.3</ele>
      </trkpt>
      <trkpt lat="45.15221" lon="-94.05154">
        <ele>307.0</ele>
      </trkpt>
      <trkpt lat="45.15221" lon="-94.05275">
        <ele>306.4</ele>
      </trkpt>
      <trkpt lat="45.15222" lon="-94.05395">
        <ele>303.9</ele>
      </trkpt>
      <trkpt lat="45.15223" lon="-94.05515">
        <ele>303.1</ele>
      </trkpt>
      <trkpt lat="45.15223" lon="-94.05636">
        <ele>302.3</ele>
      </trkpt>
      <trkpt lat="45.15224" lon="-94.05756">
        <ele>305.1</ele>
      </trkpt>
      <trkpt lat="45.15224" lon="-94.05877">
        <ele>306.4</ele>
      </trkpt>
      <trkpt lat="45.15225" lon="-94.05997">
        <ele>308.1</ele>
      </trkpt>
      <trkpt lat="45.15225" lon="-94.06117">
        <ele>313.2</ele>
      </trkpt>
      <trkpt lat="45.15226" lon="-94.06238">
        <ele>315.4</ele>
      </trkpt>
      <trkpt lat="45.15227" lon="-94.06359">
        <ele>315.9</ele>
      </trkpt>
      <trkpt lat="45.15227" lon="-94.0648">
        <ele>316.1</ele>
      </trkpt>
      <trkpt lat="45.15228" lon="-94.066">
        <ele>316.6</ele>
      </trkpt>
      <trkpt lat="45.15229" lon="-94.06721">
        <ele>315.3</ele>
      </trkpt>
      <trkpt lat="45.1523" lon="-94.06842">
        <ele>311.7</ele>
      </trkpt>
      <trkpt lat="45.15231" lon="-94.06963">
        <ele>308.4</ele>
      </trkpt>
      <trkpt lat="45.15231" lon="-94.07084">
        <ele>305.2</ele>
      </trkpt>
      <trkpt lat="45.15232" lon="-94.07205">
        <ele>304.9</ele>
      </trkpt>
      <trkpt lat="45.15233" lon="-94.07326">
        <ele>305.3</ele>
      </trkpt>
      <trkpt lat="45.15143" lon="-94.07327">
        <ele>305.3</ele>
      </trkpt>
      <trkpt lat="45.15054" lon="-94.07328">
        <ele>305.0</ele>
      </trkpt>
      <trkpt lat="45.14964" lon="-94.07329">
        <ele>308.0</ele>
      </trkpt>
      <trkpt lat="45.14875" lon="-94.0733">
        <ele>316.5</ele>
      </trkpt>
      <trkpt lat="45.14785" lon="-94.07332">
        <ele>317.8</ele>
      </trkpt>
      <trkpt lat="45.14695" lon="-94.07333">
        <ele>316.0</ele>
      </trkpt>
      <trkpt lat="45.14606" lon="-94.07334">
        <ele>310.8</ele>
      </trkpt>
      <trkpt lat="45.14516" lon="-94.07335">
        <ele>308.6</ele>
      </trkpt>
      <trkpt lat="45.14435" lon="-94.07335">
        <ele>307.6</ele>
      </trkpt>
      <trkpt lat="45.14354" lon="-94.07336">
        <ele>306.4</ele>
      </trkpt>
      <trkpt lat="45.14273" lon="-94.07336">
        <ele>304.9</ele>
      </trkpt>
      <trkpt lat="45.14192" lon="-94.07336">
        <ele>304.7</ele>
      </trkpt>
      <trkpt lat="45.14111" lon="-94.07337">
        <ele>306.3</ele>
      </trkpt>
      <trkpt lat="45.14029" lon="-94.07337">
        <ele>307.2</ele>
      </trkpt>
      <trkpt lat="45.13948" lon="-94.07337">
        <ele>305.5</ele>
      </trkpt>
      <trkpt lat="45.13867" lon="-94.07338">
        <ele>302.6</ele>
      </trkpt>
      <trkpt lat="45.13786" lon="-94.07338">
        <ele>301.0</ele>
      </trkpt>
      <trkpt lat="45.13699" lon="-94.07339">
        <ele>296.7</ele>
      </trkpt>
      <trkpt lat="45.13611" lon="-94.0734">
        <ele>294.6</ele>
      </trkpt>
      <trkpt lat="45.13524" lon="-94.07341">
        <ele>292.6</ele>
      </trkpt>
      <trkpt lat="45.13437" lon="-94.07342">
        <ele>293.0</ele>
      </trkpt>
      <trkpt lat="45.13387" lon="-94.07341">
        <ele>293.3</ele>
      </trkpt>
      <trkpt lat="45.13334" lon="-94.0734">
        <ele>293.6</ele>
      </trkpt>
      <trkpt lat="45.13265" lon="-94.07341">
        <ele>293.7</ele>
      </trkpt>
      <trkpt lat="45.13197" lon="-94.07341">
        <ele>293.4</ele>
      </trkpt>
      <trkpt lat="45.13128" lon="-94.07341">
        <ele>294.4</ele>
      </trkpt>
      <trkpt lat="45.1306" lon="-94.07341">
        <ele>296.0</ele>
      </trkpt>
      <trkpt lat="45.13039" lon="-94.0734">
        <ele>296.4</ele>
      </trkpt>
      <trkpt lat="45.12969" lon="-94.07341">
        <ele>296.2</ele>
      </trkpt>
      <trkpt lat="45.12899" lon="-94.07341">
        <ele>294.4</ele>
      </trkpt>
      <trkpt lat="45.12829" lon="-94.07342">
        <ele>292.8</ele>
      </trkpt>
      <trkpt lat="45.12792" lon="-94.07343">
        <ele>292.1</ele>
      </trkpt>
      <trkpt lat="45.12718" lon="-94.07343">
        <ele>300.2</ele>
      </trkpt>
      <trkpt lat="45.12643" lon="-94.07342">
        <ele>305.9</ele>
      </trkpt>
      <trkpt lat="45.12569" lon="-94.07342">
        <ele>311.2</ele>
      </trkpt>
      <trkpt lat="45.12495" lon="-94.07341">
        <ele>312.8</ele>
      </trkpt>
      <trkpt lat="45.12413" lon="-94.07342">
        <ele>312.4</ele>
      </trkpt>
      <trkpt lat="45.12331" lon="-94.07343">
        <ele>308.4</ele>
      </trkpt>
      <trkpt lat="45.12242" lon="-94.07342">
        <ele>301.8</ele>
      </trkpt>
      <trkpt lat="45.12153" lon="-94.07342">
        <ele>300.6</ele>
      </trkpt>
      <trkpt lat="45.12064" lon="-94.07341">
        <ele>301.2</ele>
      </trkpt>
      <trkpt lat="45.11975" lon="-94.07341">
        <ele>300.7</ele>
      </trkpt>
      <trkpt lat="45.11886" lon="-94.07341">
        <ele>300.2</ele>
      </trkpt>
      <trkpt lat="45.11808" lon="-94.07342">
        <ele>300.8</ele>
      </trkpt>
      <trkpt lat="45.1173" lon="-94.07343">
        <ele>301.8</ele>
      </trkpt>
      <trkpt lat="45.11653" lon="-94.07345">
        <ele>305.8</ele>
      </trkpt>
      <trkpt lat="45.11575" lon="-94.07346">
        <ele>309.6</ele>
      </trkpt>
      <trkpt lat="45.11497" lon="-94.07348">
        <ele>311.2</ele>
      </trkpt>
      <trkpt lat="45.1142" lon="-94.07349">
        <ele>311.4</ele>
      </trkpt>
      <trkpt lat="45.11331" lon="-94.07352">
        <ele>310.4</ele>
      </trkpt>
      <trkpt lat="45.11242" lon="-94.07355">
        <ele>308.1</ele>
      </trkpt>
      <trkpt lat="45.11154" lon="-94.07358">
        <ele>308.1</ele>
      </trkpt>
      <trkpt lat="45.11065" lon="-94.07361">
        <ele>308.0</ele>
      </trkpt>
      <trkpt lat="45.10977" lon="-94.07364">
        <ele>311.0</ele>
      </trkpt>
      <trkpt lat="45.10925" lon="-94.07366">
        <ele>311.9</ele>
      </trkpt>
      <trkpt lat="45.10874" lon="-94.07368">
        <ele>311.6</ele>
      </trkpt>
      <trkpt lat="45.10805" lon="-94.07367">
        <ele>310.9</ele>
      </trkpt>
      <trkpt lat="45.10737" lon="-94.07365">
        <ele>309.9</ele>
      </trkpt>
      <trkpt lat="45.10668" lon="-94.07364">
        <ele>309.4</ele>
      </trkpt>
      <trkpt lat="45.10579" lon="-94.07364">
        <ele>310.3</ele>
      </trkpt>
      <trkpt lat="45.1049" lon="-94.07363">
        <ele>309.5</ele>
      </trkpt>
      <trkpt lat="45.10401" lon="-94.07363">
        <ele>307.8</ele>
      </trkpt>
      <trkpt lat="45.10312" lon="-94.07362">
        <ele>307.9</ele>
      </trkpt>
      <trkpt lat="45.10223" lon="-94.07362">
        <ele>308.5</ele>
      </trkpt>
      <trkpt lat="45.10134" lon="-94.07361">
        <ele>311.7</ele>
      </trkpt>
      <trkpt lat="45.10044" lon="-94.07361">
        <ele>312.1</ele>
      </trkpt>
      <trkpt lat="45.09955" lon="-94.0736">
        <ele>311.1</ele>
      </trkpt>
      <trkpt lat="45.09866" lon="-94.0736">
        <ele>311.2</ele>
      </trkpt>
      <trkpt lat="45.09777" lon="-94.07359">
        <ele>309.6</ele>
      </trkpt>
      <trkpt lat="45.09688" lon="-94.07359">
        <ele>309.5</ele>
      </trkpt>
      <trkpt lat="45.09599" lon="-94.07358">
        <ele>308.9</ele>
      </trkpt>
      <trkpt lat="45.0951" lon="-94.07358">
        <ele>309.4</ele>
      </trkpt>
      <trkpt lat="45.09421" lon="-94.07357">
        <ele>311.3</ele>
      </trkpt>
      <trkpt lat="45.09346" lon="-94.07361">
        <ele>311.4</ele>
      </trkpt>
      <trkpt lat="45.09272" lon="-94.07365">
        <ele>311.7</ele>
      </trkpt>
      <trkpt lat="45.09197" lon="-94.0737">
        <ele>311.0</ele>
      </trkpt>
      <trkpt lat="45.09121" lon="-94.07374">
        <ele>311.2</ele>
      </trkpt>
      <trkpt lat="45.09045" lon="-94.07379">
        <ele>311.7</ele>
      </trkpt>
      <trkpt lat="45.08969" lon="-94.07384">
        <ele>314.0</ele>
      </trkpt>
      <trkpt lat="45.08893" lon="-94.07388">
        <ele>316.2</ele>
      </trkpt>
      <trkpt lat="45.08817" lon="-94.07393">
        <ele>317.5</ele>
      </trkpt>
      <trkpt lat="45.08741" lon="-94.07398">
        <ele>318.0</ele>
      </trkpt>
      <trkpt lat="45.08672" lon="-94.07399">
        <ele>317.7</ele>
      </trkpt>
      <trkpt lat="45.08603" lon="-94.07401">
        <ele>315.7</ele>
      </trkpt>
      <trkpt lat="45.08534" lon="-94.07403">
        <ele>312.7</ele>
      </trkpt>
      <trkpt lat="45.0852" lon="-94.07405">
        <ele>312.0</ele>
      </trkpt>
      <trkpt lat="45.08504" lon="-94.0741">
        <ele>310.9</ele>
      </trkpt>
      <trkpt lat="45.08473" lon="-94.07423">
        <ele>308.8</ele>
      </trkpt>
      <trkpt lat="45.08462" lon="-94.0743">
        <ele>308.4</ele>
      </trkpt>
      <trkpt lat="45.0845" lon="-94.0744">
        <ele>308.2</ele>
      </trkpt>
      <trkpt lat="45.08436" lon="-94.07454">
        <ele>307.9</ele>
      </trkpt>
      <trkpt lat="45.08421" lon="-94.07471">
        <ele>307.4</ele>
      </trkpt>
      <trkpt lat="45.08407" lon="-94.07489">
        <ele>306.3</ele>
      </trkpt>
      <trkpt lat="45.08397" lon="-94.07504">
        <ele>305.8</ele>
      </trkpt>
      <trkpt lat="45.08386" lon="-94.07524">
        <ele>305.5</ele>
      </trkpt>
      <trkpt lat="45.08377" lon="-94.07546">
        <ele>305.4</ele>
      </trkpt>
      <trkpt lat="45.08359" lon="-94.07603">
        <ele>305.7</ele>
      </trkpt>
      <trkpt lat="45.08335" lon="-94.07689">
        <ele>305.6</ele>
      </trkpt>
      <trkpt lat="45.08311" lon="-94.07774">
        <ele>304.9</ele>
      </trkpt>
      <trkpt lat="45.0829" lon="-94.07839">
        <ele>304.9</ele>
      </trkpt>
      <trkpt lat="45.08275" lon="-94.07883">
        <ele>304.9</ele>
      </trkpt>
      <trkpt lat="45.08237" lon="-94.07975">
        <ele>304.9</ele>
      </trkpt>
      <trkpt lat="45.08221" lon="-94.08008">
        <ele>304.9</ele>
      </trkpt>
      <trkpt lat="45.08187" lon="-94.08076">
        <ele>304.9</ele>
      </trkpt>
      <trkpt lat="45.0817" lon="-94.08106">
        <ele>304.9</ele>
      </trkpt>
      <trkpt lat="45.08151" lon="-94.08137">
        <ele>304.9</ele>
      </trkpt>
      <trkpt lat="45.08108" lon="-94.08199">
        <ele>304.9</ele>
      </trkpt>
      <trkpt lat="45.08057" lon="-94.08269">
        <ele>304.9</ele>
      </trkpt>
      <trkpt lat="45.08006" lon="-94.0834">
        <ele>304.9</ele>
      </trkpt>
      <trkpt lat="45.07977" lon="-94.08374">
        <ele>305.4</ele>
      </trkpt>
      <trkpt lat="45.07969" lon="-94.08382">
        <ele>305.4</ele>
      </trkpt>
      <trkpt lat="45.0795" lon="-94.08395">
        <ele>305.4</ele>
      </trkpt>
      <trkpt lat="45.07933" lon="-94.08403">
        <ele>305.5</ele>
      </trkpt>
      <trkpt lat="45.07911" lon="-94.0841">
        <ele>305.5</ele>
      </trkpt>
      <trkpt lat="45.07864" lon="-94.08418">
        <ele>306.2</ele>
      </trkpt>
      <trkpt lat="45.07838" lon="-94.08418">
        <ele>306.3</ele>
      </trkpt>
      <trkpt lat="45.07818" lon="-94.08417">
        <ele>306.2</ele>
      </trkpt>
      <trkpt lat="45.07794" lon="-94.08411">
        <ele>306.1</ele>
      </trkpt>
      <trkpt lat="45.07772" lon="-94.08403">
        <ele>306.1</ele>
      </trkpt>
      <trkpt lat="45.07749" lon="-94.08393">
        <ele>306.2</ele>
      </trkpt>
      <trkpt lat="45.07731" lon="-94.08382">
        <ele>306.3</ele>
      </trkpt>
      <trkpt lat="45.07681" lon="-94.08344">
        <ele>306.4</ele>
      </trkpt>
      <trkpt lat="45.0763" lon="-94.08305">
        <ele>306.2</ele>
      </trkpt>
      <trkpt lat="45.07608" lon="-94.08285">
        <ele>306.6</ele>
      </trkpt>
      <trkpt lat="45.07595" lon="-94.08271">
        <ele>306.9</ele>
      </trkpt>
      <trkpt lat="45.07582" lon="-94.08254">
        <ele>306.5</ele>
      </trkpt>
      <trkpt lat="45.07566" lon="-94.08229">
        <ele>306.6</ele>
      </trkpt>
      <trkpt lat="45.07526" lon="-94.08158">
        <ele>305.2</ele>
      </trkpt>
      <trkpt lat="45.07512" lon="-94.08137">
        <ele>305.1</ele>
      </trkpt>
      <trkpt lat="45.07489" lon="-94.08107">
        <ele>305.5</ele>
      </trkpt>
      <trkpt lat="45.07477" lon="-94.08096">
        <ele>306.1</ele>
      </trkpt>
      <trkpt lat="45.07463" lon="-94.08086">
        <ele>306.1</ele>
      </trkpt>
      <trkpt lat="45.07445" lon="-94.08076">
        <ele>305.4</ele>
      </trkpt>
      <trkpt lat="45.07427" lon="-94.08069">
        <ele>305.9</ele>
      </trkpt>
      <trkpt lat="45.07407" lon="-94.08065">
        <ele>306.5</ele>
      </trkpt>
      <trkpt lat="45.0733" lon="-94.08057">
        <ele>305.9</ele>
      </trkpt>
      <trkpt lat="45.07308" lon="-94.08053">
        <ele>305.5</ele>
      </trkpt>
      <trkpt lat="45.07294" lon="-94.08046">
        <ele>305.3</ele>
      </trkpt>
      <trkpt lat="45.07277" lon="-94.08037">
        <ele>305.1</ele>
      </trkpt>
      <trkpt lat="45.07252" lon="-94.08017">
        <ele>305.5</ele>
      </trkpt>
      <trkpt lat="45.07226" lon="-94.07988">
        <ele>305.1</ele>
      </trkpt>
      <trkpt lat="45.0716" lon="-94.07906">
        <ele>304.3</ele>
      </trkpt>
      <trkpt lat="45.07109" lon="-94.0784">
        <ele>303.8</ele>
      </trkpt>
      <trkpt lat="45.07058" lon="-94.07775">
        <ele>303.9</ele>
      </trkpt>
      <trkpt lat="45.07007" lon="-94.0771">
        <ele>304.6</ele>
      </trkpt>
      <trkpt lat="45.06942" lon="-94.07627">
        <ele>304.6</ele>
      </trkpt>
      <trkpt lat="45.06877" lon="-94.07545">
        <ele>304.9</ele>
      </trkpt>
      <trkpt lat="45.06811" lon="-94.07462">
        <ele>305.5</ele>
      </trkpt>
      <trkpt lat="45.06792" lon="-94.07439">
        <ele>304.1</ele>
      </trkpt>
      <trkpt lat="45.06777" lon="-94.07423">
        <ele>304.0</ele>
      </trkpt>
      <trkpt lat="45.06763" lon="-94.07411">
        <ele>305.4</ele>
      </trkpt>
      <trkpt lat="45.0675" lon="-94.07402">
        <ele>306.8</ele>
      </trkpt>
      <trkpt lat="45.06721" lon="-94.07391">
        <ele>308.2</ele>
      </trkpt>
      <trkpt lat="45.06705" lon="-94.07389">
        <ele>308.7</ele>
      </trkpt>
      <trkpt lat="45.06644" lon="-94.07387">
        <ele>309.2</ele>
      </trkpt>
      <trkpt lat="45.06582" lon="-94.07386">
        <ele>308.7</ele>
      </trkpt>
      <trkpt lat="45.06521" lon="-94.07384">
        <ele>308.1</ele>
      </trkpt>
      <trkpt lat="45.06455" lon="-94.07383">
        <ele>306.4</ele>
      </trkpt>
      <trkpt lat="45.0639" lon="-94.07381">
        <ele>305.3</ele>
      </trkpt>
      <trkpt lat="45.06324" lon="-94.07379">
        <ele>305.6</ele>
      </trkpt>
      <trkpt lat="45.06277" lon="-94.07378">
        <ele>306.2</ele>
      </trkpt>
      <trkpt lat="45.06231" lon="-94.07377">
        <ele>307.0</ele>
      </trkpt>
      <trkpt lat="45.06216" lon="-94.07377">
        <ele>307.3</ele>
      </trkpt>
      <trkpt lat="45.06183" lon="-94.07377">
        <ele>307.9</ele>
      </trkpt>
      <trkpt lat="45.06165" lon="-94.07375">
        <ele>307.9</ele>
      </trkpt>
      <trkpt lat="45.0612" lon="-94.07374">
        <ele>308.5</ele>
      </trkpt>
      <trkpt lat="45.06075" lon="-94.07373">
        <ele>311.3</ele>
      </trkpt>
      <trkpt lat="45.06025" lon="-94.07372">
        <ele>313.4</ele>
      </trkpt>
      <trkpt lat="45.05976" lon="-94.07371">
        <ele>314.5</ele>
      </trkpt>
      <trkpt lat="45.05976" lon="-94.07264">
        <ele>312.4</ele>
      </trkpt>
      <trkpt lat="45.05977" lon="-94.07156">
        <ele>310.4</ele>
      </trkpt>
      <trkpt lat="45.05978" lon="-94.07049">
        <ele>312.6</ele>
      </trkpt>
      <trkpt lat="45.059" lon="-94.07047">
        <ele>314.2</ele>
      </trkpt>
      <trkpt lat="45.05823" lon="-94.07045">
        <ele>315.1</ele>
      </trkpt>
      <trkpt lat="45.05746" lon="-94.07043">
        <ele>316.2</ele>
      </trkpt>
      <trkpt lat="45.05669" lon="-94.07041">
        <ele>316.5</ele>
      </trkpt>
      <trkpt lat="45.05592" lon="-94.07039">
        <ele>316.5</ele>
      </trkpt>
      <trkpt lat="45.05526" lon="-94.07038">
        <ele>315.6</ele>
      </trkpt>
      <trkpt lat="45.0546" lon="-94.07037">
        <ele>316.4</ele>
      </trkpt>
      <trkpt lat="45.05394" lon="-94.07037">
        <ele>317.6</ele>
      </trkpt>
      <trkpt lat="45.05349" lon="-94.07032">
        <ele>316.0</ele>
      </trkpt>
      <trkpt lat="45.05315" lon="-94.07032">
        <ele>314.5</ele>
      </trkpt>
      <trkpt lat="45.05315" lon="-94.06939">
        <ele>316.2</ele>
      </trkpt>
      <trkpt lat="45.05316" lon="-94.06846">
        <ele>319.0</ele>
      </trkpt>
      <trkpt lat="45.05263" lon="-94.06845">
        <ele>317.0</ele>
      </trkpt>
      <trkpt lat="45.0521" lon="-94.06843">
        <ele>316.7</ele>
      </trkpt>
      <trkpt lat="45.05152" lon="-94.06844">
        <ele>316.4</ele>
      </trkpt>
      <trkpt lat="45.05093" lon="-94.06844">
        <ele>318.5</ele>
      </trkpt>
      <trkpt lat="45.05004" lon="-94.06845">
        <ele>320.4</ele>
      </trkpt>
      <trkpt lat="45.04914" lon="-94.06845">
        <ele>317.8</ele>
      </trkpt>
      <trkpt lat="45.04825" lon="-94.06846">
        <ele>313.4</ele>
      </trkpt>
      <trkpt lat="45.04735" lon="-94.06846">
        <ele>309.2</ele>
      </trkpt>
      <trkpt lat="45.04649" lon="-94.06847">
        <ele>307.5</ele>
      </trkpt>
      <trkpt lat="45.04564" lon="-94.06848">
        <ele>305.1</ele>
      </trkpt>
      <trkpt lat="45.04479" lon="-94.06849">
        <ele>305.2</ele>
      </trkpt>
      <trkpt lat="45.04393" lon="-94.06851">
        <ele>305.0</ele>
      </trkpt>
      <trkpt lat="45.04308" lon="-94.06852">
        <ele>305.0</ele>
      </trkpt>
      <trkpt lat="45.04222" lon="-94.06853">
        <ele>305.0</ele>
      </trkpt>
      <trkpt lat="45.04137" lon="-94.06854">
        <ele>304.9</ele>
      </trkpt>
      <trkpt lat="45.04051" lon="-94.06855">
        <ele>304.9</ele>
      </trkpt>
      <trkpt lat="45.03966" lon="-94.06856">
        <ele>304.9</ele>
      </trkpt>
      <trkpt lat="45.0388" lon="-94.06857">
        <ele>304.9</ele>
      </trkpt>
      <trkpt lat="45.03795" lon="-94.06858">
        <ele>304.9</ele>
      </trkpt>
      <trkpt lat="45.03709" lon="-94.06859">
        <ele>305.2</ele>
      </trkpt>
      <trkpt lat="45.03624" lon="-94.06861">
        <ele>307.7</ele>
      </trkpt>
      <trkpt lat="45.03539" lon="-94.06862">
        <ele>307.7</ele>
      </trkpt>
      <trkpt lat="45.03483" lon="-94.06859">
        <ele>308.0</ele>
      </trkpt>
      <trkpt lat="45.03427" lon="-94.06857">
        <ele>308.8</ele>
      </trkpt>
      <trkpt lat="45.03349" lon="-94.0685">
        <ele>309.9</ele>
      </trkpt>
      <trkpt lat="45.03262" lon="-94.0685">
        <ele>310.9</ele>
      </trkpt>
      <trkpt lat="45.03174" lon="-94.0685">
        <ele>312.5</ele>
      </trkpt>
      <trkpt lat="45.03086" lon="-94.0685">
        <ele>312.1</ele>
      </trkpt>
      <trkpt lat="45.02998" lon="-94.0685">
        <ele>312.6</ele>
      </trkpt>
      <trkpt lat="45.0291" lon="-94.0685">
        <ele>311.4</ele>
      </trkpt>
      <trkpt lat="45.02823" lon="-94.0685">
        <ele>311.0</ele>
      </trkpt>
      <trkpt lat="45.02735" lon="-94.06849">
        <ele>310.8</ele>
      </trkpt>
      <trkpt lat="45.02647" lon="-94.06849">
        <ele>308.7</ele>
      </trkpt>
      <trkpt lat="45.02559" lon="-94.06849">
        <ele>307.9</ele>
      </trkpt>
      <trkpt lat="45.02471" lon="-94.06849">
        <ele>308.0</ele>
      </trkpt>
      <trkpt lat="45.02384" lon="-94.06849">
        <ele>308.0</ele>
      </trkpt>
      <trkpt lat="45.02296" lon="-94.06849">
        <ele>307.8</ele>
      </trkpt>
      <trkpt lat="45.02208" lon="-94.06849">
        <ele>305.2</ele>
      </trkpt>
      <trkpt lat="45.02118" lon="-94.06849">
        <ele>304.9</ele>
      </trkpt>
      <trkpt lat="45.02029" lon="-94.0685">
        <ele>303.5</ele>
      </trkpt>
      <trkpt lat="45.01939" lon="-94.0685">
        <ele>306.7</ele>
      </trkpt>
      <trkpt lat="45.01849" lon="-94.0685">
        <ele>305.6</ele>
      </trkpt>
      <trkpt lat="45.01759" lon="-94.06851">
        <ele>307.2</ele>
      </trkpt>
      <trkpt lat="45.0167" lon="-94.06851">
        <ele>306.9</ele>
      </trkpt>
      <trkpt lat="45.0158" lon="-94.06852">
        <ele>306.2</ele>
      </trkpt>
      <trkpt lat="45.0149" lon="-94.06852">
        <ele>304.6</ele>
      </trkpt>
      <trkpt lat="45.01417" lon="-94.06853">
        <ele>303.1</ele>
      </trkpt>
      <trkpt lat="45.01344" lon="-94.06854">
        <ele>302.0</ele>
      </trkpt>
      <trkpt lat="45.01271" lon="-94.06855">
        <ele>304.5</ele>
      </trkpt>
      <trkpt lat="45.01198" lon="-94.06856">
        <ele>304.8</ele>
      </trkpt>
      <trkpt lat="45.01126" lon="-94.06857">
        <ele>305.9</ele>
      </trkpt>
      <trkpt lat="45.01036" lon="-94.06857">
        <ele>307.9</ele>
      </trkpt>
      <trkpt lat="45.00947" lon="-94.06857">
        <ele>307.3</ele>
      </trkpt>
      <trkpt lat="45.00858" lon="-94.06858">
        <ele>307.7</ele>
      </trkpt>
      <trkpt lat="45.00768" lon="-94.06858">
        <ele>306.7</ele>
      </trkpt>
      <trkpt lat="45.00682" lon="-94.0686">
        <ele>307.9</ele>
      </trkpt>
      <trkpt lat="45.00595" lon="-94.06862">
        <ele>307.6</ele>
      </trkpt>
      <trkpt lat="45.00509" lon="-94.06865">
        <ele>307.8</ele>
      </trkpt>
      <trkpt lat="45.00422" lon="-94.06867">
        <ele>307.9</ele>
      </trkpt>
      <trkpt lat="45.00336" lon="-94.06869">
        <ele>308.0</ele>
      </trkpt>
      <trkpt lat="45.00249" lon="-94.06871">
        <ele>308.2</ele>
      </trkpt>
      <trkpt lat="45.00163" lon="-94.06874">
        <ele>310.9</ele>
      </trkpt>
      <trkpt lat="45.00076" lon="-94.06876">
        <ele>311.7</ele>
      </trkpt>
      <trkpt lat="44.9999" lon="-94.06878">
        <ele>314.5</ele>
      </trkpt>
      <trkpt lat="44.99903" lon="-94.0688">
        <ele>315.9</ele>
      </trkpt>
      <trkpt lat="44.99817" lon="-94.06883">
        <ele>317.0</ele>
      </trkpt>
      <trkpt lat="44.9973" lon="-94.06885">
        <ele>317.1</ele>
      </trkpt>
      <trkpt lat="44.99652" lon="-94.06881">
        <ele>317.0</ele>
      </trkpt>
      <trkpt lat="44.9958" lon="-94.06854">
        <ele>316.9</ele>
      </trkpt>
      <trkpt lat="44.99535" lon="-94.06828">
        <ele>317.1</ele>
      </trkpt>
      <trkpt lat="44.99491" lon="-94.06791">
        <ele>317.2</ele>
      </trkpt>
      <trkpt lat="44.9943" lon="-94.06723">
        <ele>317.7</ele>
      </trkpt>
      <trkpt lat="44.99394" lon="-94.06662">
        <ele>317.7</ele>
      </trkpt>
      <trkpt lat="44.99354" lon="-94.0657">
        <ele>318.4</ele>
      </trkpt>
      <trkpt lat="44.99335" lon="-94.06503">
        <ele>318.8</ele>
      </trkpt>
      <trkpt lat="44.99322" lon="-94.06431">
        <ele>319.0</ele>
      </trkpt>
      <trkpt lat="44.99317" lon="-94.06357">
        <ele>317.3</ele>
      </trkpt>
      <trkpt lat="44.99313" lon="-94.06283">
        <ele>316.0</ele>
      </trkpt>
      <trkpt lat="44.99313" lon="-94.06174">
        <ele>314.0</ele>
      </trkpt>
      <trkpt lat="44.99313" lon="-94.06066">
        <ele>311.6</ele>
      </trkpt>
      <trkpt lat="44.99313" lon="-94.05958">
        <ele>310.6</ele>
      </trkpt>
      <trkpt lat="44.99313" lon="-94.0585">
        <ele>311.2</ele>
      </trkpt>
      <trkpt lat="44.99299" lon="-94.05737">
        <ele>313.7</ele>
      </trkpt>
      <trkpt lat="44.99259" lon="-94.05628">
        <ele>314.2</ele>
      </trkpt>
      <trkpt lat="44.9923" lon="-94.05572">
        <ele>312.5</ele>
      </trkpt>
      <trkpt lat="44.99193" lon="-94.05514">
        <ele>311.2</ele>
      </trkpt>
      <trkpt lat="44.99153" lon="-94.05467">
        <ele>311.2</ele>
      </trkpt>
      <trkpt lat="44.99133" lon="-94.05445">
        <ele>311.0</ele>
      </trkpt>
      <trkpt lat="44.99104" lon="-94.05422">
        <ele>311.0</ele>
      </trkpt>
      <trkpt lat="44.99071" lon="-94.05402">
        <ele>311.0</ele>
      </trkpt>
      <trkpt lat="44.99032" lon="-94.05383">
        <ele>311.3</ele>
      </trkpt>
      <trkpt lat="44.98978" lon="-94.05366">
        <ele>314.1</ele>
      </trkpt>
      <trkpt lat="44.98926" lon="-94.05359">
        <ele>314.1</ele>
      </trkpt>
      <trkpt lat="44.98837" lon="-94.05357">
        <ele>316.7</ele>
      </trkpt>
      <trkpt lat="44.98749" lon="-94.05355">
        <ele>318.0</ele>
      </trkpt>
      <trkpt lat="44.9866" lon="-94.05354">
        <ele>317.1</ele>
      </trkpt>
      <trkpt lat="44.98572" lon="-94.05352">
        <ele>314.7</ele>
      </trkpt>
      <trkpt lat="44.98484" lon="-94.0535">
        <ele>311.8</ele>
      </trkpt>
      <trkpt lat="44.98395" lon="-94.05348">
        <ele>311.0</ele>
      </trkpt>
      <trkpt lat="44.98307" lon="-94.05346">
        <ele>311.1</ele>
      </trkpt>
      <trkpt lat="44.98219" lon="-94.05345">
        <ele>311.6</ele>
      </trkpt>
      <trkpt lat="44.9813" lon="-94.05343">
        <ele>314.5</ele>
      </trkpt>
      <trkpt lat="44.98042" lon="-94.05341">
        <ele>317.0</ele>
      </trkpt>
      <trkpt lat="44.97953" lon="-94.05339">
        <ele>317.2</ele>
      </trkpt>
      <trkpt lat="44.97865" lon="-94.05337">
        <ele>317.1</ele>
      </trkpt>
      <trkpt lat="44.97789" lon="-94.05337">
        <ele>315.6</ele>
      </trkpt>
      <trkpt lat="44.97714" lon="-94.05336">
        <ele>312.4</ele>
      </trkpt>
      <trkpt lat="44.97638" lon="-94.05335">
        <ele>308.5</ele>
      </trkpt>
      <trkpt lat="44.97562" lon="-94.05334">
        <ele>306.4</ele>
      </trkpt>
      <trkpt lat="44.97487" lon="-94.05334">
        <ele>306.4</ele>
      </trkpt>
      <trkpt lat="44.97411" lon="-94.05333">
        <ele>310.0</ele>
      </trkpt>
      <trkpt lat="44.97343" lon="-94.05333">
        <ele>311.2</ele>
      </trkpt>
      <trkpt lat="44.97276" lon="-94.05333">
        <ele>311.9</ele>
      </trkpt>
      <trkpt lat="44.97208" lon="-94.05333">
        <ele>312.2</ele>
      </trkpt>
      <trkpt lat="44.9714" lon="-94.05333">
        <ele>312.1</ele>
      </trkpt>
      <trkpt lat="44.97052" lon="-94.05332">
        <ele>310.4</ele>
      </trkpt>
      <trkpt lat="44.96964" lon="-94.05332">
        <ele>308.8</ele>
      </trkpt>
      <trkpt lat="44.96876" lon="-94.05331">
        <ele>308.8</ele>
      </trkpt>
      <trkpt lat="44.96788" lon="-94.05331">
        <ele>309.8</ele>
      </trkpt>
      <trkpt lat="44.967" lon="-94.0533">
        <ele>310.1</ele>
      </trkpt>
      <trkpt lat="44.96612" lon="-94.0533">
        <ele>308.2</ele>
      </trkpt>
      <trkpt lat="44.96524" lon="-94.05329">
        <ele>308.0</ele>
      </trkpt>
      <trkpt lat="44.96436" lon="-94.05329">
        <ele>308.2</ele>
      </trkpt>
      <trkpt lat="44.96348" lon="-94.05328">
        <ele>308.8</ele>
      </trkpt>
      <trkpt lat="44.9626" lon="-94.05328">
        <ele>308.9</ele>
      </trkpt>
      <trkpt lat="44.96172" lon="-94.05327">
        <ele>311.6</ele>
      </trkpt>
      <trkpt lat="44.96084" lon="-94.05327">
        <ele>311.3</ele>
      </trkpt>
      <trkpt lat="44.95996" lon="-94.05327">
        <ele>310.8</ele>
      </trkpt>
      <trkpt lat="44.95908" lon="-94.05326">
        <ele>308.8</ele>
      </trkpt>
      <trkpt lat="44.9582" lon="-94.05326">
        <ele>308.0</ele>
      </trkpt>
      <trkpt lat="44.95732" lon="-94.05325">
        <ele>308.3</ele>
      </trkpt>
      <trkpt lat="44.95665" lon="-94.05324">
        <ele>308.0</ele>
      </trkpt>
      <trkpt lat="44.95598" lon="-94.05322">
        <ele>308.1</ele>
      </trkpt>
      <trkpt lat="44.9553" lon="-94.05321">
        <ele>308.2</ele>
      </trkpt>
      <trkpt lat="44.95463" lon="-94.0532">
        <ele>310.1</ele>
      </trkpt>
      <trkpt lat="44.9538" lon="-94.05318">
        <ele>311.0</ele>
      </trkpt>
      <trkpt lat="44.95297" lon="-94.05316">
        <ele>311.0</ele>
      </trkpt>
      <trkpt lat="44.95213" lon="-94.05314">
        <ele>311.1</ele>
      </trkpt>
      <trkpt lat="44.95152" lon="-94.05311">
        <ele>311.2</ele>
      </trkpt>
      <trkpt lat="44.95091" lon="-94.05309">
        <ele>311.0</ele>
      </trkpt>
      <trkpt lat="44.9503" lon="-94.05306">
        <ele>310.6</ele>
      </trkpt>
      <trkpt lat="44.94968" lon="-94.05306">
        <ele>310.4</ele>
      </trkpt>
      <trkpt lat="44.94883" lon="-94.05307">
        <ele>310.1</ele>
      </trkpt>
      <trkpt lat="44.94798" lon="-94.05308">
        <ele>308.1</ele>
      </trkpt>
      <trkpt lat="44.94712" lon="-94.05309">
        <ele>307.9</ele>
      </trkpt>
      <trkpt lat="44.94627" lon="-94.0531">
        <ele>307.9</ele>
      </trkpt>
      <trkpt lat="44.94542" lon="-94.05311">
        <ele>308.0</ele>
      </trkpt>
      <trkpt lat="44.94457" lon="-94.05312">
        <ele>308.0</ele>
      </trkpt>
      <trkpt lat="44.94371" lon="-94.05313">
        <ele>308.0</ele>
      </trkpt>
      <trkpt lat="44.94286" lon="-94.05314">
        <ele>308.3</ele>
      </trkpt>
      <trkpt lat="44.94201" lon="-94.05315">
        <ele>308.9</ele>
      </trkpt>
      <trkpt lat="44.94116" lon="-94.05317">
        <ele>309.5</ele>
      </trkpt>
      <trkpt lat="44.94031" lon="-94.05318">
        <ele>310.4</ele>
      </trkpt>
      <trkpt lat="44.93945" lon="-94.05319">
        <ele>311.9</ele>
      </trkpt>
      <trkpt lat="44.9386" lon="-94.0532">
        <ele>314.8</ele>
      </trkpt>
      <trkpt lat="44.93775" lon="-94.05321">
        <ele>316.8</ele>
      </trkpt>
      <trkpt lat="44.9369" lon="-94.05322">
        <ele>316.9</ele>
      </trkpt>
      <trkpt lat="44.93604" lon="-94.05323">
        <ele>314.5</ele>
      </trkpt>
      <trkpt lat="44.93546" lon="-94.05324">
        <ele>313.4</ele>
      </trkpt>
      <trkpt lat="44.93488" lon="-94.05324">
        <ele>311.8</ele>
      </trkpt>
      <trkpt lat="44.93403" lon="-94.05323">
        <ele>310.7</ele>
      </trkpt>
      <trkpt lat="44.93318" lon="-94.05323">
        <ele>311.3</ele>
      </trkpt>
      <trkpt lat="44.93233" lon="-94.05323">
        <ele>314.4</ele>
      </trkpt>
      <trkpt lat="44.93148" lon="-94.05322">
        <ele>314.3</ele>
      </trkpt>
      <trkpt lat="44.93063" lon="-94.05322">
        <ele>313.9</ele>
      </trkpt>
      <trkpt lat="44.92979" lon="-94.05322">
        <ele>315.1</ele>
      </trkpt>
      <trkpt lat="44.92894" lon="-94.05321">
        <ele>316.6</ele>
      </trkpt>
      <trkpt lat="44.92809" lon="-94.05321">
        <ele>315.9</ele>
      </trkpt>
      <trkpt lat="44.92724" lon="-94.05321">
        <ele>315.8</ele>
      </trkpt>
      <trkpt lat="44.92639" lon="-94.0532">
        <ele>313.9</ele>
      </trkpt>
      <trkpt lat="44.92554" lon="-94.0532">
        <ele>313.4</ele>
      </trkpt>
      <trkpt lat="44.92469" lon="-94.0532">
        <ele>311.2</ele>
      </trkpt>
      <trkpt lat="44.92384" lon="-94.05319">
        <ele>311.0</ele>
      </trkpt>
      <trkpt lat="44.92299" lon="-94.05319">
        <ele>311.0</ele>
      </trkpt>
      <trkpt lat="44.92216" lon="-94.05318">
        <ele>310.5</ele>
      </trkpt>
      <trkpt lat="44.92132" lon="-94.05318">
        <ele>310.1</ele>
      </trkpt>
      <trkpt lat="44.92048" lon="-94.05317">
        <ele>309.8</ele>
      </trkpt>
      <trkpt lat="44.91965" lon="-94.05317">
        <ele>310.2</ele>
      </trkpt>
      <trkpt lat="44.91881" lon="-94.05316">
        <ele>310.7</ele>
      </trkpt>
      <trkpt lat="44.91798" lon="-94.05315">
        <ele>311.0</ele>
      </trkpt>
      <trkpt lat="44.91714" lon="-94.05315">
        <ele>311.0</ele>
      </trkpt>
      <trkpt lat="44.9163" lon="-94.05314">
        <ele>311.0</ele>
      </trkpt>
      <trkpt lat="44.91547" lon="-94.05314">
        <ele>311.0</ele>
      </trkpt>
      <trkpt lat="44.91463" lon="-94.05313">
        <ele>310.9</ele>
      </trkpt>
      <trkpt lat="44.9138" lon="-94.05313">
        <ele>310.0</ele>
      </trkpt>
      <trkpt lat="44.91299" lon="-94.05313">
        <ele>308.5</ele>
      </trkpt>
      <trkpt lat="44.91218" lon="-94.05313">
        <ele>308.0</ele>
      </trkpt>
      <trkpt lat="44.91137" lon="-94.05313">
        <ele>308.0</ele>
      </trkpt>
      <trkpt lat="44.91057" lon="-94.05313">
        <ele>308.0</ele>
      </trkpt>
      <trkpt lat="44.90976" lon="-94.05313">
        <ele>306.7</ele>
      </trkpt>
      <trkpt lat="44.90895" lon="-94.05313">
        <ele>305.0</ele>
      </trkpt>
      <trkpt lat="44.90814" lon="-94.05314">
        <ele>304.9</ele>
      </trkpt>
      <trkpt lat="44.90734" lon="-94.05314">
        <ele>304.9</ele>
      </trkpt>
      <trkpt lat="44.90723" lon="-94.05318">
        <ele>304.9</ele>
      </trkpt>
      <trkpt lat="44.90707" lon="-94.0532">
        <ele>304.9</ele>
      </trkpt>
      <trkpt lat="44.90677" lon="-94.05322">
        <ele>305.1</ele>
      </trkpt>
      <trkpt lat="44.90666" lon="-94.05321">
        <ele>305.2</ele>
      </trkpt>
      <trkpt lat="44.90655" lon="-94.05319">
        <ele>305.2</ele>
      </trkpt>
      <trkpt lat="44.90645" lon="-94.0532">
        <ele>305.2</ele>
      </trkpt>
      <trkpt lat="44.9063" lon="-94.05332">
        <ele>305.5</ele>
      </trkpt>
      <trkpt lat="44.90628" lon="-94.05335">
        <ele>305.5</ele>
      </trkpt>
      <trkpt lat="44.90622" lon="-94.05342">
        <ele>305.8</ele>
      </trkpt>
      <trkpt lat="44.90618" lon="-94.05345">
        <ele>305.9</ele>
      </trkpt>
      <trkpt lat="44.90612" lon="-94.05346">
        <ele>306.0</ele>
      </trkpt>
      <trkpt lat="44.90607" lon="-94.05345">
        <ele>306.0</ele>
      </trkpt>
      <trkpt lat="44.90603" lon="-94.05342">
        <ele>306.0</ele>
      </trkpt>
      <trkpt lat="44.90599" lon="-94.05338">
        <ele>306.0</ele>
      </trkpt>
      <trkpt lat="44.90584" lon="-94.05336">
        <ele>306.0</ele>
      </trkpt>
      <trkpt lat="44.9057" lon="-94.05329">
        <ele>305.9</ele>
      </trkpt>
      <trkpt lat="44.90555" lon="-94.05325">
        <ele>306.0</ele>
      </trkpt>
      <trkpt lat="44.90544" lon="-94.0532">
        <ele>306.1</ele>
      </trkpt>
      <trkpt lat="44.90529" lon="-94.0532">
        <ele>306.2</ele>
      </trkpt>
      <trkpt lat="44.90498" lon="-94.05314">
        <ele>306.6</ele>
      </trkpt>
      <trkpt lat="44.9041" lon="-94.05314">
        <ele>307.1</ele>
      </trkpt>
      <trkpt lat="44.90323" lon="-94.05313">
        <ele>307.3</ele>
      </trkpt>
      <trkpt lat="44.90235" lon="-94.05313">
        <ele>307.7</ele>
      </trkpt>
      <trkpt lat="44.90147" lon="-94.05313">
        <ele>308.7</ele>
      </trkpt>
      <trkpt lat="44.90059" lon="-94.05313">
        <ele>310.5</ele>
      </trkpt>
      <trkpt lat="44.89972" lon="-94.05313">
        <ele>309.4</ele>
      </trkpt>
      <trkpt lat="44.89892" lon="-94.05312">
        <ele>305.3</ele>
      </trkpt>
      <trkpt lat="44.89812" lon="-94.05312">
        <ele>307.5</ele>
      </trkpt>
      <trkpt lat="44.89732" lon="-94.05312">
        <ele>310.4</ele>
      </trkpt>
      <trkpt lat="44.89652" lon="-94.05311">
        <ele>310.9</ele>
      </trkpt>
      <trkpt lat="44.89572" lon="-94.05311">
        <ele>310.4</ele>
      </trkpt>
      <trkpt lat="44.89492" lon="-94.05311">
        <ele>309.9</ele>
      </trkpt>
      <trkpt lat="44.89412" lon="-94.0531">
        <ele>308.0</ele>
      </trkpt>
      <trkpt lat="44.89332" lon="-94.0531">
        <ele>307.8</ele>
      </trkpt>
      <trkpt lat="44.89306" lon="-94.05309">
        <ele>307.5</ele>
      </trkpt>
      <trkpt lat="44.89285" lon="-94.05307">
        <ele>307.2</ele>
      </trkpt>
      <trkpt lat="44.8926" lon="-94.05301">
        <ele>306.9</ele>
      </trkpt>
      <trkpt lat="44.89238" lon="-94.05294">
        <ele>306.7</ele>
      </trkpt>
      <trkpt lat="44.89209" lon="-94.0528">
        <ele>306.4</ele>
      </trkpt>
      <trkpt lat="44.89185" lon="-94.05265">
        <ele>306.2</ele>
      </trkpt>
      <trkpt lat="44.89109" lon="-94.05207">
        <ele>304.9</ele>
      </trkpt>
      <trkpt lat="44.89031" lon="-94.0515">
        <ele>304.9</ele>
      </trkpt>
      <trkpt lat="44.88994" lon="-94.05127">
        <ele>305.1</ele>
      </trkpt>
      <trkpt lat="44.88973" lon="-94.05117">
        <ele>305.5</ele>
      </trkpt>
      <trkpt lat="44.88916" lon="-94.051">
        <ele>304.6</ele>
      </trkpt>
      <trkpt lat="44.88867" lon="-94.05093">
        <ele>303.4</ele>
      </trkpt>
      <trkpt lat="44.88786" lon="-94.0509">
        <ele>300.9</ele>
      </trkpt>
      <trkpt lat="44.88722" lon="-94.05089">
        <ele>299.2</ele>
      </trkpt>
      <trkpt lat="44.88658" lon="-94.05089">
        <ele>298.8</ele>
      </trkpt>
      <trkpt lat="44.88594" lon="-94.05088">
        <ele>299.2</ele>
      </trkpt>
      <trkpt lat="44.88524" lon="-94.05089">
        <ele>300.4</ele>
      </trkpt>
      <trkpt lat="44.88453" lon="-94.05089">
        <ele>301.8</ele>
      </trkpt>
      <trkpt lat="44.88383" lon="-94.0509">
        <ele>301.6</ele>
      </trkpt>
      <trkpt lat="44.88299" lon="-94.05089">
        <ele>301.4</ele>
      </trkpt>
      <trkpt lat="44.88214" lon="-94.05088">
        <ele>301.0</ele>
      </trkpt>
      <trkpt lat="44.88129" lon="-94.05088">
        <ele>301.8</ele>
      </trkpt>
      <trkpt lat="44.88045" lon="-94.05087">
        <ele>301.3</ele>
      </trkpt>
      <trkpt lat="44.8796" lon="-94.05086">
        <ele>299.2</ele>
      </trkpt>
      <trkpt lat="44.87876" lon="-94.05086">
        <ele>298.8</ele>
      </trkpt>
      <trkpt lat="44.87839" lon="-94.05094">
        <ele>298.8</ele>
      </trkpt>
      <trkpt lat="44.87808" lon="-94.05107">
        <ele>298.8</ele>
      </trkpt>
      <trkpt lat="44.87783" lon="-94.05123">
        <ele>298.8</ele>
      </trkpt>
      <trkpt lat="44.87768" lon="-94.05135">
        <ele>298.8</ele>
      </trkpt>
      <trkpt lat="44.87735" lon="-94.05173">
        <ele>298.8</ele>
      </trkpt>
      <trkpt lat="44.87705" lon="-94.05225">
        <ele>298.8</ele>
      </trkpt>
      <trkpt lat="44.87698" lon="-94.05244">
        <ele>298.8</ele>
      </trkpt>
      <trkpt lat="44.87689" lon="-94.05277">
        <ele>298.8</ele>
      </trkpt>
      <trkpt lat="44.87682" lon="-94.05309">
        <ele>298.8</ele>
      </trkpt>
      <trkpt lat="44.87679" lon="-94.05339">
        <ele>298.7</ele>
      </trkpt>
      <trkpt lat="44.87675" lon="-94.05377">
        <ele>298.7</ele>
      </trkpt>
      <trkpt lat="44.87676" lon="-94.05482">
        <ele>298.7</ele>
      </trkpt>
      <trkpt lat="44.87676" lon="-94.05583">
        <ele>298.8</ele>
      </trkpt>
      <trkpt lat="44.87675" lon="-94.05684">
        <ele>298.8</ele>
      </trkpt>
      <trkpt lat="44.87675" lon="-94.05785">
        <ele>298.8</ele>
      </trkpt>
      <trkpt lat="44.87676" lon="-94.05882">
        <ele>298.8</ele>
      </trkpt>
      <trkpt lat="44.87676" lon="-94.0598">
        <ele>298.8</ele>
      </trkpt>
      <trkpt lat="44.87677" lon="-94.06077">
        <ele>298.8</ele>
      </trkpt>
      <trkpt lat="44.87677" lon="-94.06174">
        <ele>299.0</ele>
      </trkpt>
      <trkpt lat="44.87677" lon="-94.06283">
        <ele>299.1</ele>
      </trkpt>
      <trkpt lat="44.87678" lon="-94.06392">
        <ele>299.0</ele>
      </trkpt>
      <trkpt lat="44.87678" lon="-94.06501">
        <ele>299.1</ele>
      </trkpt>
      <trkpt lat="44.87678" lon="-94.0661">
        <ele>300.3</ele>
      </trkpt>
      <trkpt lat="44.87678" lon="-94.06718">
        <ele>301.7</ele>
      </trkpt>
      <trkpt lat="44.87678" lon="-94.06827">
        <ele>301.8</ele>
      </trkpt>
      <trkpt lat="44.87678" lon="-94.06896">
        <ele>301.9</ele>
      </trkpt>
      <trkpt lat="44.87679" lon="-94.06965">
        <ele>301.9</ele>
      </trkpt>
      <trkpt lat="44.87678" lon="-94.07071">
        <ele>303.0</ele>
      </trkpt>
      <trkpt lat="44.87677" lon="-94.07177">
        <ele>305.1</ele>
      </trkpt>
      <trkpt lat="44.87676" lon="-94.07283">
        <ele>305.9</ele>
      </trkpt>
      <trkpt lat="44.87675" lon="-94.07398">
        <ele>306.5</ele>
      </trkpt>
      <trkpt lat="44.87675" lon="-94.07514">
        <ele>306.3</ele>
      </trkpt>
      <trkpt lat="44.87674" lon="-94.07629">
        <ele>306.6</ele>
      </trkpt>
      <trkpt lat="44.87673" lon="-94.07697">
        <ele>306.0</ele>
      </trkpt>
      <trkpt lat="44.87671" lon="-94.07764">
        <ele>305.7</ele>
      </trkpt>
      <trkpt lat="44.8767" lon="-94.07882">
        <ele>305.6</ele>
      </trkpt>
      <trkpt lat="44.87669" lon="-94.08">
        <ele>308.0</ele>
      </trkpt>
      <trkpt lat="44.87667" lon="-94.08118">
        <ele>308.3</ele>
      </trkpt>
      <trkpt lat="44.87666" lon="-94.08236">
        <ele>311.0</ele>
      </trkpt>
      <trkpt lat="44.87665" lon="-94.08353">
        <ele>311.2</ele>
      </trkpt>
      <trkpt lat="44.87664" lon="-94.08471">
        <ele>311.2</ele>
      </trkpt>
      <trkpt lat="44.87664" lon="-94.08596">
        <ele>311.1</ele>
      </trkpt>
      <trkpt lat="44.87658" lon="-94.0872">
        <ele>311.1</ele>
      </trkpt>
      <trkpt lat="44.87652" lon="-94.0877">
        <ele>311.2</ele>
      </trkpt>
      <trkpt lat="44.8764" lon="-94.0882">
        <ele>311.8</ele>
      </trkpt>
      <trkpt lat="44.87628" lon="-94.08863">
        <ele>311.9</ele>
      </trkpt>
      <trkpt lat="44.87605" lon="-94.08924">
        <ele>312.4</ele>
      </trkpt>
      <trkpt lat="44.87586" lon="-94.08962">
        <ele>313.2</ele>
      </trkpt>
      <trkpt lat="44.87562" lon="-94.09003">
        <ele>312.6</ele>
      </trkpt>
      <trkpt lat="44.87542" lon="-94.09035">
        <ele>312.4</ele>
      </trkpt>
      <trkpt lat="44.87514" lon="-94.09068">
        <ele>312.0</ele>
      </trkpt>
      <trkpt lat="44.8748" lon="-94.091">
        <ele>311.5</ele>
      </trkpt>
      <trkpt lat="44.87455" lon="-94.09121">
        <ele>311.3</ele>
      </trkpt>
      <trkpt lat="44.87423" lon="-94.09142">
        <ele>310.7</ele>
      </trkpt>
      <trkpt lat="44.87386" lon="-94.09159">
        <ele>311.0</ele>
      </trkpt>
      <trkpt lat="44.87353" lon="-94.09172">
        <ele>311.2</ele>
      </trkpt>
      <trkpt lat="44.8733" lon="-94.0918">
        <ele>311.8</ele>
      </trkpt>
      <trkpt lat="44.87257" lon="-94.0918">
        <ele>311.1</ele>
      </trkpt>
      <trkpt lat="44.87184" lon="-94.0918">
        <ele>308.8</ele>
      </trkpt>
      <trkpt lat="44.87107" lon="-94.09177">
        <ele>307.6</ele>
      </trkpt>
      <trkpt lat="44.87029" lon="-94.09175">
        <ele>305.0</ele>
      </trkpt>
      <trkpt lat="44.86947" lon="-94.09173">
        <ele>302.1</ele>
      </trkpt>
      <trkpt lat="44.86864" lon="-94.09171">
        <ele>300.4</ele>
      </trkpt>
      <trkpt lat="44.86781" lon="-94.09169">
        <ele>298.8</ele>
      </trkpt>
      <trkpt lat="44.86698" lon="-94.09167">
        <ele>298.9</ele>
      </trkpt>
      <trkpt lat="44.86615" lon="-94.09165">
        <ele>298.9</ele>
      </trkpt>
      <trkpt lat="44.8653" lon="-94.09163">
        <ele>295.9</ele>
      </trkpt>
      <trkpt lat="44.86445" lon="-94.0916">
        <ele>298.5</ele>
      </trkpt>
      <trkpt lat="44.86383" lon="-94.09159">
        <ele>300.5</ele>
      </trkpt>
      <trkpt lat="44.86323" lon="-94.09157">
        <ele>302.4</ele>
      </trkpt>
      <trkpt lat="44.86262" lon="-94.09155">
        <ele>305.0</ele>
      </trkpt>
      <trkpt lat="44.86201" lon="-94.09153">
        <ele>305.1</ele>
      </trkpt>
      <trkpt lat="44.86113" lon="-94.09152">
        <ele>304.9</ele>
      </trkpt>
      <trkpt lat="44.86026" lon="-94.09151">
        <ele>305.5</ele>
      </trkpt>
      <trkpt lat="44.85965" lon="-94.0915">
        <ele>305.9</ele>
      </trkpt>
      <trkpt lat="44.85904" lon="-94.0915">
        <ele>306.2</ele>
      </trkpt>
      <trkpt lat="44.85844" lon="-94.0915">
        <ele>307.1</ele>
      </trkpt>
      <trkpt lat="44.85775" lon="-94.09149">
        <ele>306.6</ele>
      </trkpt>
      <trkpt lat="44.85707" lon="-94.09148">
        <ele>305.1</ele>
      </trkpt>
      <trkpt lat="44.85638" lon="-94.09146">
        <ele>305.8</ele>
      </trkpt>
      <trkpt lat="44.85558" lon="-94.09146">
        <ele>305.4</ele>
      </trkpt>
      <trkpt lat="44.85477" lon="-94.09146">
        <ele>304.9</ele>
      </trkpt>
      <trkpt lat="44.85403" lon="-94.09145">
        <ele>302.1</ele>
      </trkpt>
      <trkpt lat="44.85328" lon="-94.09144">
        <ele>304.1</ele>
      </trkpt>
      <trkpt lat="44.85253" lon="-94.09143">
        <ele>305.0</ele>
      </trkpt>
      <trkpt lat="44.85178" lon="-94.09143">
        <ele>305.7</ele>
      </trkpt>
      <trkpt lat="44.85103" lon="-94.09142">
        <ele>304.9</ele>
      </trkpt>
      <trkpt lat="44.85028" lon="-94.09141">
        <ele>304.3</ele>
      </trkpt>
      <trkpt lat="44.84944" lon="-94.09141">
        <ele>303.5</ele>
      </trkpt>
      <trkpt lat="44.8486" lon="-94.09141">
        <ele>302.9</ele>
      </trkpt>
      <trkpt lat="44.84776" lon="-94.0914">
        <ele>302.3</ele>
      </trkpt>
      <trkpt lat="44.84692" lon="-94.0914">
        <ele>301.9</ele>
      </trkpt>
      <trkpt lat="44.84608" lon="-94.0914">
        <ele>300.9</ele>
      </trkpt>
      <trkpt lat="44.84524" lon="-94.0914">
        <ele>299.9</ele>
      </trkpt>
      <trkpt lat="44.8444" lon="-94.0914">
        <ele>299.1</ele>
      </trkpt>
      <trkpt lat="44.84356" lon="-94.0914">
        <ele>298.5</ele>
      </trkpt>
      <trkpt lat="44.84272" lon="-94.09139">
        <ele>299.1</ele>
      </trkpt>
      <trkpt lat="44.84188" lon="-94.09139">
        <ele>302.0</ele>
      </trkpt>
      <trkpt lat="44.84104" lon="-94.09139">
        <ele>305.1</ele>
      </trkpt>
      <trkpt lat="44.8402" lon="-94.09139">
        <ele>308.1</ele>
      </trkpt>
      <trkpt lat="44.83936" lon="-94.09139">
        <ele>309.0</ele>
      </trkpt>
      <trkpt lat="44.83852" lon="-94.09139">
        <ele>310.5</ele>
      </trkpt>
      <trkpt lat="44.83777" lon="-94.09139">
        <ele>308.1</ele>
      </trkpt>
      <trkpt lat="44.83702" lon="-94.09139">
        <ele>305.6</ele>
      </trkpt>
      <trkpt lat="44.83626" lon="-94.09139">
        <ele>302.3</ele>
      </trkpt>
      <trkpt lat="44.83537" lon="-94.09138">
        <ele>299.8</ele>
      </trkpt>
      <trkpt lat="44.83447" lon="-94.09137">
        <ele>298.2</ele>
      </trkpt>
      <trkpt lat="44.8337" lon="-94.09137">
        <ele>299.3</ele>
      </trkpt>
      <trkpt lat="44.83294" lon="-94.09136">
        <ele>299.9</ele>
      </trkpt>
      <trkpt lat="44.83217" lon="-94.09136">
        <ele>300.6</ele>
      </trkpt>
      <trkpt lat="44.8314" lon="-94.09136">
        <ele>301.6</ele>
      </trkpt>
      <trkpt lat="44.83064" lon="-94.09135">
        <ele>301.9</ele>
      </trkpt>
      <trkpt lat="44.82997" lon="-94.09134">
        <ele>301.9</ele>
      </trkpt>
      <trkpt lat="44.8293" lon="-94.09132">
        <ele>301.9</ele>
      </trkpt>
      <trkpt lat="44.82864" lon="-94.09131">
        <ele>301.9</ele>
      </trkpt>
      <trkpt lat="44.82792" lon="-94.09131">
        <ele>301.8</ele>
      </trkpt>
      <trkpt lat="44.82721" lon="-94.0913">
        <ele>299.0</ele>
      </trkpt>
      <trkpt lat="44.8265" lon="-94.0913">
        <ele>298.0</ele>
      </trkpt>
      <trkpt lat="44.82563" lon="-94.09129">
        <ele>298.9</ele>
      </trkpt>
      <trkpt lat="44.82477" lon="-94.09127">
        <ele>299.6</ele>
      </trkpt>
      <trkpt lat="44.82391" lon="-94.09126">
        <ele>297.2</ele>
      </trkpt>
      <trkpt lat="44.82304" lon="-94.09124">
        <ele>302.7</ele>
      </trkpt>
      <trkpt lat="44.82218" lon="-94.09123">
        <ele>303.7</ele>
      </trkpt>
      <trkpt lat="44.82136" lon="-94.09122">
        <ele>303.8</ele>
      </trkpt>
      <trkpt lat="44.82055" lon="-94.09121">
        <ele>304.1</ele>
      </trkpt>
      <trkpt lat="44.81973" lon="-94.0912">
        <ele>304.9</ele>
      </trkpt>
      <trkpt lat="44.81892" lon="-94.09119">
        <ele>304.9</ele>
      </trkpt>
      <trkpt lat="44.81811" lon="-94.09118">
        <ele>307.8</ele>
      </trkpt>
      <trkpt lat="44.8174" lon="-94.0912">
        <ele>307.3</ele>
      </trkpt>
      <trkpt lat="44.81669" lon="-94.09122">
        <ele>307.2</ele>
      </trkpt>
      <trkpt lat="44.81598" lon="-94.09125">
        <ele>307.1</ele>
      </trkpt>
      <trkpt lat="44.8152" lon="-94.09126">
        <ele>307.1</ele>
      </trkpt>
      <trkpt lat="44.81443" lon="-94.09128">
        <ele>307.0</ele>
      </trkpt>
      <trkpt lat="44.81365" lon="-94.09129">
        <ele>305.2</ele>
      </trkpt>
      <trkpt lat="44.81288" lon="-94.09131">
        <ele>305.8</ele>
      </trkpt>
      <trkpt lat="44.8121" lon="-94.09133">
        <ele>307.0</ele>
      </trkpt>
      <trkpt lat="44.81132" lon="-94.09134">
        <ele>308.0</ele>
      </trkpt>
      <trkpt lat="44.81055" lon="-94.09136">
        <ele>308.1</ele>
      </trkpt>
      <trkpt lat="44.80985" lon="-94.09138">
        <ele>308.0</ele>
      </trkpt>
      <trkpt lat="44.80915" lon="-94.09139">
        <ele>307.9</ele>
      </trkpt>
      <trkpt lat="44.80845" lon="-94.09141">
        <ele>306.8</ele>
      </trkpt>
      <trkpt lat="44.80775" lon="-94.09143">
        <ele>307.2</ele>
      </trkpt>
      <trkpt lat="44.80692" lon="-94.09144">
        <ele>306.7</ele>
      </trkpt>
      <trkpt lat="44.80609" lon="-94.09145">
        <ele>306.1</ele>
      </trkpt>
      <trkpt lat="44.80525" lon="-94.09147">
        <ele>305.3</ele>
      </trkpt>
      <trkpt lat="44.80442" lon="-94.09148">
        <ele>305.1</ele>
      </trkpt>
      <trkpt lat="44.80359" lon="-94.09149">
        <ele>307.4</ele>
      </trkpt>
      <trkpt lat="44.80276" lon="-94.0915">
        <ele>307.4</ele>
      </trkpt>
      <trkpt lat="44.80187" lon="-94.09148">
        <ele>306.9</ele>
      </trkpt>
      <trkpt lat="44.80098" lon="-94.09147">
        <ele>306.0</ele>
      </trkpt>
      <trkpt lat="44.80009" lon="-94.09145">
        <ele>303.8</ele>
      </trkpt>
      <trkpt lat="44.7992" lon="-94.09144">
        <ele>305.5</ele>
      </trkpt>
      <trkpt lat="44.79831" lon="-94.09143">
        <ele>305.8</ele>
      </trkpt>
      <trkpt lat="44.79742" lon="-94.09141">
        <ele>305.3</ele>
      </trkpt>
      <trkpt lat="44.79653" lon="-94.0914">
        <ele>305.9</ele>
      </trkpt>
      <trkpt lat="44.79569" lon="-94.09139">
        <ele>305.3</ele>
      </trkpt>
      <trkpt lat="44.79485" lon="-94.09138">
        <ele>305.3</ele>
      </trkpt>
      <trkpt lat="44.79401" lon="-94.09137">
        <ele>304.9</ele>
      </trkpt>
      <trkpt lat="44.79316" lon="-94.09136">
        <ele>304.0</ele>
      </trkpt>
      <trkpt lat="44.79232" lon="-94.09134">
        <ele>304.9</ele>
      </trkpt>
      <trkpt lat="44.79148" lon="-94.09133">
        <ele>305.0</ele>
      </trkpt>
      <trkpt lat="44.79064" lon="-94.09132">
        <ele>305.7</ele>
      </trkpt>
      <trkpt lat="44.7898" lon="-94.09131">
        <ele>305.9</ele>
      </trkpt>
      <trkpt lat="44.78909" lon="-94.0913">
        <ele>306.1</ele>
      </trkpt>
      <trkpt lat="44.78838" lon="-94.09129">
        <ele>306.3</ele>
      </trkpt>
      <trkpt lat="44.78768" lon="-94.09128">
        <ele>307.0</ele>
      </trkpt>
      <trkpt lat="44.78697" lon="-94.09127">
        <ele>307.4</ele>
      </trkpt>
      <trkpt lat="44.78609" lon="-94.09126">
        <ele>308.0</ele>
      </trkpt>
      <trkpt lat="44.78521" lon="-94.09125">
        <ele>306.7</ele>
      </trkpt>
      <trkpt lat="44.78433" lon="-94.09125">
        <ele>305.7</ele>
      </trkpt>
      <trkpt lat="44.78345" lon="-94.09124">
        <ele>305.1</ele>
      </trkpt>
      <trkpt lat="44.78257" lon="-94.09124">
        <ele>304.6</ele>
      </trkpt>
      <trkpt lat="44.78172" lon="-94.09123">
        <ele>304.9</ele>
      </trkpt>
      <trkpt lat="44.78087" lon="-94.09123">
        <ele>305.6</ele>
      </trkpt>
      <trkpt lat="44.78002" lon="-94.09123">
        <ele>305.6</ele>
      </trkpt>
      <trkpt lat="44.77917" lon="-94.09122">
        <ele>305.6</ele>
      </trkpt>
      <trkpt lat="44.77836" lon="-94.09123">
        <ele>307.3</ele>
      </trkpt>
      <trkpt lat="44.77754" lon="-94.09124">
        <ele>308.2</ele>
      </trkpt>
      <trkpt lat="44.77673" lon="-94.09124">
        <ele>307.9</ele>
      </trkpt>
      <trkpt lat="44.77603" lon="-94.09123">
        <ele>307.6</ele>
      </trkpt>
      <trkpt lat="44.77533" lon="-94.09123">
        <ele>307.9</ele>
      </trkpt>
      <trkpt lat="44.77471" lon="-94.09123">
        <ele>308.2</ele>
      </trkpt>
      <trkpt lat="44.77409" lon="-94.09123">
        <ele>308.1</ele>
      </trkpt>
      <trkpt lat="44.77346" lon="-94.09123">
        <ele>307.8</ele>
      </trkpt>
      <trkpt lat="44.77273" lon="-94.09121">
        <ele>307.0</ele>
      </trkpt>
      <trkpt lat="44.77199" lon="-94.09119">
        <ele>305.9</ele>
      </trkpt>
      <trkpt lat="44.77126" lon="-94.09116">
        <ele>305.0</ele>
      </trkpt>
      <trkpt lat="44.77053" lon="-94.09114">
        <ele>304.6</ele>
      </trkpt>
      <trkpt lat="44.7699" lon="-94.09114">
        <ele>304.3</ele>
      </trkpt>
      <trkpt lat="44.76928" lon="-94.09114">
        <ele>303.8</ele>
      </trkpt>
      <trkpt lat="44.76865" lon="-94.09114">
        <ele>303.4</ele>
      </trkpt>
      <trkpt lat="44.76856" lon="-94.09116">
        <ele>303.3</ele>
      </trkpt>
      <trkpt lat="44.76856" lon="-94.09101">
        <ele>303.4</ele>
      </trkpt>
      <trkpt lat="44.7685" lon="-94.09098">
        <ele>303.4</ele>
      </trkpt>
      <trkpt lat="44.76845" lon="-94.09091">
        <ele>303.3</ele>
      </trkpt>
      <trkpt lat="44.76844" lon="-94.09085">
        <ele>303.3</ele>
      </trkpt>
      <trkpt lat="44.76801" lon="-94.09086">
        <ele>302.7</ele>
      </trkpt>
      <trkpt lat="44.768" lon="-94.09093">
        <ele>302.7</ele>
      </trkpt>
      <trkpt lat="44.76797" lon="-94.09096">
        <ele>302.7</ele>
      </trkpt>
      <trkpt lat="44.76794" lon="-94.09098">
        <ele>302.7</ele>
      </trkpt>
      <trkpt lat="44.76787" lon="-94.09098">
        <ele>302.6</ele>
      </trkpt>
      <trkpt lat="44.76787" lon="-94.09112">
        <ele>302.7</ele>
      </trkpt>
      <trkpt lat="44.7678" lon="-94.0911">
        <ele>302.6</ele>
      </trkpt>
      <trkpt lat="44.76751" lon="-94.09111">
        <ele>302.3</ele>
      </trkpt>
      <trkpt lat="44.76703" lon="-94.09109">
        <ele>302.2</ele>
      </trkpt>
      <trkpt lat="44.76656" lon="-94.09106">
        <ele>302.1</ele>
      </trkpt>
      <trkpt lat="44.76586" lon="-94.09106">
        <ele>301.5</ele>
      </trkpt>
      <trkpt lat="44.76515" lon="-94.09106">
        <ele>298.9</ele>
      </trkpt>
      <trkpt lat="44.76453" lon="-94.09107">
        <ele>298.8</ele>
      </trkpt>
      <trkpt lat="44.76391" lon="-94.09108">
        <ele>300.4</ele>
      </trkpt>
      <trkpt lat="44.76359" lon="-94.09107">
        <ele>301.2</ele>
      </trkpt>
      <trkpt lat="44.76314" lon="-94.09106">
        <ele>302.4</ele>
      </trkpt>
      <trkpt lat="44.76269" lon="-94.09105">
        <ele>302.7</ele>
      </trkpt>
      <trkpt lat="44.76203" lon="-94.09105">
        <ele>302.0</ele>
      </trkpt>
      <trkpt lat="44.76138" lon="-94.09105">
        <ele>302.9</ele>
      </trkpt>
      <trkpt lat="44.76073" lon="-94.09105">
        <ele>303.7</ele>
      </trkpt>
      <trkpt lat="44.75984" lon="-94.09109">
        <ele>303.9</ele>
      </trkpt>
      <trkpt lat="44.75894" lon="-94.09112">
        <ele>303.5</ele>
      </trkpt>
      <trkpt lat="44.75805" lon="-94.09116">
        <ele>304.5</ele>
      </trkpt>
      <trkpt lat="44.75716" lon="-94.0912">
        <ele>304.2</ele>
      </trkpt>
      <trkpt lat="44.75627" lon="-94.09124">
        <ele>304.4</ele>
      </trkpt>
      <trkpt lat="44.75543" lon="-94.09127">
        <ele>304.6</ele>
      </trkpt>
      <trkpt lat="44.7546" lon="-94.0913">
        <ele>304.3</ele>
      </trkpt>
      <trkpt lat="44.75377" lon="-94.09133">
        <ele>304.1</ele>
      </trkpt>
      <trkpt lat="44.75294" lon="-94.09136">
        <ele>304.5</ele>
      </trkpt>
      <trkpt lat="44.75211" lon="-94.09139">
        <ele>304.4</ele>
      </trkpt>
      <trkpt lat="44.7513" lon="-94.09141">
        <ele>303.6</ele>
      </trkpt>
      <trkpt lat="44.75049" lon="-94.09144">
        <ele>301.6</ele>
      </trkpt>
      <trkpt lat="44.74969" lon="-94.09146">
        <ele>299.6</ele>
      </trkpt>
      <trkpt lat="44.74888" lon="-94.09149">
        <ele>301.9</ele>
      </trkpt>
      <trkpt lat="44.74807" lon="-94.09151">
        <ele>302.0</ele>
      </trkpt>
      <trkpt lat="44.74726" lon="-94.09154">
        <ele>305.4</ele>
      </trkpt>
      <trkpt lat="44.74646" lon="-94.09156">
        <ele>308.2</ele>
      </trkpt>
      <trkpt lat="44.74593" lon="-94.09157">
        <ele>308.2</ele>
      </trkpt>
      <trkpt lat="44.74541" lon="-94.09158">
        <ele>308.0</ele>
      </trkpt>
      <trkpt lat="44.74455" lon="-94.09159">
        <ele>308.0</ele>
      </trkpt>
      <trkpt lat="44.7437" lon="-94.0916">
        <ele>307.3</ele>
      </trkpt>
      <trkpt lat="44.74285" lon="-94.0916">
        <ele>307.8</ele>
      </trkpt>
      <trkpt lat="44.742" lon="-94.09161">
        <ele>308.0</ele>
      </trkpt>
      <trkpt lat="44.74131" lon="-94.09162">
        <ele>308.0</ele>
      </trkpt>
      <trkpt lat="44.74061" lon="-94.09163">
        <ele>308.2</ele>
      </trkpt>
      <trkpt lat="44.73992" lon="-94.09163">
        <ele>308.7</ele>
      </trkpt>
      <trkpt lat="44.73923" lon="-94.09164">
        <ele>308.1</ele>
      </trkpt>
      <trkpt lat="44.73835" lon="-94.09164">
        <ele>308.1</ele>
      </trkpt>
      <trkpt lat="44.73748" lon="-94.09165">
        <ele>305.3</ele>
      </trkpt>
      <trkpt lat="44.7366" lon="-94.09165">
        <ele>305.0</ele>
      </trkpt>
      <trkpt lat="44.73573" lon="-94.09165">
        <ele>305.0</ele>
      </trkpt>
      <trkpt lat="44.73485" lon="-94.09166">
        <ele>305.5</ele>
      </trkpt>
      <trkpt lat="44.73398" lon="-94.09166">
        <ele>306.3</ele>
      </trkpt>
      <trkpt lat="44.7331" lon="-94.09166">
        <ele>307.1</ele>
      </trkpt>
      <trkpt lat="44.73238" lon="-94.09167">
        <ele>307.7</ele>
      </trkpt>
      <trkpt lat="44.73165" lon="-94.09168">
        <ele>307.8</ele>
      </trkpt>
      <trkpt lat="44.73093" lon="-94.09169">
        <ele>307.5</ele>
      </trkpt>
      <trkpt lat="44.73004" lon="-94.09172">
        <ele>307.4</ele>
      </trkpt>
      <trkpt lat="44.72915" lon="-94.09176">
        <ele>307.5</ele>
      </trkpt>
      <trkpt lat="44.72826" lon="-94.09179">
        <ele>306.3</ele>
      </trkpt>
      <trkpt lat="44.72737" lon="-94.09182">
        <ele>305.1</ele>
      </trkpt>
      <trkpt lat="44.72648" lon="-94.09185">
        <ele>304.9</ele>
      </trkpt>
      <trkpt lat="44.72559" lon="-94.09188">
        <ele>304.9</ele>
      </trkpt>
      <trkpt lat="44.7247" lon="-94.09191">
        <ele>304.9</ele>
      </trkpt>
      <trkpt lat="44.72391" lon="-94.09194">
        <ele>304.4</ele>
      </trkpt>
      <trkpt lat="44.72312" lon="-94.09196">
        <ele>303.0</ele>
      </trkpt>
      <trkpt lat="44.72233" lon="-94.09199">
        <ele>302.3</ele>
      </trkpt>
      <trkpt lat="44.72154" lon="-94.09201">
        <ele>302.1</ele>
      </trkpt>
      <trkpt lat="44.72091" lon="-94.09204">
        <ele>301.9</ele>
      </trkpt>
      <trkpt lat="44.72028" lon="-94.09207">
        <ele>301.9</ele>
      </trkpt>
      <trkpt lat="44.71966" lon="-94.0921">
        <ele>301.9</ele>
      </trkpt>
      <trkpt lat="44.71899" lon="-94.09212">
        <ele>301.9</ele>
      </trkpt>
      <trkpt lat="44.71832" lon="-94.09214">
        <ele>301.9</ele>
      </trkpt>
      <trkpt lat="44.71765" lon="-94.09216">
        <ele>304.5</ele>
      </trkpt>
      <trkpt lat="44.71738" lon="-94.09216">
        <ele>305.8</ele>
      </trkpt>
      <trkpt lat="44.71651" lon="-94.09213">
        <ele>308.0</ele>
      </trkpt>
      <trkpt lat="44.71564" lon="-94.09209">
        <ele>309.4</ele>
      </trkpt>
      <trkpt lat="44.71477" lon="-94.09206">
        <ele>310.2</ele>
      </trkpt>
      <trkpt lat="44.71391" lon="-94.09202">
        <ele>308.6</ele>
      </trkpt>
      <trkpt lat="44.71304" lon="-94.09199">
        <ele>308.0</ele>
      </trkpt>
      <trkpt lat="44.71217" lon="-94.09195">
        <ele>308.0</ele>
      </trkpt>
      <trkpt lat="44.71131" lon="-94.09192">
        <ele>307.9</ele>
      </trkpt>
      <trkpt lat="44.71044" lon="-94.09189">
        <ele>307.8</ele>
      </trkpt>
      <trkpt lat="44.70957" lon="-94.09185">
        <ele>307.6</ele>
      </trkpt>
      <trkpt lat="44.70871" lon="-94.09182">
        <ele>307.2</ele>
      </trkpt>
      <trkpt lat="44.70784" lon="-94.09178">
        <ele>306.6</ele>
      </trkpt>
      <trkpt lat="44.70697" lon="-94.09175">
        <ele>305.4</ele>
      </trkpt>
      <trkpt lat="44.7061" lon="-94.09171">
        <ele>305.0</ele>
      </trkpt>
      <trkpt lat="44.70524" lon="-94.09168">
        <ele>304.9</ele>
      </trkpt>
      <trkpt lat="44.70437" lon="-94.09164">
        <ele>305.4</ele>
      </trkpt>
      <trkpt lat="44.7035" lon="-94.09161">
        <ele>305.8</ele>
      </trkpt>
      <trkpt lat="44.70264" lon="-94.09157">
        <ele>305.2</ele>
      </trkpt>
      <trkpt lat="44.70179" lon="-94.09155">
        <ele>305.3</ele>
      </trkpt>
      <trkpt lat="44.70095" lon="-94.09153">
        <ele>306.0</ele>
      </trkpt>
      <trkpt lat="44.70011" lon="-94.09151">
        <ele>306.6</ele>
      </trkpt>
      <trkpt lat="44.69926" lon="-94.09149">
        <ele>307.1</ele>
      </trkpt>
      <trkpt lat="44.69842" lon="-94.09147">
        <ele>307.6</ele>
      </trkpt>
      <trkpt lat="44.69758" lon="-94.09145">
        <ele>308.0</ele>
      </trkpt>
      <trkpt lat="44.69673" lon="-94.09143">
        <ele>308.0</ele>
      </trkpt>
      <trkpt lat="44.69598" lon="-94.09142">
        <ele>308.0</ele>
      </trkpt>
      <trkpt lat="44.69523" lon="-94.0914">
        <ele>307.9</ele>
      </trkpt>
      <trkpt lat="44.69447" lon="-94.09139">
        <ele>307.9</ele>
      </trkpt>
      <trkpt lat="44.69359" lon="-94.09139">
        <ele>307.5</ele>
      </trkpt>
      <trkpt lat="44.6927" lon="-94.0914">
        <ele>307.5</ele>
      </trkpt>
      <trkpt lat="44.69181" lon="-94.09141">
        <ele>307.3</ele>
      </trkpt>
      <trkpt lat="44.69093" lon="-94.09141">
        <ele>308.0</ele>
      </trkpt>
      <trkpt lat="44.69004" lon="-94.09142">
        <ele>308.0</ele>
      </trkpt>
      <trkpt lat="44.68915" lon="-94.09142">
        <ele>308.0</ele>
      </trkpt>
      <trkpt lat="44.68827" lon="-94.09143">
        <ele>308.0</ele>
      </trkpt>
      <trkpt lat="44.68753" lon="-94.09142">
        <ele>308.0</ele>
      </trkpt>
      <trkpt lat="44.6868" lon="-94.09142">
        <ele>308.0</ele>
      </trkpt>
      <trkpt lat="44.68606" lon="-94.09141">
        <ele>308.0</ele>
      </trkpt>
      <trkpt lat="44.68533" lon="-94.09141">
        <ele>307.9</ele>
      </trkpt>
      <trkpt lat="44.68459" lon="-94.0914">
        <ele>308.5</ele>
      </trkpt>
      <trkpt lat="44.68377" lon="-94.0914">
        <ele>309.0</ele>
      </trkpt>
      <trkpt lat="44.68294" lon="-94.09141">
        <ele>308.5</ele>
      </trkpt>
      <trkpt lat="44.68212" lon="-94.09141">
        <ele>307.9</ele>
      </trkpt>
      <trkpt lat="44.6813" lon="-94.09142">
        <ele>310.5</ele>
      </trkpt>
      <trkpt lat="44.68047" lon="-94.09142">
        <ele>310.7</ele>
      </trkpt>
      <trkpt lat="44.67965" lon="-94.09142">
        <ele>308.6</ele>
      </trkpt>
      <trkpt lat="44.67892" lon="-94.09141">
        <ele>307.9</ele>
      </trkpt>
      <trkpt lat="44.6782" lon="-94.09139">
        <ele>307.9</ele>
      </trkpt>
      <trkpt lat="44.67748" lon="-94.09138">
        <ele>307.9</ele>
      </trkpt>
      <trkpt lat="44.67675" lon="-94.09137">
        <ele>308.1</ele>
      </trkpt>
      <trkpt lat="44.67601" lon="-94.09139">
        <ele>308.7</ele>
      </trkpt>
      <trkpt lat="44.67526" lon="-94.09141">
        <ele>309.2</ele>
      </trkpt>
      <trkpt lat="44.67452" lon="-94.09144">
        <ele>309.8</ele>
      </trkpt>
      <trkpt lat="44.67377" lon="-94.09146">
        <ele>310.5</ele>
      </trkpt>
      <trkpt lat="44.67295" lon="-94.09146">
        <ele>311.2</ele>
      </trkpt>
      <trkpt lat="44.67213" lon="-94.09147">
        <ele>311.0</ele>
      </trkpt>
      <trkpt lat="44.67131" lon="-94.09147">
        <ele>311.1</ele>
      </trkpt>
      <trkpt lat="44.67049" lon="-94.09147">
        <ele>310.2</ele>
      </trkpt>
      <trkpt lat="44.66967" lon="-94.09147">
        <ele>309.9</ele>
      </trkpt>
      <trkpt lat="44.66885" lon="-94.09147">
        <ele>309.3</ele>
      </trkpt>
      <trkpt lat="44.66803" lon="-94.09148">
        <ele>309.6</ele>
      </trkpt>
      <trkpt lat="44.66721" lon="-94.09148">
        <ele>310.3</ele>
      </trkpt>
      <trkpt lat="44.66649" lon="-94.09149">
        <ele>309.7</ele>
      </trkpt>
      <trkpt lat="44.66582" lon="-94.09148">
        <ele>308.1</ele>
      </trkpt>
      <trkpt lat="44.66514" lon="-94.09148">
        <ele>307.9</ele>
      </trkpt>
      <trkpt lat="44.66447" lon="-94.09148">
        <ele>307.9</ele>
      </trkpt>
      <trkpt lat="44.66379" lon="-94.09151">
        <ele>307.9</ele>
      </trkpt>
      <trkpt lat="44.6631" lon="-94.09154">
        <ele>307.8</ele>
      </trkpt>
      <trkpt lat="44.66241" lon="-94.09157">
        <ele>307.8</ele>
      </trkpt>
      <trkpt lat="44.66162" lon="-94.09158">
        <ele>307.9</ele>
      </trkpt>
      <trkpt lat="44.66083" lon="-94.09159">
        <ele>307.9</ele>
      </trkpt>
      <trkpt lat="44.66004" lon="-94.0916">
        <ele>308.1</ele>
      </trkpt>
      <trkpt lat="44.65925" lon="-94.09161">
        <ele>308.1</ele>
      </trkpt>
      <trkpt lat="44.65836" lon="-94.09161">
        <ele>308.1</ele>
      </trkpt>
      <trkpt lat="44.65747" lon="-94.09161">
        <ele>308.3</ele>
      </trkpt>
      <trkpt lat="44.65658" lon="-94.09161">
        <ele>308.0</ele>
      </trkpt>
      <trkpt lat="44.65568" lon="-94.09161">
        <ele>304.8</ele>
      </trkpt>
      <trkpt lat="44.65494" lon="-94.09162">
        <ele>308.0</ele>
      </trkpt>
      <trkpt lat="44.6542" lon="-94.09162">
        <ele>308.5</ele>
      </trkpt>
      <trkpt lat="44.65346" lon="-94.09163">
        <ele>309.5</ele>
      </trkpt>
      <trkpt lat="44.65273" lon="-94.09163">
        <ele>310.2</ele>
      </trkpt>
      <trkpt lat="44.65199" lon="-94.09164">
        <ele>310.7</ele>
      </trkpt>
      <trkpt lat="44.65144" lon="-94.09161">
        <ele>311.0</ele>
      </trkpt>
      <trkpt lat="44.65061" lon="-94.09161">
        <ele>311.3</ele>
      </trkpt>
      <trkpt lat="44.64977" lon="-94.09161">
        <ele>310.9</ele>
      </trkpt>
      <trkpt lat="44.64894" lon="-94.09161">
        <ele>309.7</ele>
      </trkpt>
      <trkpt lat="44.6481" lon="-94.09161">
        <ele>308.4</ele>
      </trkpt>
      <trkpt lat="44.64727" lon="-94.09161">
        <ele>308.3</ele>
      </trkpt>
      <trkpt lat="44.64643" lon="-94.09161">
        <ele>308.0</ele>
      </trkpt>
      <trkpt lat="44.6456" lon="-94.09161">
        <ele>307.9</ele>
      </trkpt>
      <trkpt lat="44.64477" lon="-94.09161">
        <ele>307.4</ele>
      </trkpt>
      <trkpt lat="44.6439" lon="-94.09162">
        <ele>307.1</ele>
      </trkpt>
      <trkpt lat="44.64302" lon="-94.09163">
        <ele>306.8</ele>
      </trkpt>
      <trkpt lat="44.64215" lon="-94.09164">
        <ele>306.7</ele>
      </trkpt>
      <trkpt lat="44.64128" lon="-94.09166">
        <ele>306.9</ele>
      </trkpt>
      <trkpt lat="44.64041" lon="-94.09167">
        <ele>307.9</ele>
      </trkpt>
      <trkpt lat="44.63954" lon="-94.09168">
        <ele>307.5</ele>
      </trkpt>
      <trkpt lat="44.63867" lon="-94.0917">
        <ele>307.4</ele>
      </trkpt>
      <trkpt lat="44.6378" lon="-94.09171">
        <ele>307.0</ele>
      </trkpt>
      <trkpt lat="44.63693" lon="-94.09172">
        <ele>305.8</ele>
      </trkpt>
      <trkpt lat="44.63606" lon="-94.09173">
        <ele>305.0</ele>
      </trkpt>
      <trkpt lat="44.63519" lon="-94.09175">
        <ele>304.7</ele>
      </trkpt>
      <trkpt lat="44.63432" lon="-94.09176">
        <ele>304.8</ele>
      </trkpt>
      <trkpt lat="44.63353" lon="-94.0918">
        <ele>304.7</ele>
      </trkpt>
      <trkpt lat="44.63274" lon="-94.09183">
        <ele>304.7</ele>
      </trkpt>
      <trkpt lat="44.63195" lon="-94.09187">
        <ele>304.7</ele>
      </trkpt>
      <trkpt lat="44.63116" lon="-94.0919">
        <ele>304.7</ele>
      </trkpt>
      <trkpt lat="44.63037" lon="-94.09194">
        <ele>304.7</ele>
      </trkpt>
      <trkpt lat="44.62958" lon="-94.09197">
        <ele>304.9</ele>
      </trkpt>
      <trkpt lat="44.62879" lon="-94.09201">
        <ele>305.2</ele>
      </trkpt>
      <trkpt lat="44.62801" lon="-94.09205">
        <ele>305.7</ele>
      </trkpt>
      <trkpt lat="44.6273" lon="-94.09204">
        <ele>306.4</ele>
      </trkpt>
      <trkpt lat="44.6266" lon="-94.09204">
        <ele>307.0</ele>
      </trkpt>
      <trkpt lat="44.6259" lon="-94.09204">
        <ele>306.3</ele>
      </trkpt>
      <trkpt lat="44.62543" lon="-94.09196">
        <ele>305.3</ele>
      </trkpt>
      <trkpt lat="44.62496" lon="-94.09189">
        <ele>304.3</ele>
      </trkpt>
      <trkpt lat="44.62448" lon="-94.09174">
        <ele>303.3</ele>
      </trkpt>
      <trkpt lat="44.62401" lon="-94.0916">
        <ele>302.0</ele>
      </trkpt>
      <trkpt lat="44.62355" lon="-94.09157">
        <ele>300.8</ele>
      </trkpt>
      <trkpt lat="44.62306" lon="-94.09157">
        <ele>298.7</ele>
      </trkpt>
      <trkpt lat="44.62258" lon="-94.09158">
        <ele>298.9</ele>
      </trkpt>
      <trkpt lat="44.62244" lon="-94.09158">
        <ele>299.0</ele>
      </trkpt>
      <trkpt lat="44.62167" lon="-94.0916">
        <ele>299.4</ele>
      </trkpt>
      <trkpt lat="44.62089" lon="-94.09162">
        <ele>300.0</ele>
      </trkpt>
      <trkpt lat="44.62012" lon="-94.09164">
        <ele>301.6</ele>
      </trkpt>
      <trkpt lat="44.61935" lon="-94.09166">
        <ele>301.9</ele>
      </trkpt>
      <trkpt lat="44.61855" lon="-94.09168">
        <ele>301.9</ele>
      </trkpt>
      <trkpt lat="44.61775" lon="-94.09171">
        <ele>302.3</ele>
      </trkpt>
      <trkpt lat="44.61695" lon="-94.09174">
        <ele>302.7</ele>
      </trkpt>
      <trkpt lat="44.61615" lon="-94.09177">
        <ele>304.5</ele>
      </trkpt>
      <trkpt lat="44.61533" lon="-94.09177">
        <ele>304.5</ele>
      </trkpt>
      <trkpt lat="44.6145" lon="-94.09176">
        <ele>304.7</ele>
      </trkpt>
      <trkpt lat="44.6137" lon="-94.09179">
        <ele>304.9</ele>
      </trkpt>
      <trkpt lat="44.61291" lon="-94.09181">
        <ele>305.0</ele>
      </trkpt>
      <trkpt lat="44.61211" lon="-94.09184">
        <ele>305.4</ele>
      </trkpt>
      <trkpt lat="44.61132" lon="-94.09187">
        <ele>305.4</ele>
      </trkpt>
      <trkpt lat="44.61052" lon="-94.0919">
        <ele>305.4</ele>
      </trkpt>
      <trkpt lat="44.60985" lon="-94.09194">
        <ele>305.4</ele>
      </trkpt>
      <trkpt lat="44.60903" lon="-94.09198">
        <ele>305.3</ele>
      </trkpt>
      <trkpt lat="44.60815" lon="-94.092">
        <ele>305.4</ele>
      </trkpt>
      <trkpt lat="44.60726" lon="-94.09203">
        <ele>305.3</ele>
      </trkpt>
      <trkpt lat="44.60638" lon="-94.09205">
        <ele>305.0</ele>
      </trkpt>
      <trkpt lat="44.60549" lon="-94.09208">
        <ele>305.0</ele>
      </trkpt>
      <trkpt lat="44.60461" lon="-94.0921">
        <ele>305.0</ele>
      </trkpt>
      <trkpt lat="44.60372" lon="-94.09213">
        <ele>303.6</ele>
      </trkpt>
      <trkpt lat="44.603" lon="-94.09215">
        <ele>303.5</ele>
      </trkpt>
      <trkpt lat="44.60228" lon="-94.09217">
        <ele>304.8</ele>
      </trkpt>
      <trkpt lat="44.60156" lon="-94.09219">
        <ele>305.1</ele>
      </trkpt>
      <trkpt lat="44.60083" lon="-94.09221">
        <ele>304.7</ele>
      </trkpt>
      <trkpt lat="44.60011" lon="-94.09222">
        <ele>303.5</ele>
      </trkpt>
      <trkpt lat="44.59949" lon="-94.09221">
        <ele>302.8</ele>
      </trkpt>
      <trkpt lat="44.59887" lon="-94.0922">
        <ele>302.3</ele>
      </trkpt>
      <trkpt lat="44.5983" lon="-94.09218">
        <ele>302.2</ele>
      </trkpt>
      <trkpt lat="44.59741" lon="-94.09219">
        <ele>302.2</ele>
      </trkpt>
      <trkpt lat="44.59652" lon="-94.09221">
        <ele>302.8</ele>
      </trkpt>
      <trkpt lat="44.59562" lon="-94.09222">
        <ele>303.4</ele>
      </trkpt>
      <trkpt lat="44.59473" lon="-94.09223">
        <ele>303.1</ele>
      </trkpt>
      <trkpt lat="44.59384" lon="-94.09224">
        <ele>301.8</ele>
      </trkpt>
      <trkpt lat="44.59295" lon="-94.09225">
        <ele>298.8</ele>
      </trkpt>
      <trkpt lat="44.59211" lon="-94.09226">
        <ele>301.9</ele>
      </trkpt>
      <trkpt lat="44.59128" lon="-94.09227">
        <ele>303.5</ele>
      </trkpt>
      <trkpt lat="44.59044" lon="-94.09228">
        <ele>303.7</ele>
      </trkpt>
      <trkpt lat="44.5896" lon="-94.09229">
        <ele>303.6</ele>
      </trkpt>
      <trkpt lat="44.58876" lon="-94.09229">
        <ele>303.7</ele>
      </trkpt>
      <trkpt lat="44.58792" lon="-94.0923">
        <ele>303.2</ele>
      </trkpt>
      <trkpt lat="44.58708" lon="-94.09231">
        <ele>302.1</ele>
      </trkpt>
      <trkpt lat="44.5862" lon="-94.09231">
        <ele>301.8</ele>
      </trkpt>
      <trkpt lat="44.58531" lon="-94.09232">
        <ele>301.1</ele>
      </trkpt>
      <trkpt lat="44.58442" lon="-94.09232">
        <ele>300.3</ele>
      </trkpt>
      <trkpt lat="44.58353" lon="-94.09233">
        <ele>299.2</ele>
      </trkpt>
      <trkpt lat="44.58265" lon="-94.09233">
        <ele>299.2</ele>
      </trkpt>
      <trkpt lat="44.58176" lon="-94.09233">
        <ele>300.4</ele>
      </trkpt>
      <trkpt lat="44.58087" lon="-94.09234">
        <ele>301.1</ele>
      </trkpt>
      <trkpt lat="44.57999" lon="-94.09234">
        <ele>301.8</ele>
      </trkpt>
      <trkpt lat="44.5791" lon="-94.09234">
        <ele>302.3</ele>
      </trkpt>
      <trkpt lat="44.57821" lon="-94.09235">
        <ele>302.4</ele>
      </trkpt>
      <trkpt lat="44.57732" lon="-94.09235">
        <ele>302.2</ele>
      </trkpt>
      <trkpt lat="44.57644" lon="-94.09236">
        <ele>302.2</ele>
      </trkpt>
      <trkpt lat="44.57555" lon="-94.09236">
        <ele>302.2</ele>
      </trkpt>
      <trkpt lat="44.57467" lon="-94.09237">
        <ele>301.9</ele>
      </trkpt>
      <trkpt lat="44.5738" lon="-94.09238">
        <ele>302.1</ele>
      </trkpt>
      <trkpt lat="44.57292" lon="-94.0924">
        <ele>302.1</ele>
      </trkpt>
      <trkpt lat="44.57204" lon="-94.09241">
        <ele>300.4</ele>
      </trkpt>
      <trkpt lat="44.57117" lon="-94.09242">
        <ele>299.6</ele>
      </trkpt>
      <trkpt lat="44.57029" lon="-94.09243">
        <ele>299.3</ele>
      </trkpt>
      <trkpt lat="44.56941" lon="-94.09244">
        <ele>300.1</ele>
      </trkpt>
      <trkpt lat="44.56854" lon="-94.09246">
        <ele>299.0</ele>
      </trkpt>
      <trkpt lat="44.56766" lon="-94.09247">
        <ele>298.3</ele>
      </trkpt>
      <trkpt lat="44.56679" lon="-94.09248">
        <ele>297.4</ele>
      </trkpt>
      <trkpt lat="44.56591" lon="-94.09249">
        <ele>296.6</ele>
      </trkpt>
      <trkpt lat="44.56503" lon="-94.0925">
        <ele>295.8</ele>
      </trkpt>
      <trkpt lat="44.56423" lon="-94.09251">
        <ele>296.4</ele>
      </trkpt>
      <trkpt lat="44.56342" lon="-94.09252">
        <ele>297.0</ele>
      </trkpt>
      <trkpt lat="44.56261" lon="-94.09253">
        <ele>297.5</ele>
      </trkpt>
      <trkpt lat="44.5618" lon="-94.09254">
        <ele>298.2</ele>
      </trkpt>
      <trkpt lat="44.56099" lon="-94.09254">
        <ele>298.8</ele>
      </trkpt>
      <trkpt lat="44.56019" lon="-94.09255">
        <ele>298.9</ele>
      </trkpt>
      <trkpt lat="44.55938" lon="-94.09256">
        <ele>298.9</ele>
      </trkpt>
      <trkpt lat="44.55857" lon="-94.09257">
        <ele>299.0</ele>
      </trkpt>
      <trkpt lat="44.55776" lon="-94.09258">
        <ele>299.6</ele>
      </trkpt>
      <trkpt lat="44.55708" lon="-94.09257">
        <ele>300.1</ele>
      </trkpt>
      <trkpt lat="44.55641" lon="-94.09256">
        <ele>300.7</ele>
      </trkpt>
      <trkpt lat="44.55573" lon="-94.09256">
        <ele>301.0</ele>
      </trkpt>
      <trkpt lat="44.55505" lon="-94.09255">
        <ele>301.3</ele>
      </trkpt>
      <trkpt lat="44.55417" lon="-94.09255">
        <ele>301.6</ele>
      </trkpt>
      <trkpt lat="44.55328" lon="-94.09254">
        <ele>301.8</ele>
      </trkpt>
      <trkpt lat="44.55239" lon="-94.09254">
        <ele>301.9</ele>
      </trkpt>
      <trkpt lat="44.55151" lon="-94.09253">
        <ele>301.9</ele>
      </trkpt>
      <trkpt lat="44.55062" lon="-94.09253">
        <ele>301.5</ele>
      </trkpt>
      <trkpt lat="44.54973" lon="-94.09252">
        <ele>301.0</ele>
      </trkpt>
      <trkpt lat="44.54885" lon="-94.09252">
        <ele>301.0</ele>
      </trkpt>
      <trkpt lat="44.54796" lon="-94.09251">
        <ele>301.7</ele>
      </trkpt>
      <trkpt lat="44.54707" lon="-94.09251">
        <ele>301.8</ele>
      </trkpt>
      <trkpt lat="44.54619" lon="-94.0925">
        <ele>303.0</ele>
      </trkpt>
      <trkpt lat="44.5453" lon="-94.0925">
        <ele>305.0</ele>
      </trkpt>
      <trkpt lat="44.54474" lon="-94.09246">
        <ele>304.9</ele>
      </trkpt>
      <trkpt lat="44.54419" lon="-94.09231">
        <ele>304.3</ele>
      </trkpt>
      <trkpt lat="44.54366" lon="-94.09205">
        <ele>303.4</ele>
      </trkpt>
      <trkpt lat="44.54324" lon="-94.0917">
        <ele>302.9</ele>
      </trkpt>
      <trkpt lat="44.54291" lon="-94.09138">
        <ele>302.6</ele>
      </trkpt>
      <trkpt lat="44.54233" lon="-94.09089">
        <ele>301.6</ele>
      </trkpt>
      <trkpt lat="44.54198" lon="-94.09067">
        <ele>300.3</ele>
      </trkpt>
      <trkpt lat="44.54163" lon="-94.09053">
        <ele>299.1</ele>
      </trkpt>
      <trkpt lat="44.54139" lon="-94.09045">
        <ele>298.9</ele>
      </trkpt>
      <trkpt lat="44.54114" lon="-94.09041">
        <ele>298.8</ele>
      </trkpt>
      <trkpt lat="44.54026" lon="-94.09042">
        <ele>297.8</ele>
      </trkpt>
      <trkpt lat="44.53939" lon="-94.09042">
        <ele>296.8</ele>
      </trkpt>
      <trkpt lat="44.53852" lon="-94.09042">
        <ele>293.7</ele>
      </trkpt>
      <trkpt lat="44.53765" lon="-94.09042">
        <ele>296.1</ele>
      </trkpt>
      <trkpt lat="44.53678" lon="-94.09042">
        <ele>298.8</ele>
      </trkpt>
      <trkpt lat="44.53591" lon="-94.09043">
        <ele>299.0</ele>
      </trkpt>
      <trkpt lat="44.53503" lon="-94.09043">
        <ele>299.0</ele>
      </trkpt>
      <trkpt lat="44.53416" lon="-94.09043">
        <ele>298.8</ele>
      </trkpt>
      <trkpt lat="44.53329" lon="-94.09043">
        <ele>298.6</ele>
      </trkpt>
      <trkpt lat="44.53242" lon="-94.09044">
        <ele>297.3</ele>
      </trkpt>
      <trkpt lat="44.53155" lon="-94.09044">
        <ele>296.9</ele>
      </trkpt>
      <trkpt lat="44.53068" lon="-94.09044">
        <ele>297.0</ele>
      </trkpt>
      <trkpt lat="44.52981" lon="-94.09044">
        <ele>297.5</ele>
      </trkpt>
      <trkpt lat="44.52893" lon="-94.09044">
        <ele>298.2</ele>
      </trkpt>
      <trkpt lat="44.52806" lon="-94.09045">
        <ele>298.7</ele>
      </trkpt>
      <trkpt lat="44.52719" lon="-94.09045">
        <ele>298.8</ele>
      </trkpt>
      <trkpt lat="44.52632" lon="-94.09045">
        <ele>298.9</ele>
      </trkpt>
      <trkpt lat="44.52545" lon="-94.09045">
        <ele>299.2</ele>
      </trkpt>
      <trkpt lat="44.52458" lon="-94.09046">
        <ele>299.1</ele>
      </trkpt>
      <trkpt lat="44.5237" lon="-94.09046">
        <ele>298.9</ele>
      </trkpt>
      <trkpt lat="44.52283" lon="-94.09046">
        <ele>300.1</ele>
      </trkpt>
      <trkpt lat="44.52196" lon="-94.09046">
        <ele>300.7</ele>
      </trkpt>
      <trkpt lat="44.52109" lon="-94.09047">
        <ele>301.3</ele>
      </trkpt>
      <trkpt lat="44.52022" lon="-94.09047">
        <ele>301.0</ele>
      </trkpt>
      <trkpt lat="44.51935" lon="-94.09048">
        <ele>299.1</ele>
      </trkpt>
      <trkpt lat="44.51848" lon="-94.09049">
        <ele>298.8</ele>
      </trkpt>
      <trkpt lat="44.5176" lon="-94.09049">
        <ele>297.4</ele>
      </trkpt>
      <trkpt lat="44.51673" lon="-94.0905">
        <ele>296.2</ele>
      </trkpt>
      <trkpt lat="44.51586" lon="-94.0905">
        <ele>295.7</ele>
      </trkpt>
      <trkpt lat="44.51499" lon="-94.09051">
        <ele>293.4</ele>
      </trkpt>
      <trkpt lat="44.51412" lon="-94.09051">
        <ele>292.8</ele>
      </trkpt>
      <trkpt lat="44.51325" lon="-94.09052">
        <ele>291.1</ele>
      </trkpt>
      <trkpt lat="44.51238" lon="-94.09052">
        <ele>292.1</ele>
      </trkpt>
      <trkpt lat="44.51152" lon="-94.09052">
        <ele>295.7</ele>
      </trkpt>
      <trkpt lat="44.51065" lon="-94.09052">
        <ele>296.5</ele>
      </trkpt>
      <trkpt lat="44.50979" lon="-94.09052">
        <ele>297.0</ele>
      </trkpt>
      <trkpt lat="44.50893" lon="-94.09053">
        <ele>297.6</ele>
      </trkpt>
      <trkpt lat="44.50806" lon="-94.09053">
        <ele>298.0</ele>
      </trkpt>
      <trkpt lat="44.5072" lon="-94.09053">
        <ele>297.8</ele>
      </trkpt>
      <trkpt lat="44.50634" lon="-94.09053">
        <ele>296.7</ele>
      </trkpt>
      <trkpt lat="44.50547" lon="-94.09053">
        <ele>295.8</ele>
      </trkpt>
      <trkpt lat="44.50461" lon="-94.09053">
        <ele>295.8</ele>
      </trkpt>
      <trkpt lat="44.50374" lon="-94.09053">
        <ele>295.4</ele>
      </trkpt>
      <trkpt lat="44.50288" lon="-94.09053">
        <ele>294.1</ele>
      </trkpt>
      <trkpt lat="44.50202" lon="-94.09053">
        <ele>293.1</ele>
      </trkpt>
      <trkpt lat="44.50115" lon="-94.09053">
        <ele>292.6</ele>
      </trkpt>
      <trkpt lat="44.50029" lon="-94.09054">
        <ele>291.4</ele>
      </trkpt>
      <trkpt lat="44.49963" lon="-94.09052">
        <ele>289.4</ele>
      </trkpt>
      <trkpt lat="44.49896" lon="-94.09051">
        <ele>287.0</ele>
      </trkpt>
      <trkpt lat="44.49808" lon="-94.09049">
        <ele>288.9</ele>
      </trkpt>
      <trkpt lat="44.49721" lon="-94.09048">
        <ele>289.4</ele>
      </trkpt>
      <trkpt lat="44.49633" lon="-94.09047">
        <ele>289.7</ele>
      </trkpt>
      <trkpt lat="44.49545" lon="-94.09046">
        <ele>291.9</ele>
      </trkpt>
      <trkpt lat="44.49457" lon="-94.09044">
        <ele>293.1</ele>
      </trkpt>
      <trkpt lat="44.4937" lon="-94.09043">
        <ele>294.0</ele>
      </trkpt>
      <trkpt lat="44.49282" lon="-94.09042">
        <ele>294.9</ele>
      </trkpt>
      <trkpt lat="44.49194" lon="-94.09041">
        <ele>295.5</ele>
      </trkpt>
      <trkpt lat="44.49107" lon="-94.09039">
        <ele>295.8</ele>
      </trkpt>
      <trkpt lat="44.49019" lon="-94.09038">
        <ele>296.0</ele>
      </trkpt>
      <trkpt lat="44.48931" lon="-94.09037">
        <ele>296.4</ele>
      </trkpt>
      <trkpt lat="44.48843" lon="-94.09035">
        <ele>296.3</ele>
      </trkpt>
      <trkpt lat="44.48756" lon="-94.09034">
        <ele>295.8</ele>
      </trkpt>
      <trkpt lat="44.48668" lon="-94.09033">
        <ele>295.7</ele>
      </trkpt>
      <trkpt lat="44.4858" lon="-94.09032">
        <ele>295.4</ele>
      </trkpt>
      <trkpt lat="44.48492" lon="-94.0903">
        <ele>295.2</ele>
      </trkpt>
      <trkpt lat="44.48405" lon="-94.09029">
        <ele>294.9</ele>
      </trkpt>
      <trkpt lat="44.48317" lon="-94.09027">
        <ele>294.7</ele>
      </trkpt>
      <trkpt lat="44.48229" lon="-94.09026">
        <ele>294.3</ele>
      </trkpt>
      <trkpt lat="44.48142" lon="-94.09025">
        <ele>294.4</ele>
      </trkpt>
      <trkpt lat="44.48054" lon="-94.09023">
        <ele>295.3</ele>
      </trkpt>
      <trkpt lat="44.47966" lon="-94.09022">
        <ele>295.7</ele>
      </trkpt>
      <trkpt lat="44.47879" lon="-94.09021">
        <ele>294.9</ele>
      </trkpt>
      <trkpt lat="44.47791" lon="-94.09019">
        <ele>293.8</ele>
      </trkpt>
      <trkpt lat="44.47703" lon="-94.09018">
        <ele>293.2</ele>
      </trkpt>
      <trkpt lat="44.47616" lon="-94.09016">
        <ele>293.0</ele>
      </trkpt>
      <trkpt lat="44.47528" lon="-94.09015">
        <ele>292.8</ele>
      </trkpt>
      <trkpt lat="44.4744" lon="-94.09014">
        <ele>292.2</ele>
      </trkpt>
      <trkpt lat="44.47363" lon="-94.09013">
        <ele>290.8</ele>
      </trkpt>
      <trkpt lat="44.47285" lon="-94.09013">
        <ele>289.7</ele>
      </trkpt>
      <trkpt lat="44.47207" lon="-94.09012">
        <ele>290.5</ele>
      </trkpt>
      <trkpt lat="44.4713" lon="-94.09012">
        <ele>291.0</ele>
      </trkpt>
      <trkpt lat="44.4713" lon="-94.09088">
        <ele>291.8</ele>
      </trkpt>
      <trkpt lat="44.4713" lon="-94.09165">
        <ele>292.5</ele>
      </trkpt>
      <trkpt lat="44.4713" lon="-94.09288">
        <ele>293.0</ele>
      </trkpt>
      <trkpt lat="44.4713" lon="-94.09411">
        <ele>293.0</ele>
      </trkpt>
      <trkpt lat="44.4713" lon="-94.09534">
        <ele>292.6</ele>
      </trkpt>
      <trkpt lat="44.4713" lon="-94.09657">
        <ele>292.9</ele>
      </trkpt>
      <trkpt lat="44.4713" lon="-94.0978">
        <ele>292.8</ele>
      </trkpt>
      <trkpt lat="44.47131" lon="-94.09904">
        <ele>292.9</ele>
      </trkpt>
      <trkpt lat="44.47131" lon="-94.10027">
        <ele>292.7</ele>
      </trkpt>
      <trkpt lat="44.47131" lon="-94.1015">
        <ele>292.7</ele>
      </trkpt>
      <trkpt lat="44.47131" lon="-94.10273">
        <ele>292.7</ele>
      </trkpt>
      <trkpt lat="44.47131" lon="-94.10396">
        <ele>292.7</ele>
      </trkpt>
      <trkpt lat="44.47131" lon="-94.10519">
        <ele>292.7</ele>
      </trkpt>
      <trkpt lat="44.47129" lon="-94.10633">
        <ele>292.7</ele>
      </trkpt>
      <trkpt lat="44.47128" lon="-94.10746">
        <ele>292.7</ele>
      </trkpt>
      <trkpt lat="44.47126" lon="-94.1086">
        <ele>292.7</ele>
      </trkpt>
      <trkpt lat="44.47125" lon="-94.10973">
        <ele>292.8</ele>
      </trkpt>
      <trkpt lat="44.47123" lon="-94.11062">
        <ele>292.9</ele>
      </trkpt>
      <trkpt lat="44.47122" lon="-94.1115">
        <ele>293.2</ele>
      </trkpt>
      <trkpt lat="44.4712" lon="-94.11238">
        <ele>293.3</ele>
      </trkpt>
      <trkpt lat="44.47122" lon="-94.11354">
        <ele>293.2</ele>
      </trkpt>
      <trkpt lat="44.47123" lon="-94.11469">
        <ele>292.9</ele>
      </trkpt>
      <trkpt lat="44.47125" lon="-94.11585">
        <ele>292.9</ele>
      </trkpt>
      <trkpt lat="44.47126" lon="-94.11701">
        <ele>292.9</ele>
      </trkpt>
      <trkpt lat="44.47128" lon="-94.11816">
        <ele>293.0</ele>
      </trkpt>
      <trkpt lat="44.47129" lon="-94.11932">
        <ele>292.7</ele>
      </trkpt>
      <trkpt lat="44.47131" lon="-94.12047">
        <ele>292.7</ele>
      </trkpt>
      <trkpt lat="44.47046" lon="-94.12046">
        <ele>292.7</ele>
      </trkpt>
      <trkpt lat="44.46962" lon="-94.12044">
        <ele>292.7</ele>
      </trkpt>
      <trkpt lat="44.46877" lon="-94.12042">
        <ele>292.3</ele>
      </trkpt>
      <trkpt lat="44.46792" lon="-94.12041">
        <ele>290.9</ele>
      </trkpt>
      <trkpt lat="44.46707" lon="-94.12041">
        <ele>292.6</ele>
      </trkpt>
      <trkpt lat="44.46622" lon="-94.12041">
        <ele>292.7</ele>
      </trkpt>
      <trkpt lat="44.46536" lon="-94.1204">
        <ele>292.7</ele>
      </trkpt>
      <trkpt lat="44.46451" lon="-94.1204">
        <ele>292.7</ele>
      </trkpt>
      <trkpt lat="44.46365" lon="-94.1204">
        <ele>292.7</ele>
      </trkpt>
      <trkpt lat="44.4628" lon="-94.1204">
        <ele>292.7</ele>
      </trkpt>
      <trkpt lat="44.46195" lon="-94.1204">
        <ele>293.0</ele>
      </trkpt>
      <trkpt lat="44.46109" lon="-94.1204">
        <ele>292.6</ele>
      </trkpt>
      <trkpt lat="44.46024" lon="-94.1204">
        <ele>292.3</ele>
      </trkpt>
      <trkpt lat="44.45939" lon="-94.12039">
        <ele>291.7</ele>
      </trkpt>
      <trkpt lat="44.45853" lon="-94.12039">
        <ele>291.4</ele>
      </trkpt>
      <trkpt lat="44.45768" lon="-94.12039">
        <ele>290.9</ele>
      </trkpt>
      <trkpt lat="44.45683" lon="-94.12039">
        <ele>290.3</ele>
      </trkpt>
      <trkpt lat="44.45606" lon="-94.12042">
        <ele>291.5</ele>
      </trkpt>
      <trkpt lat="44.45529" lon="-94.12045">
        <ele>292.9</ele>
      </trkpt>
      <trkpt lat="44.45452" lon="-94.12048">
        <ele>295.6</ele>
      </trkpt>
      <trkpt lat="44.45396" lon="-94.12046">
        <ele>295.9</ele>
      </trkpt>
      <trkpt lat="44.4532" lon="-94.12038">
        <ele>295.1</ele>
      </trkpt>
      <trkpt lat="44.45243" lon="-94.12031">
        <ele>293.3</ele>
      </trkpt>
      <trkpt lat="44.45174" lon="-94.1203">
        <ele>292.9</ele>
      </trkpt>
      <trkpt lat="44.45104" lon="-94.1203">
        <ele>293.0</ele>
      </trkpt>
      <trkpt lat="44.45034" lon="-94.1203">
        <ele>292.3</ele>
      </trkpt>
      <trkpt lat="44.44965" lon="-94.1203">
        <ele>291.8</ele>
      </trkpt>
      <trkpt lat="44.44885" lon="-94.12028">
        <ele>291.3</ele>
      </trkpt>
      <trkpt lat="44.44805" lon="-94.12027">
        <ele>290.9</ele>
      </trkpt>
      <trkpt lat="44.44726" lon="-94.12025">
        <ele>290.4</ele>
      </trkpt>
      <trkpt lat="44.44646" lon="-94.12024">
        <ele>289.9</ele>
      </trkpt>
      <trkpt lat="44.44566" lon="-94.12022">
        <ele>290.1</ele>
      </trkpt>
      <trkpt lat="44.44487" lon="-94.1202">
        <ele>291.2</ele>
      </trkpt>
      <trkpt lat="44.44407" lon="-94.12019">
        <ele>292.3</ele>
      </trkpt>
      <trkpt lat="44.44327" lon="-94.12017">
        <ele>284.9</ele>
      </trkpt>
      <trkpt lat="44.44243" lon="-94.1202">
        <ele>292.4</ele>
      </trkpt>
      <trkpt lat="44.44162" lon="-94.1202">
        <ele>294.3</ele>
      </trkpt>
      <trkpt lat="44.44082" lon="-94.12019">
        <ele>294.9</ele>
      </trkpt>
      <trkpt lat="44.44002" lon="-94.12019">
        <ele>295.3</ele>
      </trkpt>
      <trkpt lat="44.43921" lon="-94.12019">
        <ele>295.4</ele>
      </trkpt>
      <trkpt lat="44.43841" lon="-94.12019">
        <ele>295.6</ele>
      </trkpt>
      <trkpt lat="44.43761" lon="-94.12019">
        <ele>296.3</ele>
      </trkpt>
      <trkpt lat="44.43681" lon="-94.12018">
        <ele>296.8</ele>
      </trkpt>
      <trkpt lat="44.436" lon="-94.12018">
        <ele>297.5</ele>
      </trkpt>
      <trkpt lat="44.4352" lon="-94.12018">
        <ele>298.1</ele>
      </trkpt>
      <trkpt lat="44.43519" lon="-94.1212">
        <ele>298.5</ele>
      </trkpt>
      <trkpt lat="44.43518" lon="-94.12222">
        <ele>298.3</ele>
      </trkpt>
      <trkpt lat="44.43517" lon="-94.12323">
        <ele>295.8</ele>
      </trkpt>
      <trkpt lat="44.43516" lon="-94.12425">
        <ele>295.8</ele>
      </trkpt>
      <trkpt lat="44.43515" lon="-94.12527">
        <ele>296.0</ele>
      </trkpt>
      <trkpt lat="44.43515" lon="-94.126">
        <ele>295.8</ele>
      </trkpt>
      <trkpt lat="44.43515" lon="-94.12672">
        <ele>295.8</ele>
      </trkpt>
      <trkpt lat="44.43505" lon="-94.12767">
        <ele>293.2</ele>
      </trkpt>
      <trkpt lat="44.43479" lon="-94.12841">
        <ele>292.9</ele>
      </trkpt>
      <trkpt lat="44.43446" lon="-94.12899">
        <ele>296.5</ele>
      </trkpt>
      <trkpt lat="44.43397" lon="-94.12948">
        <ele>298.7</ele>
      </trkpt>
      <trkpt lat="44.43369" lon="-94.12965">
        <ele>299.2</ele>
      </trkpt>
      <trkpt lat="44.43309" lon="-94.12985">
        <ele>299.4</ele>
      </trkpt>
      <trkpt lat="44.43222" lon="-94.12985">
        <ele>299.5</ele>
      </trkpt>
      <trkpt lat="44.43136" lon="-94.12986">
        <ele>298.8</ele>
      </trkpt>
      <trkpt lat="44.43049" lon="-94.12986">
        <ele>296.0</ele>
      </trkpt>
      <trkpt lat="44.42963" lon="-94.12986">
        <ele>295.8</ele>
      </trkpt>
      <trkpt lat="44.42876" lon="-94.12987">
        <ele>297.7</ele>
      </trkpt>
      <trkpt lat="44.4279" lon="-94.12987">
        <ele>298.8</ele>
      </trkpt>
      <trkpt lat="44.42701" lon="-94.12987">
        <ele>299.0</ele>
      </trkpt>
      <trkpt lat="44.42613" lon="-94.12986">
        <ele>299.0</ele>
      </trkpt>
      <trkpt lat="44.42525" lon="-94.12986">
        <ele>300.1</ele>
      </trkpt>
      <trkpt lat="44.42474" lon="-94.12984">
        <ele>300.2</ele>
      </trkpt>
      <trkpt lat="44.42423" lon="-94.12983">
        <ele>300.4</ele>
      </trkpt>
      <trkpt lat="44.42337" lon="-94.12983">
        <ele>302.1</ele>
      </trkpt>
      <trkpt lat="44.42252" lon="-94.12983">
        <ele>302.9</ele>
      </trkpt>
      <trkpt lat="44.42166" lon="-94.12983">
        <ele>304.3</ele>
      </trkpt>
      <trkpt lat="44.42081" lon="-94.12983">
        <ele>304.3</ele>
      </trkpt>
      <trkpt lat="44.41993" lon="-94.12982">
        <ele>304.2</ele>
      </trkpt>
      <trkpt lat="44.41906" lon="-94.12982">
        <ele>304.2</ele>
      </trkpt>
      <trkpt lat="44.41841" lon="-94.12983">
        <ele>304.1</ele>
      </trkpt>
      <trkpt lat="44.41776" lon="-94.12985">
        <ele>304.2</ele>
      </trkpt>
      <trkpt lat="44.41711" lon="-94.12987">
        <ele>304.3</ele>
      </trkpt>
      <trkpt lat="44.41636" lon="-94.12985">
        <ele>304.6</ele>
      </trkpt>
      <trkpt lat="44.41562" lon="-94.12983">
        <ele>304.1</ele>
      </trkpt>
      <trkpt lat="44.41488" lon="-94.12981">
        <ele>303.2</ele>
      </trkpt>
      <trkpt lat="44.41413" lon="-94.12979">
        <ele>302.3</ele>
      </trkpt>
      <trkpt lat="44.41339" lon="-94.12977">
        <ele>301.9</ele>
      </trkpt>
      <trkpt lat="44.41254" lon="-94.12978">
        <ele>302.3</ele>
      </trkpt>
      <trkpt lat="44.4117" lon="-94.12978">
        <ele>302.3</ele>
      </trkpt>
      <trkpt lat="44.41085" lon="-94.12979">
        <ele>302.0</ele>
      </trkpt>
      <trkpt lat="44.41" lon="-94.1298">
        <ele>302.6</ele>
      </trkpt>
      <trkpt lat="44.40916" lon="-94.1298">
        <ele>302.0</ele>
      </trkpt>
      <trkpt lat="44.40831" lon="-94.12981">
        <ele>301.8</ele>
      </trkpt>
      <trkpt lat="44.40746" lon="-94.12981">
        <ele>301.8</ele>
      </trkpt>
      <trkpt lat="44.40662" lon="-94.12982">
        <ele>301.7</ele>
      </trkpt>
      <trkpt lat="44.4058" lon="-94.12982">
        <ele>301.5</ele>
      </trkpt>
      <trkpt lat="44.40499" lon="-94.12981">
        <ele>300.8</ele>
      </trkpt>
      <trkpt lat="44.40417" lon="-94.12981">
        <ele>300.0</ele>
      </trkpt>
      <trkpt lat="44.40336" lon="-94.1298">
        <ele>299.4</ele>
      </trkpt>
      <trkpt lat="44.40254" lon="-94.1298">
        <ele>298.8</ele>
      </trkpt>
      <trkpt lat="44.40173" lon="-94.12979">
        <ele>298.8</ele>
      </trkpt>
      <trkpt lat="44.40091" lon="-94.12979">
        <ele>298.8</ele>
      </trkpt>
      <trkpt lat="44.4001" lon="-94.12978">
        <ele>299.2</ele>
      </trkpt>
      <trkpt lat="44.39929" lon="-94.12978">
        <ele>303.0</ele>
      </trkpt>
      <trkpt lat="44.39841" lon="-94.12979">
        <ele>304.9</ele>
      </trkpt>
      <trkpt lat="44.39753" lon="-94.12981">
        <ele>305.5</ele>
      </trkpt>
      <trkpt lat="44.39666" lon="-94.12982">
        <ele>305.6</ele>
      </trkpt>
      <trkpt lat="44.39578" lon="-94.12983">
        <ele>302.6</ele>
      </trkpt>
      <trkpt lat="44.39491" lon="-94.12984">
        <ele>304.5</ele>
      </trkpt>
      <trkpt lat="44.39403" lon="-94.12986">
        <ele>300.0</ele>
      </trkpt>
      <trkpt lat="44.39316" lon="-94.12985">
        <ele>300.1</ele>
      </trkpt>
      <trkpt lat="44.39229" lon="-94.12985">
        <ele>301.3</ele>
      </trkpt>
      <trkpt lat="44.39142" lon="-94.12985">
        <ele>301.4</ele>
      </trkpt>
      <trkpt lat="44.39055" lon="-94.12985">
        <ele>301.6</ele>
      </trkpt>
      <trkpt lat="44.38968" lon="-94.12985">
        <ele>301.7</ele>
      </trkpt>
      <trkpt lat="44.38882" lon="-94.12985">
        <ele>301.7</ele>
      </trkpt>
      <trkpt lat="44.38795" lon="-94.12985">
        <ele>301.8</ele>
      </trkpt>
      <trkpt lat="44.38708" lon="-94.12985">
        <ele>301.8</ele>
      </trkpt>
      <trkpt lat="44.38621" lon="-94.12985">
        <ele>301.9</ele>
      </trkpt>
      <trkpt lat="44.38534" lon="-94.12984">
        <ele>301.9</ele>
      </trkpt>
      <trkpt lat="44.38447" lon="-94.12984">
        <ele>301.9</ele>
      </trkpt>
      <trkpt lat="44.3836" lon="-94.12985">
        <ele>299.9</ele>
      </trkpt>
      <trkpt lat="44.38274" lon="-94.12986">
        <ele>298.9</ele>
      </trkpt>
      <trkpt lat="44.38188" lon="-94.12986">
        <ele>298.9</ele>
      </trkpt>
      <trkpt lat="44.38101" lon="-94.12987">
        <ele>298.9</ele>
      </trkpt>
      <trkpt lat="44.38015" lon="-94.12988">
        <ele>299.6</ele>
      </trkpt>
      <trkpt lat="44.37928" lon="-94.12988">
        <ele>299.8</ele>
      </trkpt>
      <trkpt lat="44.37842" lon="-94.12989">
        <ele>300.0</ele>
      </trkpt>
      <trkpt lat="44.37756" lon="-94.1299">
        <ele>299.8</ele>
      </trkpt>
      <trkpt lat="44.37669" lon="-94.1299">
        <ele>298.9</ele>
      </trkpt>
      <trkpt lat="44.37583" lon="-94.12991">
        <ele>299.0</ele>
      </trkpt>
      <trkpt lat="44.37497" lon="-94.12992">
        <ele>300.9</ele>
      </trkpt>
      <trkpt lat="44.37415" lon="-94.12991">
        <ele>300.5</ele>
      </trkpt>
      <trkpt lat="44.37334" lon="-94.12989">
        <ele>298.9</ele>
      </trkpt>
      <trkpt lat="44.37253" lon="-94.12988">
        <ele>298.5</ele>
      </trkpt>
      <trkpt lat="44.37171" lon="-94.12987">
        <ele>296.9</ele>
      </trkpt>
      <trkpt lat="44.37085" lon="-94.12989">
        <ele>298.3</ele>
      </trkpt>
      <trkpt lat="44.37" lon="-94.1299">
        <ele>299.2</ele>
      </trkpt>
      <trkpt lat="44.36914" lon="-94.1299">
        <ele>301.7</ele>
      </trkpt>
      <trkpt lat="44.36828" lon="-94.1299">
        <ele>301.4</ele>
      </trkpt>
      <trkpt lat="44.36742" lon="-94.12989">
        <ele>301.8</ele>
      </trkpt>
      <trkpt lat="44.36657" lon="-94.12989">
        <ele>302.0</ele>
      </trkpt>
      <trkpt lat="44.36571" lon="-94.12989">
        <ele>302.1</ele>
      </trkpt>
      <trkpt lat="44.36485" lon="-94.12989">
        <ele>302.0</ele>
      </trkpt>
      <trkpt lat="44.364" lon="-94.12988">
        <ele>301.9</ele>
      </trkpt>
      <trkpt lat="44.36314" lon="-94.12988">
        <ele>301.9</ele>
      </trkpt>
      <trkpt lat="44.36228" lon="-94.12988">
        <ele>301.8</ele>
      </trkpt>
      <trkpt lat="44.36142" lon="-94.12988">
        <ele>301.9</ele>
      </trkpt>
      <trkpt lat="44.36057" lon="-94.12988">
        <ele>301.9</ele>
      </trkpt>
      <trkpt lat="44.35971" lon="-94.12987">
        <ele>302.1</ele>
      </trkpt>
      <trkpt lat="44.35885" lon="-94.12987">
        <ele>302.4</ele>
      </trkpt>
      <trkpt lat="44.358" lon="-94.12987">
        <ele>302.8</ele>
      </trkpt>
      <trkpt lat="44.35714" lon="-94.12987">
        <ele>303.4</ele>
      </trkpt>
      <trkpt lat="44.35628" lon="-94.12986">
        <ele>304.0</ele>
      </trkpt>
      <trkpt lat="44.35539" lon="-94.12986">
        <ele>304.4</ele>
      </trkpt>
      <trkpt lat="44.3545" lon="-94.12986">
        <ele>304.5</ele>
      </trkpt>
      <trkpt lat="44.35361" lon="-94.12986">
        <ele>304.4</ele>
      </trkpt>
      <trkpt lat="44.35272" lon="-94.12986">
        <ele>304.4</ele>
      </trkpt>
      <trkpt lat="44.35183" lon="-94.12986">
        <ele>304.0</ele>
      </trkpt>
      <trkpt lat="44.35095" lon="-94.12986">
        <ele>303.5</ele>
      </trkpt>
      <trkpt lat="44.35006" lon="-94.12986">
        <ele>301.7</ele>
      </trkpt>
      <trkpt lat="44.34917" lon="-94.12986">
        <ele>299.5</ele>
      </trkpt>
      <trkpt lat="44.34828" lon="-94.12985">
        <ele>300.9</ele>
      </trkpt>
      <trkpt lat="44.34746" lon="-94.12984">
        <ele>301.7</ele>
      </trkpt>
      <trkpt lat="44.34665" lon="-94.12983">
        <ele>302.4</ele>
      </trkpt>
      <trkpt lat="44.34583" lon="-94.12981">
        <ele>302.3</ele>
      </trkpt>
      <trkpt lat="44.34501" lon="-94.1298">
        <ele>302.3</ele>
      </trkpt>
      <trkpt lat="44.3442" lon="-94.12978">
        <ele>302.6</ele>
      </trkpt>
      <trkpt lat="44.34338" lon="-94.12977">
        <ele>302.8</ele>
      </trkpt>
      <trkpt lat="44.34256" lon="-94.12975">
        <ele>302.4</ele>
      </trkpt>
      <trkpt lat="44.34175" lon="-94.12974">
        <ele>300.6</ele>
      </trkpt>
      <trkpt lat="44.34093" lon="-94.12973">
        <ele>302.0</ele>
      </trkpt>
      <trkpt lat="44.34097" lon="-94.12909">
        <ele>302.3</ele>
      </trkpt>
      <trkpt lat="44.34101" lon="-94.12845">
        <ele>302.6</ele>
      </trkpt>
      <trkpt lat="44.34103" lon="-94.12738">
        <ele>303.4</ele>
      </trkpt>
      <trkpt lat="44.34104" lon="-94.12631">
        <ele>303.6</ele>
      </trkpt>
      <trkpt lat="44.34106" lon="-94.12524">
        <ele>302.9</ele>
      </trkpt>
      <trkpt lat="44.34107" lon="-94.12422">
        <ele>302.0</ele>
      </trkpt>
      <trkpt lat="44.34108" lon="-94.12319">
        <ele>301.4</ele>
      </trkpt>
      <trkpt lat="44.34108" lon="-94.12206">
        <ele>301.1</ele>
      </trkpt>
      <trkpt lat="44.34108" lon="-94.12093">
        <ele>300.8</ele>
      </trkpt>
      <trkpt lat="44.34108" lon="-94.1198">
        <ele>301.1</ele>
      </trkpt>
      <trkpt lat="44.34108" lon="-94.11866">
        <ele>301.0</ele>
      </trkpt>
      <trkpt lat="44.34108" lon="-94.11753">
        <ele>302.3</ele>
      </trkpt>
      <trkpt lat="44.34108" lon="-94.1164">
        <ele>302.7</ele>
      </trkpt>
      <trkpt lat="44.34108" lon="-94.11534">
        <ele>302.8</ele>
      </trkpt>
      <trkpt lat="44.34109" lon="-94.11427">
        <ele>302.1</ele>
      </trkpt>
      <trkpt lat="44.3411" lon="-94.11321">
        <ele>301.2</ele>
      </trkpt>
      <trkpt lat="44.3411" lon="-94.11214">
        <ele>300.5</ele>
      </trkpt>
      <trkpt lat="44.34111" lon="-94.11108">
        <ele>300.3</ele>
      </trkpt>
      <trkpt lat="44.34119" lon="-94.11034">
        <ele>300.6</ele>
      </trkpt>
      <trkpt lat="44.3414" lon="-94.10955">
        <ele>301.0</ele>
      </trkpt>
      <trkpt lat="44.34175" lon="-94.10872">
        <ele>301.1</ele>
      </trkpt>
      <trkpt lat="44.34209" lon="-94.1079">
        <ele>299.3</ele>
      </trkpt>
      <trkpt lat="44.34244" lon="-94.10708">
        <ele>299.1</ele>
      </trkpt>
      <trkpt lat="44.34279" lon="-94.10626">
        <ele>299.5</ele>
      </trkpt>
      <trkpt lat="44.34309" lon="-94.10551">
        <ele>299.7</ele>
      </trkpt>
      <trkpt lat="44.34287" lon="-94.10536">
        <ele>299.9</ele>
      </trkpt>
      <trkpt lat="44.34266" lon="-94.1053">
        <ele>300.0</ele>
      </trkpt>
      <trkpt lat="44.34179" lon="-94.1053">
        <ele>300.6</ele>
      </trkpt>
      <trkpt lat="44.34092" lon="-94.10531">
        <ele>301.7</ele>
      </trkpt>
      <trkpt lat="44.34006" lon="-94.10531">
        <ele>301.3</ele>
      </trkpt>
      <trkpt lat="44.33919" lon="-94.10531">
        <ele>301.8</ele>
      </trkpt>
      <trkpt lat="44.33833" lon="-94.10532">
        <ele>301.9</ele>
      </trkpt>
      <trkpt lat="44.33746" lon="-94.10532">
        <ele>302.2</ele>
      </trkpt>
      <trkpt lat="44.33661" lon="-94.10532">
        <ele>302.2</ele>
      </trkpt>
      <trkpt lat="44.33576" lon="-94.10532">
        <ele>301.8</ele>
      </trkpt>
      <trkpt lat="44.33492" lon="-94.10532">
        <ele>300.9</ele>
      </trkpt>
      <trkpt lat="44.33407" lon="-94.10531">
        <ele>300.5</ele>
      </trkpt>
      <trkpt lat="44.33322" lon="-94.10531">
        <ele>300.4</ele>
      </trkpt>
      <trkpt lat="44.33238" lon="-94.10531">
        <ele>300.6</ele>
      </trkpt>
      <trkpt lat="44.33153" lon="-94.10531">
        <ele>301.1</ele>
      </trkpt>
      <trkpt lat="44.33068" lon="-94.10531">
        <ele>301.8</ele>
      </trkpt>
      <trkpt lat="44.32984" lon="-94.1053">
        <ele>301.9</ele>
      </trkpt>
      <trkpt lat="44.32899" lon="-94.1053">
        <ele>302.0</ele>
      </trkpt>
      <trkpt lat="44.32833" lon="-94.10523">
        <ele>302.1</ele>
      </trkpt>
      <trkpt lat="44.32782" lon="-94.1049">
        <ele>302.2</ele>
      </trkpt>
      <trkpt lat="44.32743" lon="-94.10453">
        <ele>302.2</ele>
      </trkpt>
      <trkpt lat="44.3271" lon="-94.10397">
        <ele>302.2</ele>
      </trkpt>
      <trkpt lat="44.32683" lon="-94.10321">
        <ele>302.0</ele>
      </trkpt>
      <trkpt lat="44.32655" lon="-94.10245">
        <ele>301.8</ele>
      </trkpt>
      <trkpt lat="44.32618" lon="-94.10152">
        <ele>301.6</ele>
      </trkpt>
      <trkpt lat="44.32591" lon="-94.10107">
        <ele>301.7</ele>
      </trkpt>
      <trkpt lat="44.32547" lon="-94.10062">
        <ele>301.9</ele>
      </trkpt>
      <trkpt lat="44.32503" lon="-94.10036">
        <ele>301.9</ele>
      </trkpt>
      <trkpt lat="44.32465" lon="-94.10026">
        <ele>301.9</ele>
      </trkpt>
      <trkpt lat="44.32376" lon="-94.10026">
        <ele>303.3</ele>
      </trkpt>
      <trkpt lat="44.32286" lon="-94.10026">
        <ele>304.3</ele>
      </trkpt>
      <trkpt lat="44.32197" lon="-94.10026">
        <ele>304.3</ele>
      </trkpt>
      <trkpt lat="44.32108" lon="-94.10026">
        <ele>303.4</ele>
      </trkpt>
      <trkpt lat="44.32018" lon="-94.10026">
        <ele>302.4</ele>
      </trkpt>
      <trkpt lat="44.31929" lon="-94.10026">
        <ele>301.8</ele>
      </trkpt>
      <trkpt lat="44.31839" lon="-94.10026">
        <ele>301.8</ele>
      </trkpt>
      <trkpt lat="44.3175" lon="-94.10026">
        <ele>302.1</ele>
      </trkpt>
      <trkpt lat="44.31661" lon="-94.10026">
        <ele>302.8</ele>
      </trkpt>
      <trkpt lat="44.31571" lon="-94.10026">
        <ele>303.8</ele>
      </trkpt>
      <trkpt lat="44.31482" lon="-94.10026">
        <ele>303.8</ele>
      </trkpt>
      <trkpt lat="44.31392" lon="-94.10025">
        <ele>302.4</ele>
      </trkpt>
      <trkpt lat="44.31303" lon="-94.10025">
        <ele>301.4</ele>
      </trkpt>
      <trkpt lat="44.31213" lon="-94.10025">
        <ele>300.7</ele>
      </trkpt>
      <trkpt lat="44.31124" lon="-94.10025">
        <ele>300.2</ele>
      </trkpt>
      <trkpt lat="44.31034" lon="-94.10025">
        <ele>300.1</ele>
      </trkpt>
      <trkpt lat="44.30944" lon="-94.10025">
        <ele>300.1</ele>
      </trkpt>
      <trkpt lat="44.30855" lon="-94.10024">
        <ele>299.8</ele>
      </trkpt>
      <trkpt lat="44.30765" lon="-94.10024">
        <ele>299.6</ele>
      </trkpt>
      <trkpt lat="44.30676" lon="-94.10024">
        <ele>299.2</ele>
      </trkpt>
      <trkpt lat="44.30586" lon="-94.10024">
        <ele>298.8</ele>
      </trkpt>
      <trkpt lat="44.30496" lon="-94.10023">
        <ele>298.8</ele>
      </trkpt>
      <trkpt lat="44.30407" lon="-94.10023">
        <ele>298.5</ele>
      </trkpt>
      <trkpt lat="44.30333" lon="-94.10022">
        <ele>298.4</ele>
      </trkpt>
      <trkpt lat="44.30259" lon="-94.10021">
        <ele>298.4</ele>
      </trkpt>
      <trkpt lat="44.30185" lon="-94.1002">
        <ele>298.8</ele>
      </trkpt>
      <trkpt lat="44.30111" lon="-94.10019">
        <ele>298.9</ele>
      </trkpt>
      <trkpt lat="44.30037" lon="-94.10019">
        <ele>298.9</ele>
      </trkpt>
      <trkpt lat="44.29965" lon="-94.10019">
        <ele>298.9</ele>
      </trkpt>
      <trkpt lat="44.29926" lon="-94.1001">
        <ele>299.0</ele>
      </trkpt>
      <trkpt lat="44.29889" lon="-94.09992">
        <ele>299.2</ele>
      </trkpt>
      <trkpt lat="44.29855" lon="-94.09967">
        <ele>299.4</ele>
      </trkpt>
      <trkpt lat="44.29826" lon="-94.09934">
        <ele>299.8</ele>
      </trkpt>
      <trkpt lat="44.29801" lon="-94.09895">
        <ele>300.2</ele>
      </trkpt>
      <trkpt lat="44.29778" lon="-94.09844">
        <ele>300.5</ele>
      </trkpt>
      <trkpt lat="44.29764" lon="-94.09793">
        <ele>300.6</ele>
      </trkpt>
      <trkpt lat="44.29756" lon="-94.0973">
        <ele>300.4</ele>
      </trkpt>
      <trkpt lat="44.29754" lon="-94.09608">
        <ele>300.3</ele>
      </trkpt>
      <trkpt lat="44.29752" lon="-94.09486">
        <ele>300.0</ele>
      </trkpt>
      <trkpt lat="44.29749" lon="-94.09364">
        <ele>299.4</ele>
      </trkpt>
      <trkpt lat="44.29751" lon="-94.09249">
        <ele>298.9</ele>
      </trkpt>
      <trkpt lat="44.29753" lon="-94.09135">
        <ele>298.5</ele>
      </trkpt>
      <trkpt lat="44.29755" lon="-94.0902">
        <ele>297.4</ele>
      </trkpt>
      <trkpt lat="44.29755" lon="-94.0891">
        <ele>298.2</ele>
      </trkpt>
      <trkpt lat="44.29754" lon="-94.08799">
        <ele>298.9</ele>
      </trkpt>
      <trkpt lat="44.29754" lon="-94.08689">
        <ele>299.0</ele>
      </trkpt>
      <trkpt lat="44.29754" lon="-94.08578">
        <ele>299.0</ele>
      </trkpt>
      <trkpt lat="44.29753" lon="-94.08468">
        <ele>297.7</ele>
      </trkpt>
      <trkpt lat="44.29752" lon="-94.08367">
        <ele>296.5</ele>
      </trkpt>
      <trkpt lat="44.29751" lon="-94.08266">
        <ele>296.3</ele>
      </trkpt>
      <trkpt lat="44.29737" lon="-94.08199">
        <ele>297.3</ele>
      </trkpt>
      <trkpt lat="44.29728" lon="-94.0817">
        <ele>297.7</ele>
      </trkpt>
      <trkpt lat="44.29715" lon="-94.08143">
        <ele>297.8</ele>
      </trkpt>
      <trkpt lat="44.29675" lon="-94.08072">
        <ele>297.5</ele>
      </trkpt>
      <trkpt lat="44.29631" lon="-94.08034">
        <ele>297.6</ele>
      </trkpt>
      <trkpt lat="44.29582" lon="-94.08006">
        <ele>297.7</ele>
      </trkpt>
      <trkpt lat="44.2954" lon="-94.08">
        <ele>297.8</ele>
      </trkpt>
      <trkpt lat="44.2946" lon="-94.07998">
        <ele>297.9</ele>
      </trkpt>
      <trkpt lat="44.2938" lon="-94.07997">
        <ele>297.9</ele>
      </trkpt>
      <trkpt lat="44.293" lon="-94.07996">
        <ele>298.1</ele>
      </trkpt>
      <trkpt lat="44.29221" lon="-94.07992">
        <ele>298.6</ele>
      </trkpt>
      <trkpt lat="44.29163" lon="-94.0798">
        <ele>299.0</ele>
      </trkpt>
      <trkpt lat="44.29106" lon="-94.07962">
        <ele>299.3</ele>
      </trkpt>
      <trkpt lat="44.29053" lon="-94.07931">
        <ele>299.4</ele>
      </trkpt>
      <trkpt lat="44.28998" lon="-94.07894">
        <ele>299.6</ele>
      </trkpt>
      <trkpt lat="44.28968" lon="-94.07872">
        <ele>299.4</ele>
      </trkpt>
      <trkpt lat="44.28934" lon="-94.07858">
        <ele>298.9</ele>
      </trkpt>
      <trkpt lat="44.2888" lon="-94.0784">
        <ele>297.8</ele>
      </trkpt>
      <trkpt lat="44.28825" lon="-94.07823">
        <ele>294.0</ele>
      </trkpt>
      <trkpt lat="44.28747" lon="-94.07798">
        <ele>292.5</ele>
      </trkpt>
      <trkpt lat="44.28669" lon="-94.07774">
        <ele>292.6</ele>
      </trkpt>
      <trkpt lat="44.28591" lon="-94.0775">
        <ele>292.7</ele>
      </trkpt>
      <trkpt lat="44.28512" lon="-94.07726">
        <ele>291.6</ele>
      </trkpt>
      <trkpt lat="44.28453" lon="-94.07702">
        <ele>291.8</ele>
      </trkpt>
      <trkpt lat="44.28369" lon="-94.07663">
        <ele>289.1</ele>
      </trkpt>
      <trkpt lat="44.28286" lon="-94.07623">
        <ele>292.9</ele>
      </trkpt>
      <trkpt lat="44.28202" lon="-94.07584">
        <ele>296.7</ele>
      </trkpt>
      <trkpt lat="44.28168" lon="-94.07559">
        <ele>297.3</ele>
      </trkpt>
      <trkpt lat="44.28132" lon="-94.07527">
        <ele>297.3</ele>
      </trkpt>
      <trkpt lat="44.28079" lon="-94.07452">
        <ele>297.1</ele>
      </trkpt>
      <trkpt lat="44.28025" lon="-94.07378">
        <ele>298.3</ele>
      </trkpt>
      <trkpt lat="44.27972" lon="-94.07304">
        <ele>299.6</ele>
      </trkpt>
      <trkpt lat="44.27917" lon="-94.07236">
        <ele>301.4</ele>
      </trkpt>
      <trkpt lat="44.27876" lon="-94.07197">
        <ele>301.8</ele>
      </trkpt>
      <trkpt lat="44.27836" lon="-94.07158">
        <ele>302.2</ele>
      </trkpt>
      <trkpt lat="44.27793" lon="-94.07128">
        <ele>302.1</ele>
      </trkpt>
      <trkpt lat="44.2775" lon="-94.07099">
        <ele>302.1</ele>
      </trkpt>
      <trkpt lat="44.2768" lon="-94.07053">
        <ele>301.8</ele>
      </trkpt>
      <trkpt lat="44.27609" lon="-94.07008">
        <ele>301.2</ele>
      </trkpt>
      <trkpt lat="44.27538" lon="-94.06962">
        <ele>300.0</ele>
      </trkpt>
      <trkpt lat="44.27467" lon="-94.06916">
        <ele>299.1</ele>
      </trkpt>
      <trkpt lat="44.27397" lon="-94.06871">
        <ele>298.9</ele>
      </trkpt>
      <trkpt lat="44.2733" lon="-94.06821">
        <ele>299.1</ele>
      </trkpt>
      <trkpt lat="44.27283" lon="-94.06781">
        <ele>299.3</ele>
      </trkpt>
      <trkpt lat="44.27236" lon="-94.06735">
        <ele>299.1</ele>
      </trkpt>
      <trkpt lat="44.27189" lon="-94.06688">
        <ele>299.0</ele>
      </trkpt>
      <trkpt lat="44.27121" lon="-94.0662">
        <ele>299.5</ele>
      </trkpt>
      <trkpt lat="44.27053" lon="-94.06551">
        <ele>299.6</ele>
      </trkpt>
      <trkpt lat="44.27007" lon="-94.06512">
        <ele>299.6</ele>
      </trkpt>
      <trkpt lat="44.26967" lon="-94.06488">
        <ele>299.5</ele>
      </trkpt>
      <trkpt lat="44.26924" lon="-94.06472">
        <ele>299.5</ele>
      </trkpt>
      <trkpt lat="44.26883" lon="-94.06465">
        <ele>299.3</ele>
      </trkpt>
      <trkpt lat="44.26799" lon="-94.06465">
        <ele>298.8</ele>
      </trkpt>
      <trkpt lat="44.26716" lon="-94.06466">
        <ele>299.2</ele>
      </trkpt>
      <trkpt lat="44.26633" lon="-94.06466">
        <ele>299.6</ele>
      </trkpt>
      <trkpt lat="44.26549" lon="-94.06467">
        <ele>299.7</ele>
      </trkpt>
      <trkpt lat="44.26466" lon="-94.06467">
        <ele>299.5</ele>
      </trkpt>
      <trkpt lat="44.26383" lon="-94.06468">
        <ele>298.9</ele>
      </trkpt>
      <trkpt lat="44.26299" lon="-94.06468">
        <ele>298.8</ele>
      </trkpt>
      <trkpt lat="44.26216" lon="-94.06468">
        <ele>298.7</ele>
      </trkpt>
      <trkpt lat="44.26133" lon="-94.06469">
        <ele>298.8</ele>
      </trkpt>
      <trkpt lat="44.26049" lon="-94.06469">
        <ele>298.7</ele>
      </trkpt>
      <trkpt lat="44.25966" lon="-94.0647">
        <ele>297.1</ele>
      </trkpt>
      <trkpt lat="44.25883" lon="-94.0647">
        <ele>297.2</ele>
      </trkpt>
      <trkpt lat="44.25799" lon="-94.06471">
        <ele>295.3</ele>
      </trkpt>
      <trkpt lat="44.25712" lon="-94.0647">
        <ele>298.7</ele>
      </trkpt>
      <trkpt lat="44.25624" lon="-94.06469">
        <ele>301.1</ele>
      </trkpt>
      <trkpt lat="44.25537" lon="-94.06468">
        <ele>301.1</ele>
      </trkpt>
      <trkpt lat="44.2545" lon="-94.06468">
        <ele>301.2</ele>
      </trkpt>
      <trkpt lat="44.25374" lon="-94.0647">
        <ele>301.2</ele>
      </trkpt>
      <trkpt lat="44.25299" lon="-94.06473">
        <ele>299.9</ele>
      </trkpt>
      <trkpt lat="44.25223" lon="-94.06475">
        <ele>299.4</ele>
      </trkpt>
      <trkpt lat="44.25148" lon="-94.06478">
        <ele>301.8</ele>
      </trkpt>
      <trkpt lat="44.25072" lon="-94.0648">
        <ele>303.7</ele>
      </trkpt>
      <trkpt lat="44.24997" lon="-94.06483">
        <ele>304.2</ele>
      </trkpt>
      <trkpt lat="44.24934" lon="-94.06476">
        <ele>304.2</ele>
      </trkpt>
      <trkpt lat="44.2487" lon="-94.0645">
        <ele>304.3</ele>
      </trkpt>
      <trkpt lat="44.24808" lon="-94.06405">
        <ele>304.4</ele>
      </trkpt>
      <trkpt lat="44.24764" lon="-94.06364">
        <ele>304.2</ele>
      </trkpt>
      <trkpt lat="44.2472" lon="-94.06324">
        <ele>304.1</ele>
      </trkpt>
      <trkpt lat="44.24655" lon="-94.06257">
        <ele>303.4</ele>
      </trkpt>
      <trkpt lat="44.24607" lon="-94.06207">
        <ele>303.3</ele>
      </trkpt>
      <trkpt lat="44.24558" lon="-94.06158">
        <ele>303.1</ele>
      </trkpt>
      <trkpt lat="44.24485" lon="-94.06095">
        <ele>303.4</ele>
      </trkpt>
      <trkpt lat="44.24438" lon="-94.06075">
        <ele>303.3</ele>
      </trkpt>
      <trkpt lat="44.24378" lon="-94.06051">
        <ele>303.4</ele>
      </trkpt>
      <trkpt lat="44.24302" lon="-94.06033">
        <ele>303.4</ele>
      </trkpt>
      <trkpt lat="44.24227" lon="-94.06015">
        <ele>303.5</ele>
      </trkpt>
      <trkpt lat="44.24152" lon="-94.05997">
        <ele>304.2</ele>
      </trkpt>
      <trkpt lat="44.24071" lon="-94.05987">
        <ele>304.7</ele>
      </trkpt>
      <trkpt lat="44.23989" lon="-94.05977">
        <ele>304.6</ele>
      </trkpt>
      <trkpt lat="44.23901" lon="-94.05977">
        <ele>304.5</ele>
      </trkpt>
      <trkpt lat="44.23813" lon="-94.05976">
        <ele>304.2</ele>
      </trkpt>
      <trkpt lat="44.23725" lon="-94.05976">
        <ele>303.9</ele>
      </trkpt>
      <trkpt lat="44.23637" lon="-94.05975">
        <ele>303.8</ele>
      </trkpt>
      <trkpt lat="44.23549" lon="-94.05975">
        <ele>304.1</ele>
      </trkpt>
      <trkpt lat="44.23481" lon="-94.05956">
        <ele>304.6</ele>
      </trkpt>
      <trkpt lat="44.23428" lon="-94.05915">
        <ele>304.2</ele>
      </trkpt>
      <trkpt lat="44.23368" lon="-94.05836">
        <ele>303.0</ele>
      </trkpt>
      <trkpt lat="44.23308" lon="-94.05758">
        <ele>301.7</ele>
      </trkpt>
      <trkpt lat="44.23248" lon="-94.0568">
        <ele>299.9</ele>
      </trkpt>
      <trkpt lat="44.23188" lon="-94.05602">
        <ele>300.5</ele>
      </trkpt>
      <trkpt lat="44.23129" lon="-94.05523">
        <ele>301.6</ele>
      </trkpt>
      <trkpt lat="44.2308" lon="-94.05489">
        <ele>301.8</ele>
      </trkpt>
      <trkpt lat="44.23031" lon="-94.05469">
        <ele>301.9</ele>
      </trkpt>
      <trkpt lat="44.2295" lon="-94.05468">
        <ele>302.0</ele>
      </trkpt>
      <trkpt lat="44.22869" lon="-94.05466">
        <ele>302.3</ele>
      </trkpt>
      <trkpt lat="44.22788" lon="-94.05465">
        <ele>302.6</ele>
      </trkpt>
      <trkpt lat="44.22707" lon="-94.05463">
        <ele>302.9</ele>
      </trkpt>
      <trkpt lat="44.22626" lon="-94.05462">
        <ele>303.4</ele>
      </trkpt>
      <trkpt lat="44.22545" lon="-94.0546">
        <ele>303.3</ele>
      </trkpt>
      <trkpt lat="44.22459" lon="-94.0546">
        <ele>303.3</ele>
      </trkpt>
      <trkpt lat="44.22372" lon="-94.0546">
        <ele>303.1</ele>
      </trkpt>
      <trkpt lat="44.22286" lon="-94.05459">
        <ele>302.9</ele>
      </trkpt>
      <trkpt lat="44.22199" lon="-94.05459">
        <ele>303.1</ele>
      </trkpt>
      <trkpt lat="44.22119" lon="-94.05448">
        <ele>303.3</ele>
      </trkpt>
      <trkpt lat="44.22038" lon="-94.05436">
        <ele>303.3</ele>
      </trkpt>
      <trkpt lat="44.21965" lon="-94.05435">
        <ele>303.4</ele>
      </trkpt>
      <trkpt lat="44.21893" lon="-94.05434">
        <ele>303.3</ele>
      </trkpt>
      <trkpt lat="44.2182" lon="-94.05433">
        <ele>303.3</ele>
      </trkpt>
      <trkpt lat="44.21738" lon="-94.05432">
        <ele>303.0</ele>
      </trkpt>
      <trkpt lat="44.21656" lon="-94.05432">
        <ele>302.7</ele>
      </trkpt>
      <trkpt lat="44.21574" lon="-94.05431">
        <ele>302.3</ele>
      </trkpt>
      <trkpt lat="44.21492" lon="-94.0543">
        <ele>301.9</ele>
      </trkpt>
      <trkpt lat="44.2141" lon="-94.0543">
        <ele>301.8</ele>
      </trkpt>
      <trkpt lat="44.21329" lon="-94.05429">
        <ele>301.9</ele>
      </trkpt>
      <trkpt lat="44.21247" lon="-94.05428">
        <ele>302.0</ele>
      </trkpt>
      <trkpt lat="44.21165" lon="-94.05428">
        <ele>302.1</ele>
      </trkpt>
      <trkpt lat="44.21083" lon="-94.05427">
        <ele>302.0</ele>
      </trkpt>
      <trkpt lat="44.20995" lon="-94.05427">
        <ele>302.0</ele>
      </trkpt>
      <trkpt lat="44.20908" lon="-94.05427">
        <ele>302.0</ele>
      </trkpt>
      <trkpt lat="44.2082" lon="-94.05428">
        <ele>301.8</ele>
      </trkpt>
      <trkpt lat="44.20733" lon="-94.05428">
        <ele>301.6</ele>
      </trkpt>
      <trkpt lat="44.20732" lon="-94.05308">
        <ele>301.3</ele>
      </trkpt>
      <trkpt lat="44.20731" lon="-94.05189">
        <ele>301.5</ele>
      </trkpt>
      <trkpt lat="44.2073" lon="-94.05069">
        <ele>301.8</ele>
      </trkpt>
      <trkpt lat="44.20729" lon="-94.04949">
        <ele>301.9</ele>
      </trkpt>
      <trkpt lat="44.20658" lon="-94.04949">
        <ele>301.9</ele>
      </trkpt>
      <trkpt lat="44.20587" lon="-94.04949">
        <ele>301.8</ele>
      </trkpt>
      <trkpt lat="44.20516" lon="-94.04948">
        <ele>301.8</ele>
      </trkpt>
      <trkpt lat="44.20516" lon="-94.04939">
        <ele>301.7</ele>
      </trkpt>
      <trkpt lat="44.20475" lon="-94.04941">
        <ele>301.8</ele>
      </trkpt>
      <trkpt lat="44.20469" lon="-94.04939">
        <ele>301.8</ele>
      </trkpt>
      <trkpt lat="44.2043" lon="-94.04938">
        <ele>301.8</ele>
      </trkpt>
      <trkpt lat="44.20407" lon="-94.04936">
        <ele>301.8</ele>
      </trkpt>
      <trkpt lat="44.20389" lon="-94.04931">
        <ele>301.9</ele>
      </trkpt>
      <trkpt lat="44.20362" lon="-94.04917">
        <ele>301.2</ele>
      </trkpt>
      <trkpt lat="44.20346" lon="-94.04906">
        <ele>300.5</ele>
      </trkpt>
      <trkpt lat="44.2033" lon="-94.04892">
        <ele>300.0</ele>
      </trkpt>
      <trkpt lat="44.20309" lon="-94.04868">
        <ele>299.3</ele>
      </trkpt>
      <trkpt lat="44.20299" lon="-94.04853">
        <ele>299.0</ele>
      </trkpt>
      <trkpt lat="44.20285" lon="-94.04829">
        <ele>297.7</ele>
      </trkpt>
      <trkpt lat="44.20275" lon="-94.04806">
        <ele>298.0</ele>
      </trkpt>
      <trkpt lat="44.20244" lon="-94.04726">
        <ele>301.6</ele>
      </trkpt>
      <trkpt lat="44.20212" lon="-94.04647">
        <ele>301.9</ele>
      </trkpt>
      <trkpt lat="44.20181" lon="-94.04567">
        <ele>302.1</ele>
      </trkpt>
      <trkpt lat="44.20166" lon="-94.04535">
        <ele>302.2</ele>
      </trkpt>
      <trkpt lat="44.20153" lon="-94.04511">
        <ele>302.4</ele>
      </trkpt>
      <trkpt lat="44.20137" lon="-94.04484">
        <ele>302.4</ele>
      </trkpt>
      <trkpt lat="44.20112" lon="-94.04448">
        <ele>302.5</ele>
      </trkpt>
      <trkpt lat="44.201" lon="-94.04434">
        <ele>302.5</ele>
      </trkpt>
      <trkpt lat="44.20095" lon="-94.04429">
        <ele>302.5</ele>
      </trkpt>
      <trkpt lat="44.2009" lon="-94.04423">
        <ele>302.5</ele>
      </trkpt>
      <trkpt lat="44.20071" lon="-94.04402">
        <ele>302.3</ele>
      </trkpt>
      <trkpt lat="44.20016" lon="-94.0435">
        <ele>302.8</ele>
      </trkpt>
      <trkpt lat="44.19961" lon="-94.04299">
        <ele>303.5</ele>
      </trkpt>
      <trkpt lat="44.19886" lon="-94.04234">
        <ele>303.7</ele>
      </trkpt>
      <trkpt lat="44.19853" lon="-94.04209">
        <ele>303.7</ele>
      </trkpt>
      <trkpt lat="44.19798" lon="-94.04172">
        <ele>303.6</ele>
      </trkpt>
      <trkpt lat="44.19743" lon="-94.04136">
        <ele>303.4</ele>
      </trkpt>
      <trkpt lat="44.19689" lon="-94.041">
        <ele>303.3</ele>
      </trkpt>
      <trkpt lat="44.19676" lon="-94.0409">
        <ele>303.3</ele>
      </trkpt>
      <trkpt lat="44.19673" lon="-94.04101">
        <ele>303.3</ele>
      </trkpt>
      <trkpt lat="44.1962" lon="-94.0406">
        <ele>303.3</ele>
      </trkpt>
      <trkpt lat="44.19568" lon="-94.04018">
        <ele>303.4</ele>
      </trkpt>
      <trkpt lat="44.19506" lon="-94.03967">
        <ele>303.7</ele>
      </trkpt>
      <trkpt lat="44.19464" lon="-94.03928">
        <ele>303.8</ele>
      </trkpt>
      <trkpt lat="44.19438" lon="-94.0391">
        <ele>303.9</ele>
      </trkpt>
      <trkpt lat="44.19404" lon="-94.03894">
        <ele>303.9</ele>
      </trkpt>
      <trkpt lat="44.19367" lon="-94.03882">
        <ele>303.8</ele>
      </trkpt>
      <trkpt lat="44.19341" lon="-94.03876">
        <ele>303.6</ele>
      </trkpt>
      <trkpt lat="44.19265" lon="-94.03873">
        <ele>303.3</ele>
      </trkpt>
      <trkpt lat="44.19206" lon="-94.03874">
        <ele>303.0</ele>
      </trkpt>
      <trkpt lat="44.19147" lon="-94.03875">
        <ele>303.0</ele>
      </trkpt>
      <trkpt lat="44.19069" lon="-94.03875">
        <ele>303.2</ele>
      </trkpt>
      <trkpt lat="44.1899" lon="-94.03875">
        <ele>303.6</ele>
      </trkpt>
      <trkpt lat="44.18912" lon="-94.03875">
        <ele>303.8</ele>
      </trkpt>
      <trkpt lat="44.18834" lon="-94.03875">
        <ele>304.2</ele>
      </trkpt>
      <trkpt lat="44.18784" lon="-94.03876">
        <ele>304.5</ele>
      </trkpt>
      <trkpt lat="44.18722" lon="-94.03876">
        <ele>304.7</ele>
      </trkpt>
      <trkpt lat="44.18661" lon="-94.03876">
        <ele>304.9</ele>
      </trkpt>
      <trkpt lat="44.18599" lon="-94.03876">
        <ele>305.0</ele>
      </trkpt>
      <trkpt lat="44.18577" lon="-94.03872">
        <ele>305.0</ele>
      </trkpt>
      <trkpt lat="44.18553" lon="-94.03866">
        <ele>305.0</ele>
      </trkpt>
      <trkpt lat="44.1853" lon="-94.03858">
        <ele>304.9</ele>
      </trkpt>
      <trkpt lat="44.18507" lon="-94.03846">
        <ele>304.9</ele>
      </trkpt>
      <trkpt lat="44.18475" lon="-94.03821">
        <ele>304.8</ele>
      </trkpt>
      <trkpt lat="44.18442" lon="-94.03814">
        <ele>304.7</ele>
      </trkpt>
      <trkpt lat="44.18432" lon="-94.03819">
        <ele>304.6</ele>
      </trkpt>
      <trkpt lat="44.18421" lon="-94.03816">
        <ele>304.6</ele>
      </trkpt>
      <trkpt lat="44.18411" lon="-94.03803">
        <ele>304.6</ele>
      </trkpt>
      <trkpt lat="44.18407" lon="-94.03794">
        <ele>304.6</ele>
      </trkpt>
      <trkpt lat="44.18388" lon="-94.03781">
        <ele>304.7</ele>
      </trkpt>
      <trkpt lat="44.18377" lon="-94.03768">
        <ele>304.8</ele>
      </trkpt>
      <trkpt lat="44.18316" lon="-94.03708">
        <ele>304.9</ele>
      </trkpt>
      <trkpt lat="44.18257" lon="-94.03663">
        <ele>305.8</ele>
      </trkpt>
      <trkpt lat="44.18197" lon="-94.03618">
        <ele>309.2</ele>
      </trkpt>
      <trkpt lat="44.18156" lon="-94.03588">
        <ele>308.7</ele>
      </trkpt>
      <trkpt lat="44.18116" lon="-94.03557">
        <ele>308.3</ele>
      </trkpt>
      <trkpt lat="44.18077" lon="-94.03526">
        <ele>307.8</ele>
      </trkpt>
      <trkpt lat="44.18035" lon="-94.03493">
        <ele>307.4</ele>
      </trkpt>
      <trkpt lat="44.17993" lon="-94.03457">
        <ele>305.5</ele>
      </trkpt>
      <trkpt lat="44.17951" lon="-94.03421">
        <ele>305.0</ele>
      </trkpt>
      <trkpt lat="44.1791" lon="-94.03389">
        <ele>305.1</ele>
      </trkpt>
      <trkpt lat="44.17905" lon="-94.03379">
        <ele>305.2</ele>
      </trkpt>
      <trkpt lat="44.17868" lon="-94.03356">
        <ele>305.3</ele>
      </trkpt>
      <trkpt lat="44.17836" lon="-94.03343">
        <ele>305.4</ele>
      </trkpt>
      <trkpt lat="44.17824" lon="-94.0334">
        <ele>305.4</ele>
      </trkpt>
      <trkpt lat="44.17792" lon="-94.03339">
        <ele>305.5</ele>
      </trkpt>
      <trkpt lat="44.17705" lon="-94.03345">
        <ele>305.5</ele>
      </trkpt>
      <trkpt lat="44.17639" lon="-94.03347">
        <ele>305.4</ele>
      </trkpt>
      <trkpt lat="44.17572" lon="-94.0335">
        <ele>305.2</ele>
      </trkpt>
      <trkpt lat="44.17523" lon="-94.03355">
        <ele>305.1</ele>
      </trkpt>
      <trkpt lat="44.17437" lon="-94.03361">
        <ele>304.9</ele>
      </trkpt>
      <trkpt lat="44.1735" lon="-94.03366">
        <ele>304.9</ele>
      </trkpt>
      <trkpt lat="44.17341" lon="-94.03366">
        <ele>304.9</ele>
      </trkpt>
      <trkpt lat="44.1734" lon="-94.03354">
        <ele>304.7</ele>
      </trkpt>
      <trkpt lat="44.17332" lon="-94.03278">
        <ele>300.6</ele>
      </trkpt>
      <trkpt lat="44.17324" lon="-94.03196">
        <ele>297.1</ele>
      </trkpt>
      <trkpt lat="44.17316" lon="-94.0311">
        <ele>290.4</ele>
      </trkpt>
      <trkpt lat="44.17307" lon="-94.03024">
        <ele>283.3</ele>
      </trkpt>
      <trkpt lat="44.17298" lon="-94.02938">
        <ele>278.0</ele>
      </trkpt>
      <trkpt lat="44.17293" lon="-94.0292">
        <ele>277.1</ele>
      </trkpt>
      <trkpt lat="44.17284" lon="-94.02902">
        <ele>275.4</ele>
      </trkpt>
      <trkpt lat="44.17274" lon="-94.02888">
        <ele>274.1</ele>
      </trkpt>
      <trkpt lat="44.17262" lon="-94.02878">
        <ele>273.7</ele>
      </trkpt>
      <trkpt lat="44.17247" lon="-94.02869">
        <ele>272.7</ele>
      </trkpt>
      <trkpt lat="44.17186" lon="-94.02844">
        <ele>267.3</ele>
      </trkpt>
      <trkpt lat="44.17125" lon="-94.02819">
        <ele>265.9</ele>
      </trkpt>
      <trkpt lat="44.17063" lon="-94.02794">
        <ele>258.5</ele>
      </trkpt>
      <trkpt lat="44.17042" lon="-94.02783">
        <ele>256.2</ele>
      </trkpt>
      <trkpt lat="44.16993" lon="-94.02746">
        <ele>250.0</ele>
      </trkpt>
      <trkpt lat="44.16976" lon="-94.02736">
        <ele>248.8</ele>
      </trkpt>
      <trkpt lat="44.16953" lon="-94.02725">
        <ele>249.5</ele>
      </trkpt>
      <trkpt lat="44.16879" lon="-94.02696">
        <ele>242.2</ele>
      </trkpt>
      <trkpt lat="44.1688" lon="-94.02621">
        <ele>240.3</ele>
      </trkpt>
      <trkpt lat="44.16881" lon="-94.02597">
        <ele>239.8</ele>
      </trkpt>
      <trkpt lat="44.16885" lon="-94.02572">
        <ele>239.8</ele>
      </trkpt>
      <trkpt lat="44.16903" lon="-94.02524">
        <ele>240.5</ele>
      </trkpt>
      <trkpt lat="44.1694" lon="-94.02435">
        <ele>240.3</ele>
      </trkpt>
      <trkpt lat="44.16963" lon="-94.02361">
        <ele>238.6</ele>
      </trkpt>
      <trkpt lat="44.16997" lon="-94.02249">
        <ele>237.9</ele>
      </trkpt>
      <trkpt lat="44.16999" lon="-94.02229">
        <ele>237.7</ele>
      </trkpt>
      <trkpt lat="44.17" lon="-94.02108">
        <ele>236.9</ele>
      </trkpt>
      <trkpt lat="44.17001" lon="-94.01988">
        <ele>236.4</ele>
      </trkpt>
      <trkpt lat="44.17002" lon="-94.01868">
        <ele>236.2</ele>
      </trkpt>
      <trkpt lat="44.17003" lon="-94.01784">
        <ele>236.0</ele>
      </trkpt>
      <trkpt lat="44.17004" lon="-94.01701">
        <ele>235.9</ele>
      </trkpt>
      <trkpt lat="44.17005" lon="-94.01617">
        <ele>235.8</ele>
      </trkpt>
      <trkpt lat="44.17006" lon="-94.01533">
        <ele>235.7</ele>
      </trkpt>
      <trkpt lat="44.17007" lon="-94.0145">
        <ele>235.7</ele>
      </trkpt>
      <trkpt lat="44.17008" lon="-94.01366">
        <ele>235.7</ele>
      </trkpt>
      <trkpt lat="44.17009" lon="-94.01265">
        <ele>235.8</ele>
      </trkpt>
      <trkpt lat="44.17011" lon="-94.01164">
        <ele>235.9</ele>
      </trkpt>
      <trkpt lat="44.17012" lon="-94.01063">
        <ele>236.1</ele>
      </trkpt>
      <trkpt lat="44.17014" lon="-94.00962">
        <ele>236.2</ele>
      </trkpt>
      <trkpt lat="44.17015" lon="-94.00861">
        <ele>236.4</ele>
      </trkpt>
      <trkpt lat="44.17016" lon="-94.00778">
        <ele>236.5</ele>
      </trkpt>
      <trkpt lat="44.17017" lon="-94.00696">
        <ele>236.8</ele>
      </trkpt>
      <trkpt lat="44.17007" lon="-94.006">
        <ele>238.2</ele>
      </trkpt>
      <trkpt lat="44.16997" lon="-94.00538">
        <ele>235.9</ele>
      </trkpt>
      <trkpt lat="44.16988" lon="-94.00507">
        <ele>234.7</ele>
      </trkpt>
      <trkpt lat="44.16979" lon="-94.00478">
        <ele>233.6</ele>
      </trkpt>
      <trkpt lat="44.16959" lon="-94.00428">
        <ele>234.0</ele>
      </trkpt>
      <trkpt lat="44.16922" lon="-94.00353">
        <ele>234.7</ele>
      </trkpt>
      <trkpt lat="44.16885" lon="-94.00278">
        <ele>235.4</ele>
      </trkpt>
      <trkpt lat="44.16848" lon="-94.00203">
        <ele>236.1</ele>
      </trkpt>
      <trkpt lat="44.16829" lon="-94.00166">
        <ele>236.5</ele>
      </trkpt>
      <trkpt lat="44.1681" lon="-94.00125">
        <ele>236.9</ele>
      </trkpt>
      <trkpt lat="44.16804" lon="-94.00115">
        <ele>237.0</ele>
      </trkpt>
      <trkpt lat="44.16781" lon="-94.0006">
        <ele>237.5</ele>
      </trkpt>
      <trkpt lat="44.16779" lon="-94.00049">
        <ele>237.6</ele>
      </trkpt>
      <trkpt lat="44.16747" lon="-93.99986">
        <ele>238.1</ele>
      </trkpt>
      <trkpt lat="44.16727" lon="-94.00007">
        <ele>238.2</ele>
      </trkpt>
      <trkpt lat="44.16711" lon="-94.00021">
        <ele>238.3</ele>
      </trkpt>
      <trkpt lat="44.16699" lon="-93.99998">
        <ele>238.5</ele>
      </trkpt>
      <trkpt lat="44.16693" lon="-93.99986">
        <ele>238.7</ele>
      </trkpt>
      <trkpt lat="44.16682" lon="-93.99996">
        <ele>238.8</ele>
      </trkpt>
      <trkpt lat="44.16667" lon="-93.99964">
        <ele>239.2</ele>
      </trkpt>
      <trkpt lat="44.16729" lon="-93.99904">
        <ele>239.3</ele>
      </trkpt>
      <trkpt lat="44.16722" lon="-93.9989">
        <ele>239.5</ele>
      </trkpt>
      <trkpt lat="44.16733" lon="-93.99879">
        <ele>239.6</ele>
      </trkpt>
    </trkseg>
  </trk>
</gpx>
