<?xml version="1.0" encoding="UTF-8"?>
<gpx xmlns:gpxdata="http://www.cluetrust.com/XML/GPXDATA/1/0" xmlns:xsi="http://www.w3.org/2001/XMLSchema-instance" xmlns="http://www.topografix.com/GPX/1/1" version="1.1" creator="http://ridewithgps.com/" xsi:schemaLocation="http://www.topografix.com/GPX/1/1 http://www.topografix.com/GPX/1/1/gpx.xsd http://www.cluetrust.com/XML/GPXDATA/1/0 http://www.cluetrust.com/Schemas/gpxdata10.xsd">
  <metadata>
    <name>Winona to Stillwater (Week 6)</name>
    <link href="https://ridewithgps.com/routes/54524214">
      <text>Winona to Stillwater (Week 6)</text>
    </link>
    <time>2026-04-05T08:42:16Z</time>
  </metadata>
  <wpt lat="44.56494140625" lon="-92.53466033935547">
    <name>Hannisch Bakery and Coffee Shop</name>
    <cmt>coffee</cmt>
    <desc>This is the spot for delicious coffee and baked goods.</desc>
    <sym>Dot</sym>
    <type>food</type>
  </wpt>
  <trk>
    <name>Winona to Stillwater (Week 6)</name>
    <trkseg>
      <trkpt lat="44.04438" lon="-91.64701">
        <ele>199.6</ele>
      </trkpt>
      <trkpt lat="44.04438" lon="-91.64701">
        <ele>199.6</ele>
      </trkpt>
      <trkpt lat="44.04435" lon="-91.6469">
        <ele>199.6</ele>
      </trkpt>
      <trkpt lat="44.04384" lon="-91.64718">
        <ele>199.7</ele>
      </trkpt>
      <trkpt lat="44.04333" lon="-91.64745">
        <ele>199.8</ele>
      </trkpt>
      <trkpt lat="44.04349" lon="-91.64806">
        <ele>199.9</ele>
      </trkpt>
      <trkpt lat="44.04366" lon="-91.64867">
        <ele>199.9</ele>
      </trkpt>
      <trkpt lat="44.04369" lon="-91.64879">
        <ele>199.9</ele>
      </trkpt>
      <trkpt lat="44.04413" lon="-91.64855">
        <ele>199.8</ele>
      </trkpt>
      <trkpt lat="44.04456" lon="-91.64831">
        <ele>199.6</ele>
      </trkpt>
      <trkpt lat="44.04507" lon="-91.64803">
        <ele>199.6</ele>
      </trkpt>
      <trkpt lat="44.04558" lon="-91.64776">
        <ele>199.6</ele>
      </trkpt>
      <trkpt lat="44.04606" lon="-91.64751">
        <ele>199.8</ele>
      </trkpt>
      <trkpt lat="44.04653" lon="-91.64727">
        <ele>200.2</ele>
      </trkpt>
      <trkpt lat="44.04631" lon="-91.64646">
        <ele>200.2</ele>
      </trkpt>
      <trkpt lat="44.04608" lon="-91.64566">
        <ele>200.2</ele>
      </trkpt>
      <trkpt lat="44.04585" lon="-91.64485">
        <ele>200.2</ele>
      </trkpt>
      <trkpt lat="44.04568" lon="-91.64423">
        <ele>200.2</ele>
      </trkpt>
      <trkpt lat="44.04552" lon="-91.64362">
        <ele>200.3</ele>
      </trkpt>
      <trkpt lat="44.04528" lon="-91.64279">
        <ele>200.3</ele>
      </trkpt>
      <trkpt lat="44.04505" lon="-91.64196">
        <ele>200.4</ele>
      </trkpt>
      <trkpt lat="44.04486" lon="-91.64127">
        <ele>200.3</ele>
      </trkpt>
      <trkpt lat="44.04467" lon="-91.64058">
        <ele>200.3</ele>
      </trkpt>
      <trkpt lat="44.04448" lon="-91.63993">
        <ele>200.3</ele>
      </trkpt>
      <trkpt lat="44.04429" lon="-91.63928">
        <ele>200.3</ele>
      </trkpt>
      <trkpt lat="44.04477" lon="-91.63902">
        <ele>200.6</ele>
      </trkpt>
      <trkpt lat="44.04525" lon="-91.63877">
        <ele>200.9</ele>
      </trkpt>
      <trkpt lat="44.04569" lon="-91.63853">
        <ele>201.1</ele>
      </trkpt>
      <trkpt lat="44.04612" lon="-91.63829">
        <ele>201.3</ele>
      </trkpt>
      <trkpt lat="44.04612" lon="-91.63829">
        <ele>201.3</ele>
      </trkpt>
      <trkpt lat="44.04668" lon="-91.63801">
        <ele>201.6</ele>
      </trkpt>
      <trkpt lat="44.04724" lon="-91.63773">
        <ele>201.8</ele>
      </trkpt>
      <trkpt lat="44.04803" lon="-91.6373">
        <ele>202.2</ele>
      </trkpt>
      <trkpt lat="44.04872" lon="-91.63693">
        <ele>202.6</ele>
      </trkpt>
      <trkpt lat="44.04941" lon="-91.63657">
        <ele>202.7</ele>
      </trkpt>
      <trkpt lat="44.0501" lon="-91.63621">
        <ele>202.9</ele>
      </trkpt>
      <trkpt lat="44.05073" lon="-91.63587">
        <ele>203.1</ele>
      </trkpt>
      <trkpt lat="44.05136" lon="-91.63552">
        <ele>203.2</ele>
      </trkpt>
      <trkpt lat="44.052" lon="-91.63518">
        <ele>203.0</ele>
      </trkpt>
      <trkpt lat="44.05227" lon="-91.63616">
        <ele>203.1</ele>
      </trkpt>
      <trkpt lat="44.05254" lon="-91.63715">
        <ele>203.2</ele>
      </trkpt>
      <trkpt lat="44.05271" lon="-91.63781">
        <ele>203.2</ele>
      </trkpt>
      <trkpt lat="44.05292" lon="-91.63851">
        <ele>203.1</ele>
      </trkpt>
      <trkpt lat="44.05312" lon="-91.63922">
        <ele>203.0</ele>
      </trkpt>
      <trkpt lat="44.0534" lon="-91.64023">
        <ele>202.9</ele>
      </trkpt>
      <trkpt lat="44.05368" lon="-91.64124">
        <ele>202.9</ele>
      </trkpt>
      <trkpt lat="44.05395" lon="-91.64224">
        <ele>202.6</ele>
      </trkpt>
      <trkpt lat="44.0539" lon="-91.64227">
        <ele>202.6</ele>
      </trkpt>
      <trkpt lat="44.05377" lon="-91.64234">
        <ele>202.6</ele>
      </trkpt>
      <trkpt lat="44.05367" lon="-91.64242">
        <ele>202.6</ele>
      </trkpt>
      <trkpt lat="44.05352" lon="-91.64258">
        <ele>202.6</ele>
      </trkpt>
      <trkpt lat="44.05347" lon="-91.64262">
        <ele>202.6</ele>
      </trkpt>
      <trkpt lat="44.05342" lon="-91.64263">
        <ele>202.6</ele>
      </trkpt>
      <trkpt lat="44.05338" lon="-91.64264">
        <ele>202.6</ele>
      </trkpt>
      <trkpt lat="44.05327" lon="-91.64263">
        <ele>202.7</ele>
      </trkpt>
      <trkpt lat="44.05316" lon="-91.64255">
        <ele>202.7</ele>
      </trkpt>
      <trkpt lat="44.05338" lon="-91.64246">
        <ele>202.7</ele>
      </trkpt>
      <trkpt lat="44.05365" lon="-91.64225">
        <ele>202.8</ele>
      </trkpt>
      <trkpt lat="44.05382" lon="-91.64218">
        <ele>202.9</ele>
      </trkpt>
      <trkpt lat="44.05437" lon="-91.64199">
        <ele>203.1</ele>
      </trkpt>
      <trkpt lat="44.05457" lon="-91.64191">
        <ele>203.2</ele>
      </trkpt>
      <trkpt lat="44.05476" lon="-91.64181">
        <ele>203.3</ele>
      </trkpt>
      <trkpt lat="44.05538" lon="-91.64148">
        <ele>203.6</ele>
      </trkpt>
      <trkpt lat="44.056" lon="-91.64116">
        <ele>203.9</ele>
      </trkpt>
      <trkpt lat="44.05662" lon="-91.64083">
        <ele>204.2</ele>
      </trkpt>
      <trkpt lat="44.05726" lon="-91.64048">
        <ele>204.5</ele>
      </trkpt>
      <trkpt lat="44.0579" lon="-91.64014">
        <ele>204.8</ele>
      </trkpt>
      <trkpt lat="44.05854" lon="-91.6398">
        <ele>205.1</ele>
      </trkpt>
      <trkpt lat="44.05928" lon="-91.63938">
        <ele>205.4</ele>
      </trkpt>
      <trkpt lat="44.05971" lon="-91.63911">
        <ele>205.6</ele>
      </trkpt>
      <trkpt lat="44.06031" lon="-91.63866">
        <ele>206.0</ele>
      </trkpt>
      <trkpt lat="44.06053" lon="-91.63852">
        <ele>202.3</ele>
      </trkpt>
      <trkpt lat="44.06058" lon="-91.6385">
        <ele>201.7</ele>
      </trkpt>
      <trkpt lat="44.06063" lon="-91.63849">
        <ele>201.4</ele>
      </trkpt>
      <trkpt lat="44.0607" lon="-91.63851">
        <ele>201.1</ele>
      </trkpt>
      <trkpt lat="44.06071" lon="-91.63854">
        <ele>201.0</ele>
      </trkpt>
      <trkpt lat="44.06072" lon="-91.63859">
        <ele>200.8</ele>
      </trkpt>
      <trkpt lat="44.06071" lon="-91.63864">
        <ele>200.6</ele>
      </trkpt>
      <trkpt lat="44.06068" lon="-91.6387">
        <ele>200.5</ele>
      </trkpt>
      <trkpt lat="44.06049" lon="-91.63885">
        <ele>201.2</ele>
      </trkpt>
      <trkpt lat="44.0598" lon="-91.63928">
        <ele>201.3</ele>
      </trkpt>
      <trkpt lat="44.05973" lon="-91.6393">
        <ele>201.2</ele>
      </trkpt>
      <trkpt lat="44.05967" lon="-91.63929">
        <ele>201.1</ele>
      </trkpt>
      <trkpt lat="44.0596" lon="-91.63924">
        <ele>201.2</ele>
      </trkpt>
      <trkpt lat="44.05958" lon="-91.6392">
        <ele>201.4</ele>
      </trkpt>
      <trkpt lat="44.0594" lon="-91.63867">
        <ele>204.3</ele>
      </trkpt>
      <trkpt lat="44.0594" lon="-91.63857">
        <ele>204.1</ele>
      </trkpt>
      <trkpt lat="44.05941" lon="-91.63851">
        <ele>203.8</ele>
      </trkpt>
      <trkpt lat="44.05945" lon="-91.63841">
        <ele>202.8</ele>
      </trkpt>
      <trkpt lat="44.0595" lon="-91.63836">
        <ele>201.9</ele>
      </trkpt>
      <trkpt lat="44.06021" lon="-91.63811">
        <ele>206.2</ele>
      </trkpt>
      <trkpt lat="44.06024" lon="-91.63806">
        <ele>205.2</ele>
      </trkpt>
      <trkpt lat="44.06025" lon="-91.63803">
        <ele>204.6</ele>
      </trkpt>
      <trkpt lat="44.06025" lon="-91.63797">
        <ele>203.3</ele>
      </trkpt>
      <trkpt lat="44.06019" lon="-91.6378">
        <ele>200.0</ele>
      </trkpt>
      <trkpt lat="44.06036" lon="-91.63769">
        <ele>199.2</ele>
      </trkpt>
      <trkpt lat="44.06042" lon="-91.63766">
        <ele>199.1</ele>
      </trkpt>
      <trkpt lat="44.06052" lon="-91.63765">
        <ele>199.3</ele>
      </trkpt>
      <trkpt lat="44.06056" lon="-91.63767">
        <ele>199.6</ele>
      </trkpt>
      <trkpt lat="44.06064" lon="-91.63773">
        <ele>200.3</ele>
      </trkpt>
      <trkpt lat="44.06066" lon="-91.63774">
        <ele>200.5</ele>
      </trkpt>
      <trkpt lat="44.06068" lon="-91.63779">
        <ele>200.9</ele>
      </trkpt>
      <trkpt lat="44.06076" lon="-91.63786">
        <ele>201.3</ele>
      </trkpt>
      <trkpt lat="44.06081" lon="-91.6379">
        <ele>201.4</ele>
      </trkpt>
      <trkpt lat="44.06086" lon="-91.63791">
        <ele>201.3</ele>
      </trkpt>
      <trkpt lat="44.06095" lon="-91.6379">
        <ele>201.0</ele>
      </trkpt>
      <trkpt lat="44.06106" lon="-91.63784">
        <ele>200.5</ele>
      </trkpt>
      <trkpt lat="44.0613" lon="-91.63774">
        <ele>200.5</ele>
      </trkpt>
      <trkpt lat="44.06197" lon="-91.63738">
        <ele>200.7</ele>
      </trkpt>
      <trkpt lat="44.06264" lon="-91.63703">
        <ele>200.9</ele>
      </trkpt>
      <trkpt lat="44.06332" lon="-91.63667">
        <ele>201.1</ele>
      </trkpt>
      <trkpt lat="44.06399" lon="-91.63632">
        <ele>201.3</ele>
      </trkpt>
      <trkpt lat="44.06404" lon="-91.63629">
        <ele>201.3</ele>
      </trkpt>
      <trkpt lat="44.06436" lon="-91.63625">
        <ele>201.4</ele>
      </trkpt>
      <trkpt lat="44.06511" lon="-91.63585">
        <ele>201.2</ele>
      </trkpt>
      <trkpt lat="44.06586" lon="-91.63546">
        <ele>201.2</ele>
      </trkpt>
      <trkpt lat="44.06661" lon="-91.63507">
        <ele>201.2</ele>
      </trkpt>
      <trkpt lat="44.06736" lon="-91.63468">
        <ele>201.2</ele>
      </trkpt>
      <trkpt lat="44.06811" lon="-91.63429">
        <ele>201.2</ele>
      </trkpt>
      <trkpt lat="44.06885" lon="-91.63389">
        <ele>201.2</ele>
      </trkpt>
      <trkpt lat="44.06958" lon="-91.6335">
        <ele>201.3</ele>
      </trkpt>
      <trkpt lat="44.07032" lon="-91.63311">
        <ele>207.3</ele>
      </trkpt>
      <trkpt lat="44.07105" lon="-91.63272">
        <ele>207.6</ele>
      </trkpt>
      <trkpt lat="44.07179" lon="-91.63232">
        <ele>207.6</ele>
      </trkpt>
      <trkpt lat="44.0722" lon="-91.63209">
        <ele>207.6</ele>
      </trkpt>
      <trkpt lat="44.07254" lon="-91.63191">
        <ele>207.7</ele>
      </trkpt>
      <trkpt lat="44.07285" lon="-91.63178">
        <ele>207.0</ele>
      </trkpt>
      <trkpt lat="44.07347" lon="-91.63144">
        <ele>210.1</ele>
      </trkpt>
      <trkpt lat="44.0737" lon="-91.63219">
        <ele>209.3</ele>
      </trkpt>
      <trkpt lat="44.07392" lon="-91.63294">
        <ele>205.7</ele>
      </trkpt>
      <trkpt lat="44.07407" lon="-91.63351">
        <ele>203.8</ele>
      </trkpt>
      <trkpt lat="44.07427" lon="-91.63427">
        <ele>203.0</ele>
      </trkpt>
      <trkpt lat="44.07441" lon="-91.63491">
        <ele>202.2</ele>
      </trkpt>
      <trkpt lat="44.07456" lon="-91.63555">
        <ele>202.2</ele>
      </trkpt>
      <trkpt lat="44.07474" lon="-91.63622">
        <ele>202.5</ele>
      </trkpt>
      <trkpt lat="44.07475" lon="-91.63633">
        <ele>202.3</ele>
      </trkpt>
      <trkpt lat="44.07509" lon="-91.63743">
        <ele>203.3</ele>
      </trkpt>
      <trkpt lat="44.07543" lon="-91.63853">
        <ele>204.3</ele>
      </trkpt>
      <trkpt lat="44.07577" lon="-91.63963">
        <ele>206.1</ele>
      </trkpt>
      <trkpt lat="44.07611" lon="-91.64074">
        <ele>204.8</ele>
      </trkpt>
      <trkpt lat="44.07638" lon="-91.64158">
        <ele>205.7</ele>
      </trkpt>
      <trkpt lat="44.07668" lon="-91.64238">
        <ele>206.0</ele>
      </trkpt>
      <trkpt lat="44.07686" lon="-91.64282">
        <ele>206.7</ele>
      </trkpt>
      <trkpt lat="44.07704" lon="-91.64321">
        <ele>205.3</ele>
      </trkpt>
      <trkpt lat="44.07747" lon="-91.644">
        <ele>207.6</ele>
      </trkpt>
      <trkpt lat="44.0779" lon="-91.6448">
        <ele>205.0</ele>
      </trkpt>
      <trkpt lat="44.07832" lon="-91.64559">
        <ele>202.3</ele>
      </trkpt>
      <trkpt lat="44.07877" lon="-91.64638">
        <ele>201.3</ele>
      </trkpt>
      <trkpt lat="44.07921" lon="-91.64718">
        <ele>201.2</ele>
      </trkpt>
      <trkpt lat="44.07965" lon="-91.64798">
        <ele>201.2</ele>
      </trkpt>
      <trkpt lat="44.07972" lon="-91.6481">
        <ele>201.2</ele>
      </trkpt>
      <trkpt lat="44.08025" lon="-91.64906">
        <ele>201.2</ele>
      </trkpt>
      <trkpt lat="44.08078" lon="-91.65001">
        <ele>202.7</ele>
      </trkpt>
      <trkpt lat="44.08107" lon="-91.65056">
        <ele>204.0</ele>
      </trkpt>
      <trkpt lat="44.08136" lon="-91.65111">
        <ele>204.5</ele>
      </trkpt>
      <trkpt lat="44.0819" lon="-91.65207">
        <ele>205.5</ele>
      </trkpt>
      <trkpt lat="44.08245" lon="-91.65302">
        <ele>204.7</ele>
      </trkpt>
      <trkpt lat="44.08299" lon="-91.65397">
        <ele>202.9</ele>
      </trkpt>
      <trkpt lat="44.08318" lon="-91.65432">
        <ele>202.3</ele>
      </trkpt>
      <trkpt lat="44.0833" lon="-91.65453">
        <ele>202.0</ele>
      </trkpt>
      <trkpt lat="44.08367" lon="-91.65524">
        <ele>201.0</ele>
      </trkpt>
      <trkpt lat="44.08405" lon="-91.65594">
        <ele>201.2</ele>
      </trkpt>
      <trkpt lat="44.08434" lon="-91.65652">
        <ele>201.0</ele>
      </trkpt>
      <trkpt lat="44.0846" lon="-91.65712">
        <ele>200.9</ele>
      </trkpt>
      <trkpt lat="44.0848" lon="-91.65759">
        <ele>201.5</ele>
      </trkpt>
      <trkpt lat="44.0851" lon="-91.65839">
        <ele>202.1</ele>
      </trkpt>
      <trkpt lat="44.08541" lon="-91.65918">
        <ele>203.5</ele>
      </trkpt>
      <trkpt lat="44.08571" lon="-91.65998">
        <ele>206.4</ele>
      </trkpt>
      <trkpt lat="44.08591" lon="-91.66044">
        <ele>207.5</ele>
      </trkpt>
      <trkpt lat="44.08608" lon="-91.66083">
        <ele>208.1</ele>
      </trkpt>
      <trkpt lat="44.0863" lon="-91.66129">
        <ele>210.0</ele>
      </trkpt>
      <trkpt lat="44.08654" lon="-91.66174">
        <ele>211.8</ele>
      </trkpt>
      <trkpt lat="44.08678" lon="-91.66217">
        <ele>211.0</ele>
      </trkpt>
      <trkpt lat="44.08712" lon="-91.66271">
        <ele>210.3</ele>
      </trkpt>
      <trkpt lat="44.08744" lon="-91.66318">
        <ele>210.3</ele>
      </trkpt>
      <trkpt lat="44.08775" lon="-91.66359">
        <ele>210.1</ele>
      </trkpt>
      <trkpt lat="44.08801" lon="-91.66391">
        <ele>209.8</ele>
      </trkpt>
      <trkpt lat="44.08832" lon="-91.66426">
        <ele>209.4</ele>
      </trkpt>
      <trkpt lat="44.08859" lon="-91.66456">
        <ele>208.9</ele>
      </trkpt>
      <trkpt lat="44.08894" lon="-91.66491">
        <ele>209.4</ele>
      </trkpt>
      <trkpt lat="44.0893" lon="-91.66525">
        <ele>209.6</ele>
      </trkpt>
      <trkpt lat="44.08981" lon="-91.66566">
        <ele>210.3</ele>
      </trkpt>
      <trkpt lat="44.09032" lon="-91.66607">
        <ele>209.7</ele>
      </trkpt>
      <trkpt lat="44.09101" lon="-91.66664">
        <ele>206.7</ele>
      </trkpt>
      <trkpt lat="44.0917" lon="-91.66722">
        <ele>206.0</ele>
      </trkpt>
      <trkpt lat="44.09214" lon="-91.66767">
        <ele>205.7</ele>
      </trkpt>
      <trkpt lat="44.09231" lon="-91.66785">
        <ele>205.3</ele>
      </trkpt>
      <trkpt lat="44.09274" lon="-91.66839">
        <ele>204.0</ele>
      </trkpt>
      <trkpt lat="44.0932" lon="-91.66906">
        <ele>202.2</ele>
      </trkpt>
      <trkpt lat="44.09354" lon="-91.66966">
        <ele>201.4</ele>
      </trkpt>
      <trkpt lat="44.09388" lon="-91.67028">
        <ele>201.3</ele>
      </trkpt>
      <trkpt lat="44.09403" lon="-91.67059">
        <ele>201.3</ele>
      </trkpt>
      <trkpt lat="44.09411" lon="-91.67078">
        <ele>201.4</ele>
      </trkpt>
      <trkpt lat="44.09451" lon="-91.67172">
        <ele>201.6</ele>
      </trkpt>
      <trkpt lat="44.09465" lon="-91.6721">
        <ele>202.5</ele>
      </trkpt>
      <trkpt lat="44.09485" lon="-91.6727">
        <ele>204.4</ele>
      </trkpt>
      <trkpt lat="44.0951" lon="-91.67354">
        <ele>205.3</ele>
      </trkpt>
      <trkpt lat="44.09534" lon="-91.67438">
        <ele>205.3</ele>
      </trkpt>
      <trkpt lat="44.09548" lon="-91.67477">
        <ele>205.6</ele>
      </trkpt>
      <trkpt lat="44.09565" lon="-91.67518">
        <ele>207.0</ele>
      </trkpt>
      <trkpt lat="44.09584" lon="-91.67561">
        <ele>206.2</ele>
      </trkpt>
      <trkpt lat="44.09602" lon="-91.67595">
        <ele>205.4</ele>
      </trkpt>
      <trkpt lat="44.09623" lon="-91.67628">
        <ele>205.9</ele>
      </trkpt>
      <trkpt lat="44.09645" lon="-91.6766">
        <ele>205.9</ele>
      </trkpt>
      <trkpt lat="44.09669" lon="-91.67691">
        <ele>205.9</ele>
      </trkpt>
      <trkpt lat="44.09713" lon="-91.67744">
        <ele>205.5</ele>
      </trkpt>
      <trkpt lat="44.09758" lon="-91.67796">
        <ele>206.8</ele>
      </trkpt>
      <trkpt lat="44.09814" lon="-91.67864">
        <ele>205.2</ele>
      </trkpt>
      <trkpt lat="44.09871" lon="-91.67932">
        <ele>201.1</ele>
      </trkpt>
      <trkpt lat="44.09927" lon="-91.68">
        <ele>201.2</ele>
      </trkpt>
      <trkpt lat="44.09983" lon="-91.68068">
        <ele>201.2</ele>
      </trkpt>
      <trkpt lat="44.10046" lon="-91.68142">
        <ele>201.1</ele>
      </trkpt>
      <trkpt lat="44.10108" lon="-91.68217">
        <ele>201.5</ele>
      </trkpt>
      <trkpt lat="44.1017" lon="-91.68291">
        <ele>203.8</ele>
      </trkpt>
      <trkpt lat="44.10233" lon="-91.68365">
        <ele>205.4</ele>
      </trkpt>
      <trkpt lat="44.10295" lon="-91.68439">
        <ele>206.4</ele>
      </trkpt>
      <trkpt lat="44.10357" lon="-91.68513">
        <ele>209.6</ele>
      </trkpt>
      <trkpt lat="44.10391" lon="-91.68551">
        <ele>209.5</ele>
      </trkpt>
      <trkpt lat="44.10447" lon="-91.68609">
        <ele>205.3</ele>
      </trkpt>
      <trkpt lat="44.10512" lon="-91.68666">
        <ele>203.1</ele>
      </trkpt>
      <trkpt lat="44.10549" lon="-91.68694">
        <ele>203.4</ele>
      </trkpt>
      <trkpt lat="44.10618" lon="-91.68739">
        <ele>203.8</ele>
      </trkpt>
      <trkpt lat="44.10698" lon="-91.68786">
        <ele>202.9</ele>
      </trkpt>
      <trkpt lat="44.10778" lon="-91.68833">
        <ele>202.3</ele>
      </trkpt>
      <trkpt lat="44.10858" lon="-91.6888">
        <ele>202.6</ele>
      </trkpt>
      <trkpt lat="44.10938" lon="-91.68926">
        <ele>204.1</ele>
      </trkpt>
      <trkpt lat="44.11018" lon="-91.68973">
        <ele>203.4</ele>
      </trkpt>
      <trkpt lat="44.11098" lon="-91.6902">
        <ele>202.6</ele>
      </trkpt>
      <trkpt lat="44.11178" lon="-91.69067">
        <ele>202.6</ele>
      </trkpt>
      <trkpt lat="44.11244" lon="-91.69105">
        <ele>202.9</ele>
      </trkpt>
      <trkpt lat="44.11311" lon="-91.69143">
        <ele>203.1</ele>
      </trkpt>
      <trkpt lat="44.11377" lon="-91.69182">
        <ele>203.1</ele>
      </trkpt>
      <trkpt lat="44.11443" lon="-91.6922">
        <ele>204.0</ele>
      </trkpt>
      <trkpt lat="44.11495" lon="-91.69251">
        <ele>205.1</ele>
      </trkpt>
      <trkpt lat="44.11547" lon="-91.69283">
        <ele>205.0</ele>
      </trkpt>
      <trkpt lat="44.11584" lon="-91.69308">
        <ele>204.5</ele>
      </trkpt>
      <trkpt lat="44.11616" lon="-91.69335">
        <ele>203.8</ele>
      </trkpt>
      <trkpt lat="44.11656" lon="-91.69372">
        <ele>202.8</ele>
      </trkpt>
      <trkpt lat="44.11686" lon="-91.69403">
        <ele>202.1</ele>
      </trkpt>
      <trkpt lat="44.11713" lon="-91.69436">
        <ele>202.1</ele>
      </trkpt>
      <trkpt lat="44.11748" lon="-91.69482">
        <ele>202.7</ele>
      </trkpt>
      <trkpt lat="44.11784" lon="-91.6954">
        <ele>202.8</ele>
      </trkpt>
      <trkpt lat="44.11814" lon="-91.69592">
        <ele>202.6</ele>
      </trkpt>
      <trkpt lat="44.11838" lon="-91.69645">
        <ele>202.5</ele>
      </trkpt>
      <trkpt lat="44.11862" lon="-91.69698">
        <ele>202.5</ele>
      </trkpt>
      <trkpt lat="44.11901" lon="-91.69798">
        <ele>202.4</ele>
      </trkpt>
      <trkpt lat="44.11939" lon="-91.69899">
        <ele>204.2</ele>
      </trkpt>
      <trkpt lat="44.11977" lon="-91.69999">
        <ele>203.1</ele>
      </trkpt>
      <trkpt lat="44.12015" lon="-91.70099">
        <ele>203.1</ele>
      </trkpt>
      <trkpt lat="44.12054" lon="-91.702">
        <ele>202.5</ele>
      </trkpt>
      <trkpt lat="44.12098" lon="-91.70298">
        <ele>202.0</ele>
      </trkpt>
      <trkpt lat="44.12143" lon="-91.70396">
        <ele>201.2</ele>
      </trkpt>
      <trkpt lat="44.12187" lon="-91.70495">
        <ele>201.1</ele>
      </trkpt>
      <trkpt lat="44.12232" lon="-91.70593">
        <ele>202.8</ele>
      </trkpt>
      <trkpt lat="44.12278" lon="-91.70686">
        <ele>204.7</ele>
      </trkpt>
      <trkpt lat="44.1232" lon="-91.70784">
        <ele>206.0</ele>
      </trkpt>
      <trkpt lat="44.12361" lon="-91.70882">
        <ele>207.4</ele>
      </trkpt>
      <trkpt lat="44.12406" lon="-91.70981">
        <ele>207.3</ele>
      </trkpt>
      <trkpt lat="44.12451" lon="-91.71053">
        <ele>208.4</ele>
      </trkpt>
      <trkpt lat="44.12496" lon="-91.71125">
        <ele>206.2</ele>
      </trkpt>
      <trkpt lat="44.12503" lon="-91.71134">
        <ele>206.2</ele>
      </trkpt>
      <trkpt lat="44.12541" lon="-91.71189">
        <ele>205.6</ele>
      </trkpt>
      <trkpt lat="44.12578" lon="-91.71244">
        <ele>205.2</ele>
      </trkpt>
      <trkpt lat="44.12605" lon="-91.71286">
        <ele>205.2</ele>
      </trkpt>
      <trkpt lat="44.12631" lon="-91.71321">
        <ele>205.8</ele>
      </trkpt>
      <trkpt lat="44.12652" lon="-91.71343">
        <ele>205.6</ele>
      </trkpt>
      <trkpt lat="44.12705" lon="-91.71386">
        <ele>206.0</ele>
      </trkpt>
      <trkpt lat="44.12758" lon="-91.7143">
        <ele>206.1</ele>
      </trkpt>
      <trkpt lat="44.12812" lon="-91.71473">
        <ele>206.2</ele>
      </trkpt>
      <trkpt lat="44.12829" lon="-91.71486">
        <ele>206.4</ele>
      </trkpt>
      <trkpt lat="44.12871" lon="-91.7152">
        <ele>205.3</ele>
      </trkpt>
      <trkpt lat="44.12912" lon="-91.71554">
        <ele>205.4</ele>
      </trkpt>
      <trkpt lat="44.1296" lon="-91.71595">
        <ele>206.4</ele>
      </trkpt>
      <trkpt lat="44.13008" lon="-91.71635">
        <ele>205.7</ele>
      </trkpt>
      <trkpt lat="44.13047" lon="-91.71696">
        <ele>204.5</ele>
      </trkpt>
      <trkpt lat="44.13086" lon="-91.71757">
        <ele>202.6</ele>
      </trkpt>
      <trkpt lat="44.13125" lon="-91.71819">
        <ele>203.2</ele>
      </trkpt>
      <trkpt lat="44.13165" lon="-91.71881">
        <ele>202.4</ele>
      </trkpt>
      <trkpt lat="44.13205" lon="-91.71949">
        <ele>204.0</ele>
      </trkpt>
      <trkpt lat="44.13258" lon="-91.72031">
        <ele>206.1</ele>
      </trkpt>
      <trkpt lat="44.1331" lon="-91.72114">
        <ele>207.4</ele>
      </trkpt>
      <trkpt lat="44.13363" lon="-91.72196">
        <ele>206.3</ele>
      </trkpt>
      <trkpt lat="44.13415" lon="-91.72278">
        <ele>205.8</ele>
      </trkpt>
      <trkpt lat="44.13464" lon="-91.72341">
        <ele>205.0</ele>
      </trkpt>
      <trkpt lat="44.13512" lon="-91.72404">
        <ele>204.3</ele>
      </trkpt>
      <trkpt lat="44.13555" lon="-91.72453">
        <ele>205.6</ele>
      </trkpt>
      <trkpt lat="44.13598" lon="-91.72501">
        <ele>205.4</ele>
      </trkpt>
      <trkpt lat="44.13657" lon="-91.72566">
        <ele>205.5</ele>
      </trkpt>
      <trkpt lat="44.13716" lon="-91.7263">
        <ele>207.0</ele>
      </trkpt>
      <trkpt lat="44.13775" lon="-91.72695">
        <ele>206.5</ele>
      </trkpt>
      <trkpt lat="44.13834" lon="-91.72759">
        <ele>206.8</ele>
      </trkpt>
      <trkpt lat="44.13893" lon="-91.72824">
        <ele>206.0</ele>
      </trkpt>
      <trkpt lat="44.13952" lon="-91.72888">
        <ele>205.8</ele>
      </trkpt>
      <trkpt lat="44.14008" lon="-91.72953">
        <ele>204.5</ele>
      </trkpt>
      <trkpt lat="44.14065" lon="-91.73018">
        <ele>204.8</ele>
      </trkpt>
      <trkpt lat="44.14121" lon="-91.73082">
        <ele>205.7</ele>
      </trkpt>
      <trkpt lat="44.14178" lon="-91.73147">
        <ele>206.4</ele>
      </trkpt>
      <trkpt lat="44.14213" lon="-91.73187">
        <ele>205.3</ele>
      </trkpt>
      <trkpt lat="44.14248" lon="-91.73226">
        <ele>205.1</ele>
      </trkpt>
      <trkpt lat="44.14303" lon="-91.73275">
        <ele>205.3</ele>
      </trkpt>
      <trkpt lat="44.14364" lon="-91.73321">
        <ele>204.9</ele>
      </trkpt>
      <trkpt lat="44.14425" lon="-91.73368">
        <ele>205.6</ele>
      </trkpt>
      <trkpt lat="44.14486" lon="-91.73414">
        <ele>205.8</ele>
      </trkpt>
      <trkpt lat="44.14523" lon="-91.73446">
        <ele>203.9</ele>
      </trkpt>
      <trkpt lat="44.14584" lon="-91.73492">
        <ele>204.7</ele>
      </trkpt>
      <trkpt lat="44.14645" lon="-91.73538">
        <ele>204.7</ele>
      </trkpt>
      <trkpt lat="44.14715" lon="-91.73593">
        <ele>202.9</ele>
      </trkpt>
      <trkpt lat="44.14785" lon="-91.73647">
        <ele>202.5</ele>
      </trkpt>
      <trkpt lat="44.14846" lon="-91.73696">
        <ele>202.3</ele>
      </trkpt>
      <trkpt lat="44.14907" lon="-91.73746">
        <ele>202.5</ele>
      </trkpt>
      <trkpt lat="44.14964" lon="-91.73808">
        <ele>203.0</ele>
      </trkpt>
      <trkpt lat="44.15018" lon="-91.73883">
        <ele>202.6</ele>
      </trkpt>
      <trkpt lat="44.15071" lon="-91.73959">
        <ele>202.3</ele>
      </trkpt>
      <trkpt lat="44.15096" lon="-91.74005">
        <ele>201.8</ele>
      </trkpt>
      <trkpt lat="44.15127" lon="-91.74069">
        <ele>201.3</ele>
      </trkpt>
      <trkpt lat="44.15141" lon="-91.74099">
        <ele>201.1</ele>
      </trkpt>
      <trkpt lat="44.15183" lon="-91.74196">
        <ele>200.6</ele>
      </trkpt>
      <trkpt lat="44.15225" lon="-91.74292">
        <ele>200.8</ele>
      </trkpt>
      <trkpt lat="44.15267" lon="-91.74389">
        <ele>200.8</ele>
      </trkpt>
      <trkpt lat="44.15309" lon="-91.74486">
        <ele>201.0</ele>
      </trkpt>
      <trkpt lat="44.15351" lon="-91.74582">
        <ele>200.9</ele>
      </trkpt>
      <trkpt lat="44.15393" lon="-91.74679">
        <ele>201.1</ele>
      </trkpt>
      <trkpt lat="44.15435" lon="-91.74775">
        <ele>201.0</ele>
      </trkpt>
      <trkpt lat="44.15477" lon="-91.74872">
        <ele>202.1</ele>
      </trkpt>
      <trkpt lat="44.15509" lon="-91.74944">
        <ele>202.3</ele>
      </trkpt>
      <trkpt lat="44.15541" lon="-91.75015">
        <ele>202.1</ele>
      </trkpt>
      <trkpt lat="44.15569" lon="-91.75074">
        <ele>201.9</ele>
      </trkpt>
      <trkpt lat="44.15596" lon="-91.75127">
        <ele>201.9</ele>
      </trkpt>
      <trkpt lat="44.15648" lon="-91.75222">
        <ele>201.4</ele>
      </trkpt>
      <trkpt lat="44.15701" lon="-91.75317">
        <ele>201.2</ele>
      </trkpt>
      <trkpt lat="44.15753" lon="-91.75412">
        <ele>200.8</ele>
      </trkpt>
      <trkpt lat="44.15805" lon="-91.75507">
        <ele>200.7</ele>
      </trkpt>
      <trkpt lat="44.15831" lon="-91.75548">
        <ele>200.9</ele>
      </trkpt>
      <trkpt lat="44.15859" lon="-91.75588">
        <ele>201.0</ele>
      </trkpt>
      <trkpt lat="44.1589" lon="-91.75625">
        <ele>201.5</ele>
      </trkpt>
      <trkpt lat="44.15918" lon="-91.75655">
        <ele>202.4</ele>
      </trkpt>
      <trkpt lat="44.15944" lon="-91.7568">
        <ele>204.0</ele>
      </trkpt>
      <trkpt lat="44.15971" lon="-91.75703">
        <ele>205.2</ele>
      </trkpt>
      <trkpt lat="44.16015" lon="-91.75735">
        <ele>206.9</ele>
      </trkpt>
      <trkpt lat="44.16079" lon="-91.75776">
        <ele>207.4</ele>
      </trkpt>
      <trkpt lat="44.16143" lon="-91.75817">
        <ele>207.6</ele>
      </trkpt>
      <trkpt lat="44.16207" lon="-91.75858">
        <ele>207.8</ele>
      </trkpt>
      <trkpt lat="44.16276" lon="-91.75901">
        <ele>207.8</ele>
      </trkpt>
      <trkpt lat="44.16346" lon="-91.75944">
        <ele>207.8</ele>
      </trkpt>
      <trkpt lat="44.16415" lon="-91.75988">
        <ele>207.8</ele>
      </trkpt>
      <trkpt lat="44.16485" lon="-91.76031">
        <ele>207.8</ele>
      </trkpt>
      <trkpt lat="44.16548" lon="-91.76075">
        <ele>207.8</ele>
      </trkpt>
      <trkpt lat="44.16623" lon="-91.76122">
        <ele>208.0</ele>
      </trkpt>
      <trkpt lat="44.16697" lon="-91.7617">
        <ele>207.9</ele>
      </trkpt>
      <trkpt lat="44.16771" lon="-91.76217">
        <ele>207.4</ele>
      </trkpt>
      <trkpt lat="44.16846" lon="-91.76264">
        <ele>207.4</ele>
      </trkpt>
      <trkpt lat="44.1691" lon="-91.76305">
        <ele>207.4</ele>
      </trkpt>
      <trkpt lat="44.16975" lon="-91.76345">
        <ele>208.0</ele>
      </trkpt>
      <trkpt lat="44.1704" lon="-91.76386">
        <ele>208.9</ele>
      </trkpt>
      <trkpt lat="44.17104" lon="-91.76425">
        <ele>209.4</ele>
      </trkpt>
      <trkpt lat="44.17168" lon="-91.76464">
        <ele>209.5</ele>
      </trkpt>
      <trkpt lat="44.17232" lon="-91.765">
        <ele>209.7</ele>
      </trkpt>
      <trkpt lat="44.1728" lon="-91.76525">
        <ele>210.1</ele>
      </trkpt>
      <trkpt lat="44.17356" lon="-91.7656">
        <ele>210.6</ele>
      </trkpt>
      <trkpt lat="44.17433" lon="-91.76595">
        <ele>211.3</ele>
      </trkpt>
      <trkpt lat="44.1751" lon="-91.7663">
        <ele>212.5</ele>
      </trkpt>
      <trkpt lat="44.17587" lon="-91.76665">
        <ele>213.4</ele>
      </trkpt>
      <trkpt lat="44.17665" lon="-91.76697">
        <ele>213.3</ele>
      </trkpt>
      <trkpt lat="44.17743" lon="-91.7673">
        <ele>212.7</ele>
      </trkpt>
      <trkpt lat="44.17821" lon="-91.76762">
        <ele>211.5</ele>
      </trkpt>
      <trkpt lat="44.17893" lon="-91.76793">
        <ele>210.6</ele>
      </trkpt>
      <trkpt lat="44.17964" lon="-91.76824">
        <ele>209.6</ele>
      </trkpt>
      <trkpt lat="44.18036" lon="-91.76854">
        <ele>208.0</ele>
      </trkpt>
      <trkpt lat="44.18107" lon="-91.76885">
        <ele>207.2</ele>
      </trkpt>
      <trkpt lat="44.18184" lon="-91.76923">
        <ele>205.9</ele>
      </trkpt>
      <trkpt lat="44.18239" lon="-91.76955">
        <ele>202.9</ele>
      </trkpt>
      <trkpt lat="44.18292" lon="-91.7699">
        <ele>200.9</ele>
      </trkpt>
      <trkpt lat="44.18364" lon="-91.77039">
        <ele>203.1</ele>
      </trkpt>
      <trkpt lat="44.18422" lon="-91.77084">
        <ele>203.8</ele>
      </trkpt>
      <trkpt lat="44.18472" lon="-91.77127">
        <ele>204.6</ele>
      </trkpt>
      <trkpt lat="44.18521" lon="-91.77173">
        <ele>204.5</ele>
      </trkpt>
      <trkpt lat="44.18562" lon="-91.77214">
        <ele>205.2</ele>
      </trkpt>
      <trkpt lat="44.18621" lon="-91.77278">
        <ele>205.8</ele>
      </trkpt>
      <trkpt lat="44.18663" lon="-91.7733">
        <ele>206.2</ele>
      </trkpt>
      <trkpt lat="44.18705" lon="-91.77382">
        <ele>207.3</ele>
      </trkpt>
      <trkpt lat="44.1874" lon="-91.77432">
        <ele>207.6</ele>
      </trkpt>
      <trkpt lat="44.18775" lon="-91.77483">
        <ele>207.6</ele>
      </trkpt>
      <trkpt lat="44.1882" lon="-91.77556">
        <ele>207.6</ele>
      </trkpt>
      <trkpt lat="44.1886" lon="-91.77624">
        <ele>207.7</ele>
      </trkpt>
      <trkpt lat="44.18906" lon="-91.77708">
        <ele>207.7</ele>
      </trkpt>
      <trkpt lat="44.18957" lon="-91.77803">
        <ele>207.7</ele>
      </trkpt>
      <trkpt lat="44.19008" lon="-91.77899">
        <ele>207.6</ele>
      </trkpt>
      <trkpt lat="44.19059" lon="-91.77994">
        <ele>207.4</ele>
      </trkpt>
      <trkpt lat="44.19111" lon="-91.7809">
        <ele>206.8</ele>
      </trkpt>
      <trkpt lat="44.19162" lon="-91.78185">
        <ele>204.1</ele>
      </trkpt>
      <trkpt lat="44.19213" lon="-91.78281">
        <ele>203.6</ele>
      </trkpt>
      <trkpt lat="44.19264" lon="-91.78376">
        <ele>202.9</ele>
      </trkpt>
      <trkpt lat="44.19315" lon="-91.78472">
        <ele>203.2</ele>
      </trkpt>
      <trkpt lat="44.19366" lon="-91.78568">
        <ele>203.1</ele>
      </trkpt>
      <trkpt lat="44.19412" lon="-91.78653">
        <ele>202.8</ele>
      </trkpt>
      <trkpt lat="44.19458" lon="-91.78738">
        <ele>203.3</ele>
      </trkpt>
      <trkpt lat="44.19502" lon="-91.78823">
        <ele>203.5</ele>
      </trkpt>
      <trkpt lat="44.19546" lon="-91.78908">
        <ele>203.0</ele>
      </trkpt>
      <trkpt lat="44.1959" lon="-91.78993">
        <ele>203.1</ele>
      </trkpt>
      <trkpt lat="44.19634" lon="-91.79079">
        <ele>203.3</ele>
      </trkpt>
      <trkpt lat="44.19683" lon="-91.79174">
        <ele>203.5</ele>
      </trkpt>
      <trkpt lat="44.19732" lon="-91.79269">
        <ele>203.5</ele>
      </trkpt>
      <trkpt lat="44.19781" lon="-91.79363">
        <ele>203.2</ele>
      </trkpt>
      <trkpt lat="44.1983" lon="-91.79458">
        <ele>203.2</ele>
      </trkpt>
      <trkpt lat="44.19879" lon="-91.79553">
        <ele>203.2</ele>
      </trkpt>
      <trkpt lat="44.19927" lon="-91.79648">
        <ele>202.8</ele>
      </trkpt>
      <trkpt lat="44.19976" lon="-91.79743">
        <ele>202.5</ele>
      </trkpt>
      <trkpt lat="44.20025" lon="-91.79838">
        <ele>202.3</ele>
      </trkpt>
      <trkpt lat="44.20077" lon="-91.7994">
        <ele>202.6</ele>
      </trkpt>
      <trkpt lat="44.20129" lon="-91.80041">
        <ele>202.7</ele>
      </trkpt>
      <trkpt lat="44.20181" lon="-91.80142">
        <ele>202.7</ele>
      </trkpt>
      <trkpt lat="44.20232" lon="-91.80244">
        <ele>202.7</ele>
      </trkpt>
      <trkpt lat="44.20284" lon="-91.80345">
        <ele>202.7</ele>
      </trkpt>
      <trkpt lat="44.20336" lon="-91.80447">
        <ele>203.2</ele>
      </trkpt>
      <trkpt lat="44.20388" lon="-91.80548">
        <ele>203.1</ele>
      </trkpt>
      <trkpt lat="44.2044" lon="-91.80649">
        <ele>202.9</ele>
      </trkpt>
      <trkpt lat="44.20492" lon="-91.80751">
        <ele>202.8</ele>
      </trkpt>
      <trkpt lat="44.20526" lon="-91.80817">
        <ele>202.9</ele>
      </trkpt>
      <trkpt lat="44.20561" lon="-91.80883">
        <ele>203.0</ele>
      </trkpt>
      <trkpt lat="44.2059" lon="-91.80933">
        <ele>203.1</ele>
      </trkpt>
      <trkpt lat="44.20619" lon="-91.80983">
        <ele>203.3</ele>
      </trkpt>
      <trkpt lat="44.20676" lon="-91.81072">
        <ele>203.4</ele>
      </trkpt>
      <trkpt lat="44.20735" lon="-91.81153">
        <ele>203.5</ele>
      </trkpt>
      <trkpt lat="44.2077" lon="-91.81198">
        <ele>203.7</ele>
      </trkpt>
      <trkpt lat="44.20806" lon="-91.81243">
        <ele>204.0</ele>
      </trkpt>
      <trkpt lat="44.20876" lon="-91.81319">
        <ele>204.2</ele>
      </trkpt>
      <trkpt lat="44.20947" lon="-91.81395">
        <ele>204.7</ele>
      </trkpt>
      <trkpt lat="44.21017" lon="-91.81471">
        <ele>204.7</ele>
      </trkpt>
      <trkpt lat="44.21087" lon="-91.81548">
        <ele>204.5</ele>
      </trkpt>
      <trkpt lat="44.21158" lon="-91.81624">
        <ele>204.9</ele>
      </trkpt>
      <trkpt lat="44.21228" lon="-91.817">
        <ele>205.7</ele>
      </trkpt>
      <trkpt lat="44.21298" lon="-91.81776">
        <ele>206.1</ele>
      </trkpt>
      <trkpt lat="44.21369" lon="-91.81852">
        <ele>206.3</ele>
      </trkpt>
      <trkpt lat="44.21439" lon="-91.81928">
        <ele>206.4</ele>
      </trkpt>
      <trkpt lat="44.21509" lon="-91.82004">
        <ele>206.6</ele>
      </trkpt>
      <trkpt lat="44.2158" lon="-91.8208">
        <ele>206.3</ele>
      </trkpt>
      <trkpt lat="44.2165" lon="-91.82156">
        <ele>206.6</ele>
      </trkpt>
      <trkpt lat="44.2172" lon="-91.82232">
        <ele>206.3</ele>
      </trkpt>
      <trkpt lat="44.21791" lon="-91.82308">
        <ele>206.9</ele>
      </trkpt>
      <trkpt lat="44.21861" lon="-91.82384">
        <ele>206.9</ele>
      </trkpt>
      <trkpt lat="44.21931" lon="-91.82461">
        <ele>207.5</ele>
      </trkpt>
      <trkpt lat="44.22002" lon="-91.82537">
        <ele>207.8</ele>
      </trkpt>
      <trkpt lat="44.22072" lon="-91.82613">
        <ele>204.9</ele>
      </trkpt>
      <trkpt lat="44.22125" lon="-91.82668">
        <ele>207.5</ele>
      </trkpt>
      <trkpt lat="44.22178" lon="-91.82723">
        <ele>207.3</ele>
      </trkpt>
      <trkpt lat="44.22231" lon="-91.82779">
        <ele>207.3</ele>
      </trkpt>
      <trkpt lat="44.22279" lon="-91.82826">
        <ele>207.3</ele>
      </trkpt>
      <trkpt lat="44.22327" lon="-91.82874">
        <ele>207.3</ele>
      </trkpt>
      <trkpt lat="44.22328" lon="-91.82895">
        <ele>207.3</ele>
      </trkpt>
      <trkpt lat="44.22325" lon="-91.82943">
        <ele>207.1</ele>
      </trkpt>
      <trkpt lat="44.22324" lon="-91.82993">
        <ele>206.2</ele>
      </trkpt>
      <trkpt lat="44.22326" lon="-91.83077">
        <ele>204.9</ele>
      </trkpt>
      <trkpt lat="44.22327" lon="-91.83162">
        <ele>204.0</ele>
      </trkpt>
      <trkpt lat="44.22336" lon="-91.83173">
        <ele>203.9</ele>
      </trkpt>
      <trkpt lat="44.22381" lon="-91.83218">
        <ele>203.8</ele>
      </trkpt>
      <trkpt lat="44.22425" lon="-91.83263">
        <ele>203.7</ele>
      </trkpt>
      <trkpt lat="44.22455" lon="-91.83292">
        <ele>203.4</ele>
      </trkpt>
      <trkpt lat="44.22523" lon="-91.83362">
        <ele>203.3</ele>
      </trkpt>
      <trkpt lat="44.22592" lon="-91.83433">
        <ele>203.3</ele>
      </trkpt>
      <trkpt lat="44.22661" lon="-91.83504">
        <ele>203.7</ele>
      </trkpt>
      <trkpt lat="44.2273" lon="-91.83575">
        <ele>204.0</ele>
      </trkpt>
      <trkpt lat="44.2277" lon="-91.83615">
        <ele>204.0</ele>
      </trkpt>
      <trkpt lat="44.2281" lon="-91.83655">
        <ele>204.0</ele>
      </trkpt>
      <trkpt lat="44.22852" lon="-91.83699">
        <ele>204.1</ele>
      </trkpt>
      <trkpt lat="44.22895" lon="-91.83744">
        <ele>204.1</ele>
      </trkpt>
      <trkpt lat="44.22947" lon="-91.83796">
        <ele>205.1</ele>
      </trkpt>
      <trkpt lat="44.22999" lon="-91.83848">
        <ele>205.5</ele>
      </trkpt>
      <trkpt lat="44.23051" lon="-91.839">
        <ele>205.6</ele>
      </trkpt>
      <trkpt lat="44.23107" lon="-91.83956">
        <ele>206.1</ele>
      </trkpt>
      <trkpt lat="44.23163" lon="-91.84012">
        <ele>206.0</ele>
      </trkpt>
      <trkpt lat="44.23219" lon="-91.84068">
        <ele>206.3</ele>
      </trkpt>
      <trkpt lat="44.23275" lon="-91.84125">
        <ele>207.0</ele>
      </trkpt>
      <trkpt lat="44.23313" lon="-91.84158">
        <ele>207.3</ele>
      </trkpt>
      <trkpt lat="44.23347" lon="-91.84184">
        <ele>207.8</ele>
      </trkpt>
      <trkpt lat="44.23426" lon="-91.84231">
        <ele>208.4</ele>
      </trkpt>
      <trkpt lat="44.23505" lon="-91.84278">
        <ele>208.7</ele>
      </trkpt>
      <trkpt lat="44.23548" lon="-91.84303">
        <ele>208.5</ele>
      </trkpt>
      <trkpt lat="44.2359" lon="-91.84328">
        <ele>208.1</ele>
      </trkpt>
      <trkpt lat="44.23631" lon="-91.84353">
        <ele>208.3</ele>
      </trkpt>
      <trkpt lat="44.23644" lon="-91.84363">
        <ele>208.1</ele>
      </trkpt>
      <trkpt lat="44.23659" lon="-91.84376">
        <ele>208.2</ele>
      </trkpt>
      <trkpt lat="44.23711" lon="-91.8443">
        <ele>207.7</ele>
      </trkpt>
      <trkpt lat="44.23764" lon="-91.84483">
        <ele>207.0</ele>
      </trkpt>
      <trkpt lat="44.23816" lon="-91.84537">
        <ele>207.4</ele>
      </trkpt>
      <trkpt lat="44.23854" lon="-91.84574">
        <ele>207.3</ele>
      </trkpt>
      <trkpt lat="44.23891" lon="-91.84611">
        <ele>207.5</ele>
      </trkpt>
      <trkpt lat="44.23901" lon="-91.84619">
        <ele>207.6</ele>
      </trkpt>
      <trkpt lat="44.23909" lon="-91.84624">
        <ele>207.5</ele>
      </trkpt>
      <trkpt lat="44.23924" lon="-91.84628">
        <ele>207.4</ele>
      </trkpt>
      <trkpt lat="44.23932" lon="-91.84628">
        <ele>207.4</ele>
      </trkpt>
      <trkpt lat="44.23939" lon="-91.84624">
        <ele>207.5</ele>
      </trkpt>
      <trkpt lat="44.23946" lon="-91.84616">
        <ele>207.6</ele>
      </trkpt>
      <trkpt lat="44.23985" lon="-91.84551">
        <ele>208.2</ele>
      </trkpt>
      <trkpt lat="44.24039" lon="-91.84585">
        <ele>208.3</ele>
      </trkpt>
      <trkpt lat="44.24094" lon="-91.84618">
        <ele>207.8</ele>
      </trkpt>
      <trkpt lat="44.24149" lon="-91.84651">
        <ele>207.9</ele>
      </trkpt>
      <trkpt lat="44.24214" lon="-91.84688">
        <ele>208.1</ele>
      </trkpt>
      <trkpt lat="44.24279" lon="-91.84724">
        <ele>208.3</ele>
      </trkpt>
      <trkpt lat="44.24344" lon="-91.84761">
        <ele>207.2</ele>
      </trkpt>
      <trkpt lat="44.2441" lon="-91.84797">
        <ele>208.5</ele>
      </trkpt>
      <trkpt lat="44.24485" lon="-91.84839">
        <ele>210.5</ele>
      </trkpt>
      <trkpt lat="44.2456" lon="-91.84882">
        <ele>210.8</ele>
      </trkpt>
      <trkpt lat="44.24636" lon="-91.84924">
        <ele>211.5</ele>
      </trkpt>
      <trkpt lat="44.24711" lon="-91.84967">
        <ele>210.1</ele>
      </trkpt>
      <trkpt lat="44.24787" lon="-91.85009">
        <ele>210.3</ele>
      </trkpt>
      <trkpt lat="44.24862" lon="-91.85052">
        <ele>209.8</ele>
      </trkpt>
      <trkpt lat="44.24938" lon="-91.85094">
        <ele>210.3</ele>
      </trkpt>
      <trkpt lat="44.25013" lon="-91.85137">
        <ele>209.5</ele>
      </trkpt>
      <trkpt lat="44.25088" lon="-91.85179">
        <ele>209.4</ele>
      </trkpt>
      <trkpt lat="44.25164" lon="-91.85221">
        <ele>208.5</ele>
      </trkpt>
      <trkpt lat="44.25181" lon="-91.85231">
        <ele>208.3</ele>
      </trkpt>
      <trkpt lat="44.25258" lon="-91.85275">
        <ele>207.5</ele>
      </trkpt>
      <trkpt lat="44.25336" lon="-91.85318">
        <ele>207.5</ele>
      </trkpt>
      <trkpt lat="44.25414" lon="-91.85362">
        <ele>207.4</ele>
      </trkpt>
      <trkpt lat="44.2548" lon="-91.85401">
        <ele>207.5</ele>
      </trkpt>
      <trkpt lat="44.25547" lon="-91.85441">
        <ele>207.6</ele>
      </trkpt>
      <trkpt lat="44.25614" lon="-91.8548">
        <ele>207.4</ele>
      </trkpt>
      <trkpt lat="44.25674" lon="-91.8553">
        <ele>207.3</ele>
      </trkpt>
      <trkpt lat="44.25735" lon="-91.8558">
        <ele>207.2</ele>
      </trkpt>
      <trkpt lat="44.25796" lon="-91.85631">
        <ele>207.3</ele>
      </trkpt>
      <trkpt lat="44.25834" lon="-91.8567">
        <ele>206.6</ele>
      </trkpt>
      <trkpt lat="44.25872" lon="-91.85709">
        <ele>205.4</ele>
      </trkpt>
      <trkpt lat="44.25901" lon="-91.85741">
        <ele>206.1</ele>
      </trkpt>
      <trkpt lat="44.25949" lon="-91.85801">
        <ele>206.8</ele>
      </trkpt>
      <trkpt lat="44.25998" lon="-91.85861">
        <ele>207.6</ele>
      </trkpt>
      <trkpt lat="44.26038" lon="-91.85919">
        <ele>207.6</ele>
      </trkpt>
      <trkpt lat="44.26078" lon="-91.85977">
        <ele>208.0</ele>
      </trkpt>
      <trkpt lat="44.26134" lon="-91.86069">
        <ele>207.5</ele>
      </trkpt>
      <trkpt lat="44.26191" lon="-91.86162">
        <ele>207.3</ele>
      </trkpt>
      <trkpt lat="44.26247" lon="-91.86255">
        <ele>207.2</ele>
      </trkpt>
      <trkpt lat="44.26304" lon="-91.86347">
        <ele>207.5</ele>
      </trkpt>
      <trkpt lat="44.2636" lon="-91.8644">
        <ele>206.7</ele>
      </trkpt>
      <trkpt lat="44.26417" lon="-91.86533">
        <ele>207.1</ele>
      </trkpt>
      <trkpt lat="44.26473" lon="-91.86625">
        <ele>206.9</ele>
      </trkpt>
      <trkpt lat="44.26529" lon="-91.86718">
        <ele>206.9</ele>
      </trkpt>
      <trkpt lat="44.26586" lon="-91.86811">
        <ele>206.8</ele>
      </trkpt>
      <trkpt lat="44.26642" lon="-91.86903">
        <ele>205.8</ele>
      </trkpt>
      <trkpt lat="44.26699" lon="-91.86996">
        <ele>206.7</ele>
      </trkpt>
      <trkpt lat="44.26755" lon="-91.87089">
        <ele>206.7</ele>
      </trkpt>
      <trkpt lat="44.26806" lon="-91.87172">
        <ele>207.0</ele>
      </trkpt>
      <trkpt lat="44.26856" lon="-91.87255">
        <ele>207.1</ele>
      </trkpt>
      <trkpt lat="44.26906" lon="-91.87338">
        <ele>206.9</ele>
      </trkpt>
      <trkpt lat="44.26957" lon="-91.87421">
        <ele>207.1</ele>
      </trkpt>
      <trkpt lat="44.27007" lon="-91.87505">
        <ele>207.1</ele>
      </trkpt>
      <trkpt lat="44.27032" lon="-91.87542">
        <ele>206.5</ele>
      </trkpt>
      <trkpt lat="44.27084" lon="-91.87618">
        <ele>207.2</ele>
      </trkpt>
      <trkpt lat="44.27123" lon="-91.87671">
        <ele>207.0</ele>
      </trkpt>
      <trkpt lat="44.27188" lon="-91.87755">
        <ele>206.1</ele>
      </trkpt>
      <trkpt lat="44.27226" lon="-91.87799">
        <ele>206.4</ele>
      </trkpt>
      <trkpt lat="44.27264" lon="-91.87843">
        <ele>206.1</ele>
      </trkpt>
      <trkpt lat="44.2729" lon="-91.87872">
        <ele>206.2</ele>
      </trkpt>
      <trkpt lat="44.27341" lon="-91.87923">
        <ele>206.0</ele>
      </trkpt>
      <trkpt lat="44.27391" lon="-91.87975">
        <ele>205.8</ele>
      </trkpt>
      <trkpt lat="44.27454" lon="-91.88038">
        <ele>205.1</ele>
      </trkpt>
      <trkpt lat="44.27516" lon="-91.881">
        <ele>205.7</ele>
      </trkpt>
      <trkpt lat="44.2758" lon="-91.88169">
        <ele>206.2</ele>
      </trkpt>
      <trkpt lat="44.27616" lon="-91.88209">
        <ele>205.7</ele>
      </trkpt>
      <trkpt lat="44.27651" lon="-91.88249">
        <ele>205.3</ele>
      </trkpt>
      <trkpt lat="44.27701" lon="-91.88309">
        <ele>205.2</ele>
      </trkpt>
      <trkpt lat="44.27751" lon="-91.88369">
        <ele>205.1</ele>
      </trkpt>
      <trkpt lat="44.27793" lon="-91.88422">
        <ele>204.8</ele>
      </trkpt>
      <trkpt lat="44.27826" lon="-91.88466">
        <ele>204.9</ele>
      </trkpt>
      <trkpt lat="44.27859" lon="-91.8851">
        <ele>205.7</ele>
      </trkpt>
      <trkpt lat="44.27902" lon="-91.88571">
        <ele>207.8</ele>
      </trkpt>
      <trkpt lat="44.2796" lon="-91.88658">
        <ele>210.7</ele>
      </trkpt>
      <trkpt lat="44.28019" lon="-91.88746">
        <ele>211.3</ele>
      </trkpt>
      <trkpt lat="44.28077" lon="-91.88833">
        <ele>210.8</ele>
      </trkpt>
      <trkpt lat="44.28136" lon="-91.8892">
        <ele>210.8</ele>
      </trkpt>
      <trkpt lat="44.28194" lon="-91.89007">
        <ele>210.6</ele>
      </trkpt>
      <trkpt lat="44.28253" lon="-91.89095">
        <ele>211.1</ele>
      </trkpt>
      <trkpt lat="44.28311" lon="-91.89182">
        <ele>209.6</ele>
      </trkpt>
      <trkpt lat="44.28369" lon="-91.89269">
        <ele>207.5</ele>
      </trkpt>
      <trkpt lat="44.28428" lon="-91.89356">
        <ele>206.0</ele>
      </trkpt>
      <trkpt lat="44.2849" lon="-91.89446">
        <ele>205.6</ele>
      </trkpt>
      <trkpt lat="44.28516" lon="-91.89483">
        <ele>205.7</ele>
      </trkpt>
      <trkpt lat="44.28553" lon="-91.89533">
        <ele>205.7</ele>
      </trkpt>
      <trkpt lat="44.28591" lon="-91.89582">
        <ele>205.7</ele>
      </trkpt>
      <trkpt lat="44.28629" lon="-91.89631">
        <ele>205.4</ele>
      </trkpt>
      <trkpt lat="44.2868" lon="-91.89695">
        <ele>205.5</ele>
      </trkpt>
      <trkpt lat="44.28736" lon="-91.89762">
        <ele>205.7</ele>
      </trkpt>
      <trkpt lat="44.28791" lon="-91.89828">
        <ele>205.9</ele>
      </trkpt>
      <trkpt lat="44.28847" lon="-91.89894">
        <ele>206.4</ele>
      </trkpt>
      <trkpt lat="44.28903" lon="-91.89961">
        <ele>207.8</ele>
      </trkpt>
      <trkpt lat="44.28959" lon="-91.90027">
        <ele>209.7</ele>
      </trkpt>
      <trkpt lat="44.28995" lon="-91.90068">
        <ele>210.4</ele>
      </trkpt>
      <trkpt lat="44.29031" lon="-91.90109">
        <ele>210.7</ele>
      </trkpt>
      <trkpt lat="44.29068" lon="-91.90146">
        <ele>211.1</ele>
      </trkpt>
      <trkpt lat="44.29105" lon="-91.90184">
        <ele>210.3</ele>
      </trkpt>
      <trkpt lat="44.29172" lon="-91.90246">
        <ele>211.4</ele>
      </trkpt>
      <trkpt lat="44.2924" lon="-91.90303">
        <ele>210.4</ele>
      </trkpt>
      <trkpt lat="44.29275" lon="-91.90331">
        <ele>210.7</ele>
      </trkpt>
      <trkpt lat="44.29309" lon="-91.90356">
        <ele>211.4</ele>
      </trkpt>
      <trkpt lat="44.29367" lon="-91.90398">
        <ele>211.4</ele>
      </trkpt>
      <trkpt lat="44.29426" lon="-91.9044">
        <ele>211.0</ele>
      </trkpt>
      <trkpt lat="44.29479" lon="-91.90476">
        <ele>211.1</ele>
      </trkpt>
      <trkpt lat="44.29531" lon="-91.90512">
        <ele>211.0</ele>
      </trkpt>
      <trkpt lat="44.29607" lon="-91.90565">
        <ele>209.9</ele>
      </trkpt>
      <trkpt lat="44.29682" lon="-91.90617">
        <ele>216.6</ele>
      </trkpt>
      <trkpt lat="44.29757" lon="-91.90669">
        <ele>217.4</ele>
      </trkpt>
      <trkpt lat="44.29799" lon="-91.90695">
        <ele>216.4</ele>
      </trkpt>
      <trkpt lat="44.29829" lon="-91.90712">
        <ele>217.8</ele>
      </trkpt>
      <trkpt lat="44.29882" lon="-91.90737">
        <ele>217.7</ele>
      </trkpt>
      <trkpt lat="44.29947" lon="-91.90763">
        <ele>216.7</ele>
      </trkpt>
      <trkpt lat="44.30022" lon="-91.90784">
        <ele>222.4</ele>
      </trkpt>
      <trkpt lat="44.30101" lon="-91.90799">
        <ele>222.8</ele>
      </trkpt>
      <trkpt lat="44.30189" lon="-91.90815">
        <ele>223.3</ele>
      </trkpt>
      <trkpt lat="44.30276" lon="-91.90831">
        <ele>222.8</ele>
      </trkpt>
      <trkpt lat="44.30364" lon="-91.90847">
        <ele>223.5</ele>
      </trkpt>
      <trkpt lat="44.30451" lon="-91.90863">
        <ele>221.0</ele>
      </trkpt>
      <trkpt lat="44.30538" lon="-91.90879">
        <ele>219.7</ele>
      </trkpt>
      <trkpt lat="44.30626" lon="-91.90895">
        <ele>216.9</ele>
      </trkpt>
      <trkpt lat="44.30713" lon="-91.9091">
        <ele>215.9</ele>
      </trkpt>
      <trkpt lat="44.308" lon="-91.90926">
        <ele>210.8</ele>
      </trkpt>
      <trkpt lat="44.30888" lon="-91.90942">
        <ele>210.8</ele>
      </trkpt>
      <trkpt lat="44.30933" lon="-91.90948">
        <ele>208.7</ele>
      </trkpt>
      <trkpt lat="44.30986" lon="-91.90959">
        <ele>208.9</ele>
      </trkpt>
      <trkpt lat="44.31039" lon="-91.9097">
        <ele>207.0</ele>
      </trkpt>
      <trkpt lat="44.31077" lon="-91.9098">
        <ele>206.7</ele>
      </trkpt>
      <trkpt lat="44.31104" lon="-91.90992">
        <ele>206.3</ele>
      </trkpt>
      <trkpt lat="44.31131" lon="-91.91006">
        <ele>206.6</ele>
      </trkpt>
      <trkpt lat="44.31184" lon="-91.91039">
        <ele>205.8</ele>
      </trkpt>
      <trkpt lat="44.31252" lon="-91.91083">
        <ele>206.7</ele>
      </trkpt>
      <trkpt lat="44.3132" lon="-91.91127">
        <ele>206.1</ele>
      </trkpt>
      <trkpt lat="44.3137" lon="-91.91156">
        <ele>206.8</ele>
      </trkpt>
      <trkpt lat="44.31412" lon="-91.91179">
        <ele>207.0</ele>
      </trkpt>
      <trkpt lat="44.31486" lon="-91.91216">
        <ele>206.0</ele>
      </trkpt>
      <trkpt lat="44.3156" lon="-91.91252">
        <ele>205.7</ele>
      </trkpt>
      <trkpt lat="44.31625" lon="-91.91289">
        <ele>206.2</ele>
      </trkpt>
      <trkpt lat="44.3169" lon="-91.91327">
        <ele>205.5</ele>
      </trkpt>
      <trkpt lat="44.31751" lon="-91.91358">
        <ele>205.2</ele>
      </trkpt>
      <trkpt lat="44.31812" lon="-91.9139">
        <ele>205.8</ele>
      </trkpt>
      <trkpt lat="44.31873" lon="-91.91421">
        <ele>206.6</ele>
      </trkpt>
      <trkpt lat="44.31952" lon="-91.91461">
        <ele>205.6</ele>
      </trkpt>
      <trkpt lat="44.31994" lon="-91.91479">
        <ele>205.9</ele>
      </trkpt>
      <trkpt lat="44.32045" lon="-91.91489">
        <ele>208.2</ele>
      </trkpt>
      <trkpt lat="44.32097" lon="-91.915">
        <ele>211.6</ele>
      </trkpt>
      <trkpt lat="44.3211" lon="-91.91505">
        <ele>211.8</ele>
      </trkpt>
      <trkpt lat="44.32124" lon="-91.91512">
        <ele>211.9</ele>
      </trkpt>
      <trkpt lat="44.32198" lon="-91.91562">
        <ele>210.3</ele>
      </trkpt>
      <trkpt lat="44.32272" lon="-91.91611">
        <ele>207.6</ele>
      </trkpt>
      <trkpt lat="44.32349" lon="-91.91663">
        <ele>206.4</ele>
      </trkpt>
      <trkpt lat="44.32426" lon="-91.91715">
        <ele>207.1</ele>
      </trkpt>
      <trkpt lat="44.32505" lon="-91.91764">
        <ele>208.3</ele>
      </trkpt>
      <trkpt lat="44.32584" lon="-91.91814">
        <ele>207.8</ele>
      </trkpt>
      <trkpt lat="44.32662" lon="-91.91863">
        <ele>209.1</ele>
      </trkpt>
      <trkpt lat="44.32741" lon="-91.91912">
        <ele>208.4</ele>
      </trkpt>
      <trkpt lat="44.3282" lon="-91.91961">
        <ele>206.1</ele>
      </trkpt>
      <trkpt lat="44.32899" lon="-91.9201">
        <ele>206.3</ele>
      </trkpt>
      <trkpt lat="44.32943" lon="-91.92042">
        <ele>206.8</ele>
      </trkpt>
      <trkpt lat="44.33007" lon="-91.92088">
        <ele>208.1</ele>
      </trkpt>
      <trkpt lat="44.33071" lon="-91.92135">
        <ele>208.5</ele>
      </trkpt>
      <trkpt lat="44.33135" lon="-91.92182">
        <ele>209.6</ele>
      </trkpt>
      <trkpt lat="44.33199" lon="-91.92229">
        <ele>211.3</ele>
      </trkpt>
      <trkpt lat="44.33273" lon="-91.92283">
        <ele>210.0</ele>
      </trkpt>
      <trkpt lat="44.33347" lon="-91.92336">
        <ele>210.3</ele>
      </trkpt>
      <trkpt lat="44.33421" lon="-91.9239">
        <ele>210.3</ele>
      </trkpt>
      <trkpt lat="44.33494" lon="-91.92444">
        <ele>209.9</ele>
      </trkpt>
      <trkpt lat="44.33526" lon="-91.92464">
        <ele>210.2</ele>
      </trkpt>
      <trkpt lat="44.33552" lon="-91.92479">
        <ele>209.1</ele>
      </trkpt>
      <trkpt lat="44.33581" lon="-91.92492">
        <ele>208.3</ele>
      </trkpt>
      <trkpt lat="44.33612" lon="-91.92504">
        <ele>207.3</ele>
      </trkpt>
      <trkpt lat="44.33651" lon="-91.92517">
        <ele>207.4</ele>
      </trkpt>
      <trkpt lat="44.33689" lon="-91.92527">
        <ele>207.1</ele>
      </trkpt>
      <trkpt lat="44.33721" lon="-91.92532">
        <ele>207.0</ele>
      </trkpt>
      <trkpt lat="44.33747" lon="-91.92536">
        <ele>206.6</ele>
      </trkpt>
      <trkpt lat="44.33773" lon="-91.92536">
        <ele>206.7</ele>
      </trkpt>
      <trkpt lat="44.33799" lon="-91.92536">
        <ele>206.4</ele>
      </trkpt>
      <trkpt lat="44.33825" lon="-91.92533">
        <ele>206.5</ele>
      </trkpt>
      <trkpt lat="44.33903" lon="-91.9252">
        <ele>206.0</ele>
      </trkpt>
      <trkpt lat="44.33981" lon="-91.92507">
        <ele>205.9</ele>
      </trkpt>
      <trkpt lat="44.34059" lon="-91.92494">
        <ele>205.9</ele>
      </trkpt>
      <trkpt lat="44.34108" lon="-91.92488">
        <ele>206.0</ele>
      </trkpt>
      <trkpt lat="44.34141" lon="-91.92485">
        <ele>206.1</ele>
      </trkpt>
      <trkpt lat="44.34172" lon="-91.92484">
        <ele>206.6</ele>
      </trkpt>
      <trkpt lat="44.34204" lon="-91.92484">
        <ele>206.6</ele>
      </trkpt>
      <trkpt lat="44.34273" lon="-91.92491">
        <ele>206.2</ele>
      </trkpt>
      <trkpt lat="44.34341" lon="-91.92497">
        <ele>206.6</ele>
      </trkpt>
      <trkpt lat="44.34409" lon="-91.92504">
        <ele>206.6</ele>
      </trkpt>
      <trkpt lat="44.34477" lon="-91.92511">
        <ele>207.3</ele>
      </trkpt>
      <trkpt lat="44.34525" lon="-91.9252">
        <ele>206.5</ele>
      </trkpt>
      <trkpt lat="44.34571" lon="-91.9253">
        <ele>206.2</ele>
      </trkpt>
      <trkpt lat="44.34617" lon="-91.92546">
        <ele>206.1</ele>
      </trkpt>
      <trkpt lat="44.34662" lon="-91.92565">
        <ele>205.4</ele>
      </trkpt>
      <trkpt lat="44.34695" lon="-91.92581">
        <ele>205.0</ele>
      </trkpt>
      <trkpt lat="44.3472" lon="-91.92596">
        <ele>204.2</ele>
      </trkpt>
      <trkpt lat="44.34779" lon="-91.92636">
        <ele>204.2</ele>
      </trkpt>
      <trkpt lat="44.34831" lon="-91.92674">
        <ele>204.4</ele>
      </trkpt>
      <trkpt lat="44.34886" lon="-91.92722">
        <ele>204.4</ele>
      </trkpt>
      <trkpt lat="44.34941" lon="-91.9277">
        <ele>204.0</ele>
      </trkpt>
      <trkpt lat="44.35009" lon="-91.92828">
        <ele>206.2</ele>
      </trkpt>
      <trkpt lat="44.35077" lon="-91.92886">
        <ele>206.5</ele>
      </trkpt>
      <trkpt lat="44.35135" lon="-91.92935">
        <ele>206.9</ele>
      </trkpt>
      <trkpt lat="44.35193" lon="-91.92983">
        <ele>207.2</ele>
      </trkpt>
      <trkpt lat="44.35241" lon="-91.93026">
        <ele>207.5</ele>
      </trkpt>
      <trkpt lat="44.3529" lon="-91.9307">
        <ele>206.4</ele>
      </trkpt>
      <trkpt lat="44.35327" lon="-91.93105">
        <ele>204.5</ele>
      </trkpt>
      <trkpt lat="44.3536" lon="-91.93139">
        <ele>204.3</ele>
      </trkpt>
      <trkpt lat="44.35394" lon="-91.93177">
        <ele>204.3</ele>
      </trkpt>
      <trkpt lat="44.3542" lon="-91.93208">
        <ele>204.2</ele>
      </trkpt>
      <trkpt lat="44.35446" lon="-91.93242">
        <ele>204.2</ele>
      </trkpt>
      <trkpt lat="44.35469" lon="-91.93274">
        <ele>204.2</ele>
      </trkpt>
      <trkpt lat="44.35509" lon="-91.93333">
        <ele>204.2</ele>
      </trkpt>
      <trkpt lat="44.35547" lon="-91.93396">
        <ele>204.3</ele>
      </trkpt>
      <trkpt lat="44.35594" lon="-91.93485">
        <ele>204.4</ele>
      </trkpt>
      <trkpt lat="44.35626" lon="-91.93548">
        <ele>204.9</ele>
      </trkpt>
      <trkpt lat="44.35658" lon="-91.93612">
        <ele>208.1</ele>
      </trkpt>
      <trkpt lat="44.35698" lon="-91.93689">
        <ele>207.7</ele>
      </trkpt>
      <trkpt lat="44.35737" lon="-91.93766">
        <ele>206.3</ele>
      </trkpt>
      <trkpt lat="44.35763" lon="-91.93811">
        <ele>206.3</ele>
      </trkpt>
      <trkpt lat="44.3579" lon="-91.93854">
        <ele>206.4</ele>
      </trkpt>
      <trkpt lat="44.35817" lon="-91.93894">
        <ele>206.1</ele>
      </trkpt>
      <trkpt lat="44.35842" lon="-91.93928">
        <ele>205.8</ele>
      </trkpt>
      <trkpt lat="44.35873" lon="-91.93966">
        <ele>205.7</ele>
      </trkpt>
      <trkpt lat="44.35911" lon="-91.94007">
        <ele>205.3</ele>
      </trkpt>
      <trkpt lat="44.35961" lon="-91.94058">
        <ele>205.6</ele>
      </trkpt>
      <trkpt lat="44.36011" lon="-91.94109">
        <ele>205.9</ele>
      </trkpt>
      <trkpt lat="44.36061" lon="-91.94159">
        <ele>205.8</ele>
      </trkpt>
      <trkpt lat="44.361" lon="-91.942">
        <ele>206.3</ele>
      </trkpt>
      <trkpt lat="44.36142" lon="-91.94246">
        <ele>206.2</ele>
      </trkpt>
      <trkpt lat="44.36177" lon="-91.94289">
        <ele>206.0</ele>
      </trkpt>
      <trkpt lat="44.36213" lon="-91.94332">
        <ele>206.5</ele>
      </trkpt>
      <trkpt lat="44.36244" lon="-91.94373">
        <ele>206.4</ele>
      </trkpt>
      <trkpt lat="44.36286" lon="-91.94432">
        <ele>206.2</ele>
      </trkpt>
      <trkpt lat="44.36329" lon="-91.94491">
        <ele>207.2</ele>
      </trkpt>
      <trkpt lat="44.36363" lon="-91.94538">
        <ele>207.2</ele>
      </trkpt>
      <trkpt lat="44.36398" lon="-91.94586">
        <ele>207.3</ele>
      </trkpt>
      <trkpt lat="44.36442" lon="-91.94646">
        <ele>217.4</ele>
      </trkpt>
      <trkpt lat="44.36486" lon="-91.94705">
        <ele>218.9</ele>
      </trkpt>
      <trkpt lat="44.36531" lon="-91.94765">
        <ele>220.3</ele>
      </trkpt>
      <trkpt lat="44.36583" lon="-91.94837">
        <ele>220.6</ele>
      </trkpt>
      <trkpt lat="44.36636" lon="-91.94909">
        <ele>220.7</ele>
      </trkpt>
      <trkpt lat="44.36688" lon="-91.94981">
        <ele>221.4</ele>
      </trkpt>
      <trkpt lat="44.36741" lon="-91.95053">
        <ele>223.0</ele>
      </trkpt>
      <trkpt lat="44.36798" lon="-91.9513">
        <ele>224.9</ele>
      </trkpt>
      <trkpt lat="44.36855" lon="-91.95207">
        <ele>226.4</ele>
      </trkpt>
      <trkpt lat="44.36889" lon="-91.95251">
        <ele>227.4</ele>
      </trkpt>
      <trkpt lat="44.36926" lon="-91.95304">
        <ele>224.5</ele>
      </trkpt>
      <trkpt lat="44.36986" lon="-91.95381">
        <ele>226.2</ele>
      </trkpt>
      <trkpt lat="44.37033" lon="-91.95437">
        <ele>225.4</ele>
      </trkpt>
      <trkpt lat="44.37082" lon="-91.95489">
        <ele>227.6</ele>
      </trkpt>
      <trkpt lat="44.37133" lon="-91.95541">
        <ele>229.1</ele>
      </trkpt>
      <trkpt lat="44.37198" lon="-91.95603">
        <ele>229.5</ele>
      </trkpt>
      <trkpt lat="44.37263" lon="-91.95665">
        <ele>231.9</ele>
      </trkpt>
      <trkpt lat="44.37328" lon="-91.95727">
        <ele>231.7</ele>
      </trkpt>
      <trkpt lat="44.37365" lon="-91.95766">
        <ele>230.1</ele>
      </trkpt>
      <trkpt lat="44.37414" lon="-91.95816">
        <ele>226.2</ele>
      </trkpt>
      <trkpt lat="44.37485" lon="-91.95881">
        <ele>224.6</ele>
      </trkpt>
      <trkpt lat="44.37539" lon="-91.95927">
        <ele>223.1</ele>
      </trkpt>
      <trkpt lat="44.37593" lon="-91.95972">
        <ele>218.6</ele>
      </trkpt>
      <trkpt lat="44.37668" lon="-91.96032">
        <ele>217.5</ele>
      </trkpt>
      <trkpt lat="44.37743" lon="-91.96091">
        <ele>217.3</ele>
      </trkpt>
      <trkpt lat="44.37817" lon="-91.9615">
        <ele>215.7</ele>
      </trkpt>
      <trkpt lat="44.37892" lon="-91.96209">
        <ele>211.7</ele>
      </trkpt>
      <trkpt lat="44.37967" lon="-91.96268">
        <ele>211.8</ele>
      </trkpt>
      <trkpt lat="44.38041" lon="-91.96328">
        <ele>215.2</ele>
      </trkpt>
      <trkpt lat="44.38116" lon="-91.96385">
        <ele>215.4</ele>
      </trkpt>
      <trkpt lat="44.38189" lon="-91.96439">
        <ele>216.4</ele>
      </trkpt>
      <trkpt lat="44.38232" lon="-91.96469">
        <ele>215.6</ele>
      </trkpt>
      <trkpt lat="44.38272" lon="-91.96493">
        <ele>214.1</ele>
      </trkpt>
      <trkpt lat="44.38314" lon="-91.96516">
        <ele>210.8</ele>
      </trkpt>
      <trkpt lat="44.38356" lon="-91.9654">
        <ele>210.5</ele>
      </trkpt>
      <trkpt lat="44.38399" lon="-91.96562">
        <ele>210.5</ele>
      </trkpt>
      <trkpt lat="44.38443" lon="-91.96584">
        <ele>209.7</ele>
      </trkpt>
      <trkpt lat="44.38512" lon="-91.96617">
        <ele>211.4</ele>
      </trkpt>
      <trkpt lat="44.38581" lon="-91.9665">
        <ele>210.9</ele>
      </trkpt>
      <trkpt lat="44.38649" lon="-91.96684">
        <ele>214.9</ele>
      </trkpt>
      <trkpt lat="44.38718" lon="-91.96717">
        <ele>215.8</ele>
      </trkpt>
      <trkpt lat="44.38787" lon="-91.9675">
        <ele>216.7</ele>
      </trkpt>
      <trkpt lat="44.3885" lon="-91.96789">
        <ele>217.3</ele>
      </trkpt>
      <trkpt lat="44.38891" lon="-91.96819">
        <ele>216.9</ele>
      </trkpt>
      <trkpt lat="44.38951" lon="-91.96869">
        <ele>215.5</ele>
      </trkpt>
      <trkpt lat="44.39007" lon="-91.96924">
        <ele>214.0</ele>
      </trkpt>
      <trkpt lat="44.39064" lon="-91.96978">
        <ele>212.0</ele>
      </trkpt>
      <trkpt lat="44.39115" lon="-91.97025">
        <ele>208.8</ele>
      </trkpt>
      <trkpt lat="44.39166" lon="-91.97072">
        <ele>208.2</ele>
      </trkpt>
      <trkpt lat="44.39177" lon="-91.97082">
        <ele>208.0</ele>
      </trkpt>
      <trkpt lat="44.39234" lon="-91.97137">
        <ele>207.4</ele>
      </trkpt>
      <trkpt lat="44.39291" lon="-91.97192">
        <ele>209.6</ele>
      </trkpt>
      <trkpt lat="44.39348" lon="-91.97247">
        <ele>213.7</ele>
      </trkpt>
      <trkpt lat="44.39405" lon="-91.97302">
        <ele>217.1</ele>
      </trkpt>
      <trkpt lat="44.39442" lon="-91.97345">
        <ele>218.8</ele>
      </trkpt>
      <trkpt lat="44.3948" lon="-91.97389">
        <ele>220.2</ele>
      </trkpt>
      <trkpt lat="44.3949" lon="-91.97406">
        <ele>220.3</ele>
      </trkpt>
      <trkpt lat="44.39537" lon="-91.9748">
        <ele>221.2</ele>
      </trkpt>
      <trkpt lat="44.39583" lon="-91.97555">
        <ele>221.0</ele>
      </trkpt>
      <trkpt lat="44.3963" lon="-91.97628">
        <ele>221.4</ele>
      </trkpt>
      <trkpt lat="44.39677" lon="-91.97701">
        <ele>222.4</ele>
      </trkpt>
      <trkpt lat="44.39723" lon="-91.97773">
        <ele>223.1</ele>
      </trkpt>
      <trkpt lat="44.3977" lon="-91.97846">
        <ele>227.3</ele>
      </trkpt>
      <trkpt lat="44.39806" lon="-91.97901">
        <ele>227.5</ele>
      </trkpt>
      <trkpt lat="44.39833" lon="-91.97939">
        <ele>228.3</ele>
      </trkpt>
      <trkpt lat="44.39861" lon="-91.97971">
        <ele>229.0</ele>
      </trkpt>
      <trkpt lat="44.39908" lon="-91.98017">
        <ele>230.1</ele>
      </trkpt>
      <trkpt lat="44.39951" lon="-91.98052">
        <ele>231.3</ele>
      </trkpt>
      <trkpt lat="44.39986" lon="-91.98075">
        <ele>230.8</ele>
      </trkpt>
      <trkpt lat="44.40022" lon="-91.98093">
        <ele>230.9</ele>
      </trkpt>
      <trkpt lat="44.40089" lon="-91.98119">
        <ele>230.3</ele>
      </trkpt>
      <trkpt lat="44.40155" lon="-91.98146">
        <ele>229.7</ele>
      </trkpt>
      <trkpt lat="44.40221" lon="-91.98172">
        <ele>230.0</ele>
      </trkpt>
      <trkpt lat="44.40263" lon="-91.98191">
        <ele>230.8</ele>
      </trkpt>
      <trkpt lat="44.40319" lon="-91.98214">
        <ele>229.9</ele>
      </trkpt>
      <trkpt lat="44.40376" lon="-91.98237">
        <ele>230.9</ele>
      </trkpt>
      <trkpt lat="44.40401" lon="-91.98251">
        <ele>230.2</ele>
      </trkpt>
      <trkpt lat="44.40421" lon="-91.98265">
        <ele>230.3</ele>
      </trkpt>
      <trkpt lat="44.40466" lon="-91.98304">
        <ele>230.2</ele>
      </trkpt>
      <trkpt lat="44.40488" lon="-91.98328">
        <ele>229.8</ele>
      </trkpt>
      <trkpt lat="44.40507" lon="-91.98352">
        <ele>229.9</ele>
      </trkpt>
      <trkpt lat="44.40527" lon="-91.98385">
        <ele>228.5</ele>
      </trkpt>
      <trkpt lat="44.40544" lon="-91.98415">
        <ele>226.6</ele>
      </trkpt>
      <trkpt lat="44.40561" lon="-91.98449">
        <ele>230.2</ele>
      </trkpt>
      <trkpt lat="44.40602" lon="-91.98534">
        <ele>236.0</ele>
      </trkpt>
      <trkpt lat="44.40642" lon="-91.9862">
        <ele>239.3</ele>
      </trkpt>
      <trkpt lat="44.40683" lon="-91.98706">
        <ele>237.6</ele>
      </trkpt>
      <trkpt lat="44.40724" lon="-91.98791">
        <ele>231.8</ele>
      </trkpt>
      <trkpt lat="44.40763" lon="-91.98859">
        <ele>231.2</ele>
      </trkpt>
      <trkpt lat="44.40793" lon="-91.98899">
        <ele>230.6</ele>
      </trkpt>
      <trkpt lat="44.40841" lon="-91.98948">
        <ele>230.2</ele>
      </trkpt>
      <trkpt lat="44.40918" lon="-91.99004">
        <ele>232.2</ele>
      </trkpt>
      <trkpt lat="44.40995" lon="-91.9906">
        <ele>229.5</ele>
      </trkpt>
      <trkpt lat="44.41072" lon="-91.99116">
        <ele>229.3</ele>
      </trkpt>
      <trkpt lat="44.41129" lon="-91.99174">
        <ele>225.2</ele>
      </trkpt>
      <trkpt lat="44.41164" lon="-91.99213">
        <ele>223.0</ele>
      </trkpt>
      <trkpt lat="44.41197" lon="-91.99259">
        <ele>222.4</ele>
      </trkpt>
      <trkpt lat="44.41216" lon="-91.99289">
        <ele>226.8</ele>
      </trkpt>
      <trkpt lat="44.41253" lon="-91.99357">
        <ele>227.2</ele>
      </trkpt>
      <trkpt lat="44.41272" lon="-91.99399">
        <ele>227.2</ele>
      </trkpt>
      <trkpt lat="44.4129" lon="-91.99442">
        <ele>227.2</ele>
      </trkpt>
      <trkpt lat="44.41306" lon="-91.99488">
        <ele>225.3</ele>
      </trkpt>
      <trkpt lat="44.41316" lon="-91.99521">
        <ele>224.2</ele>
      </trkpt>
      <trkpt lat="44.41327" lon="-91.99559">
        <ele>224.3</ele>
      </trkpt>
      <trkpt lat="44.4134" lon="-91.99612">
        <ele>222.5</ele>
      </trkpt>
      <trkpt lat="44.41359" lon="-91.99698">
        <ele>218.9</ele>
      </trkpt>
      <trkpt lat="44.41379" lon="-91.99783">
        <ele>215.8</ele>
      </trkpt>
      <trkpt lat="44.41389" lon="-91.99826">
        <ele>213.1</ele>
      </trkpt>
      <trkpt lat="44.41403" lon="-91.99869">
        <ele>212.3</ele>
      </trkpt>
      <trkpt lat="44.41416" lon="-91.99906">
        <ele>211.4</ele>
      </trkpt>
      <trkpt lat="44.41431" lon="-91.99944">
        <ele>210.0</ele>
      </trkpt>
      <trkpt lat="44.41462" lon="-92.00005">
        <ele>210.7</ele>
      </trkpt>
      <trkpt lat="44.41519" lon="-92.00095">
        <ele>210.9</ele>
      </trkpt>
      <trkpt lat="44.41554" lon="-92.00147">
        <ele>211.0</ele>
      </trkpt>
      <trkpt lat="44.41588" lon="-92.002">
        <ele>210.7</ele>
      </trkpt>
      <trkpt lat="44.41623" lon="-92.00253">
        <ele>210.3</ele>
      </trkpt>
      <trkpt lat="44.41659" lon="-92.00305">
        <ele>210.0</ele>
      </trkpt>
      <trkpt lat="44.41694" lon="-92.00357">
        <ele>209.6</ele>
      </trkpt>
      <trkpt lat="44.4173" lon="-92.00407">
        <ele>209.2</ele>
      </trkpt>
      <trkpt lat="44.41766" lon="-92.00457">
        <ele>208.8</ele>
      </trkpt>
      <trkpt lat="44.41813" lon="-92.00525">
        <ele>208.1</ele>
      </trkpt>
      <trkpt lat="44.41861" lon="-92.00593">
        <ele>208.1</ele>
      </trkpt>
      <trkpt lat="44.41908" lon="-92.0066">
        <ele>208.6</ele>
      </trkpt>
      <trkpt lat="44.41952" lon="-92.00725">
        <ele>208.9</ele>
      </trkpt>
      <trkpt lat="44.41996" lon="-92.0079">
        <ele>209.3</ele>
      </trkpt>
      <trkpt lat="44.42005" lon="-92.00805">
        <ele>209.4</ele>
      </trkpt>
      <trkpt lat="44.42011" lon="-92.00826">
        <ele>209.3</ele>
      </trkpt>
      <trkpt lat="44.42013" lon="-92.00855">
        <ele>209.0</ele>
      </trkpt>
      <trkpt lat="44.42013" lon="-92.00886">
        <ele>208.6</ele>
      </trkpt>
      <trkpt lat="44.41963" lon="-92.00886">
        <ele>207.8</ele>
      </trkpt>
      <trkpt lat="44.41913" lon="-92.00886">
        <ele>207.6</ele>
      </trkpt>
      <trkpt lat="44.41902" lon="-92.00887">
        <ele>207.3</ele>
      </trkpt>
      <trkpt lat="44.41879" lon="-92.00892">
        <ele>206.5</ele>
      </trkpt>
      <trkpt lat="44.41866" lon="-92.00895">
        <ele>206.4</ele>
      </trkpt>
      <trkpt lat="44.41852" lon="-92.00901">
        <ele>206.9</ele>
      </trkpt>
      <trkpt lat="44.41833" lon="-92.0091">
        <ele>207.6</ele>
      </trkpt>
      <trkpt lat="44.41794" lon="-92.00936">
        <ele>204.9</ele>
      </trkpt>
      <trkpt lat="44.41723" lon="-92.00985">
        <ele>204.1</ele>
      </trkpt>
      <trkpt lat="44.41652" lon="-92.01035">
        <ele>204.0</ele>
      </trkpt>
      <trkpt lat="44.41581" lon="-92.01084">
        <ele>204.0</ele>
      </trkpt>
      <trkpt lat="44.41511" lon="-92.01134">
        <ele>204.0</ele>
      </trkpt>
      <trkpt lat="44.4147" lon="-92.0116">
        <ele>204.1</ele>
      </trkpt>
      <trkpt lat="44.41395" lon="-92.01212">
        <ele>204.2</ele>
      </trkpt>
      <trkpt lat="44.4132" lon="-92.01264">
        <ele>204.1</ele>
      </trkpt>
      <trkpt lat="44.41245" lon="-92.01316">
        <ele>204.2</ele>
      </trkpt>
      <trkpt lat="44.4117" lon="-92.01367">
        <ele>204.1</ele>
      </trkpt>
      <trkpt lat="44.41095" lon="-92.01419">
        <ele>204.0</ele>
      </trkpt>
      <trkpt lat="44.41021" lon="-92.01471">
        <ele>203.9</ele>
      </trkpt>
      <trkpt lat="44.40945" lon="-92.01524">
        <ele>204.1</ele>
      </trkpt>
      <trkpt lat="44.40869" lon="-92.01577">
        <ele>203.8</ele>
      </trkpt>
      <trkpt lat="44.40793" lon="-92.0163">
        <ele>203.4</ele>
      </trkpt>
      <trkpt lat="44.40742" lon="-92.01665">
        <ele>203.2</ele>
      </trkpt>
      <trkpt lat="44.40692" lon="-92.01699">
        <ele>203.0</ele>
      </trkpt>
      <trkpt lat="44.40627" lon="-92.01745">
        <ele>202.8</ele>
      </trkpt>
      <trkpt lat="44.40562" lon="-92.0179">
        <ele>202.8</ele>
      </trkpt>
      <trkpt lat="44.40496" lon="-92.01835">
        <ele>202.8</ele>
      </trkpt>
      <trkpt lat="44.40431" lon="-92.0188">
        <ele>202.7</ele>
      </trkpt>
      <trkpt lat="44.40372" lon="-92.01921">
        <ele>202.7</ele>
      </trkpt>
      <trkpt lat="44.40314" lon="-92.01962">
        <ele>203.0</ele>
      </trkpt>
      <trkpt lat="44.40255" lon="-92.02003">
        <ele>203.2</ele>
      </trkpt>
      <trkpt lat="44.40183" lon="-92.02053">
        <ele>203.4</ele>
      </trkpt>
      <trkpt lat="44.40111" lon="-92.02102">
        <ele>203.7</ele>
      </trkpt>
      <trkpt lat="44.40036" lon="-92.02154">
        <ele>204.0</ele>
      </trkpt>
      <trkpt lat="44.3996" lon="-92.02207">
        <ele>204.0</ele>
      </trkpt>
      <trkpt lat="44.39885" lon="-92.02259">
        <ele>204.0</ele>
      </trkpt>
      <trkpt lat="44.39809" lon="-92.02311">
        <ele>203.8</ele>
      </trkpt>
      <trkpt lat="44.39734" lon="-92.02363">
        <ele>204.1</ele>
      </trkpt>
      <trkpt lat="44.39658" lon="-92.02416">
        <ele>203.8</ele>
      </trkpt>
      <trkpt lat="44.39583" lon="-92.02468">
        <ele>203.9</ele>
      </trkpt>
      <trkpt lat="44.39507" lon="-92.0252">
        <ele>204.2</ele>
      </trkpt>
      <trkpt lat="44.39432" lon="-92.02573">
        <ele>204.1</ele>
      </trkpt>
      <trkpt lat="44.3936" lon="-92.02622">
        <ele>204.0</ele>
      </trkpt>
      <trkpt lat="44.39289" lon="-92.02671">
        <ele>204.0</ele>
      </trkpt>
      <trkpt lat="44.39246" lon="-92.02701">
        <ele>204.0</ele>
      </trkpt>
      <trkpt lat="44.39203" lon="-92.02731">
        <ele>203.8</ele>
      </trkpt>
      <trkpt lat="44.39126" lon="-92.02789">
        <ele>204.1</ele>
      </trkpt>
      <trkpt lat="44.39051" lon="-92.02856">
        <ele>203.7</ele>
      </trkpt>
      <trkpt lat="44.38984" lon="-92.0292">
        <ele>203.7</ele>
      </trkpt>
      <trkpt lat="44.38917" lon="-92.02985">
        <ele>204.1</ele>
      </trkpt>
      <trkpt lat="44.38847" lon="-92.0305">
        <ele>204.5</ele>
      </trkpt>
      <trkpt lat="44.38777" lon="-92.03114">
        <ele>204.9</ele>
      </trkpt>
      <trkpt lat="44.38707" lon="-92.03179">
        <ele>205.3</ele>
      </trkpt>
      <trkpt lat="44.38637" lon="-92.03244">
        <ele>205.8</ele>
      </trkpt>
      <trkpt lat="44.38566" lon="-92.03308">
        <ele>206.2</ele>
      </trkpt>
      <trkpt lat="44.38496" lon="-92.03373">
        <ele>206.6</ele>
      </trkpt>
      <trkpt lat="44.38426" lon="-92.03437">
        <ele>207.0</ele>
      </trkpt>
      <trkpt lat="44.38356" lon="-92.03502">
        <ele>207.5</ele>
      </trkpt>
      <trkpt lat="44.38293" lon="-92.03561">
        <ele>207.9</ele>
      </trkpt>
      <trkpt lat="44.3823" lon="-92.03619">
        <ele>207.1</ele>
      </trkpt>
      <trkpt lat="44.38223" lon="-92.03626">
        <ele>207.0</ele>
      </trkpt>
      <trkpt lat="44.38208" lon="-92.03647">
        <ele>206.7</ele>
      </trkpt>
      <trkpt lat="44.38204" lon="-92.03659">
        <ele>206.5</ele>
      </trkpt>
      <trkpt lat="44.38204" lon="-92.03676">
        <ele>206.3</ele>
      </trkpt>
      <trkpt lat="44.38206" lon="-92.03688">
        <ele>206.1</ele>
      </trkpt>
      <trkpt lat="44.38235" lon="-92.03753">
        <ele>204.9</ele>
      </trkpt>
      <trkpt lat="44.3817" lon="-92.03806">
        <ele>204.4</ele>
      </trkpt>
      <trkpt lat="44.38105" lon="-92.0386">
        <ele>204.4</ele>
      </trkpt>
      <trkpt lat="44.38078" lon="-92.03874">
        <ele>204.3</ele>
      </trkpt>
      <trkpt lat="44.38051" lon="-92.03886">
        <ele>204.4</ele>
      </trkpt>
      <trkpt lat="44.38013" lon="-92.03892">
        <ele>204.4</ele>
      </trkpt>
      <trkpt lat="44.3795" lon="-92.03894">
        <ele>204.4</ele>
      </trkpt>
      <trkpt lat="44.37886" lon="-92.03897">
        <ele>206.3</ele>
      </trkpt>
      <trkpt lat="44.37886" lon="-92.03914">
        <ele>206.7</ele>
      </trkpt>
      <trkpt lat="44.37886" lon="-92.03942">
        <ele>207.3</ele>
      </trkpt>
      <trkpt lat="44.37886" lon="-92.04052">
        <ele>209.7</ele>
      </trkpt>
      <trkpt lat="44.37887" lon="-92.04162">
        <ele>213.0</ele>
      </trkpt>
      <trkpt lat="44.37887" lon="-92.04272">
        <ele>214.2</ele>
      </trkpt>
      <trkpt lat="44.37887" lon="-92.04381">
        <ele>214.0</ele>
      </trkpt>
      <trkpt lat="44.37887" lon="-92.04482">
        <ele>213.9</ele>
      </trkpt>
      <trkpt lat="44.37887" lon="-92.0456">
        <ele>213.9</ele>
      </trkpt>
      <trkpt lat="44.37886" lon="-92.04588">
        <ele>214.1</ele>
      </trkpt>
      <trkpt lat="44.37884" lon="-92.04615">
        <ele>215.1</ele>
      </trkpt>
      <trkpt lat="44.37876" lon="-92.04662">
        <ele>217.5</ele>
      </trkpt>
      <trkpt lat="44.37901" lon="-92.04713">
        <ele>218.2</ele>
      </trkpt>
      <trkpt lat="44.37927" lon="-92.0477">
        <ele>218.3</ele>
      </trkpt>
      <trkpt lat="44.37971" lon="-92.04866">
        <ele>219.3</ele>
      </trkpt>
      <trkpt lat="44.38015" lon="-92.04963">
        <ele>219.7</ele>
      </trkpt>
      <trkpt lat="44.38049" lon="-92.05031">
        <ele>219.6</ele>
      </trkpt>
      <trkpt lat="44.38082" lon="-92.051">
        <ele>219.6</ele>
      </trkpt>
      <trkpt lat="44.38088" lon="-92.05117">
        <ele>219.5</ele>
      </trkpt>
      <trkpt lat="44.38091" lon="-92.05132">
        <ele>219.3</ele>
      </trkpt>
      <trkpt lat="44.38093" lon="-92.05145">
        <ele>219.2</ele>
      </trkpt>
      <trkpt lat="44.38094" lon="-92.05157">
        <ele>219.0</ele>
      </trkpt>
      <trkpt lat="44.38094" lon="-92.05179">
        <ele>218.7</ele>
      </trkpt>
      <trkpt lat="44.38092" lon="-92.05193">
        <ele>218.5</ele>
      </trkpt>
      <trkpt lat="44.38088" lon="-92.05211">
        <ele>218.4</ele>
      </trkpt>
      <trkpt lat="44.38085" lon="-92.05219">
        <ele>218.3</ele>
      </trkpt>
      <trkpt lat="44.38078" lon="-92.05235">
        <ele>218.3</ele>
      </trkpt>
      <trkpt lat="44.38065" lon="-92.05267">
        <ele>218.4</ele>
      </trkpt>
      <trkpt lat="44.38062" lon="-92.05276">
        <ele>218.4</ele>
      </trkpt>
      <trkpt lat="44.38062" lon="-92.05288">
        <ele>218.5</ele>
      </trkpt>
      <trkpt lat="44.38117" lon="-92.05376">
        <ele>218.6</ele>
      </trkpt>
      <trkpt lat="44.38173" lon="-92.05465">
        <ele>219.6</ele>
      </trkpt>
      <trkpt lat="44.38213" lon="-92.05529">
        <ele>220.7</ele>
      </trkpt>
      <trkpt lat="44.38253" lon="-92.05594">
        <ele>220.4</ele>
      </trkpt>
      <trkpt lat="44.38293" lon="-92.05659">
        <ele>220.7</ele>
      </trkpt>
      <trkpt lat="44.38327" lon="-92.05708">
        <ele>220.8</ele>
      </trkpt>
      <trkpt lat="44.38367" lon="-92.0576">
        <ele>221.0</ele>
      </trkpt>
      <trkpt lat="44.3843" lon="-92.05837">
        <ele>220.0</ele>
      </trkpt>
      <trkpt lat="44.38485" lon="-92.05892">
        <ele>219.4</ele>
      </trkpt>
      <trkpt lat="44.38543" lon="-92.05942">
        <ele>219.3</ele>
      </trkpt>
      <trkpt lat="44.38606" lon="-92.0599">
        <ele>219.4</ele>
      </trkpt>
      <trkpt lat="44.38669" lon="-92.0603">
        <ele>219.1</ele>
      </trkpt>
      <trkpt lat="44.38732" lon="-92.0607">
        <ele>218.4</ele>
      </trkpt>
      <trkpt lat="44.38718" lon="-92.06116">
        <ele>219.4</ele>
      </trkpt>
      <trkpt lat="44.38715" lon="-92.06141">
        <ele>219.2</ele>
      </trkpt>
      <trkpt lat="44.38713" lon="-92.06264">
        <ele>219.7</ele>
      </trkpt>
      <trkpt lat="44.38711" lon="-92.06386">
        <ele>222.5</ele>
      </trkpt>
      <trkpt lat="44.38709" lon="-92.06509">
        <ele>225.4</ele>
      </trkpt>
      <trkpt lat="44.38707" lon="-92.06631">
        <ele>224.9</ele>
      </trkpt>
      <trkpt lat="44.38705" lon="-92.06747">
        <ele>226.1</ele>
      </trkpt>
      <trkpt lat="44.38703" lon="-92.06862">
        <ele>229.5</ele>
      </trkpt>
      <trkpt lat="44.38701" lon="-92.06978">
        <ele>229.7</ele>
      </trkpt>
      <trkpt lat="44.38703" lon="-92.0703">
        <ele>229.0</ele>
      </trkpt>
      <trkpt lat="44.38707" lon="-92.07104">
        <ele>226.9</ele>
      </trkpt>
      <trkpt lat="44.38714" lon="-92.07206">
        <ele>221.0</ele>
      </trkpt>
      <trkpt lat="44.38721" lon="-92.07307">
        <ele>219.7</ele>
      </trkpt>
      <trkpt lat="44.38728" lon="-92.07409">
        <ele>225.4</ele>
      </trkpt>
      <trkpt lat="44.38735" lon="-92.07511">
        <ele>228.2</ele>
      </trkpt>
      <trkpt lat="44.38738" lon="-92.07541">
        <ele>230.2</ele>
      </trkpt>
      <trkpt lat="44.38742" lon="-92.07565">
        <ele>231.6</ele>
      </trkpt>
      <trkpt lat="44.38754" lon="-92.07607">
        <ele>233.4</ele>
      </trkpt>
      <trkpt lat="44.38779" lon="-92.0766">
        <ele>235.9</ele>
      </trkpt>
      <trkpt lat="44.38801" lon="-92.07698">
        <ele>238.9</ele>
      </trkpt>
      <trkpt lat="44.38814" lon="-92.07728">
        <ele>240.5</ele>
      </trkpt>
      <trkpt lat="44.38823" lon="-92.07753">
        <ele>241.2</ele>
      </trkpt>
      <trkpt lat="44.38829" lon="-92.07775">
        <ele>241.6</ele>
      </trkpt>
      <trkpt lat="44.38845" lon="-92.07888">
        <ele>243.2</ele>
      </trkpt>
      <trkpt lat="44.38858" lon="-92.07973">
        <ele>246.6</ele>
      </trkpt>
      <trkpt lat="44.38871" lon="-92.08036">
        <ele>246.5</ele>
      </trkpt>
      <trkpt lat="44.3888" lon="-92.08075">
        <ele>246.6</ele>
      </trkpt>
      <trkpt lat="44.38913" lon="-92.0819">
        <ele>246.1</ele>
      </trkpt>
      <trkpt lat="44.38944" lon="-92.08285">
        <ele>242.3</ele>
      </trkpt>
      <trkpt lat="44.3898" lon="-92.0838">
        <ele>239.8</ele>
      </trkpt>
      <trkpt lat="44.3902" lon="-92.08476">
        <ele>243.2</ele>
      </trkpt>
      <trkpt lat="44.39046" lon="-92.08524">
        <ele>246.2</ele>
      </trkpt>
      <trkpt lat="44.3908" lon="-92.0859">
        <ele>247.0</ele>
      </trkpt>
      <trkpt lat="44.39126" lon="-92.08675">
        <ele>244.3</ele>
      </trkpt>
      <trkpt lat="44.39152" lon="-92.08728">
        <ele>246.5</ele>
      </trkpt>
      <trkpt lat="44.39178" lon="-92.0878">
        <ele>247.6</ele>
      </trkpt>
      <trkpt lat="44.39188" lon="-92.08805">
        <ele>247.5</ele>
      </trkpt>
      <trkpt lat="44.39198" lon="-92.08834">
        <ele>248.7</ele>
      </trkpt>
      <trkpt lat="44.39207" lon="-92.08866">
        <ele>251.7</ele>
      </trkpt>
      <trkpt lat="44.39217" lon="-92.08908">
        <ele>253.2</ele>
      </trkpt>
      <trkpt lat="44.39226" lon="-92.08966">
        <ele>254.5</ele>
      </trkpt>
      <trkpt lat="44.39233" lon="-92.09012">
        <ele>254.4</ele>
      </trkpt>
      <trkpt lat="44.39243" lon="-92.09103">
        <ele>253.8</ele>
      </trkpt>
      <trkpt lat="44.3926" lon="-92.09222">
        <ele>252.9</ele>
      </trkpt>
      <trkpt lat="44.39272" lon="-92.09291">
        <ele>253.4</ele>
      </trkpt>
      <trkpt lat="44.39286" lon="-92.09349">
        <ele>251.9</ele>
      </trkpt>
      <trkpt lat="44.39295" lon="-92.09382">
        <ele>251.8</ele>
      </trkpt>
      <trkpt lat="44.39306" lon="-92.09417">
        <ele>251.1</ele>
      </trkpt>
      <trkpt lat="44.39317" lon="-92.09443">
        <ele>249.9</ele>
      </trkpt>
      <trkpt lat="44.39361" lon="-92.09511">
        <ele>253.3</ele>
      </trkpt>
      <trkpt lat="44.39389" lon="-92.09549">
        <ele>254.7</ele>
      </trkpt>
      <trkpt lat="44.39404" lon="-92.09575">
        <ele>255.7</ele>
      </trkpt>
      <trkpt lat="44.39423" lon="-92.09616">
        <ele>258.4</ele>
      </trkpt>
      <trkpt lat="44.39437" lon="-92.09653">
        <ele>259.0</ele>
      </trkpt>
      <trkpt lat="44.39446" lon="-92.09689">
        <ele>260.9</ele>
      </trkpt>
      <trkpt lat="44.39451" lon="-92.09719">
        <ele>263.8</ele>
      </trkpt>
      <trkpt lat="44.39466" lon="-92.09835">
        <ele>267.6</ele>
      </trkpt>
      <trkpt lat="44.39481" lon="-92.09951">
        <ele>270.1</ele>
      </trkpt>
      <trkpt lat="44.39492" lon="-92.10012">
        <ele>270.6</ele>
      </trkpt>
      <trkpt lat="44.39509" lon="-92.10087">
        <ele>275.9</ele>
      </trkpt>
      <trkpt lat="44.39518" lon="-92.10132">
        <ele>277.3</ele>
      </trkpt>
      <trkpt lat="44.3952" lon="-92.10171">
        <ele>277.6</ele>
      </trkpt>
      <trkpt lat="44.39521" lon="-92.10188">
        <ele>277.5</ele>
      </trkpt>
      <trkpt lat="44.39519" lon="-92.10213">
        <ele>279.0</ele>
      </trkpt>
      <trkpt lat="44.39512" lon="-92.10257">
        <ele>282.9</ele>
      </trkpt>
      <trkpt lat="44.395" lon="-92.10333">
        <ele>285.2</ele>
      </trkpt>
      <trkpt lat="44.39498" lon="-92.10419">
        <ele>289.4</ele>
      </trkpt>
      <trkpt lat="44.39497" lon="-92.10511">
        <ele>294.7</ele>
      </trkpt>
      <trkpt lat="44.39494" lon="-92.10576">
        <ele>297.0</ele>
      </trkpt>
      <trkpt lat="44.39492" lon="-92.1064">
        <ele>298.9</ele>
      </trkpt>
      <trkpt lat="44.39489" lon="-92.10732">
        <ele>302.5</ele>
      </trkpt>
      <trkpt lat="44.39489" lon="-92.10819">
        <ele>307.4</ele>
      </trkpt>
      <trkpt lat="44.39494" lon="-92.10875">
        <ele>307.0</ele>
      </trkpt>
      <trkpt lat="44.39502" lon="-92.10955">
        <ele>309.2</ele>
      </trkpt>
      <trkpt lat="44.39509" lon="-92.11024">
        <ele>312.4</ele>
      </trkpt>
      <trkpt lat="44.39511" lon="-92.11047">
        <ele>313.1</ele>
      </trkpt>
      <trkpt lat="44.39512" lon="-92.11076">
        <ele>313.7</ele>
      </trkpt>
      <trkpt lat="44.39512" lon="-92.11108">
        <ele>313.9</ele>
      </trkpt>
      <trkpt lat="44.39508" lon="-92.11146">
        <ele>313.8</ele>
      </trkpt>
      <trkpt lat="44.39503" lon="-92.11178">
        <ele>313.7</ele>
      </trkpt>
      <trkpt lat="44.39494" lon="-92.11202">
        <ele>316.5</ele>
      </trkpt>
      <trkpt lat="44.39482" lon="-92.11224">
        <ele>318.5</ele>
      </trkpt>
      <trkpt lat="44.3947" lon="-92.11242">
        <ele>318.8</ele>
      </trkpt>
      <trkpt lat="44.39459" lon="-92.11253">
        <ele>319.2</ele>
      </trkpt>
      <trkpt lat="44.39435" lon="-92.11275">
        <ele>317.2</ele>
      </trkpt>
      <trkpt lat="44.39367" lon="-92.11324">
        <ele>323.4</ele>
      </trkpt>
      <trkpt lat="44.39324" lon="-92.11361">
        <ele>325.6</ele>
      </trkpt>
      <trkpt lat="44.39261" lon="-92.1142">
        <ele>328.0</ele>
      </trkpt>
      <trkpt lat="44.39249" lon="-92.11437">
        <ele>329.3</ele>
      </trkpt>
      <trkpt lat="44.39238" lon="-92.11461">
        <ele>330.8</ele>
      </trkpt>
      <trkpt lat="44.39224" lon="-92.115">
        <ele>331.1</ele>
      </trkpt>
      <trkpt lat="44.39219" lon="-92.11539">
        <ele>333.4</ele>
      </trkpt>
      <trkpt lat="44.39216" lon="-92.1157">
        <ele>337.2</ele>
      </trkpt>
      <trkpt lat="44.39213" lon="-92.11672">
        <ele>337.7</ele>
      </trkpt>
      <trkpt lat="44.39215" lon="-92.11712">
        <ele>337.6</ele>
      </trkpt>
      <trkpt lat="44.39218" lon="-92.1173">
        <ele>337.9</ele>
      </trkpt>
      <trkpt lat="44.39232" lon="-92.11774">
        <ele>340.3</ele>
      </trkpt>
      <trkpt lat="44.39241" lon="-92.11799">
        <ele>341.5</ele>
      </trkpt>
      <trkpt lat="44.39252" lon="-92.11818">
        <ele>341.6</ele>
      </trkpt>
      <trkpt lat="44.39272" lon="-92.11842">
        <ele>342.1</ele>
      </trkpt>
      <trkpt lat="44.39301" lon="-92.11865">
        <ele>343.3</ele>
      </trkpt>
      <trkpt lat="44.39345" lon="-92.11882">
        <ele>345.6</ele>
      </trkpt>
      <trkpt lat="44.39388" lon="-92.11899">
        <ele>347.0</ele>
      </trkpt>
      <trkpt lat="44.39476" lon="-92.11924">
        <ele>347.9</ele>
      </trkpt>
      <trkpt lat="44.39512" lon="-92.11932">
        <ele>350.8</ele>
      </trkpt>
      <trkpt lat="44.39598" lon="-92.11942">
        <ele>355.4</ele>
      </trkpt>
      <trkpt lat="44.39619" lon="-92.11947">
        <ele>356.6</ele>
      </trkpt>
      <trkpt lat="44.3964" lon="-92.11958">
        <ele>358.0</ele>
      </trkpt>
      <trkpt lat="44.39658" lon="-92.11971">
        <ele>359.2</ele>
      </trkpt>
      <trkpt lat="44.39678" lon="-92.11991">
        <ele>360.6</ele>
      </trkpt>
      <trkpt lat="44.39699" lon="-92.12023">
        <ele>362.1</ele>
      </trkpt>
      <trkpt lat="44.39712" lon="-92.12053">
        <ele>363.0</ele>
      </trkpt>
      <trkpt lat="44.39722" lon="-92.12082">
        <ele>363.9</ele>
      </trkpt>
      <trkpt lat="44.39726" lon="-92.12131">
        <ele>365.6</ele>
      </trkpt>
      <trkpt lat="44.39726" lon="-92.12168">
        <ele>366.3</ele>
      </trkpt>
      <trkpt lat="44.39716" lon="-92.12246">
        <ele>366.5</ele>
      </trkpt>
      <trkpt lat="44.397" lon="-92.12342">
        <ele>366.8</ele>
      </trkpt>
      <trkpt lat="44.39685" lon="-92.12438">
        <ele>366.1</ele>
      </trkpt>
      <trkpt lat="44.39671" lon="-92.12514">
        <ele>364.7</ele>
      </trkpt>
      <trkpt lat="44.39651" lon="-92.12585">
        <ele>364.2</ele>
      </trkpt>
      <trkpt lat="44.39625" lon="-92.12649">
        <ele>363.1</ele>
      </trkpt>
      <trkpt lat="44.39592" lon="-92.1271">
        <ele>361.6</ele>
      </trkpt>
      <trkpt lat="44.39562" lon="-92.12753">
        <ele>361.2</ele>
      </trkpt>
      <trkpt lat="44.39528" lon="-92.12796">
        <ele>360.7</ele>
      </trkpt>
      <trkpt lat="44.39461" lon="-92.12872">
        <ele>360.3</ele>
      </trkpt>
      <trkpt lat="44.39428" lon="-92.12908">
        <ele>359.8</ele>
      </trkpt>
      <trkpt lat="44.39371" lon="-92.12975">
        <ele>359.6</ele>
      </trkpt>
      <trkpt lat="44.39315" lon="-92.13041">
        <ele>356.2</ele>
      </trkpt>
      <trkpt lat="44.39254" lon="-92.13121">
        <ele>354.6</ele>
      </trkpt>
      <trkpt lat="44.39193" lon="-92.132">
        <ele>354.4</ele>
      </trkpt>
      <trkpt lat="44.39133" lon="-92.1328">
        <ele>355.3</ele>
      </trkpt>
      <trkpt lat="44.39072" lon="-92.13359">
        <ele>355.1</ele>
      </trkpt>
      <trkpt lat="44.39012" lon="-92.13439">
        <ele>354.4</ele>
      </trkpt>
      <trkpt lat="44.38959" lon="-92.13509">
        <ele>353.6</ele>
      </trkpt>
      <trkpt lat="44.38907" lon="-92.13578">
        <ele>354.9</ele>
      </trkpt>
      <trkpt lat="44.38884" lon="-92.13606">
        <ele>356.1</ele>
      </trkpt>
      <trkpt lat="44.38859" lon="-92.13644">
        <ele>357.4</ele>
      </trkpt>
      <trkpt lat="44.3884" lon="-92.13687">
        <ele>358.0</ele>
      </trkpt>
      <trkpt lat="44.38829" lon="-92.13727">
        <ele>357.5</ele>
      </trkpt>
      <trkpt lat="44.3882" lon="-92.13764">
        <ele>356.4</ele>
      </trkpt>
      <trkpt lat="44.38816" lon="-92.13801">
        <ele>355.0</ele>
      </trkpt>
      <trkpt lat="44.38815" lon="-92.13839">
        <ele>353.3</ele>
      </trkpt>
      <trkpt lat="44.38817" lon="-92.13957">
        <ele>350.1</ele>
      </trkpt>
      <trkpt lat="44.38818" lon="-92.14075">
        <ele>354.0</ele>
      </trkpt>
      <trkpt lat="44.3882" lon="-92.14193">
        <ele>348.4</ele>
      </trkpt>
      <trkpt lat="44.38822" lon="-92.14311">
        <ele>348.0</ele>
      </trkpt>
      <trkpt lat="44.38824" lon="-92.14429">
        <ele>353.9</ele>
      </trkpt>
      <trkpt lat="44.38827" lon="-92.14506">
        <ele>354.3</ele>
      </trkpt>
      <trkpt lat="44.38828" lon="-92.14573">
        <ele>354.6</ele>
      </trkpt>
      <trkpt lat="44.3883" lon="-92.14641">
        <ele>353.7</ele>
      </trkpt>
      <trkpt lat="44.38832" lon="-92.1468">
        <ele>353.4</ele>
      </trkpt>
      <trkpt lat="44.38839" lon="-92.14716">
        <ele>353.0</ele>
      </trkpt>
      <trkpt lat="44.38847" lon="-92.1475">
        <ele>351.6</ele>
      </trkpt>
      <trkpt lat="44.38857" lon="-92.14782">
        <ele>349.2</ele>
      </trkpt>
      <trkpt lat="44.38886" lon="-92.14837">
        <ele>347.5</ele>
      </trkpt>
      <trkpt lat="44.38907" lon="-92.14863">
        <ele>346.8</ele>
      </trkpt>
      <trkpt lat="44.38931" lon="-92.14889">
        <ele>346.0</ele>
      </trkpt>
      <trkpt lat="44.38952" lon="-92.14905">
        <ele>345.9</ele>
      </trkpt>
      <trkpt lat="44.3898" lon="-92.1492">
        <ele>346.4</ele>
      </trkpt>
      <trkpt lat="44.39025" lon="-92.14935">
        <ele>347.9</ele>
      </trkpt>
      <trkpt lat="44.3907" lon="-92.14944">
        <ele>349.4</ele>
      </trkpt>
      <trkpt lat="44.39109" lon="-92.14955">
        <ele>351.8</ele>
      </trkpt>
      <trkpt lat="44.39137" lon="-92.14968">
        <ele>353.3</ele>
      </trkpt>
      <trkpt lat="44.39162" lon="-92.14985">
        <ele>353.7</ele>
      </trkpt>
      <trkpt lat="44.39185" lon="-92.15005">
        <ele>353.2</ele>
      </trkpt>
      <trkpt lat="44.39213" lon="-92.15039">
        <ele>351.4</ele>
      </trkpt>
      <trkpt lat="44.39233" lon="-92.15068">
        <ele>351.2</ele>
      </trkpt>
      <trkpt lat="44.39248" lon="-92.15099">
        <ele>351.5</ele>
      </trkpt>
      <trkpt lat="44.39258" lon="-92.15125">
        <ele>351.8</ele>
      </trkpt>
      <trkpt lat="44.39268" lon="-92.15155">
        <ele>352.6</ele>
      </trkpt>
      <trkpt lat="44.39283" lon="-92.15234">
        <ele>355.8</ele>
      </trkpt>
      <trkpt lat="44.39299" lon="-92.15312">
        <ele>358.0</ele>
      </trkpt>
      <trkpt lat="44.39319" lon="-92.15422">
        <ele>358.6</ele>
      </trkpt>
      <trkpt lat="44.39339" lon="-92.15532">
        <ele>358.2</ele>
      </trkpt>
      <trkpt lat="44.3936" lon="-92.15642">
        <ele>360.1</ele>
      </trkpt>
      <trkpt lat="44.39367" lon="-92.15689">
        <ele>360.2</ele>
      </trkpt>
      <trkpt lat="44.39374" lon="-92.15768">
        <ele>361.4</ele>
      </trkpt>
      <trkpt lat="44.39377" lon="-92.15838">
        <ele>362.5</ele>
      </trkpt>
      <trkpt lat="44.39378" lon="-92.15952">
        <ele>363.6</ele>
      </trkpt>
      <trkpt lat="44.39377" lon="-92.16049">
        <ele>362.1</ele>
      </trkpt>
      <trkpt lat="44.39377" lon="-92.16145">
        <ele>361.2</ele>
      </trkpt>
      <trkpt lat="44.39376" lon="-92.16242">
        <ele>361.0</ele>
      </trkpt>
      <trkpt lat="44.39376" lon="-92.16339">
        <ele>360.9</ele>
      </trkpt>
      <trkpt lat="44.39374" lon="-92.16364">
        <ele>360.8</ele>
      </trkpt>
      <trkpt lat="44.39369" lon="-92.16397">
        <ele>360.8</ele>
      </trkpt>
      <trkpt lat="44.39362" lon="-92.16425">
        <ele>360.7</ele>
      </trkpt>
      <trkpt lat="44.39354" lon="-92.16454">
        <ele>360.7</ele>
      </trkpt>
      <trkpt lat="44.3934" lon="-92.16486">
        <ele>360.7</ele>
      </trkpt>
      <trkpt lat="44.39327" lon="-92.1651">
        <ele>360.7</ele>
      </trkpt>
      <trkpt lat="44.39307" lon="-92.16543">
        <ele>360.9</ele>
      </trkpt>
      <trkpt lat="44.39258" lon="-92.16605">
        <ele>361.0</ele>
      </trkpt>
      <trkpt lat="44.39209" lon="-92.16667">
        <ele>360.7</ele>
      </trkpt>
      <trkpt lat="44.39166" lon="-92.16724">
        <ele>359.7</ele>
      </trkpt>
      <trkpt lat="44.39124" lon="-92.16781">
        <ele>358.6</ele>
      </trkpt>
      <trkpt lat="44.39068" lon="-92.16853">
        <ele>355.6</ele>
      </trkpt>
      <trkpt lat="44.39013" lon="-92.16925">
        <ele>353.6</ele>
      </trkpt>
      <trkpt lat="44.38957" lon="-92.16997">
        <ele>352.8</ele>
      </trkpt>
      <trkpt lat="44.38902" lon="-92.17069">
        <ele>353.6</ele>
      </trkpt>
      <trkpt lat="44.3884" lon="-92.17145">
        <ele>351.1</ele>
      </trkpt>
      <trkpt lat="44.38779" lon="-92.17221">
        <ele>348.6</ele>
      </trkpt>
      <trkpt lat="44.38717" lon="-92.17296">
        <ele>350.4</ele>
      </trkpt>
      <trkpt lat="44.38699" lon="-92.1732">
        <ele>351.4</ele>
      </trkpt>
      <trkpt lat="44.38685" lon="-92.17343">
        <ele>352.3</ele>
      </trkpt>
      <trkpt lat="44.38671" lon="-92.17369">
        <ele>352.6</ele>
      </trkpt>
      <trkpt lat="44.38656" lon="-92.17403">
        <ele>352.1</ele>
      </trkpt>
      <trkpt lat="44.38641" lon="-92.17451">
        <ele>350.7</ele>
      </trkpt>
      <trkpt lat="44.38633" lon="-92.17492">
        <ele>349.8</ele>
      </trkpt>
      <trkpt lat="44.38613" lon="-92.176">
        <ele>348.2</ele>
      </trkpt>
      <trkpt lat="44.38593" lon="-92.17708">
        <ele>347.8</ele>
      </trkpt>
      <trkpt lat="44.38574" lon="-92.17816">
        <ele>345.5</ele>
      </trkpt>
      <trkpt lat="44.38554" lon="-92.17924">
        <ele>341.4</ele>
      </trkpt>
      <trkpt lat="44.38534" lon="-92.18029">
        <ele>336.7</ele>
      </trkpt>
      <trkpt lat="44.38513" lon="-92.18133">
        <ele>335.6</ele>
      </trkpt>
      <trkpt lat="44.38492" lon="-92.18238">
        <ele>337.6</ele>
      </trkpt>
      <trkpt lat="44.3847" lon="-92.18357">
        <ele>341.5</ele>
      </trkpt>
      <trkpt lat="44.38447" lon="-92.18469">
        <ele>337.3</ele>
      </trkpt>
      <trkpt lat="44.38425" lon="-92.1858">
        <ele>341.8</ele>
      </trkpt>
      <trkpt lat="44.38402" lon="-92.18692">
        <ele>341.7</ele>
      </trkpt>
      <trkpt lat="44.38393" lon="-92.18759">
        <ele>341.0</ele>
      </trkpt>
      <trkpt lat="44.3839" lon="-92.18793">
        <ele>341.6</ele>
      </trkpt>
      <trkpt lat="44.38389" lon="-92.18823">
        <ele>342.7</ele>
      </trkpt>
      <trkpt lat="44.38391" lon="-92.18856">
        <ele>342.5</ele>
      </trkpt>
      <trkpt lat="44.38395" lon="-92.18901">
        <ele>341.9</ele>
      </trkpt>
      <trkpt lat="44.38401" lon="-92.18935">
        <ele>342.3</ele>
      </trkpt>
      <trkpt lat="44.38406" lon="-92.18959">
        <ele>342.8</ele>
      </trkpt>
      <trkpt lat="44.38438" lon="-92.19064">
        <ele>347.6</ele>
      </trkpt>
      <trkpt lat="44.38469" lon="-92.1917">
        <ele>347.7</ele>
      </trkpt>
      <trkpt lat="44.38484" lon="-92.1924">
        <ele>346.7</ele>
      </trkpt>
      <trkpt lat="44.38493" lon="-92.19314">
        <ele>344.3</ele>
      </trkpt>
      <trkpt lat="44.38495" lon="-92.19418">
        <ele>343.7</ele>
      </trkpt>
      <trkpt lat="44.38497" lon="-92.19521">
        <ele>343.2</ele>
      </trkpt>
      <trkpt lat="44.38499" lon="-92.19624">
        <ele>342.2</ele>
      </trkpt>
      <trkpt lat="44.38501" lon="-92.19739">
        <ele>340.6</ele>
      </trkpt>
      <trkpt lat="44.38503" lon="-92.19854">
        <ele>339.0</ele>
      </trkpt>
      <trkpt lat="44.38505" lon="-92.19969">
        <ele>338.6</ele>
      </trkpt>
      <trkpt lat="44.38507" lon="-92.20084">
        <ele>336.7</ele>
      </trkpt>
      <trkpt lat="44.38509" lon="-92.20198">
        <ele>336.3</ele>
      </trkpt>
      <trkpt lat="44.38512" lon="-92.20314">
        <ele>335.9</ele>
      </trkpt>
      <trkpt lat="44.38514" lon="-92.20429">
        <ele>337.6</ele>
      </trkpt>
      <trkpt lat="44.38517" lon="-92.20544">
        <ele>341.5</ele>
      </trkpt>
      <trkpt lat="44.38517" lon="-92.20661">
        <ele>341.5</ele>
      </trkpt>
      <trkpt lat="44.38518" lon="-92.20777">
        <ele>342.0</ele>
      </trkpt>
      <trkpt lat="44.38519" lon="-92.20894">
        <ele>341.9</ele>
      </trkpt>
      <trkpt lat="44.3852" lon="-92.2101">
        <ele>342.0</ele>
      </trkpt>
      <trkpt lat="44.38521" lon="-92.21074">
        <ele>341.9</ele>
      </trkpt>
      <trkpt lat="44.38522" lon="-92.21138">
        <ele>341.7</ele>
      </trkpt>
      <trkpt lat="44.38527" lon="-92.21183">
        <ele>341.7</ele>
      </trkpt>
      <trkpt lat="44.38533" lon="-92.21213">
        <ele>341.6</ele>
      </trkpt>
      <trkpt lat="44.3854" lon="-92.21246">
        <ele>341.5</ele>
      </trkpt>
      <trkpt lat="44.38572" lon="-92.21357">
        <ele>340.5</ele>
      </trkpt>
      <trkpt lat="44.38604" lon="-92.21468">
        <ele>336.5</ele>
      </trkpt>
      <trkpt lat="44.3861" lon="-92.21486">
        <ele>335.9</ele>
      </trkpt>
      <trkpt lat="44.38622" lon="-92.21516">
        <ele>335.0</ele>
      </trkpt>
      <trkpt lat="44.38633" lon="-92.21536">
        <ele>334.5</ele>
      </trkpt>
      <trkpt lat="44.38644" lon="-92.21555">
        <ele>333.7</ele>
      </trkpt>
      <trkpt lat="44.38654" lon="-92.2157">
        <ele>332.8</ele>
      </trkpt>
      <trkpt lat="44.38692" lon="-92.21614">
        <ele>328.4</ele>
      </trkpt>
      <trkpt lat="44.38728" lon="-92.21652">
        <ele>325.1</ele>
      </trkpt>
      <trkpt lat="44.38763" lon="-92.2169">
        <ele>322.0</ele>
      </trkpt>
      <trkpt lat="44.38815" lon="-92.21746">
        <ele>327.5</ele>
      </trkpt>
      <trkpt lat="44.38866" lon="-92.21802">
        <ele>329.6</ele>
      </trkpt>
      <trkpt lat="44.38917" lon="-92.21858">
        <ele>331.5</ele>
      </trkpt>
      <trkpt lat="44.38955" lon="-92.21894">
        <ele>335.1</ele>
      </trkpt>
      <trkpt lat="44.38971" lon="-92.21907">
        <ele>336.1</ele>
      </trkpt>
      <trkpt lat="44.39006" lon="-92.21927">
        <ele>338.6</ele>
      </trkpt>
      <trkpt lat="44.3904" lon="-92.21938">
        <ele>341.3</ele>
      </trkpt>
      <trkpt lat="44.39112" lon="-92.21942">
        <ele>343.6</ele>
      </trkpt>
      <trkpt lat="44.39199" lon="-92.21957">
        <ele>347.0</ele>
      </trkpt>
      <trkpt lat="44.39238" lon="-92.21976">
        <ele>347.3</ele>
      </trkpt>
      <trkpt lat="44.39265" lon="-92.21994">
        <ele>345.9</ele>
      </trkpt>
      <trkpt lat="44.39285" lon="-92.22013">
        <ele>344.5</ele>
      </trkpt>
      <trkpt lat="44.39297" lon="-92.22029">
        <ele>344.0</ele>
      </trkpt>
      <trkpt lat="44.39354" lon="-92.22114">
        <ele>341.5</ele>
      </trkpt>
      <trkpt lat="44.39411" lon="-92.222">
        <ele>337.2</ele>
      </trkpt>
      <trkpt lat="44.39459" lon="-92.22268">
        <ele>335.0</ele>
      </trkpt>
      <trkpt lat="44.39489" lon="-92.22319">
        <ele>336.9</ele>
      </trkpt>
      <trkpt lat="44.39507" lon="-92.22354">
        <ele>339.2</ele>
      </trkpt>
      <trkpt lat="44.39536" lon="-92.22422">
        <ele>341.5</ele>
      </trkpt>
      <trkpt lat="44.39565" lon="-92.2249">
        <ele>345.8</ele>
      </trkpt>
      <trkpt lat="44.39599" lon="-92.2258">
        <ele>349.6</ele>
      </trkpt>
      <trkpt lat="44.39633" lon="-92.22671">
        <ele>351.8</ele>
      </trkpt>
      <trkpt lat="44.39645" lon="-92.22666">
        <ele>352.5</ele>
      </trkpt>
      <trkpt lat="44.397" lon="-92.22652">
        <ele>354.1</ele>
      </trkpt>
      <trkpt lat="44.39749" lon="-92.22651">
        <ele>354.2</ele>
      </trkpt>
      <trkpt lat="44.39799" lon="-92.22651">
        <ele>353.8</ele>
      </trkpt>
      <trkpt lat="44.39888" lon="-92.22652">
        <ele>354.4</ele>
      </trkpt>
      <trkpt lat="44.39977" lon="-92.22653">
        <ele>354.4</ele>
      </trkpt>
      <trkpt lat="44.40066" lon="-92.22654">
        <ele>356.4</ele>
      </trkpt>
      <trkpt lat="44.40117" lon="-92.22646">
        <ele>356.3</ele>
      </trkpt>
      <trkpt lat="44.40168" lon="-92.22638">
        <ele>355.6</ele>
      </trkpt>
      <trkpt lat="44.40248" lon="-92.22621">
        <ele>354.2</ele>
      </trkpt>
      <trkpt lat="44.40293" lon="-92.22613">
        <ele>352.8</ele>
      </trkpt>
      <trkpt lat="44.40338" lon="-92.22604">
        <ele>350.3</ele>
      </trkpt>
      <trkpt lat="44.40388" lon="-92.22598">
        <ele>347.4</ele>
      </trkpt>
      <trkpt lat="44.40424" lon="-92.22602">
        <ele>345.3</ele>
      </trkpt>
      <trkpt lat="44.40461" lon="-92.22609">
        <ele>341.9</ele>
      </trkpt>
      <trkpt lat="44.40538" lon="-92.22639">
        <ele>340.9</ele>
      </trkpt>
      <trkpt lat="44.40601" lon="-92.22665">
        <ele>339.5</ele>
      </trkpt>
      <trkpt lat="44.40664" lon="-92.22691">
        <ele>334.7</ele>
      </trkpt>
      <trkpt lat="44.40712" lon="-92.22703">
        <ele>329.3</ele>
      </trkpt>
      <trkpt lat="44.40763" lon="-92.22707">
        <ele>323.4</ele>
      </trkpt>
      <trkpt lat="44.40832" lon="-92.22703">
        <ele>316.8</ele>
      </trkpt>
      <trkpt lat="44.40901" lon="-92.22699">
        <ele>313.7</ele>
      </trkpt>
      <trkpt lat="44.4097" lon="-92.22695">
        <ele>308.8</ele>
      </trkpt>
      <trkpt lat="44.41039" lon="-92.22692">
        <ele>297.7</ele>
      </trkpt>
      <trkpt lat="44.41112" lon="-92.22695">
        <ele>296.2</ele>
      </trkpt>
      <trkpt lat="44.4115" lon="-92.22707">
        <ele>293.1</ele>
      </trkpt>
      <trkpt lat="44.41193" lon="-92.22727">
        <ele>293.6</ele>
      </trkpt>
      <trkpt lat="44.41236" lon="-92.22748">
        <ele>290.5</ele>
      </trkpt>
      <trkpt lat="44.4132" lon="-92.22791">
        <ele>284.4</ele>
      </trkpt>
      <trkpt lat="44.41404" lon="-92.22834">
        <ele>276.2</ele>
      </trkpt>
      <trkpt lat="44.41449" lon="-92.22865">
        <ele>273.6</ele>
      </trkpt>
      <trkpt lat="44.41487" lon="-92.22911">
        <ele>267.9</ele>
      </trkpt>
      <trkpt lat="44.41525" lon="-92.22958">
        <ele>266.5</ele>
      </trkpt>
      <trkpt lat="44.41579" lon="-92.23026">
        <ele>264.8</ele>
      </trkpt>
      <trkpt lat="44.41633" lon="-92.23094">
        <ele>259.4</ele>
      </trkpt>
      <trkpt lat="44.41687" lon="-92.23163">
        <ele>252.0</ele>
      </trkpt>
      <trkpt lat="44.41742" lon="-92.23231">
        <ele>250.7</ele>
      </trkpt>
      <trkpt lat="44.41779" lon="-92.23287">
        <ele>243.0</ele>
      </trkpt>
      <trkpt lat="44.41817" lon="-92.2336">
        <ele>239.3</ele>
      </trkpt>
      <trkpt lat="44.41856" lon="-92.23434">
        <ele>235.9</ele>
      </trkpt>
      <trkpt lat="44.41895" lon="-92.23507">
        <ele>229.9</ele>
      </trkpt>
      <trkpt lat="44.41921" lon="-92.23547">
        <ele>228.2</ele>
      </trkpt>
      <trkpt lat="44.41978" lon="-92.23604">
        <ele>224.3</ele>
      </trkpt>
      <trkpt lat="44.42036" lon="-92.23661">
        <ele>223.0</ele>
      </trkpt>
      <trkpt lat="44.42094" lon="-92.23719">
        <ele>220.4</ele>
      </trkpt>
      <trkpt lat="44.42151" lon="-92.23776">
        <ele>217.9</ele>
      </trkpt>
      <trkpt lat="44.42183" lon="-92.23803">
        <ele>216.2</ele>
      </trkpt>
      <trkpt lat="44.42215" lon="-92.23822">
        <ele>214.2</ele>
      </trkpt>
      <trkpt lat="44.42241" lon="-92.23832">
        <ele>211.3</ele>
      </trkpt>
      <trkpt lat="44.42261" lon="-92.23836">
        <ele>208.4</ele>
      </trkpt>
      <trkpt lat="44.42293" lon="-92.23838">
        <ele>207.3</ele>
      </trkpt>
      <trkpt lat="44.42315" lon="-92.23838">
        <ele>207.3</ele>
      </trkpt>
      <trkpt lat="44.42335" lon="-92.23837">
        <ele>207.3</ele>
      </trkpt>
      <trkpt lat="44.42353" lon="-92.23837">
        <ele>207.3</ele>
      </trkpt>
      <trkpt lat="44.42354" lon="-92.23889">
        <ele>207.6</ele>
      </trkpt>
      <trkpt lat="44.42355" lon="-92.23924">
        <ele>208.1</ele>
      </trkpt>
      <trkpt lat="44.42358" lon="-92.23957">
        <ele>209.2</ele>
      </trkpt>
      <trkpt lat="44.42366" lon="-92.24027">
        <ele>212.4</ele>
      </trkpt>
      <trkpt lat="44.42371" lon="-92.24065">
        <ele>213.4</ele>
      </trkpt>
      <trkpt lat="44.42377" lon="-92.24103">
        <ele>213.7</ele>
      </trkpt>
      <trkpt lat="44.42386" lon="-92.24099">
        <ele>213.5</ele>
      </trkpt>
      <trkpt lat="44.42402" lon="-92.24099">
        <ele>213.0</ele>
      </trkpt>
      <trkpt lat="44.42416" lon="-92.24105">
        <ele>212.5</ele>
      </trkpt>
      <trkpt lat="44.42436" lon="-92.24119">
        <ele>212.2</ele>
      </trkpt>
      <trkpt lat="44.42489" lon="-92.24192">
        <ele>212.6</ele>
      </trkpt>
      <trkpt lat="44.42542" lon="-92.24264">
        <ele>213.5</ele>
      </trkpt>
      <trkpt lat="44.42586" lon="-92.24324">
        <ele>212.6</ele>
      </trkpt>
      <trkpt lat="44.42631" lon="-92.24384">
        <ele>210.6</ele>
      </trkpt>
      <trkpt lat="44.42675" lon="-92.24444">
        <ele>209.5</ele>
      </trkpt>
      <trkpt lat="44.42694" lon="-92.24467">
        <ele>209.2</ele>
      </trkpt>
      <trkpt lat="44.42749" lon="-92.24543">
        <ele>209.1</ele>
      </trkpt>
      <trkpt lat="44.42805" lon="-92.24619">
        <ele>209.1</ele>
      </trkpt>
      <trkpt lat="44.42861" lon="-92.24695">
        <ele>209.3</ele>
      </trkpt>
      <trkpt lat="44.42914" lon="-92.24769">
        <ele>209.1</ele>
      </trkpt>
      <trkpt lat="44.42968" lon="-92.24842">
        <ele>208.9</ele>
      </trkpt>
      <trkpt lat="44.43014" lon="-92.24904">
        <ele>208.7</ele>
      </trkpt>
      <trkpt lat="44.43061" lon="-92.24965">
        <ele>208.5</ele>
      </trkpt>
      <trkpt lat="44.43088" lon="-92.25">
        <ele>208.3</ele>
      </trkpt>
      <trkpt lat="44.43147" lon="-92.25086">
        <ele>207.1</ele>
      </trkpt>
      <trkpt lat="44.43162" lon="-92.25101">
        <ele>206.6</ele>
      </trkpt>
      <trkpt lat="44.43179" lon="-92.25108">
        <ele>206.4</ele>
      </trkpt>
      <trkpt lat="44.43186" lon="-92.25108">
        <ele>206.3</ele>
      </trkpt>
      <trkpt lat="44.43195" lon="-92.25101">
        <ele>206.2</ele>
      </trkpt>
      <trkpt lat="44.43213" lon="-92.25072">
        <ele>205.7</ele>
      </trkpt>
      <trkpt lat="44.43228" lon="-92.25084">
        <ele>205.9</ele>
      </trkpt>
      <trkpt lat="44.4328" lon="-92.25146">
        <ele>206.3</ele>
      </trkpt>
      <trkpt lat="44.43302" lon="-92.25176">
        <ele>206.5</ele>
      </trkpt>
      <trkpt lat="44.43341" lon="-92.25223">
        <ele>206.9</ele>
      </trkpt>
      <trkpt lat="44.43394" lon="-92.25283">
        <ele>208.7</ele>
      </trkpt>
      <trkpt lat="44.43447" lon="-92.25342">
        <ele>211.6</ele>
      </trkpt>
      <trkpt lat="44.43464" lon="-92.25354">
        <ele>213.2</ele>
      </trkpt>
      <trkpt lat="44.43524" lon="-92.25367">
        <ele>213.8</ele>
      </trkpt>
      <trkpt lat="44.43545" lon="-92.25382">
        <ele>214.0</ele>
      </trkpt>
      <trkpt lat="44.43614" lon="-92.25447">
        <ele>214.0</ele>
      </trkpt>
      <trkpt lat="44.43683" lon="-92.25512">
        <ele>213.9</ele>
      </trkpt>
      <trkpt lat="44.43737" lon="-92.25561">
        <ele>213.2</ele>
      </trkpt>
      <trkpt lat="44.43791" lon="-92.25611">
        <ele>213.3</ele>
      </trkpt>
      <trkpt lat="44.43809" lon="-92.2563">
        <ele>213.3</ele>
      </trkpt>
      <trkpt lat="44.43817" lon="-92.25643">
        <ele>213.3</ele>
      </trkpt>
      <trkpt lat="44.43816" lon="-92.25689">
        <ele>214.1</ele>
      </trkpt>
      <trkpt lat="44.439" lon="-92.25697">
        <ele>213.7</ele>
      </trkpt>
      <trkpt lat="44.43895" lon="-92.25723">
        <ele>214.0</ele>
      </trkpt>
      <trkpt lat="44.43869" lon="-92.25775">
        <ele>214.0</ele>
      </trkpt>
      <trkpt lat="44.43844" lon="-92.25828">
        <ele>214.0</ele>
      </trkpt>
      <trkpt lat="44.43897" lon="-92.25878">
        <ele>214.0</ele>
      </trkpt>
      <trkpt lat="44.43951" lon="-92.25929">
        <ele>214.0</ele>
      </trkpt>
      <trkpt lat="44.43915" lon="-92.26007">
        <ele>214.0</ele>
      </trkpt>
      <trkpt lat="44.43879" lon="-92.26085">
        <ele>214.0</ele>
      </trkpt>
      <trkpt lat="44.43843" lon="-92.26163">
        <ele>214.0</ele>
      </trkpt>
      <trkpt lat="44.43797" lon="-92.26259">
        <ele>214.0</ele>
      </trkpt>
      <trkpt lat="44.43794" lon="-92.26269">
        <ele>214.1</ele>
      </trkpt>
      <trkpt lat="44.43794" lon="-92.26276">
        <ele>214.1</ele>
      </trkpt>
      <trkpt lat="44.43797" lon="-92.26285">
        <ele>214.3</ele>
      </trkpt>
      <trkpt lat="44.43801" lon="-92.26292">
        <ele>214.5</ele>
      </trkpt>
      <trkpt lat="44.43807" lon="-92.26299">
        <ele>214.6</ele>
      </trkpt>
      <trkpt lat="44.43871" lon="-92.26359">
        <ele>215.0</ele>
      </trkpt>
      <trkpt lat="44.43935" lon="-92.26418">
        <ele>215.0</ele>
      </trkpt>
      <trkpt lat="44.43999" lon="-92.26477">
        <ele>215.0</ele>
      </trkpt>
      <trkpt lat="44.44026" lon="-92.2651">
        <ele>215.0</ele>
      </trkpt>
      <trkpt lat="44.4408" lon="-92.26594">
        <ele>215.0</ele>
      </trkpt>
      <trkpt lat="44.44022" lon="-92.26665">
        <ele>214.8</ele>
      </trkpt>
      <trkpt lat="44.43964" lon="-92.26735">
        <ele>214.0</ele>
      </trkpt>
      <trkpt lat="44.43906" lon="-92.26805">
        <ele>214.0</ele>
      </trkpt>
      <trkpt lat="44.43843" lon="-92.26878">
        <ele>213.1</ele>
      </trkpt>
      <trkpt lat="44.43877" lon="-92.26933">
        <ele>213.0</ele>
      </trkpt>
      <trkpt lat="44.43912" lon="-92.26988">
        <ele>213.0</ele>
      </trkpt>
      <trkpt lat="44.43946" lon="-92.27041">
        <ele>213.0</ele>
      </trkpt>
      <trkpt lat="44.43979" lon="-92.27095">
        <ele>213.0</ele>
      </trkpt>
      <trkpt lat="44.44036" lon="-92.2718">
        <ele>213.8</ele>
      </trkpt>
      <trkpt lat="44.44047" lon="-92.27202">
        <ele>214.0</ele>
      </trkpt>
      <trkpt lat="44.4408" lon="-92.27256">
        <ele>214.0</ele>
      </trkpt>
      <trkpt lat="44.44112" lon="-92.27309">
        <ele>214.0</ele>
      </trkpt>
      <trkpt lat="44.44145" lon="-92.27361">
        <ele>214.0</ele>
      </trkpt>
      <trkpt lat="44.44179" lon="-92.27414">
        <ele>214.0</ele>
      </trkpt>
      <trkpt lat="44.44214" lon="-92.27468">
        <ele>214.0</ele>
      </trkpt>
      <trkpt lat="44.44249" lon="-92.27523">
        <ele>214.0</ele>
      </trkpt>
      <trkpt lat="44.44298" lon="-92.27602">
        <ele>214.0</ele>
      </trkpt>
      <trkpt lat="44.44326" lon="-92.27645">
        <ele>214.0</ele>
      </trkpt>
      <trkpt lat="44.44352" lon="-92.27689">
        <ele>214.0</ele>
      </trkpt>
      <trkpt lat="44.44361" lon="-92.27709">
        <ele>214.2</ele>
      </trkpt>
      <trkpt lat="44.44368" lon="-92.27729">
        <ele>214.6</ele>
      </trkpt>
      <trkpt lat="44.44373" lon="-92.27746">
        <ele>215.0</ele>
      </trkpt>
      <trkpt lat="44.44397" lon="-92.27856">
        <ele>215.2</ele>
      </trkpt>
      <trkpt lat="44.44422" lon="-92.27965">
        <ele>214.3</ele>
      </trkpt>
      <trkpt lat="44.44447" lon="-92.28074">
        <ele>214.0</ele>
      </trkpt>
      <trkpt lat="44.44472" lon="-92.28184">
        <ele>214.0</ele>
      </trkpt>
      <trkpt lat="44.44497" lon="-92.28293">
        <ele>214.0</ele>
      </trkpt>
      <trkpt lat="44.44503" lon="-92.28313">
        <ele>213.8</ele>
      </trkpt>
      <trkpt lat="44.4452" lon="-92.2836">
        <ele>213.0</ele>
      </trkpt>
      <trkpt lat="44.44536" lon="-92.28389">
        <ele>213.3</ele>
      </trkpt>
      <trkpt lat="44.44544" lon="-92.28401">
        <ele>213.7</ele>
      </trkpt>
      <trkpt lat="44.44557" lon="-92.2842">
        <ele>214.0</ele>
      </trkpt>
      <trkpt lat="44.44579" lon="-92.28443">
        <ele>213.9</ele>
      </trkpt>
      <trkpt lat="44.44553" lon="-92.28502">
        <ele>214.3</ele>
      </trkpt>
      <trkpt lat="44.44528" lon="-92.28561">
        <ele>215.9</ele>
      </trkpt>
      <trkpt lat="44.44521" lon="-92.28586">
        <ele>216.7</ele>
      </trkpt>
      <trkpt lat="44.44517" lon="-92.28607">
        <ele>217.4</ele>
      </trkpt>
      <trkpt lat="44.44516" lon="-92.28626">
        <ele>217.7</ele>
      </trkpt>
      <trkpt lat="44.44515" lon="-92.28645">
        <ele>218.3</ele>
      </trkpt>
      <trkpt lat="44.4452" lon="-92.28768">
        <ele>220.8</ele>
      </trkpt>
      <trkpt lat="44.44524" lon="-92.28892">
        <ele>222.1</ele>
      </trkpt>
      <trkpt lat="44.44528" lon="-92.29016">
        <ele>222.9</ele>
      </trkpt>
      <trkpt lat="44.44558" lon="-92.29014">
        <ele>222.8</ele>
      </trkpt>
      <trkpt lat="44.44574" lon="-92.29106">
        <ele>223.4</ele>
      </trkpt>
      <trkpt lat="44.44555" lon="-92.29113">
        <ele>223.5</ele>
      </trkpt>
      <trkpt lat="44.44516" lon="-92.2912">
        <ele>223.8</ele>
      </trkpt>
      <trkpt lat="44.44502" lon="-92.29123">
        <ele>224.0</ele>
      </trkpt>
      <trkpt lat="44.44491" lon="-92.29123">
        <ele>224.1</ele>
      </trkpt>
      <trkpt lat="44.44483" lon="-92.2912">
        <ele>224.1</ele>
      </trkpt>
      <trkpt lat="44.4448" lon="-92.29115">
        <ele>224.1</ele>
      </trkpt>
      <trkpt lat="44.4448" lon="-92.29107">
        <ele>224.0</ele>
      </trkpt>
      <trkpt lat="44.44491" lon="-92.29074">
        <ele>223.5</ele>
      </trkpt>
      <trkpt lat="44.44492" lon="-92.29066">
        <ele>223.3</ele>
      </trkpt>
      <trkpt lat="44.44492" lon="-92.29052">
        <ele>223.1</ele>
      </trkpt>
      <trkpt lat="44.4449" lon="-92.29027">
        <ele>223.0</ele>
      </trkpt>
      <trkpt lat="44.4449" lon="-92.29018">
        <ele>223.0</ele>
      </trkpt>
      <trkpt lat="44.44499" lon="-92.28991">
        <ele>223.1</ele>
      </trkpt>
      <trkpt lat="44.44502" lon="-92.2898">
        <ele>222.9</ele>
      </trkpt>
      <trkpt lat="44.44502" lon="-92.2897">
        <ele>222.7</ele>
      </trkpt>
      <trkpt lat="44.44501" lon="-92.28959">
        <ele>222.5</ele>
      </trkpt>
      <trkpt lat="44.44498" lon="-92.2895">
        <ele>222.3</ele>
      </trkpt>
      <trkpt lat="44.44497" lon="-92.28935">
        <ele>222.1</ele>
      </trkpt>
      <trkpt lat="44.445" lon="-92.2891">
        <ele>222.0</ele>
      </trkpt>
      <trkpt lat="44.44497" lon="-92.28902">
        <ele>221.9</ele>
      </trkpt>
      <trkpt lat="44.44493" lon="-92.28896">
        <ele>221.8</ele>
      </trkpt>
      <trkpt lat="44.44489" lon="-92.28891">
        <ele>221.7</ele>
      </trkpt>
      <trkpt lat="44.44482" lon="-92.28888">
        <ele>221.6</ele>
      </trkpt>
      <trkpt lat="44.44479" lon="-92.28889">
        <ele>221.7</ele>
      </trkpt>
      <trkpt lat="44.44479" lon="-92.28889">
        <ele>221.7</ele>
      </trkpt>
      <trkpt lat="44.44479" lon="-92.28889">
        <ele>221.7</ele>
      </trkpt>
      <trkpt lat="44.44482" lon="-92.28888">
        <ele>221.6</ele>
      </trkpt>
      <trkpt lat="44.44489" lon="-92.28891">
        <ele>221.7</ele>
      </trkpt>
      <trkpt lat="44.44493" lon="-92.28896">
        <ele>221.8</ele>
      </trkpt>
      <trkpt lat="44.44497" lon="-92.28902">
        <ele>221.9</ele>
      </trkpt>
      <trkpt lat="44.445" lon="-92.2891">
        <ele>222.0</ele>
      </trkpt>
      <trkpt lat="44.44497" lon="-92.28935">
        <ele>222.1</ele>
      </trkpt>
      <trkpt lat="44.44498" lon="-92.2895">
        <ele>222.3</ele>
      </trkpt>
      <trkpt lat="44.44501" lon="-92.28959">
        <ele>222.5</ele>
      </trkpt>
      <trkpt lat="44.44502" lon="-92.2897">
        <ele>222.7</ele>
      </trkpt>
      <trkpt lat="44.44502" lon="-92.2898">
        <ele>222.9</ele>
      </trkpt>
      <trkpt lat="44.44499" lon="-92.28991">
        <ele>223.1</ele>
      </trkpt>
      <trkpt lat="44.4449" lon="-92.29018">
        <ele>223.0</ele>
      </trkpt>
      <trkpt lat="44.4449" lon="-92.29027">
        <ele>223.0</ele>
      </trkpt>
      <trkpt lat="44.44492" lon="-92.29052">
        <ele>223.1</ele>
      </trkpt>
      <trkpt lat="44.44492" lon="-92.29066">
        <ele>223.3</ele>
      </trkpt>
      <trkpt lat="44.44491" lon="-92.29074">
        <ele>223.5</ele>
      </trkpt>
      <trkpt lat="44.4448" lon="-92.29107">
        <ele>224.0</ele>
      </trkpt>
      <trkpt lat="44.4448" lon="-92.29115">
        <ele>224.1</ele>
      </trkpt>
      <trkpt lat="44.44483" lon="-92.2912">
        <ele>224.1</ele>
      </trkpt>
      <trkpt lat="44.44491" lon="-92.29123">
        <ele>224.1</ele>
      </trkpt>
      <trkpt lat="44.44502" lon="-92.29123">
        <ele>224.0</ele>
      </trkpt>
      <trkpt lat="44.44516" lon="-92.2912">
        <ele>223.8</ele>
      </trkpt>
      <trkpt lat="44.44555" lon="-92.29113">
        <ele>223.5</ele>
      </trkpt>
      <trkpt lat="44.44574" lon="-92.29106">
        <ele>223.4</ele>
      </trkpt>
      <trkpt lat="44.44558" lon="-92.29014">
        <ele>222.8</ele>
      </trkpt>
      <trkpt lat="44.44528" lon="-92.29016">
        <ele>222.9</ele>
      </trkpt>
      <trkpt lat="44.44525" lon="-92.28914">
        <ele>222.0</ele>
      </trkpt>
      <trkpt lat="44.44521" lon="-92.28812">
        <ele>221.0</ele>
      </trkpt>
      <trkpt lat="44.44518" lon="-92.2871">
        <ele>220.1</ele>
      </trkpt>
      <trkpt lat="44.44543" lon="-92.28707">
        <ele>220.2</ele>
      </trkpt>
      <trkpt lat="44.44587" lon="-92.28706">
        <ele>220.1</ele>
      </trkpt>
      <trkpt lat="44.4461" lon="-92.2871">
        <ele>220.1</ele>
      </trkpt>
      <trkpt lat="44.44636" lon="-92.28708">
        <ele>220.1</ele>
      </trkpt>
      <trkpt lat="44.44641" lon="-92.28705">
        <ele>220.1</ele>
      </trkpt>
      <trkpt lat="44.4465" lon="-92.28694">
        <ele>220.1</ele>
      </trkpt>
      <trkpt lat="44.44659" lon="-92.28664">
        <ele>218.8</ele>
      </trkpt>
      <trkpt lat="44.44667" lon="-92.28642">
        <ele>216.9</ele>
      </trkpt>
      <trkpt lat="44.44684" lon="-92.2862">
        <ele>215.7</ele>
      </trkpt>
      <trkpt lat="44.44711" lon="-92.28593">
        <ele>214.8</ele>
      </trkpt>
      <trkpt lat="44.44726" lon="-92.28585">
        <ele>214.8</ele>
      </trkpt>
      <trkpt lat="44.4476" lon="-92.28583">
        <ele>215.5</ele>
      </trkpt>
      <trkpt lat="44.44837" lon="-92.28582">
        <ele>216.4</ele>
      </trkpt>
      <trkpt lat="44.44848" lon="-92.28575">
        <ele>215.3</ele>
      </trkpt>
      <trkpt lat="44.44857" lon="-92.28567">
        <ele>214.2</ele>
      </trkpt>
      <trkpt lat="44.44859" lon="-92.28561">
        <ele>213.6</ele>
      </trkpt>
      <trkpt lat="44.44865" lon="-92.28533">
        <ele>213.0</ele>
      </trkpt>
      <trkpt lat="44.44867" lon="-92.2853">
        <ele>213.0</ele>
      </trkpt>
      <trkpt lat="44.44869" lon="-92.28528">
        <ele>213.0</ele>
      </trkpt>
      <trkpt lat="44.44952" lon="-92.28548">
        <ele>213.9</ele>
      </trkpt>
      <trkpt lat="44.45034" lon="-92.28569">
        <ele>213.7</ele>
      </trkpt>
      <trkpt lat="44.45116" lon="-92.2859">
        <ele>213.8</ele>
      </trkpt>
      <trkpt lat="44.45118" lon="-92.28576">
        <ele>213.4</ele>
      </trkpt>
      <trkpt lat="44.45136" lon="-92.28581">
        <ele>213.6</ele>
      </trkpt>
      <trkpt lat="44.45162" lon="-92.2859">
        <ele>213.6</ele>
      </trkpt>
      <trkpt lat="44.45179" lon="-92.28599">
        <ele>213.4</ele>
      </trkpt>
      <trkpt lat="44.45201" lon="-92.28613">
        <ele>213.5</ele>
      </trkpt>
      <trkpt lat="44.45255" lon="-92.28651">
        <ele>213.5</ele>
      </trkpt>
      <trkpt lat="44.45309" lon="-92.28689">
        <ele>213.2</ele>
      </trkpt>
      <trkpt lat="44.45362" lon="-92.28727">
        <ele>213.0</ele>
      </trkpt>
      <trkpt lat="44.45375" lon="-92.28737">
        <ele>213.0</ele>
      </trkpt>
      <trkpt lat="44.45393" lon="-92.28758">
        <ele>213.0</ele>
      </trkpt>
      <trkpt lat="44.45405" lon="-92.28769">
        <ele>213.0</ele>
      </trkpt>
      <trkpt lat="44.45455" lon="-92.288">
        <ele>213.0</ele>
      </trkpt>
      <trkpt lat="44.45465" lon="-92.28809">
        <ele>213.0</ele>
      </trkpt>
      <trkpt lat="44.45505" lon="-92.28855">
        <ele>213.0</ele>
      </trkpt>
      <trkpt lat="44.45573" lon="-92.28933">
        <ele>213.1</ele>
      </trkpt>
      <trkpt lat="44.45642" lon="-92.29011">
        <ele>213.0</ele>
      </trkpt>
      <trkpt lat="44.45698" lon="-92.29072">
        <ele>212.0</ele>
      </trkpt>
      <trkpt lat="44.4571" lon="-92.29084">
        <ele>211.8</ele>
      </trkpt>
      <trkpt lat="44.45734" lon="-92.291">
        <ele>211.0</ele>
      </trkpt>
      <trkpt lat="44.45744" lon="-92.29103">
        <ele>210.8</ele>
      </trkpt>
      <trkpt lat="44.45772" lon="-92.29108">
        <ele>211.2</ele>
      </trkpt>
      <trkpt lat="44.45798" lon="-92.29107">
        <ele>211.7</ele>
      </trkpt>
      <trkpt lat="44.45842" lon="-92.29095">
        <ele>212.8</ele>
      </trkpt>
      <trkpt lat="44.45852" lon="-92.29169">
        <ele>210.7</ele>
      </trkpt>
      <trkpt lat="44.45863" lon="-92.29243">
        <ele>210.1</ele>
      </trkpt>
      <trkpt lat="44.45869" lon="-92.29287">
        <ele>209.8</ele>
      </trkpt>
      <trkpt lat="44.45875" lon="-92.29331">
        <ele>209.6</ele>
      </trkpt>
      <trkpt lat="44.45877" lon="-92.29353">
        <ele>210.6</ele>
      </trkpt>
      <trkpt lat="44.45878" lon="-92.29384">
        <ele>212.1</ele>
      </trkpt>
      <trkpt lat="44.45876" lon="-92.29417">
        <ele>213.1</ele>
      </trkpt>
      <trkpt lat="44.4587" lon="-92.29446">
        <ele>213.6</ele>
      </trkpt>
      <trkpt lat="44.4586" lon="-92.29479">
        <ele>213.7</ele>
      </trkpt>
      <trkpt lat="44.45856" lon="-92.2949">
        <ele>214.0</ele>
      </trkpt>
      <trkpt lat="44.45845" lon="-92.29512">
        <ele>215.6</ele>
      </trkpt>
      <trkpt lat="44.45836" lon="-92.29526">
        <ele>217.0</ele>
      </trkpt>
      <trkpt lat="44.45793" lon="-92.29582">
        <ele>221.8</ele>
      </trkpt>
      <trkpt lat="44.45784" lon="-92.29597">
        <ele>223.1</ele>
      </trkpt>
      <trkpt lat="44.45767" lon="-92.2963">
        <ele>224.1</ele>
      </trkpt>
      <trkpt lat="44.45723" lon="-92.29731">
        <ele>225.6</ele>
      </trkpt>
      <trkpt lat="44.45679" lon="-92.29833">
        <ele>226.1</ele>
      </trkpt>
      <trkpt lat="44.45636" lon="-92.29935">
        <ele>227.0</ele>
      </trkpt>
      <trkpt lat="44.45592" lon="-92.30036">
        <ele>228.1</ele>
      </trkpt>
      <trkpt lat="44.45549" lon="-92.30138">
        <ele>229.1</ele>
      </trkpt>
      <trkpt lat="44.45524" lon="-92.30189">
        <ele>230.1</ele>
      </trkpt>
      <trkpt lat="44.45516" lon="-92.30205">
        <ele>230.0</ele>
      </trkpt>
      <trkpt lat="44.45498" lon="-92.30236">
        <ele>230.0</ele>
      </trkpt>
      <trkpt lat="44.45463" lon="-92.30296">
        <ele>231.1</ele>
      </trkpt>
      <trkpt lat="44.45427" lon="-92.30355">
        <ele>232.2</ele>
      </trkpt>
      <trkpt lat="44.45415" lon="-92.30377">
        <ele>233.3</ele>
      </trkpt>
      <trkpt lat="44.45402" lon="-92.3041">
        <ele>237.1</ele>
      </trkpt>
      <trkpt lat="44.45394" lon="-92.30433">
        <ele>239.9</ele>
      </trkpt>
      <trkpt lat="44.4539" lon="-92.30452">
        <ele>241.4</ele>
      </trkpt>
      <trkpt lat="44.45387" lon="-92.3047">
        <ele>242.3</ele>
      </trkpt>
      <trkpt lat="44.45385" lon="-92.30489">
        <ele>242.5</ele>
      </trkpt>
      <trkpt lat="44.45385" lon="-92.30508">
        <ele>242.5</ele>
      </trkpt>
      <trkpt lat="44.45385" lon="-92.30528">
        <ele>242.6</ele>
      </trkpt>
      <trkpt lat="44.4539" lon="-92.30563">
        <ele>244.0</ele>
      </trkpt>
      <trkpt lat="44.45397" lon="-92.30594">
        <ele>243.5</ele>
      </trkpt>
      <trkpt lat="44.45403" lon="-92.30613">
        <ele>242.9</ele>
      </trkpt>
      <trkpt lat="44.45426" lon="-92.30677">
        <ele>240.5</ele>
      </trkpt>
      <trkpt lat="44.45449" lon="-92.30742">
        <ele>237.6</ele>
      </trkpt>
      <trkpt lat="44.45461" lon="-92.30779">
        <ele>237.0</ele>
      </trkpt>
      <trkpt lat="44.4547" lon="-92.30816">
        <ele>236.3</ele>
      </trkpt>
      <trkpt lat="44.45475" lon="-92.30852">
        <ele>236.0</ele>
      </trkpt>
      <trkpt lat="44.45478" lon="-92.30889">
        <ele>235.5</ele>
      </trkpt>
      <trkpt lat="44.45479" lon="-92.30935">
        <ele>235.0</ele>
      </trkpt>
      <trkpt lat="44.45479" lon="-92.31054">
        <ele>232.0</ele>
      </trkpt>
      <trkpt lat="44.4548" lon="-92.31173">
        <ele>231.1</ele>
      </trkpt>
      <trkpt lat="44.45481" lon="-92.31292">
        <ele>231.7</ele>
      </trkpt>
      <trkpt lat="44.45481" lon="-92.31411">
        <ele>231.0</ele>
      </trkpt>
      <trkpt lat="44.45482" lon="-92.3153">
        <ele>231.0</ele>
      </trkpt>
      <trkpt lat="44.45483" lon="-92.31649">
        <ele>231.0</ele>
      </trkpt>
      <trkpt lat="44.45488" lon="-92.31727">
        <ele>231.0</ele>
      </trkpt>
      <trkpt lat="44.45495" lon="-92.31768">
        <ele>231.1</ele>
      </trkpt>
      <trkpt lat="44.45504" lon="-92.31802">
        <ele>231.2</ele>
      </trkpt>
      <trkpt lat="44.45529" lon="-92.31865">
        <ele>232.0</ele>
      </trkpt>
      <trkpt lat="44.45556" lon="-92.31903">
        <ele>232.3</ele>
      </trkpt>
      <trkpt lat="44.45571" lon="-92.31921">
        <ele>233.1</ele>
      </trkpt>
      <trkpt lat="44.45587" lon="-92.31938">
        <ele>233.5</ele>
      </trkpt>
      <trkpt lat="44.45604" lon="-92.31952">
        <ele>233.7</ele>
      </trkpt>
      <trkpt lat="44.45645" lon="-92.31982">
        <ele>236.0</ele>
      </trkpt>
      <trkpt lat="44.45686" lon="-92.32013">
        <ele>238.0</ele>
      </trkpt>
      <trkpt lat="44.45717" lon="-92.32038">
        <ele>239.1</ele>
      </trkpt>
      <trkpt lat="44.45752" lon="-92.32074">
        <ele>239.5</ele>
      </trkpt>
      <trkpt lat="44.45781" lon="-92.32111">
        <ele>238.6</ele>
      </trkpt>
      <trkpt lat="44.4582" lon="-92.32171">
        <ele>236.7</ele>
      </trkpt>
      <trkpt lat="44.45859" lon="-92.3223">
        <ele>236.6</ele>
      </trkpt>
      <trkpt lat="44.45879" lon="-92.32264">
        <ele>236.5</ele>
      </trkpt>
      <trkpt lat="44.45901" lon="-92.32315">
        <ele>235.7</ele>
      </trkpt>
      <trkpt lat="44.4593" lon="-92.32393">
        <ele>233.0</ele>
      </trkpt>
      <trkpt lat="44.45959" lon="-92.32471">
        <ele>232.7</ele>
      </trkpt>
      <trkpt lat="44.45989" lon="-92.32549">
        <ele>232.8</ele>
      </trkpt>
      <trkpt lat="44.46004" lon="-92.326">
        <ele>232.0</ele>
      </trkpt>
      <trkpt lat="44.46015" lon="-92.32675">
        <ele>232.0</ele>
      </trkpt>
      <trkpt lat="44.46018" lon="-92.32705">
        <ele>232.0</ele>
      </trkpt>
      <trkpt lat="44.46029" lon="-92.32798">
        <ele>232.4</ele>
      </trkpt>
      <trkpt lat="44.46042" lon="-92.32914">
        <ele>233.6</ele>
      </trkpt>
      <trkpt lat="44.46054" lon="-92.33031">
        <ele>235.3</ele>
      </trkpt>
      <trkpt lat="44.46067" lon="-92.33147">
        <ele>235.7</ele>
      </trkpt>
      <trkpt lat="44.46077" lon="-92.33208">
        <ele>235.0</ele>
      </trkpt>
      <trkpt lat="44.4609" lon="-92.33252">
        <ele>234.7</ele>
      </trkpt>
      <trkpt lat="44.46102" lon="-92.33282">
        <ele>234.0</ele>
      </trkpt>
      <trkpt lat="44.46119" lon="-92.33315">
        <ele>233.3</ele>
      </trkpt>
      <trkpt lat="44.46135" lon="-92.33339">
        <ele>233.5</ele>
      </trkpt>
      <trkpt lat="44.46154" lon="-92.33362">
        <ele>234.2</ele>
      </trkpt>
      <trkpt lat="44.46178" lon="-92.33384">
        <ele>236.0</ele>
      </trkpt>
      <trkpt lat="44.46247" lon="-92.33434">
        <ele>240.5</ele>
      </trkpt>
      <trkpt lat="44.46318" lon="-92.33484">
        <ele>244.0</ele>
      </trkpt>
      <trkpt lat="44.46389" lon="-92.33533">
        <ele>247.4</ele>
      </trkpt>
      <trkpt lat="44.4646" lon="-92.33583">
        <ele>248.7</ele>
      </trkpt>
      <trkpt lat="44.46531" lon="-92.33633">
        <ele>248.5</ele>
      </trkpt>
      <trkpt lat="44.46602" lon="-92.33682">
        <ele>247.4</ele>
      </trkpt>
      <trkpt lat="44.4663" lon="-92.33704">
        <ele>246.7</ele>
      </trkpt>
      <trkpt lat="44.46665" lon="-92.3374">
        <ele>246.1</ele>
      </trkpt>
      <trkpt lat="44.46691" lon="-92.33779">
        <ele>244.2</ele>
      </trkpt>
      <trkpt lat="44.4671" lon="-92.33817">
        <ele>243.1</ele>
      </trkpt>
      <trkpt lat="44.4673" lon="-92.33878">
        <ele>243.1</ele>
      </trkpt>
      <trkpt lat="44.46741" lon="-92.33943">
        <ele>242.3</ele>
      </trkpt>
      <trkpt lat="44.4675" lon="-92.34033">
        <ele>240.8</ele>
      </trkpt>
      <trkpt lat="44.4676" lon="-92.34123">
        <ele>241.3</ele>
      </trkpt>
      <trkpt lat="44.4677" lon="-92.34213">
        <ele>242.4</ele>
      </trkpt>
      <trkpt lat="44.46777" lon="-92.34269">
        <ele>243.2</ele>
      </trkpt>
      <trkpt lat="44.46781" lon="-92.34296">
        <ele>244.3</ele>
      </trkpt>
      <trkpt lat="44.46787" lon="-92.34323">
        <ele>245.9</ele>
      </trkpt>
      <trkpt lat="44.46817" lon="-92.34405">
        <ele>250.8</ele>
      </trkpt>
      <trkpt lat="44.46855" lon="-92.34499">
        <ele>252.4</ele>
      </trkpt>
      <trkpt lat="44.46893" lon="-92.34593">
        <ele>254.5</ele>
      </trkpt>
      <trkpt lat="44.46931" lon="-92.34687">
        <ele>258.0</ele>
      </trkpt>
      <trkpt lat="44.46969" lon="-92.34781">
        <ele>261.3</ele>
      </trkpt>
      <trkpt lat="44.46983" lon="-92.34822">
        <ele>262.4</ele>
      </trkpt>
      <trkpt lat="44.4699" lon="-92.34861">
        <ele>263.8</ele>
      </trkpt>
      <trkpt lat="44.47" lon="-92.34962">
        <ele>269.5</ele>
      </trkpt>
      <trkpt lat="44.47006" lon="-92.35">
        <ele>271.2</ele>
      </trkpt>
      <trkpt lat="44.47017" lon="-92.35041">
        <ele>273.6</ele>
      </trkpt>
      <trkpt lat="44.4705" lon="-92.35135">
        <ele>279.5</ele>
      </trkpt>
      <trkpt lat="44.47083" lon="-92.35229">
        <ele>287.9</ele>
      </trkpt>
      <trkpt lat="44.47115" lon="-92.35324">
        <ele>293.5</ele>
      </trkpt>
      <trkpt lat="44.47148" lon="-92.35418">
        <ele>297.4</ele>
      </trkpt>
      <trkpt lat="44.4717" lon="-92.35491">
        <ele>301.1</ele>
      </trkpt>
      <trkpt lat="44.47192" lon="-92.35565">
        <ele>308.1</ele>
      </trkpt>
      <trkpt lat="44.47221" lon="-92.35653">
        <ele>314.9</ele>
      </trkpt>
      <trkpt lat="44.4724" lon="-92.357">
        <ele>318.4</ele>
      </trkpt>
      <trkpt lat="44.47273" lon="-92.35749">
        <ele>322.3</ele>
      </trkpt>
      <trkpt lat="44.47312" lon="-92.3579">
        <ele>328.2</ele>
      </trkpt>
      <trkpt lat="44.47385" lon="-92.35853">
        <ele>336.5</ele>
      </trkpt>
      <trkpt lat="44.47458" lon="-92.35917">
        <ele>346.6</ele>
      </trkpt>
      <trkpt lat="44.47495" lon="-92.35951">
        <ele>349.6</ele>
      </trkpt>
      <trkpt lat="44.47521" lon="-92.35985">
        <ele>352.5</ele>
      </trkpt>
      <trkpt lat="44.47537" lon="-92.36013">
        <ele>353.7</ele>
      </trkpt>
      <trkpt lat="44.47555" lon="-92.36062">
        <ele>354.0</ele>
      </trkpt>
      <trkpt lat="44.4757" lon="-92.36134">
        <ele>353.3</ele>
      </trkpt>
      <trkpt lat="44.47574" lon="-92.36198">
        <ele>350.7</ele>
      </trkpt>
      <trkpt lat="44.47572" lon="-92.363">
        <ele>350.0</ele>
      </trkpt>
      <trkpt lat="44.4757" lon="-92.36403">
        <ele>349.5</ele>
      </trkpt>
      <trkpt lat="44.47568" lon="-92.36505">
        <ele>350.6</ele>
      </trkpt>
      <trkpt lat="44.47566" lon="-92.36625">
        <ele>352.2</ele>
      </trkpt>
      <trkpt lat="44.47564" lon="-92.36744">
        <ele>353.2</ele>
      </trkpt>
      <trkpt lat="44.47561" lon="-92.36863">
        <ele>353.4</ele>
      </trkpt>
      <trkpt lat="44.47559" lon="-92.36983">
        <ele>354.9</ele>
      </trkpt>
      <trkpt lat="44.47556" lon="-92.37055">
        <ele>356.8</ele>
      </trkpt>
      <trkpt lat="44.4755" lon="-92.37134">
        <ele>355.3</ele>
      </trkpt>
      <trkpt lat="44.47539" lon="-92.37253">
        <ele>349.3</ele>
      </trkpt>
      <trkpt lat="44.47528" lon="-92.37373">
        <ele>348.9</ele>
      </trkpt>
      <trkpt lat="44.47517" lon="-92.37493">
        <ele>348.0</ele>
      </trkpt>
      <trkpt lat="44.47506" lon="-92.37612">
        <ele>347.9</ele>
      </trkpt>
      <trkpt lat="44.47495" lon="-92.37732">
        <ele>348.1</ele>
      </trkpt>
      <trkpt lat="44.47482" lon="-92.37816">
        <ele>346.4</ele>
      </trkpt>
      <trkpt lat="44.47469" lon="-92.37855">
        <ele>346.1</ele>
      </trkpt>
      <trkpt lat="44.4745" lon="-92.37893">
        <ele>345.0</ele>
      </trkpt>
      <trkpt lat="44.47399" lon="-92.37954">
        <ele>340.8</ele>
      </trkpt>
      <trkpt lat="44.47366" lon="-92.37982">
        <ele>341.2</ele>
      </trkpt>
      <trkpt lat="44.47332" lon="-92.38">
        <ele>341.0</ele>
      </trkpt>
      <trkpt lat="44.4729" lon="-92.38013">
        <ele>339.9</ele>
      </trkpt>
      <trkpt lat="44.47245" lon="-92.38025">
        <ele>336.4</ele>
      </trkpt>
      <trkpt lat="44.47208" lon="-92.38041">
        <ele>334.8</ele>
      </trkpt>
      <trkpt lat="44.47183" lon="-92.3806">
        <ele>331.0</ele>
      </trkpt>
      <trkpt lat="44.47158" lon="-92.38088">
        <ele>328.3</ele>
      </trkpt>
      <trkpt lat="44.47118" lon="-92.38159">
        <ele>321.6</ele>
      </trkpt>
      <trkpt lat="44.47077" lon="-92.38229">
        <ele>318.7</ele>
      </trkpt>
      <trkpt lat="44.47037" lon="-92.383">
        <ele>323.8</ele>
      </trkpt>
      <trkpt lat="44.47017" lon="-92.38351">
        <ele>325.9</ele>
      </trkpt>
      <trkpt lat="44.47002" lon="-92.38405">
        <ele>328.2</ele>
      </trkpt>
      <trkpt lat="44.46996" lon="-92.38473">
        <ele>329.5</ele>
      </trkpt>
      <trkpt lat="44.46989" lon="-92.38584">
        <ele>330.8</ele>
      </trkpt>
      <trkpt lat="44.46983" lon="-92.38695">
        <ele>334.6</ele>
      </trkpt>
      <trkpt lat="44.46977" lon="-92.38806">
        <ele>334.7</ele>
      </trkpt>
      <trkpt lat="44.46971" lon="-92.38917">
        <ele>337.7</ele>
      </trkpt>
      <trkpt lat="44.46965" lon="-92.39027">
        <ele>336.3</ele>
      </trkpt>
      <trkpt lat="44.46959" lon="-92.39138">
        <ele>328.9</ele>
      </trkpt>
      <trkpt lat="44.46953" lon="-92.39249">
        <ele>335.5</ele>
      </trkpt>
      <trkpt lat="44.46953" lon="-92.39296">
        <ele>338.5</ele>
      </trkpt>
      <trkpt lat="44.46955" lon="-92.3942">
        <ele>340.2</ele>
      </trkpt>
      <trkpt lat="44.46956" lon="-92.39544">
        <ele>336.1</ele>
      </trkpt>
      <trkpt lat="44.46958" lon="-92.39669">
        <ele>341.9</ele>
      </trkpt>
      <trkpt lat="44.46959" lon="-92.39793">
        <ele>342.9</ele>
      </trkpt>
      <trkpt lat="44.4696" lon="-92.39917">
        <ele>339.0</ele>
      </trkpt>
      <trkpt lat="44.46962" lon="-92.40041">
        <ele>333.9</ele>
      </trkpt>
      <trkpt lat="44.46963" lon="-92.40165">
        <ele>336.1</ele>
      </trkpt>
      <trkpt lat="44.46964" lon="-92.40289">
        <ele>341.0</ele>
      </trkpt>
      <trkpt lat="44.46966" lon="-92.40413">
        <ele>344.4</ele>
      </trkpt>
      <trkpt lat="44.46967" lon="-92.40538">
        <ele>343.6</ele>
      </trkpt>
      <trkpt lat="44.46969" lon="-92.40662">
        <ele>342.9</ele>
      </trkpt>
      <trkpt lat="44.46971" lon="-92.40786">
        <ele>345.3</ele>
      </trkpt>
      <trkpt lat="44.46972" lon="-92.4091">
        <ele>347.4</ele>
      </trkpt>
      <trkpt lat="44.46974" lon="-92.41034">
        <ele>347.9</ele>
      </trkpt>
      <trkpt lat="44.46976" lon="-92.41143">
        <ele>345.3</ele>
      </trkpt>
      <trkpt lat="44.46978" lon="-92.41251">
        <ele>342.1</ele>
      </trkpt>
      <trkpt lat="44.4698" lon="-92.4136">
        <ele>340.6</ele>
      </trkpt>
      <trkpt lat="44.46982" lon="-92.41468">
        <ele>341.9</ele>
      </trkpt>
      <trkpt lat="44.46984" lon="-92.41577">
        <ele>342.2</ele>
      </trkpt>
      <trkpt lat="44.46986" lon="-92.41686">
        <ele>340.6</ele>
      </trkpt>
      <trkpt lat="44.46988" lon="-92.41718">
        <ele>339.3</ele>
      </trkpt>
      <trkpt lat="44.46992" lon="-92.41747">
        <ele>338.2</ele>
      </trkpt>
      <trkpt lat="44.46998" lon="-92.41779">
        <ele>337.0</ele>
      </trkpt>
      <trkpt lat="44.47007" lon="-92.41814">
        <ele>335.6</ele>
      </trkpt>
      <trkpt lat="44.47018" lon="-92.41848">
        <ele>334.7</ele>
      </trkpt>
      <trkpt lat="44.47033" lon="-92.41882">
        <ele>333.0</ele>
      </trkpt>
      <trkpt lat="44.47049" lon="-92.4191">
        <ele>330.6</ele>
      </trkpt>
      <trkpt lat="44.47078" lon="-92.41954">
        <ele>329.5</ele>
      </trkpt>
      <trkpt lat="44.47115" lon="-92.41989">
        <ele>329.4</ele>
      </trkpt>
      <trkpt lat="44.47135" lon="-92.42003">
        <ele>329.3</ele>
      </trkpt>
      <trkpt lat="44.4716" lon="-92.42018">
        <ele>329.2</ele>
      </trkpt>
      <trkpt lat="44.47183" lon="-92.42029">
        <ele>329.3</ele>
      </trkpt>
      <trkpt lat="44.47206" lon="-92.42034">
        <ele>329.9</ele>
      </trkpt>
      <trkpt lat="44.4723" lon="-92.42037">
        <ele>331.4</ele>
      </trkpt>
      <trkpt lat="44.47291" lon="-92.42037">
        <ele>336.2</ele>
      </trkpt>
      <trkpt lat="44.47381" lon="-92.42034">
        <ele>341.0</ele>
      </trkpt>
      <trkpt lat="44.47471" lon="-92.42031">
        <ele>336.5</ele>
      </trkpt>
      <trkpt lat="44.47549" lon="-92.42031">
        <ele>333.5</ele>
      </trkpt>
      <trkpt lat="44.4758" lon="-92.42034">
        <ele>331.5</ele>
      </trkpt>
      <trkpt lat="44.47606" lon="-92.42043">
        <ele>329.3</ele>
      </trkpt>
      <trkpt lat="44.47631" lon="-92.42058">
        <ele>328.5</ele>
      </trkpt>
      <trkpt lat="44.47683" lon="-92.42093">
        <ele>324.9</ele>
      </trkpt>
      <trkpt lat="44.47736" lon="-92.42129">
        <ele>322.8</ele>
      </trkpt>
      <trkpt lat="44.47765" lon="-92.42159">
        <ele>320.9</ele>
      </trkpt>
      <trkpt lat="44.47797" lon="-92.42205">
        <ele>319.9</ele>
      </trkpt>
      <trkpt lat="44.47836" lon="-92.42275">
        <ele>316.6</ele>
      </trkpt>
      <trkpt lat="44.47876" lon="-92.42345">
        <ele>311.6</ele>
      </trkpt>
      <trkpt lat="44.47913" lon="-92.42389">
        <ele>305.8</ele>
      </trkpt>
      <trkpt lat="44.47947" lon="-92.42434">
        <ele>300.4</ele>
      </trkpt>
      <trkpt lat="44.4798" lon="-92.42483">
        <ele>296.1</ele>
      </trkpt>
      <trkpt lat="44.48011" lon="-92.42517">
        <ele>294.6</ele>
      </trkpt>
      <trkpt lat="44.48063" lon="-92.42558">
        <ele>288.3</ele>
      </trkpt>
      <trkpt lat="44.48114" lon="-92.42591">
        <ele>282.5</ele>
      </trkpt>
      <trkpt lat="44.4815" lon="-92.42623">
        <ele>278.7</ele>
      </trkpt>
      <trkpt lat="44.48184" lon="-92.4267">
        <ele>273.5</ele>
      </trkpt>
      <trkpt lat="44.48215" lon="-92.42732">
        <ele>270.5</ele>
      </trkpt>
      <trkpt lat="44.48261" lon="-92.42832">
        <ele>269.7</ele>
      </trkpt>
      <trkpt lat="44.48308" lon="-92.42931">
        <ele>269.5</ele>
      </trkpt>
      <trkpt lat="44.48339" lon="-92.42977">
        <ele>268.3</ele>
      </trkpt>
      <trkpt lat="44.4838" lon="-92.43025">
        <ele>262.6</ele>
      </trkpt>
      <trkpt lat="44.48422" lon="-92.43073">
        <ele>261.2</ele>
      </trkpt>
      <trkpt lat="44.4847" lon="-92.43127">
        <ele>258.8</ele>
      </trkpt>
      <trkpt lat="44.48526" lon="-92.43196">
        <ele>255.2</ele>
      </trkpt>
      <trkpt lat="44.48581" lon="-92.43265">
        <ele>251.1</ele>
      </trkpt>
      <trkpt lat="44.48624" lon="-92.4332">
        <ele>248.0</ele>
      </trkpt>
      <trkpt lat="44.48689" lon="-92.434">
        <ele>243.3</ele>
      </trkpt>
      <trkpt lat="44.48726" lon="-92.43459">
        <ele>243.3</ele>
      </trkpt>
      <trkpt lat="44.48746" lon="-92.43504">
        <ele>243.2</ele>
      </trkpt>
      <trkpt lat="44.4876" lon="-92.43546">
        <ele>243.3</ele>
      </trkpt>
      <trkpt lat="44.48772" lon="-92.43602">
        <ele>243.4</ele>
      </trkpt>
      <trkpt lat="44.48777" lon="-92.43648">
        <ele>243.6</ele>
      </trkpt>
      <trkpt lat="44.48778" lon="-92.437">
        <ele>243.8</ele>
      </trkpt>
      <trkpt lat="44.48778" lon="-92.43812">
        <ele>244.5</ele>
      </trkpt>
      <trkpt lat="44.48778" lon="-92.43925">
        <ele>244.5</ele>
      </trkpt>
      <trkpt lat="44.48778" lon="-92.44037">
        <ele>244.8</ele>
      </trkpt>
      <trkpt lat="44.48778" lon="-92.44149">
        <ele>244.8</ele>
      </trkpt>
      <trkpt lat="44.48777" lon="-92.44269">
        <ele>243.9</ele>
      </trkpt>
      <trkpt lat="44.48776" lon="-92.4439">
        <ele>243.8</ele>
      </trkpt>
      <trkpt lat="44.48779" lon="-92.44489">
        <ele>245.9</ele>
      </trkpt>
      <trkpt lat="44.48785" lon="-92.44548">
        <ele>247.4</ele>
      </trkpt>
      <trkpt lat="44.48799" lon="-92.44628">
        <ele>248.7</ele>
      </trkpt>
      <trkpt lat="44.48821" lon="-92.44749">
        <ele>249.5</ele>
      </trkpt>
      <trkpt lat="44.48843" lon="-92.4487">
        <ele>249.8</ele>
      </trkpt>
      <trkpt lat="44.48859" lon="-92.44954">
        <ele>250.1</ele>
      </trkpt>
      <trkpt lat="44.48876" lon="-92.45038">
        <ele>252.0</ele>
      </trkpt>
      <trkpt lat="44.48891" lon="-92.45135">
        <ele>251.4</ele>
      </trkpt>
      <trkpt lat="44.48899" lon="-92.45216">
        <ele>252.1</ele>
      </trkpt>
      <trkpt lat="44.48904" lon="-92.45299">
        <ele>252.2</ele>
      </trkpt>
      <trkpt lat="44.48909" lon="-92.45381">
        <ele>252.3</ele>
      </trkpt>
      <trkpt lat="44.48913" lon="-92.45495">
        <ele>253.0</ele>
      </trkpt>
      <trkpt lat="44.4892" lon="-92.45612">
        <ele>255.7</ele>
      </trkpt>
      <trkpt lat="44.48924" lon="-92.45662">
        <ele>256.8</ele>
      </trkpt>
      <trkpt lat="44.48943" lon="-92.45762">
        <ele>257.5</ele>
      </trkpt>
      <trkpt lat="44.48962" lon="-92.45862">
        <ele>257.2</ele>
      </trkpt>
      <trkpt lat="44.48981" lon="-92.45962">
        <ele>258.3</ele>
      </trkpt>
      <trkpt lat="44.48992" lon="-92.4601">
        <ele>258.3</ele>
      </trkpt>
      <trkpt lat="44.49001" lon="-92.46044">
        <ele>258.2</ele>
      </trkpt>
      <trkpt lat="44.49015" lon="-92.46086">
        <ele>258.1</ele>
      </trkpt>
      <trkpt lat="44.49035" lon="-92.4614">
        <ele>257.9</ele>
      </trkpt>
      <trkpt lat="44.49076" lon="-92.46221">
        <ele>256.4</ele>
      </trkpt>
      <trkpt lat="44.49117" lon="-92.46303">
        <ele>256.2</ele>
      </trkpt>
      <trkpt lat="44.49152" lon="-92.46374">
        <ele>253.9</ele>
      </trkpt>
      <trkpt lat="44.49178" lon="-92.46433">
        <ele>253.3</ele>
      </trkpt>
      <trkpt lat="44.49198" lon="-92.46488">
        <ele>253.3</ele>
      </trkpt>
      <trkpt lat="44.49222" lon="-92.46556">
        <ele>253.0</ele>
      </trkpt>
      <trkpt lat="44.49235" lon="-92.46617">
        <ele>253.8</ele>
      </trkpt>
      <trkpt lat="44.49246" lon="-92.46677">
        <ele>255.1</ele>
      </trkpt>
      <trkpt lat="44.49254" lon="-92.46727">
        <ele>256.3</ele>
      </trkpt>
      <trkpt lat="44.49266" lon="-92.46841">
        <ele>257.1</ele>
      </trkpt>
      <trkpt lat="44.49267" lon="-92.46892">
        <ele>257.2</ele>
      </trkpt>
      <trkpt lat="44.49264" lon="-92.46979">
        <ele>256.6</ele>
      </trkpt>
      <trkpt lat="44.4926" lon="-92.47065">
        <ele>255.6</ele>
      </trkpt>
      <trkpt lat="44.4926" lon="-92.47118">
        <ele>255.7</ele>
      </trkpt>
      <trkpt lat="44.49261" lon="-92.47171">
        <ele>254.5</ele>
      </trkpt>
      <trkpt lat="44.49265" lon="-92.47238">
        <ele>253.6</ele>
      </trkpt>
      <trkpt lat="44.49269" lon="-92.47304">
        <ele>253.0</ele>
      </trkpt>
      <trkpt lat="44.49277" lon="-92.47416">
        <ele>252.0</ele>
      </trkpt>
      <trkpt lat="44.49285" lon="-92.47529">
        <ele>250.7</ele>
      </trkpt>
      <trkpt lat="44.49293" lon="-92.47641">
        <ele>250.8</ele>
      </trkpt>
      <trkpt lat="44.49301" lon="-92.47753">
        <ele>253.5</ele>
      </trkpt>
      <trkpt lat="44.49304" lon="-92.47776">
        <ele>254.1</ele>
      </trkpt>
      <trkpt lat="44.49308" lon="-92.47799">
        <ele>254.6</ele>
      </trkpt>
      <trkpt lat="44.49313" lon="-92.47821">
        <ele>255.1</ele>
      </trkpt>
      <trkpt lat="44.49322" lon="-92.47848">
        <ele>255.6</ele>
      </trkpt>
      <trkpt lat="44.4933" lon="-92.47866">
        <ele>255.8</ele>
      </trkpt>
      <trkpt lat="44.49346" lon="-92.47896">
        <ele>255.9</ele>
      </trkpt>
      <trkpt lat="44.49358" lon="-92.47913">
        <ele>255.7</ele>
      </trkpt>
      <trkpt lat="44.49377" lon="-92.47936">
        <ele>255.3</ele>
      </trkpt>
      <trkpt lat="44.49395" lon="-92.47952">
        <ele>255.4</ele>
      </trkpt>
      <trkpt lat="44.49423" lon="-92.47972">
        <ele>255.7</ele>
      </trkpt>
      <trkpt lat="44.49485" lon="-92.48012">
        <ele>256.2</ele>
      </trkpt>
      <trkpt lat="44.49546" lon="-92.48052">
        <ele>261.2</ele>
      </trkpt>
      <trkpt lat="44.49608" lon="-92.48093">
        <ele>263.8</ele>
      </trkpt>
      <trkpt lat="44.49672" lon="-92.48133">
        <ele>267.6</ele>
      </trkpt>
      <trkpt lat="44.49736" lon="-92.48173">
        <ele>272.9</ele>
      </trkpt>
      <trkpt lat="44.498" lon="-92.48213">
        <ele>274.3</ele>
      </trkpt>
      <trkpt lat="44.49817" lon="-92.48222">
        <ele>275.1</ele>
      </trkpt>
      <trkpt lat="44.49842" lon="-92.4823">
        <ele>277.6</ele>
      </trkpt>
      <trkpt lat="44.4993" lon="-92.48245">
        <ele>281.7</ele>
      </trkpt>
      <trkpt lat="44.50019" lon="-92.48261">
        <ele>282.0</ele>
      </trkpt>
      <trkpt lat="44.50058" lon="-92.48274">
        <ele>286.8</ele>
      </trkpt>
      <trkpt lat="44.50087" lon="-92.48291">
        <ele>287.9</ele>
      </trkpt>
      <trkpt lat="44.50116" lon="-92.48317">
        <ele>289.4</ele>
      </trkpt>
      <trkpt lat="44.50145" lon="-92.48354">
        <ele>290.0</ele>
      </trkpt>
      <trkpt lat="44.5019" lon="-92.48415">
        <ele>292.2</ele>
      </trkpt>
      <trkpt lat="44.50234" lon="-92.48476">
        <ele>297.5</ele>
      </trkpt>
      <trkpt lat="44.50279" lon="-92.48537">
        <ele>297.5</ele>
      </trkpt>
      <trkpt lat="44.50303" lon="-92.48568">
        <ele>297.8</ele>
      </trkpt>
      <trkpt lat="44.50324" lon="-92.48586">
        <ele>298.3</ele>
      </trkpt>
      <trkpt lat="44.5038" lon="-92.4861">
        <ele>300.2</ele>
      </trkpt>
      <trkpt lat="44.504" lon="-92.48619">
        <ele>300.3</ele>
      </trkpt>
      <trkpt lat="44.50414" lon="-92.48631">
        <ele>301.0</ele>
      </trkpt>
      <trkpt lat="44.50423" lon="-92.48636">
        <ele>302.0</ele>
      </trkpt>
      <trkpt lat="44.50452" lon="-92.48668">
        <ele>305.6</ele>
      </trkpt>
      <trkpt lat="44.50472" lon="-92.48701">
        <ele>307.3</ele>
      </trkpt>
      <trkpt lat="44.50485" lon="-92.48733">
        <ele>307.2</ele>
      </trkpt>
      <trkpt lat="44.50496" lon="-92.48782">
        <ele>308.4</ele>
      </trkpt>
      <trkpt lat="44.50499" lon="-92.4884">
        <ele>310.7</ele>
      </trkpt>
      <trkpt lat="44.50494" lon="-92.48903">
        <ele>313.8</ele>
      </trkpt>
      <trkpt lat="44.50485" lon="-92.48964">
        <ele>314.7</ele>
      </trkpt>
      <trkpt lat="44.50473" lon="-92.49007">
        <ele>316.0</ele>
      </trkpt>
      <trkpt lat="44.50436" lon="-92.49073">
        <ele>319.6</ele>
      </trkpt>
      <trkpt lat="44.50399" lon="-92.4914">
        <ele>322.6</ele>
      </trkpt>
      <trkpt lat="44.50387" lon="-92.49169">
        <ele>322.8</ele>
      </trkpt>
      <trkpt lat="44.50378" lon="-92.49198">
        <ele>323.9</ele>
      </trkpt>
      <trkpt lat="44.50372" lon="-92.49231">
        <ele>325.8</ele>
      </trkpt>
      <trkpt lat="44.5037" lon="-92.49251">
        <ele>327.2</ele>
      </trkpt>
      <trkpt lat="44.5037" lon="-92.49278">
        <ele>328.6</ele>
      </trkpt>
      <trkpt lat="44.50378" lon="-92.49375">
        <ele>332.5</ele>
      </trkpt>
      <trkpt lat="44.50386" lon="-92.49471">
        <ele>334.0</ele>
      </trkpt>
      <trkpt lat="44.50393" lon="-92.49567">
        <ele>335.5</ele>
      </trkpt>
      <trkpt lat="44.50401" lon="-92.49664">
        <ele>334.5</ele>
      </trkpt>
      <trkpt lat="44.50409" lon="-92.49769">
        <ele>336.0</ele>
      </trkpt>
      <trkpt lat="44.50417" lon="-92.49874">
        <ele>335.3</ele>
      </trkpt>
      <trkpt lat="44.50419" lon="-92.49971">
        <ele>335.7</ele>
      </trkpt>
      <trkpt lat="44.50429" lon="-92.50028">
        <ele>335.6</ele>
      </trkpt>
      <trkpt lat="44.50448" lon="-92.50097">
        <ele>335.4</ele>
      </trkpt>
      <trkpt lat="44.50482" lon="-92.50177">
        <ele>334.8</ele>
      </trkpt>
      <trkpt lat="44.50522" lon="-92.50255">
        <ele>329.9</ele>
      </trkpt>
      <trkpt lat="44.50562" lon="-92.50332">
        <ele>333.3</ele>
      </trkpt>
      <trkpt lat="44.50602" lon="-92.50409">
        <ele>335.7</ele>
      </trkpt>
      <trkpt lat="44.50642" lon="-92.50486">
        <ele>335.7</ele>
      </trkpt>
      <trkpt lat="44.50662" lon="-92.50521">
        <ele>336.1</ele>
      </trkpt>
      <trkpt lat="44.50689" lon="-92.5056">
        <ele>335.0</ele>
      </trkpt>
      <trkpt lat="44.50745" lon="-92.50631">
        <ele>336.3</ele>
      </trkpt>
      <trkpt lat="44.50801" lon="-92.50701">
        <ele>336.3</ele>
      </trkpt>
      <trkpt lat="44.50857" lon="-92.50772">
        <ele>336.7</ele>
      </trkpt>
      <trkpt lat="44.50913" lon="-92.50843">
        <ele>336.5</ele>
      </trkpt>
      <trkpt lat="44.5097" lon="-92.50917">
        <ele>336.4</ele>
      </trkpt>
      <trkpt lat="44.51028" lon="-92.50991">
        <ele>336.1</ele>
      </trkpt>
      <trkpt lat="44.51057" lon="-92.51047">
        <ele>336.0</ele>
      </trkpt>
      <trkpt lat="44.51069" lon="-92.51079">
        <ele>336.9</ele>
      </trkpt>
      <trkpt lat="44.51107" lon="-92.51185">
        <ele>336.0</ele>
      </trkpt>
      <trkpt lat="44.51145" lon="-92.51291">
        <ele>335.9</ele>
      </trkpt>
      <trkpt lat="44.51162" lon="-92.5136">
        <ele>336.4</ele>
      </trkpt>
      <trkpt lat="44.51171" lon="-92.51418">
        <ele>336.3</ele>
      </trkpt>
      <trkpt lat="44.51176" lon="-92.51528">
        <ele>336.7</ele>
      </trkpt>
      <trkpt lat="44.51181" lon="-92.51639">
        <ele>336.9</ele>
      </trkpt>
      <trkpt lat="44.51196" lon="-92.5174">
        <ele>334.8</ele>
      </trkpt>
      <trkpt lat="44.51218" lon="-92.51847">
        <ele>335.2</ele>
      </trkpt>
      <trkpt lat="44.51239" lon="-92.51954">
        <ele>335.2</ele>
      </trkpt>
      <trkpt lat="44.51261" lon="-92.5207">
        <ele>331.0</ele>
      </trkpt>
      <trkpt lat="44.51319" lon="-92.52052">
        <ele>330.4</ele>
      </trkpt>
      <trkpt lat="44.51352" lon="-92.52046">
        <ele>328.0</ele>
      </trkpt>
      <trkpt lat="44.51391" lon="-92.52041">
        <ele>326.5</ele>
      </trkpt>
      <trkpt lat="44.5144" lon="-92.52039">
        <ele>327.3</ele>
      </trkpt>
      <trkpt lat="44.51473" lon="-92.52039">
        <ele>328.4</ele>
      </trkpt>
      <trkpt lat="44.51515" lon="-92.52043">
        <ele>329.1</ele>
      </trkpt>
      <trkpt lat="44.51558" lon="-92.5205">
        <ele>331.3</ele>
      </trkpt>
      <trkpt lat="44.516" lon="-92.52062">
        <ele>334.8</ele>
      </trkpt>
      <trkpt lat="44.51652" lon="-92.52079">
        <ele>336.7</ele>
      </trkpt>
      <trkpt lat="44.5169" lon="-92.52097">
        <ele>336.3</ele>
      </trkpt>
      <trkpt lat="44.51755" lon="-92.52123">
        <ele>333.9</ele>
      </trkpt>
      <trkpt lat="44.5182" lon="-92.5215">
        <ele>329.2</ele>
      </trkpt>
      <trkpt lat="44.51885" lon="-92.52177">
        <ele>328.3</ele>
      </trkpt>
      <trkpt lat="44.51959" lon="-92.5221">
        <ele>324.3</ele>
      </trkpt>
      <trkpt lat="44.52032" lon="-92.52243">
        <ele>323.8</ele>
      </trkpt>
      <trkpt lat="44.52106" lon="-92.52276">
        <ele>323.4</ele>
      </trkpt>
      <trkpt lat="44.52179" lon="-92.52309">
        <ele>323.3</ele>
      </trkpt>
      <trkpt lat="44.52242" lon="-92.52328">
        <ele>323.9</ele>
      </trkpt>
      <trkpt lat="44.52294" lon="-92.5234">
        <ele>323.7</ele>
      </trkpt>
      <trkpt lat="44.52353" lon="-92.52343">
        <ele>323.2</ele>
      </trkpt>
      <trkpt lat="44.52416" lon="-92.52342">
        <ele>323.3</ele>
      </trkpt>
      <trkpt lat="44.52496" lon="-92.52332">
        <ele>323.2</ele>
      </trkpt>
      <trkpt lat="44.52577" lon="-92.52321">
        <ele>323.3</ele>
      </trkpt>
      <trkpt lat="44.52658" lon="-92.52311">
        <ele>323.4</ele>
      </trkpt>
      <trkpt lat="44.52739" lon="-92.523">
        <ele>324.0</ele>
      </trkpt>
      <trkpt lat="44.52815" lon="-92.5229">
        <ele>322.6</ele>
      </trkpt>
      <trkpt lat="44.52891" lon="-92.5228">
        <ele>320.0</ele>
      </trkpt>
      <trkpt lat="44.52967" lon="-92.5227">
        <ele>321.8</ele>
      </trkpt>
      <trkpt lat="44.53043" lon="-92.52259">
        <ele>317.3</ele>
      </trkpt>
      <trkpt lat="44.53119" lon="-92.52249">
        <ele>321.2</ele>
      </trkpt>
      <trkpt lat="44.53187" lon="-92.52241">
        <ele>317.3</ele>
      </trkpt>
      <trkpt lat="44.53255" lon="-92.52232">
        <ele>317.3</ele>
      </trkpt>
      <trkpt lat="44.53323" lon="-92.52224">
        <ele>319.9</ele>
      </trkpt>
      <trkpt lat="44.53391" lon="-92.52216">
        <ele>317.6</ele>
      </trkpt>
      <trkpt lat="44.53395" lon="-92.5227">
        <ele>317.6</ele>
      </trkpt>
      <trkpt lat="44.53391" lon="-92.52292">
        <ele>318.2</ele>
      </trkpt>
      <trkpt lat="44.53397" lon="-92.52331">
        <ele>318.7</ele>
      </trkpt>
      <trkpt lat="44.534" lon="-92.52349">
        <ele>319.7</ele>
      </trkpt>
      <trkpt lat="44.53404" lon="-92.52363">
        <ele>320.6</ele>
      </trkpt>
      <trkpt lat="44.53411" lon="-92.52383">
        <ele>321.5</ele>
      </trkpt>
      <trkpt lat="44.53446" lon="-92.52463">
        <ele>327.3</ele>
      </trkpt>
      <trkpt lat="44.5348" lon="-92.52543">
        <ele>328.8</ele>
      </trkpt>
      <trkpt lat="44.53515" lon="-92.52622">
        <ele>328.2</ele>
      </trkpt>
      <trkpt lat="44.53524" lon="-92.52639">
        <ele>328.0</ele>
      </trkpt>
      <trkpt lat="44.53533" lon="-92.52651">
        <ele>327.3</ele>
      </trkpt>
      <trkpt lat="44.53546" lon="-92.52664">
        <ele>325.4</ele>
      </trkpt>
      <trkpt lat="44.53555" lon="-92.52672">
        <ele>324.2</ele>
      </trkpt>
      <trkpt lat="44.53566" lon="-92.52679">
        <ele>323.1</ele>
      </trkpt>
      <trkpt lat="44.53583" lon="-92.52685">
        <ele>322.4</ele>
      </trkpt>
      <trkpt lat="44.53645" lon="-92.52703">
        <ele>317.9</ele>
      </trkpt>
      <trkpt lat="44.53657" lon="-92.52708">
        <ele>317.3</ele>
      </trkpt>
      <trkpt lat="44.53669" lon="-92.52716">
        <ele>316.8</ele>
      </trkpt>
      <trkpt lat="44.53681" lon="-92.52726">
        <ele>315.9</ele>
      </trkpt>
      <trkpt lat="44.53748" lon="-92.5279">
        <ele>306.6</ele>
      </trkpt>
      <trkpt lat="44.53761" lon="-92.52798">
        <ele>305.0</ele>
      </trkpt>
      <trkpt lat="44.53776" lon="-92.52804">
        <ele>302.9</ele>
      </trkpt>
      <trkpt lat="44.53793" lon="-92.52807">
        <ele>300.2</ele>
      </trkpt>
      <trkpt lat="44.53806" lon="-92.52806">
        <ele>298.2</ele>
      </trkpt>
      <trkpt lat="44.53822" lon="-92.52803">
        <ele>296.4</ele>
      </trkpt>
      <trkpt lat="44.53883" lon="-92.52781">
        <ele>292.1</ele>
      </trkpt>
      <trkpt lat="44.539" lon="-92.52778">
        <ele>291.1</ele>
      </trkpt>
      <trkpt lat="44.53916" lon="-92.5278">
        <ele>291.0</ele>
      </trkpt>
      <trkpt lat="44.53929" lon="-92.52784">
        <ele>290.9</ele>
      </trkpt>
      <trkpt lat="44.53944" lon="-92.52793">
        <ele>290.1</ele>
      </trkpt>
      <trkpt lat="44.53954" lon="-92.52801">
        <ele>289.0</ele>
      </trkpt>
      <trkpt lat="44.53966" lon="-92.52816">
        <ele>287.5</ele>
      </trkpt>
      <trkpt lat="44.53976" lon="-92.52833">
        <ele>286.4</ele>
      </trkpt>
      <trkpt lat="44.53983" lon="-92.5285">
        <ele>285.4</ele>
      </trkpt>
      <trkpt lat="44.53987" lon="-92.52868">
        <ele>284.4</ele>
      </trkpt>
      <trkpt lat="44.5399" lon="-92.5289">
        <ele>283.6</ele>
      </trkpt>
      <trkpt lat="44.53995" lon="-92.52997">
        <ele>283.1</ele>
      </trkpt>
      <trkpt lat="44.54" lon="-92.53105">
        <ele>283.2</ele>
      </trkpt>
      <trkpt lat="44.54004" lon="-92.53212">
        <ele>279.6</ele>
      </trkpt>
      <trkpt lat="44.54007" lon="-92.5324">
        <ele>278.9</ele>
      </trkpt>
      <trkpt lat="44.54012" lon="-92.53266">
        <ele>278.2</ele>
      </trkpt>
      <trkpt lat="44.54018" lon="-92.53291">
        <ele>277.4</ele>
      </trkpt>
      <trkpt lat="44.54028" lon="-92.53322">
        <ele>276.3</ele>
      </trkpt>
      <trkpt lat="44.54034" lon="-92.5334">
        <ele>275.7</ele>
      </trkpt>
      <trkpt lat="44.54048" lon="-92.53366">
        <ele>275.3</ele>
      </trkpt>
      <trkpt lat="44.54079" lon="-92.53407">
        <ele>274.5</ele>
      </trkpt>
      <trkpt lat="44.54125" lon="-92.53466">
        <ele>271.8</ele>
      </trkpt>
      <trkpt lat="44.54151" lon="-92.53501">
        <ele>271.5</ele>
      </trkpt>
      <trkpt lat="44.54169" lon="-92.53533">
        <ele>270.7</ele>
      </trkpt>
      <trkpt lat="44.54195" lon="-92.5358">
        <ele>269.6</ele>
      </trkpt>
      <trkpt lat="44.54238" lon="-92.53678">
        <ele>266.4</ele>
      </trkpt>
      <trkpt lat="44.54266" lon="-92.5378">
        <ele>265.7</ele>
      </trkpt>
      <trkpt lat="44.54278" lon="-92.53831">
        <ele>265.3</ele>
      </trkpt>
      <trkpt lat="44.54344" lon="-92.53818">
        <ele>263.5</ele>
      </trkpt>
      <trkpt lat="44.5439" lon="-92.5387">
        <ele>262.9</ele>
      </trkpt>
      <trkpt lat="44.54428" lon="-92.53913">
        <ele>261.6</ele>
      </trkpt>
      <trkpt lat="44.54466" lon="-92.53955">
        <ele>260.9</ele>
      </trkpt>
      <trkpt lat="44.54505" lon="-92.54">
        <ele>260.5</ele>
      </trkpt>
      <trkpt lat="44.54544" lon="-92.54045">
        <ele>260.8</ele>
      </trkpt>
      <trkpt lat="44.54561" lon="-92.54019">
        <ele>262.2</ele>
      </trkpt>
      <trkpt lat="44.54575" lon="-92.54004">
        <ele>262.9</ele>
      </trkpt>
      <trkpt lat="44.54591" lon="-92.53993">
        <ele>263.5</ele>
      </trkpt>
      <trkpt lat="44.54676" lon="-92.53973">
        <ele>266.4</ele>
      </trkpt>
      <trkpt lat="44.54686" lon="-92.53969">
        <ele>266.5</ele>
      </trkpt>
      <trkpt lat="44.54762" lon="-92.53924">
        <ele>267.2</ele>
      </trkpt>
      <trkpt lat="44.54838" lon="-92.53878">
        <ele>270.0</ele>
      </trkpt>
      <trkpt lat="44.54915" lon="-92.53833">
        <ele>270.8</ele>
      </trkpt>
      <trkpt lat="44.54989" lon="-92.53765">
        <ele>274.9</ele>
      </trkpt>
      <trkpt lat="44.55004" lon="-92.53754">
        <ele>275.4</ele>
      </trkpt>
      <trkpt lat="44.55023" lon="-92.53746">
        <ele>274.5</ele>
      </trkpt>
      <trkpt lat="44.55056" lon="-92.53743">
        <ele>271.6</ele>
      </trkpt>
      <trkpt lat="44.55142" lon="-92.53743">
        <ele>265.2</ele>
      </trkpt>
      <trkpt lat="44.55228" lon="-92.53744">
        <ele>264.2</ele>
      </trkpt>
      <trkpt lat="44.5529" lon="-92.53743">
        <ele>268.5</ele>
      </trkpt>
      <trkpt lat="44.55352" lon="-92.53742">
        <ele>273.7</ele>
      </trkpt>
      <trkpt lat="44.55414" lon="-92.53741">
        <ele>275.2</ele>
      </trkpt>
      <trkpt lat="44.5547" lon="-92.53732">
        <ele>277.2</ele>
      </trkpt>
      <trkpt lat="44.55518" lon="-92.53726">
        <ele>275.6</ele>
      </trkpt>
      <trkpt lat="44.55566" lon="-92.5372">
        <ele>270.3</ele>
      </trkpt>
      <trkpt lat="44.55621" lon="-92.5371">
        <ele>262.6</ele>
      </trkpt>
      <trkpt lat="44.55639" lon="-92.53704">
        <ele>259.6</ele>
      </trkpt>
      <trkpt lat="44.55647" lon="-92.53697">
        <ele>258.5</ele>
      </trkpt>
      <trkpt lat="44.55665" lon="-92.53681">
        <ele>256.6</ele>
      </trkpt>
      <trkpt lat="44.55737" lon="-92.53621">
        <ele>251.4</ele>
      </trkpt>
      <trkpt lat="44.55762" lon="-92.53595">
        <ele>249.1</ele>
      </trkpt>
      <trkpt lat="44.55831" lon="-92.5353">
        <ele>245.2</ele>
      </trkpt>
      <trkpt lat="44.55899" lon="-92.53465">
        <ele>241.5</ele>
      </trkpt>
      <trkpt lat="44.55968" lon="-92.534">
        <ele>239.6</ele>
      </trkpt>
      <trkpt lat="44.56019" lon="-92.53348">
        <ele>236.1</ele>
      </trkpt>
      <trkpt lat="44.56045" lon="-92.53284">
        <ele>232.8</ele>
      </trkpt>
      <trkpt lat="44.5607" lon="-92.5322">
        <ele>232.5</ele>
      </trkpt>
      <trkpt lat="44.56093" lon="-92.53173">
        <ele>231.8</ele>
      </trkpt>
      <trkpt lat="44.56116" lon="-92.53139">
        <ele>231.0</ele>
      </trkpt>
      <trkpt lat="44.56151" lon="-92.53085">
        <ele>230.4</ele>
      </trkpt>
      <trkpt lat="44.56166" lon="-92.53064">
        <ele>230.1</ele>
      </trkpt>
      <trkpt lat="44.56177" lon="-92.53049">
        <ele>229.7</ele>
      </trkpt>
      <trkpt lat="44.56238" lon="-92.52974">
        <ele>227.2</ele>
      </trkpt>
      <trkpt lat="44.56299" lon="-92.52898">
        <ele>224.1</ele>
      </trkpt>
      <trkpt lat="44.56361" lon="-92.52822">
        <ele>221.7</ele>
      </trkpt>
      <trkpt lat="44.56422" lon="-92.52747">
        <ele>219.7</ele>
      </trkpt>
      <trkpt lat="44.56463" lon="-92.52695">
        <ele>218.2</ele>
      </trkpt>
      <trkpt lat="44.56468" lon="-92.52685">
        <ele>218.1</ele>
      </trkpt>
      <trkpt lat="44.56472" lon="-92.52673">
        <ele>218.0</ele>
      </trkpt>
      <trkpt lat="44.56487" lon="-92.5259">
        <ele>217.6</ele>
      </trkpt>
      <trkpt lat="44.56501" lon="-92.52507">
        <ele>217.7</ele>
      </trkpt>
      <trkpt lat="44.56516" lon="-92.52424">
        <ele>217.9</ele>
      </trkpt>
      <trkpt lat="44.56531" lon="-92.52339">
        <ele>217.8</ele>
      </trkpt>
      <trkpt lat="44.56546" lon="-92.52255">
        <ele>217.5</ele>
      </trkpt>
      <trkpt lat="44.5663" lon="-92.52285">
        <ele>212.3</ele>
      </trkpt>
      <trkpt lat="44.56714" lon="-92.52315">
        <ele>210.1</ele>
      </trkpt>
      <trkpt lat="44.56721" lon="-92.52276">
        <ele>210.5</ele>
      </trkpt>
      <trkpt lat="44.56725" lon="-92.52234">
        <ele>209.7</ele>
      </trkpt>
      <trkpt lat="44.56728" lon="-92.522">
        <ele>209.6</ele>
      </trkpt>
      <trkpt lat="44.56727" lon="-92.52164">
        <ele>210.3</ele>
      </trkpt>
      <trkpt lat="44.56724" lon="-92.52123">
        <ele>211.5</ele>
      </trkpt>
      <trkpt lat="44.56715" lon="-92.52065">
        <ele>212.1</ele>
      </trkpt>
      <trkpt lat="44.56715" lon="-92.52051">
        <ele>212.4</ele>
      </trkpt>
      <trkpt lat="44.56718" lon="-92.52034">
        <ele>212.7</ele>
      </trkpt>
      <trkpt lat="44.56726" lon="-92.52023">
        <ele>213.0</ele>
      </trkpt>
      <trkpt lat="44.56735" lon="-92.52013">
        <ele>213.3</ele>
      </trkpt>
      <trkpt lat="44.5677" lon="-92.51967">
        <ele>212.8</ele>
      </trkpt>
      <trkpt lat="44.56785" lon="-92.51943">
        <ele>212.7</ele>
      </trkpt>
      <trkpt lat="44.56793" lon="-92.51925">
        <ele>212.1</ele>
      </trkpt>
      <trkpt lat="44.56796" lon="-92.51927">
        <ele>212.3</ele>
      </trkpt>
      <trkpt lat="44.56807" lon="-92.51928">
        <ele>213.1</ele>
      </trkpt>
      <trkpt lat="44.56809" lon="-92.51962">
        <ele>216.0</ele>
      </trkpt>
      <trkpt lat="44.56807" lon="-92.51985">
        <ele>217.3</ele>
      </trkpt>
      <trkpt lat="44.56808" lon="-92.52027">
        <ele>220.3</ele>
      </trkpt>
      <trkpt lat="44.56811" lon="-92.5206">
        <ele>222.0</ele>
      </trkpt>
      <trkpt lat="44.56815" lon="-92.52134">
        <ele>224.0</ele>
      </trkpt>
      <trkpt lat="44.56819" lon="-92.52207">
        <ele>226.3</ele>
      </trkpt>
      <trkpt lat="44.56822" lon="-92.52232">
        <ele>226.9</ele>
      </trkpt>
      <trkpt lat="44.56824" lon="-92.52277">
        <ele>227.4</ele>
      </trkpt>
      <trkpt lat="44.56831" lon="-92.52337">
        <ele>228.9</ele>
      </trkpt>
      <trkpt lat="44.56832" lon="-92.52359">
        <ele>228.9</ele>
      </trkpt>
      <trkpt lat="44.56834" lon="-92.52388">
        <ele>229.2</ele>
      </trkpt>
      <trkpt lat="44.56838" lon="-92.52415">
        <ele>230.5</ele>
      </trkpt>
      <trkpt lat="44.56842" lon="-92.52456">
        <ele>232.5</ele>
      </trkpt>
      <trkpt lat="44.56843" lon="-92.52483">
        <ele>234.0</ele>
      </trkpt>
      <trkpt lat="44.56843" lon="-92.52527">
        <ele>232.8</ele>
      </trkpt>
      <trkpt lat="44.56846" lon="-92.52548">
        <ele>233.2</ele>
      </trkpt>
      <trkpt lat="44.56859" lon="-92.52598">
        <ele>242.0</ele>
      </trkpt>
      <trkpt lat="44.56867" lon="-92.52682">
        <ele>251.8</ele>
      </trkpt>
      <trkpt lat="44.56873" lon="-92.52716">
        <ele>257.3</ele>
      </trkpt>
      <trkpt lat="44.56883" lon="-92.52813">
        <ele>268.9</ele>
      </trkpt>
      <trkpt lat="44.56886" lon="-92.52817">
        <ele>269.3</ele>
      </trkpt>
      <trkpt lat="44.56937" lon="-92.52771">
        <ele>288.0</ele>
      </trkpt>
      <trkpt lat="44.56938" lon="-92.52815">
        <ele>286.3</ele>
      </trkpt>
      <trkpt lat="44.56941" lon="-92.52839">
        <ele>288.5</ele>
      </trkpt>
      <trkpt lat="44.56941" lon="-92.52839">
        <ele>288.5</ele>
      </trkpt>
      <trkpt lat="44.56941" lon="-92.52839">
        <ele>288.5</ele>
      </trkpt>
      <trkpt lat="44.56938" lon="-92.52815">
        <ele>286.3</ele>
      </trkpt>
      <trkpt lat="44.56937" lon="-92.52771">
        <ele>288.0</ele>
      </trkpt>
      <trkpt lat="44.56886" lon="-92.52817">
        <ele>269.3</ele>
      </trkpt>
      <trkpt lat="44.56883" lon="-92.52813">
        <ele>268.9</ele>
      </trkpt>
      <trkpt lat="44.56873" lon="-92.52716">
        <ele>257.3</ele>
      </trkpt>
      <trkpt lat="44.56867" lon="-92.52682">
        <ele>251.8</ele>
      </trkpt>
      <trkpt lat="44.56859" lon="-92.52598">
        <ele>242.0</ele>
      </trkpt>
      <trkpt lat="44.56846" lon="-92.52548">
        <ele>233.2</ele>
      </trkpt>
      <trkpt lat="44.56843" lon="-92.52527">
        <ele>232.8</ele>
      </trkpt>
      <trkpt lat="44.56843" lon="-92.52483">
        <ele>234.0</ele>
      </trkpt>
      <trkpt lat="44.56842" lon="-92.52456">
        <ele>232.5</ele>
      </trkpt>
      <trkpt lat="44.56838" lon="-92.52415">
        <ele>230.5</ele>
      </trkpt>
      <trkpt lat="44.56834" lon="-92.52388">
        <ele>229.2</ele>
      </trkpt>
      <trkpt lat="44.56832" lon="-92.52359">
        <ele>228.9</ele>
      </trkpt>
      <trkpt lat="44.56831" lon="-92.52337">
        <ele>228.9</ele>
      </trkpt>
      <trkpt lat="44.56824" lon="-92.52277">
        <ele>227.4</ele>
      </trkpt>
      <trkpt lat="44.56822" lon="-92.52232">
        <ele>226.9</ele>
      </trkpt>
      <trkpt lat="44.56819" lon="-92.52207">
        <ele>226.3</ele>
      </trkpt>
      <trkpt lat="44.56815" lon="-92.52134">
        <ele>224.0</ele>
      </trkpt>
      <trkpt lat="44.56811" lon="-92.5206">
        <ele>222.0</ele>
      </trkpt>
      <trkpt lat="44.56808" lon="-92.52027">
        <ele>220.3</ele>
      </trkpt>
      <trkpt lat="44.56807" lon="-92.51985">
        <ele>217.3</ele>
      </trkpt>
      <trkpt lat="44.56809" lon="-92.51962">
        <ele>216.0</ele>
      </trkpt>
      <trkpt lat="44.56807" lon="-92.51928">
        <ele>213.1</ele>
      </trkpt>
      <trkpt lat="44.56796" lon="-92.51927">
        <ele>212.3</ele>
      </trkpt>
      <trkpt lat="44.56793" lon="-92.51925">
        <ele>212.1</ele>
      </trkpt>
      <trkpt lat="44.56785" lon="-92.51943">
        <ele>212.7</ele>
      </trkpt>
      <trkpt lat="44.5677" lon="-92.51967">
        <ele>212.8</ele>
      </trkpt>
      <trkpt lat="44.56735" lon="-92.52013">
        <ele>213.3</ele>
      </trkpt>
      <trkpt lat="44.56726" lon="-92.52023">
        <ele>213.0</ele>
      </trkpt>
      <trkpt lat="44.56718" lon="-92.52034">
        <ele>212.7</ele>
      </trkpt>
      <trkpt lat="44.56715" lon="-92.52051">
        <ele>212.4</ele>
      </trkpt>
      <trkpt lat="44.56715" lon="-92.52065">
        <ele>212.1</ele>
      </trkpt>
      <trkpt lat="44.56724" lon="-92.52123">
        <ele>211.5</ele>
      </trkpt>
      <trkpt lat="44.56727" lon="-92.52164">
        <ele>210.3</ele>
      </trkpt>
      <trkpt lat="44.56728" lon="-92.522">
        <ele>209.6</ele>
      </trkpt>
      <trkpt lat="44.56725" lon="-92.52234">
        <ele>209.7</ele>
      </trkpt>
      <trkpt lat="44.56721" lon="-92.52276">
        <ele>210.5</ele>
      </trkpt>
      <trkpt lat="44.56714" lon="-92.52315">
        <ele>210.1</ele>
      </trkpt>
      <trkpt lat="44.56693" lon="-92.52432">
        <ele>210.5</ele>
      </trkpt>
      <trkpt lat="44.56672" lon="-92.52549">
        <ele>211.9</ele>
      </trkpt>
      <trkpt lat="44.56651" lon="-92.52666">
        <ele>213.2</ele>
      </trkpt>
      <trkpt lat="44.5663" lon="-92.52783">
        <ele>214.3</ele>
      </trkpt>
      <trkpt lat="44.56609" lon="-92.529">
        <ele>216.1</ele>
      </trkpt>
      <trkpt lat="44.56605" lon="-92.52909">
        <ele>216.1</ele>
      </trkpt>
      <trkpt lat="44.56563" lon="-92.52959">
        <ele>216.9</ele>
      </trkpt>
      <trkpt lat="44.56516" lon="-92.53017">
        <ele>217.8</ele>
      </trkpt>
      <trkpt lat="44.5646" lon="-92.5309">
        <ele>218.1</ele>
      </trkpt>
      <trkpt lat="44.5642" lon="-92.53139">
        <ele>218.5</ele>
      </trkpt>
      <trkpt lat="44.56381" lon="-92.53187">
        <ele>218.9</ele>
      </trkpt>
      <trkpt lat="44.56416" lon="-92.53242">
        <ele>218.2</ele>
      </trkpt>
      <trkpt lat="44.56451" lon="-92.53297">
        <ele>217.7</ele>
      </trkpt>
      <trkpt lat="44.56486" lon="-92.53352">
        <ele>217.0</ele>
      </trkpt>
      <trkpt lat="44.5652" lon="-92.53408">
        <ele>216.3</ele>
      </trkpt>
      <trkpt lat="44.56556" lon="-92.53464">
        <ele>215.2</ele>
      </trkpt>
      <trkpt lat="44.56592" lon="-92.5352">
        <ele>214.5</ele>
      </trkpt>
      <trkpt lat="44.56635" lon="-92.53588">
        <ele>213.0</ele>
      </trkpt>
      <trkpt lat="44.56663" lon="-92.53633">
        <ele>210.7</ele>
      </trkpt>
      <trkpt lat="44.56639" lon="-92.53661">
        <ele>210.0</ele>
      </trkpt>
      <trkpt lat="44.56624" lon="-92.53686">
        <ele>209.9</ele>
      </trkpt>
      <trkpt lat="44.56618" lon="-92.53697">
        <ele>210.0</ele>
      </trkpt>
      <trkpt lat="44.56599" lon="-92.5374">
        <ele>210.3</ele>
      </trkpt>
      <trkpt lat="44.56625" lon="-92.5376">
        <ele>208.8</ele>
      </trkpt>
      <trkpt lat="44.56644" lon="-92.53776">
        <ele>208.1</ele>
      </trkpt>
      <trkpt lat="44.56648" lon="-92.53779">
        <ele>208.0</ele>
      </trkpt>
      <trkpt lat="44.56655" lon="-92.53789">
        <ele>207.7</ele>
      </trkpt>
      <trkpt lat="44.56663" lon="-92.5379">
        <ele>207.1</ele>
      </trkpt>
      <trkpt lat="44.56669" lon="-92.53793">
        <ele>206.5</ele>
      </trkpt>
      <trkpt lat="44.56666" lon="-92.538">
        <ele>206.4</ele>
      </trkpt>
      <trkpt lat="44.56662" lon="-92.53801">
        <ele>206.7</ele>
      </trkpt>
      <trkpt lat="44.56656" lon="-92.53809">
        <ele>206.8</ele>
      </trkpt>
      <trkpt lat="44.56646" lon="-92.53835">
        <ele>205.9</ele>
      </trkpt>
      <trkpt lat="44.56634" lon="-92.53855">
        <ele>206.9</ele>
      </trkpt>
      <trkpt lat="44.56619" lon="-92.53879">
        <ele>207.8</ele>
      </trkpt>
      <trkpt lat="44.56614" lon="-92.53888">
        <ele>207.6</ele>
      </trkpt>
      <trkpt lat="44.5659" lon="-92.53971">
        <ele>204.7</ele>
      </trkpt>
      <trkpt lat="44.5659" lon="-92.53985">
        <ele>203.9</ele>
      </trkpt>
      <trkpt lat="44.56594" lon="-92.54008">
        <ele>203.3</ele>
      </trkpt>
      <trkpt lat="44.56592" lon="-92.54021">
        <ele>203.3</ele>
      </trkpt>
      <trkpt lat="44.56587" lon="-92.54037">
        <ele>203.3</ele>
      </trkpt>
      <trkpt lat="44.56579" lon="-92.54054">
        <ele>203.8</ele>
      </trkpt>
      <trkpt lat="44.56574" lon="-92.54063">
        <ele>204.3</ele>
      </trkpt>
      <trkpt lat="44.56562" lon="-92.54099">
        <ele>206.1</ele>
      </trkpt>
      <trkpt lat="44.5656" lon="-92.54113">
        <ele>205.8</ele>
      </trkpt>
      <trkpt lat="44.5656" lon="-92.54141">
        <ele>203.9</ele>
      </trkpt>
      <trkpt lat="44.56551" lon="-92.54172">
        <ele>203.8</ele>
      </trkpt>
      <trkpt lat="44.56541" lon="-92.54254">
        <ele>205.0</ele>
      </trkpt>
      <trkpt lat="44.56536" lon="-92.54261">
        <ele>205.4</ele>
      </trkpt>
      <trkpt lat="44.56528" lon="-92.54263">
        <ele>206.3</ele>
      </trkpt>
      <trkpt lat="44.56513" lon="-92.54259">
        <ele>207.6</ele>
      </trkpt>
      <trkpt lat="44.56505" lon="-92.5426">
        <ele>207.8</ele>
      </trkpt>
      <trkpt lat="44.56476" lon="-92.54273">
        <ele>207.9</ele>
      </trkpt>
      <trkpt lat="44.56475" lon="-92.54275">
        <ele>207.9</ele>
      </trkpt>
      <trkpt lat="44.56476" lon="-92.54305">
        <ele>206.7</ele>
      </trkpt>
      <trkpt lat="44.56467" lon="-92.54311">
        <ele>206.1</ele>
      </trkpt>
      <trkpt lat="44.56446" lon="-92.54347">
        <ele>203.3</ele>
      </trkpt>
      <trkpt lat="44.56436" lon="-92.54371">
        <ele>204.6</ele>
      </trkpt>
      <trkpt lat="44.56431" lon="-92.54397">
        <ele>205.5</ele>
      </trkpt>
      <trkpt lat="44.56424" lon="-92.54464">
        <ele>204.1</ele>
      </trkpt>
      <trkpt lat="44.56423" lon="-92.54507">
        <ele>206.5</ele>
      </trkpt>
      <trkpt lat="44.56422" lon="-92.54585">
        <ele>206.6</ele>
      </trkpt>
      <trkpt lat="44.56432" lon="-92.54641">
        <ele>205.5</ele>
      </trkpt>
      <trkpt lat="44.56437" lon="-92.54652">
        <ele>205.5</ele>
      </trkpt>
      <trkpt lat="44.5644" lon="-92.54659">
        <ele>205.8</ele>
      </trkpt>
      <trkpt lat="44.56432" lon="-92.54671">
        <ele>207.0</ele>
      </trkpt>
      <trkpt lat="44.56431" lon="-92.54673">
        <ele>207.1</ele>
      </trkpt>
      <trkpt lat="44.56429" lon="-92.54685">
        <ele>207.7</ele>
      </trkpt>
      <trkpt lat="44.56439" lon="-92.54693">
        <ele>208.0</ele>
      </trkpt>
      <trkpt lat="44.56451" lon="-92.54713">
        <ele>208.1</ele>
      </trkpt>
      <trkpt lat="44.56453" lon="-92.54718">
        <ele>208.0</ele>
      </trkpt>
      <trkpt lat="44.56454" lon="-92.54725">
        <ele>207.9</ele>
      </trkpt>
      <trkpt lat="44.56454" lon="-92.54811">
        <ele>208.0</ele>
      </trkpt>
      <trkpt lat="44.56456" lon="-92.54853">
        <ele>208.0</ele>
      </trkpt>
      <trkpt lat="44.56462" lon="-92.54907">
        <ele>208.2</ele>
      </trkpt>
      <trkpt lat="44.5648" lon="-92.55023">
        <ele>207.9</ele>
      </trkpt>
      <trkpt lat="44.56498" lon="-92.5514">
        <ele>207.0</ele>
      </trkpt>
      <trkpt lat="44.56516" lon="-92.55257">
        <ele>207.4</ele>
      </trkpt>
      <trkpt lat="44.56534" lon="-92.55367">
        <ele>207.4</ele>
      </trkpt>
      <trkpt lat="44.56552" lon="-92.55478">
        <ele>207.1</ele>
      </trkpt>
      <trkpt lat="44.5657" lon="-92.55589">
        <ele>207.3</ele>
      </trkpt>
      <trkpt lat="44.5658" lon="-92.55658">
        <ele>207.3</ele>
      </trkpt>
      <trkpt lat="44.5659" lon="-92.55728">
        <ele>207.3</ele>
      </trkpt>
      <trkpt lat="44.56606" lon="-92.55831">
        <ele>207.8</ele>
      </trkpt>
      <trkpt lat="44.56622" lon="-92.55934">
        <ele>207.9</ele>
      </trkpt>
      <trkpt lat="44.56638" lon="-92.56037">
        <ele>210.1</ele>
      </trkpt>
      <trkpt lat="44.56639" lon="-92.56048">
        <ele>210.1</ele>
      </trkpt>
      <trkpt lat="44.56638" lon="-92.56065">
        <ele>210.1</ele>
      </trkpt>
      <trkpt lat="44.56636" lon="-92.56077">
        <ele>210.1</ele>
      </trkpt>
      <trkpt lat="44.56632" lon="-92.5609">
        <ele>210.2</ele>
      </trkpt>
      <trkpt lat="44.56622" lon="-92.56113">
        <ele>210.5</ele>
      </trkpt>
      <trkpt lat="44.56613" lon="-92.56126">
        <ele>210.7</ele>
      </trkpt>
      <trkpt lat="44.56597" lon="-92.56139">
        <ele>210.9</ele>
      </trkpt>
      <trkpt lat="44.56587" lon="-92.56144">
        <ele>211.0</ele>
      </trkpt>
      <trkpt lat="44.56575" lon="-92.56148">
        <ele>211.2</ele>
      </trkpt>
      <trkpt lat="44.56529" lon="-92.56159">
        <ele>212.3</ele>
      </trkpt>
      <trkpt lat="44.56523" lon="-92.56165">
        <ele>212.5</ele>
      </trkpt>
      <trkpt lat="44.56488" lon="-92.56173">
        <ele>213.4</ele>
      </trkpt>
      <trkpt lat="44.56485" lon="-92.56174">
        <ele>213.4</ele>
      </trkpt>
      <trkpt lat="44.56468" lon="-92.56175">
        <ele>213.9</ele>
      </trkpt>
      <trkpt lat="44.56473" lon="-92.56199">
        <ele>214.0</ele>
      </trkpt>
      <trkpt lat="44.56482" lon="-92.56259">
        <ele>213.9</ele>
      </trkpt>
      <trkpt lat="44.5649" lon="-92.56323">
        <ele>210.0</ele>
      </trkpt>
      <trkpt lat="44.56493" lon="-92.56364">
        <ele>209.5</ele>
      </trkpt>
      <trkpt lat="44.56499" lon="-92.56429">
        <ele>208.8</ele>
      </trkpt>
      <trkpt lat="44.56506" lon="-92.56472">
        <ele>208.4</ele>
      </trkpt>
      <trkpt lat="44.56514" lon="-92.56545">
        <ele>210.5</ele>
      </trkpt>
      <trkpt lat="44.56522" lon="-92.56619">
        <ele>211.0</ele>
      </trkpt>
      <trkpt lat="44.56527" lon="-92.56673">
        <ele>211.0</ele>
      </trkpt>
      <trkpt lat="44.56529" lon="-92.56682">
        <ele>211.1</ele>
      </trkpt>
      <trkpt lat="44.56543" lon="-92.5668">
        <ele>210.0</ele>
      </trkpt>
      <trkpt lat="44.56546" lon="-92.56688">
        <ele>210.0</ele>
      </trkpt>
      <trkpt lat="44.5655" lon="-92.56701">
        <ele>210.1</ele>
      </trkpt>
      <trkpt lat="44.56551" lon="-92.56711">
        <ele>210.3</ele>
      </trkpt>
      <trkpt lat="44.56551" lon="-92.56722">
        <ele>210.6</ele>
      </trkpt>
      <trkpt lat="44.5655" lon="-92.56744">
        <ele>211.4</ele>
      </trkpt>
      <trkpt lat="44.56551" lon="-92.5675">
        <ele>211.6</ele>
      </trkpt>
      <trkpt lat="44.56556" lon="-92.56763">
        <ele>212.0</ele>
      </trkpt>
      <trkpt lat="44.56556" lon="-92.56773">
        <ele>212.6</ele>
      </trkpt>
      <trkpt lat="44.56563" lon="-92.56789">
        <ele>213.0</ele>
      </trkpt>
      <trkpt lat="44.5657" lon="-92.56802">
        <ele>213.5</ele>
      </trkpt>
      <trkpt lat="44.56588" lon="-92.56822">
        <ele>213.7</ele>
      </trkpt>
      <trkpt lat="44.56597" lon="-92.56843">
        <ele>213.9</ele>
      </trkpt>
      <trkpt lat="44.56631" lon="-92.56931">
        <ele>213.2</ele>
      </trkpt>
      <trkpt lat="44.56654" lon="-92.56995">
        <ele>212.7</ele>
      </trkpt>
      <trkpt lat="44.56684" lon="-92.57088">
        <ele>212.9</ele>
      </trkpt>
      <trkpt lat="44.56714" lon="-92.57181">
        <ele>212.9</ele>
      </trkpt>
      <trkpt lat="44.56744" lon="-92.57273">
        <ele>213.2</ele>
      </trkpt>
      <trkpt lat="44.56774" lon="-92.57366">
        <ele>213.6</ele>
      </trkpt>
      <trkpt lat="44.56807" lon="-92.57477">
        <ele>212.9</ele>
      </trkpt>
      <trkpt lat="44.56839" lon="-92.57589">
        <ele>210.9</ele>
      </trkpt>
      <trkpt lat="44.56863" lon="-92.57691">
        <ele>208.8</ele>
      </trkpt>
      <trkpt lat="44.56887" lon="-92.57794">
        <ele>208.6</ele>
      </trkpt>
      <trkpt lat="44.56906" lon="-92.5788">
        <ele>209.7</ele>
      </trkpt>
      <trkpt lat="44.56925" lon="-92.57966">
        <ele>208.2</ele>
      </trkpt>
      <trkpt lat="44.56944" lon="-92.58052">
        <ele>210.8</ele>
      </trkpt>
      <trkpt lat="44.56966" lon="-92.58138">
        <ele>213.0</ele>
      </trkpt>
      <trkpt lat="44.56981" lon="-92.58186">
        <ele>213.0</ele>
      </trkpt>
      <trkpt lat="44.56997" lon="-92.58229">
        <ele>213.3</ele>
      </trkpt>
      <trkpt lat="44.57018" lon="-92.58282">
        <ele>213.4</ele>
      </trkpt>
      <trkpt lat="44.57043" lon="-92.58336">
        <ele>213.7</ele>
      </trkpt>
      <trkpt lat="44.57079" lon="-92.58407">
        <ele>214.7</ele>
      </trkpt>
      <trkpt lat="44.57123" lon="-92.58495">
        <ele>213.7</ele>
      </trkpt>
      <trkpt lat="44.57167" lon="-92.58584">
        <ele>213.8</ele>
      </trkpt>
      <trkpt lat="44.57211" lon="-92.58673">
        <ele>213.4</ele>
      </trkpt>
      <trkpt lat="44.57254" lon="-92.58761">
        <ele>213.4</ele>
      </trkpt>
      <trkpt lat="44.57298" lon="-92.5885">
        <ele>212.7</ele>
      </trkpt>
      <trkpt lat="44.57342" lon="-92.58938">
        <ele>210.0</ele>
      </trkpt>
      <trkpt lat="44.57366" lon="-92.58983">
        <ele>210.0</ele>
      </trkpt>
      <trkpt lat="44.57375" lon="-92.58993">
        <ele>209.9</ele>
      </trkpt>
      <trkpt lat="44.57379" lon="-92.58997">
        <ele>209.8</ele>
      </trkpt>
      <trkpt lat="44.57394" lon="-92.59006">
        <ele>209.0</ele>
      </trkpt>
      <trkpt lat="44.57401" lon="-92.59013">
        <ele>208.7</ele>
      </trkpt>
      <trkpt lat="44.57407" lon="-92.5902">
        <ele>208.5</ele>
      </trkpt>
      <trkpt lat="44.57426" lon="-92.59065">
        <ele>208.5</ele>
      </trkpt>
      <trkpt lat="44.57428" lon="-92.59074">
        <ele>208.6</ele>
      </trkpt>
      <trkpt lat="44.57429" lon="-92.59108">
        <ele>209.2</ele>
      </trkpt>
      <trkpt lat="44.57431" lon="-92.59119">
        <ele>209.1</ele>
      </trkpt>
      <trkpt lat="44.57435" lon="-92.59131">
        <ele>208.9</ele>
      </trkpt>
      <trkpt lat="44.57442" lon="-92.59144">
        <ele>208.5</ele>
      </trkpt>
      <trkpt lat="44.57464" lon="-92.59198">
        <ele>208.1</ele>
      </trkpt>
      <trkpt lat="44.57497" lon="-92.59288">
        <ele>208.2</ele>
      </trkpt>
      <trkpt lat="44.57513" lon="-92.59327">
        <ele>208.3</ele>
      </trkpt>
      <trkpt lat="44.57536" lon="-92.59386">
        <ele>208.5</ele>
      </trkpt>
      <trkpt lat="44.57546" lon="-92.59416">
        <ele>209.0</ele>
      </trkpt>
      <trkpt lat="44.57579" lon="-92.59503">
        <ele>209.6</ele>
      </trkpt>
      <trkpt lat="44.57613" lon="-92.59591">
        <ele>209.8</ele>
      </trkpt>
      <trkpt lat="44.57647" lon="-92.59679">
        <ele>209.8</ele>
      </trkpt>
      <trkpt lat="44.57683" lon="-92.59771">
        <ele>210.4</ele>
      </trkpt>
      <trkpt lat="44.57719" lon="-92.59864">
        <ele>211.2</ele>
      </trkpt>
      <trkpt lat="44.57755" lon="-92.59956">
        <ele>211.1</ele>
      </trkpt>
      <trkpt lat="44.57791" lon="-92.60049">
        <ele>212.3</ele>
      </trkpt>
      <trkpt lat="44.57829" lon="-92.60149">
        <ele>213.4</ele>
      </trkpt>
      <trkpt lat="44.57867" lon="-92.6025">
        <ele>214.0</ele>
      </trkpt>
      <trkpt lat="44.57905" lon="-92.60351">
        <ele>215.5</ele>
      </trkpt>
      <trkpt lat="44.57931" lon="-92.60429">
        <ele>218.8</ele>
      </trkpt>
      <trkpt lat="44.57957" lon="-92.60508">
        <ele>217.7</ele>
      </trkpt>
      <trkpt lat="44.57976" lon="-92.60589">
        <ele>219.4</ele>
      </trkpt>
      <trkpt lat="44.57983" lon="-92.60666">
        <ele>219.5</ele>
      </trkpt>
      <trkpt lat="44.57974" lon="-92.60759">
        <ele>219.5</ele>
      </trkpt>
      <trkpt lat="44.57951" lon="-92.60853">
        <ele>219.6</ele>
      </trkpt>
      <trkpt lat="44.57911" lon="-92.6094">
        <ele>216.5</ele>
      </trkpt>
      <trkpt lat="44.57883" lon="-92.60981">
        <ele>215.3</ele>
      </trkpt>
      <trkpt lat="44.57848" lon="-92.61018">
        <ele>214.9</ele>
      </trkpt>
      <trkpt lat="44.57789" lon="-92.61069">
        <ele>215.5</ele>
      </trkpt>
      <trkpt lat="44.5773" lon="-92.61119">
        <ele>212.3</ele>
      </trkpt>
      <trkpt lat="44.57678" lon="-92.61191">
        <ele>211.9</ele>
      </trkpt>
      <trkpt lat="44.57627" lon="-92.61264">
        <ele>210.9</ele>
      </trkpt>
      <trkpt lat="44.57575" lon="-92.61336">
        <ele>210.1</ele>
      </trkpt>
      <trkpt lat="44.57512" lon="-92.61402">
        <ele>211.0</ele>
      </trkpt>
      <trkpt lat="44.57449" lon="-92.61469">
        <ele>209.0</ele>
      </trkpt>
      <trkpt lat="44.57402" lon="-92.61525">
        <ele>208.1</ele>
      </trkpt>
      <trkpt lat="44.57355" lon="-92.61582">
        <ele>208.8</ele>
      </trkpt>
      <trkpt lat="44.57307" lon="-92.61639">
        <ele>208.2</ele>
      </trkpt>
      <trkpt lat="44.57264" lon="-92.61717">
        <ele>208.0</ele>
      </trkpt>
      <trkpt lat="44.57227" lon="-92.61818">
        <ele>207.9</ele>
      </trkpt>
      <trkpt lat="44.57215" lon="-92.61922">
        <ele>207.8</ele>
      </trkpt>
      <trkpt lat="44.57218" lon="-92.61985">
        <ele>207.8</ele>
      </trkpt>
      <trkpt lat="44.57222" lon="-92.62048">
        <ele>208.2</ele>
      </trkpt>
      <trkpt lat="44.57251" lon="-92.62158">
        <ele>208.4</ele>
      </trkpt>
      <trkpt lat="44.57274" lon="-92.6225">
        <ele>209.8</ele>
      </trkpt>
      <trkpt lat="44.57283" lon="-92.6235">
        <ele>211.8</ele>
      </trkpt>
      <trkpt lat="44.5728" lon="-92.62455">
        <ele>215.2</ele>
      </trkpt>
      <trkpt lat="44.57269" lon="-92.62543">
        <ele>216.9</ele>
      </trkpt>
      <trkpt lat="44.57258" lon="-92.62632">
        <ele>216.4</ele>
      </trkpt>
      <trkpt lat="44.57247" lon="-92.6272">
        <ele>216.1</ele>
      </trkpt>
      <trkpt lat="44.57233" lon="-92.62831">
        <ele>214.2</ele>
      </trkpt>
      <trkpt lat="44.57218" lon="-92.62942">
        <ele>215.6</ele>
      </trkpt>
      <trkpt lat="44.57204" lon="-92.63054">
        <ele>215.6</ele>
      </trkpt>
      <trkpt lat="44.57199" lon="-92.6313">
        <ele>215.2</ele>
      </trkpt>
      <trkpt lat="44.57194" lon="-92.63206">
        <ele>215.2</ele>
      </trkpt>
      <trkpt lat="44.57203" lon="-92.63297">
        <ele>213.7</ele>
      </trkpt>
      <trkpt lat="44.5722" lon="-92.63393">
        <ele>213.6</ele>
      </trkpt>
      <trkpt lat="44.57237" lon="-92.63482">
        <ele>211.9</ele>
      </trkpt>
      <trkpt lat="44.57254" lon="-92.63572">
        <ele>211.0</ele>
      </trkpt>
      <trkpt lat="44.57279" lon="-92.63671">
        <ele>211.4</ele>
      </trkpt>
      <trkpt lat="44.57304" lon="-92.6377">
        <ele>211.8</ele>
      </trkpt>
      <trkpt lat="44.5733" lon="-92.63859">
        <ele>211.8</ele>
      </trkpt>
      <trkpt lat="44.57356" lon="-92.63948">
        <ele>212.6</ele>
      </trkpt>
      <trkpt lat="44.57382" lon="-92.64036">
        <ele>212.6</ele>
      </trkpt>
      <trkpt lat="44.57408" lon="-92.64125">
        <ele>212.7</ele>
      </trkpt>
      <trkpt lat="44.5743" lon="-92.64205">
        <ele>212.7</ele>
      </trkpt>
      <trkpt lat="44.57431" lon="-92.6421">
        <ele>212.8</ele>
      </trkpt>
      <trkpt lat="44.57453" lon="-92.6429">
        <ele>212.9</ele>
      </trkpt>
      <trkpt lat="44.57475" lon="-92.6437">
        <ele>212.8</ele>
      </trkpt>
      <trkpt lat="44.57495" lon="-92.64484">
        <ele>213.4</ele>
      </trkpt>
      <trkpt lat="44.57499" lon="-92.64561">
        <ele>212.9</ele>
      </trkpt>
      <trkpt lat="44.57495" lon="-92.64656">
        <ele>214.5</ele>
      </trkpt>
      <trkpt lat="44.57481" lon="-92.64718">
        <ele>214.7</ele>
      </trkpt>
      <trkpt lat="44.57468" lon="-92.64781">
        <ele>213.3</ele>
      </trkpt>
      <trkpt lat="44.57441" lon="-92.64887">
        <ele>213.5</ele>
      </trkpt>
      <trkpt lat="44.57414" lon="-92.64993">
        <ele>212.8</ele>
      </trkpt>
      <trkpt lat="44.57387" lon="-92.651">
        <ele>212.4</ele>
      </trkpt>
      <trkpt lat="44.57361" lon="-92.65215">
        <ele>211.3</ele>
      </trkpt>
      <trkpt lat="44.57335" lon="-92.65331">
        <ele>211.4</ele>
      </trkpt>
      <trkpt lat="44.57309" lon="-92.65447">
        <ele>211.4</ele>
      </trkpt>
      <trkpt lat="44.57283" lon="-92.65563">
        <ele>211.2</ele>
      </trkpt>
      <trkpt lat="44.57257" lon="-92.65679">
        <ele>211.2</ele>
      </trkpt>
      <trkpt lat="44.57231" lon="-92.65794">
        <ele>211.2</ele>
      </trkpt>
      <trkpt lat="44.57205" lon="-92.6591">
        <ele>211.2</ele>
      </trkpt>
      <trkpt lat="44.57179" lon="-92.66026">
        <ele>211.2</ele>
      </trkpt>
      <trkpt lat="44.57153" lon="-92.66142">
        <ele>211.8</ele>
      </trkpt>
      <trkpt lat="44.57132" lon="-92.66241">
        <ele>212.6</ele>
      </trkpt>
      <trkpt lat="44.5711" lon="-92.66341">
        <ele>213.2</ele>
      </trkpt>
      <trkpt lat="44.57089" lon="-92.66424">
        <ele>212.3</ele>
      </trkpt>
      <trkpt lat="44.57067" lon="-92.66508">
        <ele>214.5</ele>
      </trkpt>
      <trkpt lat="44.57048" lon="-92.66572">
        <ele>213.0</ele>
      </trkpt>
      <trkpt lat="44.57029" lon="-92.66636">
        <ele>214.1</ele>
      </trkpt>
      <trkpt lat="44.56991" lon="-92.66726">
        <ele>214.3</ele>
      </trkpt>
      <trkpt lat="44.56941" lon="-92.66816">
        <ele>216.9</ele>
      </trkpt>
      <trkpt lat="44.56899" lon="-92.66877">
        <ele>219.3</ele>
      </trkpt>
      <trkpt lat="44.56856" lon="-92.66937">
        <ele>219.9</ele>
      </trkpt>
      <trkpt lat="44.56814" lon="-92.66998">
        <ele>220.6</ele>
      </trkpt>
      <trkpt lat="44.56756" lon="-92.67087">
        <ele>220.6</ele>
      </trkpt>
      <trkpt lat="44.56698" lon="-92.67176">
        <ele>221.1</ele>
      </trkpt>
      <trkpt lat="44.56652" lon="-92.67266">
        <ele>220.2</ele>
      </trkpt>
      <trkpt lat="44.56606" lon="-92.67356">
        <ele>220.7</ele>
      </trkpt>
      <trkpt lat="44.56595" lon="-92.67378">
        <ele>220.9</ele>
      </trkpt>
      <trkpt lat="44.56551" lon="-92.67462">
        <ele>221.5</ele>
      </trkpt>
      <trkpt lat="44.56507" lon="-92.67547">
        <ele>221.7</ele>
      </trkpt>
      <trkpt lat="44.56463" lon="-92.67631">
        <ele>221.6</ele>
      </trkpt>
      <trkpt lat="44.5642" lon="-92.67716">
        <ele>220.6</ele>
      </trkpt>
      <trkpt lat="44.56416" lon="-92.67723">
        <ele>220.5</ele>
      </trkpt>
      <trkpt lat="44.56371" lon="-92.67811">
        <ele>219.6</ele>
      </trkpt>
      <trkpt lat="44.56325" lon="-92.679">
        <ele>219.8</ele>
      </trkpt>
      <trkpt lat="44.5628" lon="-92.67988">
        <ele>220.6</ele>
      </trkpt>
      <trkpt lat="44.56235" lon="-92.68076">
        <ele>217.0</ele>
      </trkpt>
      <trkpt lat="44.56184" lon="-92.68179">
        <ele>219.2</ele>
      </trkpt>
      <trkpt lat="44.56133" lon="-92.68281">
        <ele>217.1</ele>
      </trkpt>
      <trkpt lat="44.5609" lon="-92.68346">
        <ele>219.4</ele>
      </trkpt>
      <trkpt lat="44.56047" lon="-92.68411">
        <ele>219.8</ele>
      </trkpt>
      <trkpt lat="44.56005" lon="-92.68476">
        <ele>218.6</ele>
      </trkpt>
      <trkpt lat="44.55946" lon="-92.68563">
        <ele>220.0</ele>
      </trkpt>
      <trkpt lat="44.55888" lon="-92.6865">
        <ele>219.4</ele>
      </trkpt>
      <trkpt lat="44.55829" lon="-92.68737">
        <ele>218.1</ele>
      </trkpt>
      <trkpt lat="44.55771" lon="-92.68823">
        <ele>218.6</ele>
      </trkpt>
      <trkpt lat="44.55707" lon="-92.68886">
        <ele>221.9</ele>
      </trkpt>
      <trkpt lat="44.55643" lon="-92.68949">
        <ele>224.2</ele>
      </trkpt>
      <trkpt lat="44.5558" lon="-92.69012">
        <ele>222.6</ele>
      </trkpt>
      <trkpt lat="44.55516" lon="-92.69075">
        <ele>220.7</ele>
      </trkpt>
      <trkpt lat="44.55455" lon="-92.69125">
        <ele>220.9</ele>
      </trkpt>
      <trkpt lat="44.55394" lon="-92.69175">
        <ele>222.0</ele>
      </trkpt>
      <trkpt lat="44.55333" lon="-92.69225">
        <ele>221.2</ele>
      </trkpt>
      <trkpt lat="44.55264" lon="-92.69294">
        <ele>219.9</ele>
      </trkpt>
      <trkpt lat="44.55236" lon="-92.69354">
        <ele>218.5</ele>
      </trkpt>
      <trkpt lat="44.55227" lon="-92.69383">
        <ele>218.5</ele>
      </trkpt>
      <trkpt lat="44.55223" lon="-92.69394">
        <ele>218.5</ele>
      </trkpt>
      <trkpt lat="44.55217" lon="-92.69413">
        <ele>218.6</ele>
      </trkpt>
      <trkpt lat="44.55205" lon="-92.69491">
        <ele>218.8</ele>
      </trkpt>
      <trkpt lat="44.55206" lon="-92.6957">
        <ele>220.4</ele>
      </trkpt>
      <trkpt lat="44.55211" lon="-92.69656">
        <ele>222.1</ele>
      </trkpt>
      <trkpt lat="44.55208" lon="-92.69758">
        <ele>221.5</ele>
      </trkpt>
      <trkpt lat="44.55195" lon="-92.69868">
        <ele>219.3</ele>
      </trkpt>
      <trkpt lat="44.55182" lon="-92.69979">
        <ele>218.2</ele>
      </trkpt>
      <trkpt lat="44.55176" lon="-92.70099">
        <ele>219.1</ele>
      </trkpt>
      <trkpt lat="44.55169" lon="-92.70219">
        <ele>220.3</ele>
      </trkpt>
      <trkpt lat="44.55172" lon="-92.70327">
        <ele>221.7</ele>
      </trkpt>
      <trkpt lat="44.55175" lon="-92.70434">
        <ele>220.5</ele>
      </trkpt>
      <trkpt lat="44.55177" lon="-92.70542">
        <ele>219.7</ele>
      </trkpt>
      <trkpt lat="44.55184" lon="-92.70617">
        <ele>218.7</ele>
      </trkpt>
      <trkpt lat="44.55195" lon="-92.70714">
        <ele>216.9</ele>
      </trkpt>
      <trkpt lat="44.55208" lon="-92.70787">
        <ele>217.7</ele>
      </trkpt>
      <trkpt lat="44.55221" lon="-92.70861">
        <ele>217.7</ele>
      </trkpt>
      <trkpt lat="44.55223" lon="-92.70874">
        <ele>217.7</ele>
      </trkpt>
      <trkpt lat="44.55237" lon="-92.70955">
        <ele>217.7</ele>
      </trkpt>
      <trkpt lat="44.55249" lon="-92.71004">
        <ele>217.7</ele>
      </trkpt>
      <trkpt lat="44.5527" lon="-92.71066">
        <ele>218.6</ele>
      </trkpt>
      <trkpt lat="44.55285" lon="-92.71099">
        <ele>218.5</ele>
      </trkpt>
      <trkpt lat="44.55317" lon="-92.71162">
        <ele>218.5</ele>
      </trkpt>
      <trkpt lat="44.55366" lon="-92.71265">
        <ele>218.4</ele>
      </trkpt>
      <trkpt lat="44.55415" lon="-92.71367">
        <ele>217.9</ele>
      </trkpt>
      <trkpt lat="44.55464" lon="-92.7147">
        <ele>217.5</ele>
      </trkpt>
      <trkpt lat="44.55514" lon="-92.71572">
        <ele>217.0</ele>
      </trkpt>
      <trkpt lat="44.55563" lon="-92.71675">
        <ele>216.7</ele>
      </trkpt>
      <trkpt lat="44.55612" lon="-92.71777">
        <ele>216.4</ele>
      </trkpt>
      <trkpt lat="44.55661" lon="-92.71879">
        <ele>216.3</ele>
      </trkpt>
      <trkpt lat="44.55711" lon="-92.71982">
        <ele>216.4</ele>
      </trkpt>
      <trkpt lat="44.5576" lon="-92.72084">
        <ele>216.3</ele>
      </trkpt>
      <trkpt lat="44.55773" lon="-92.721">
        <ele>216.2</ele>
      </trkpt>
      <trkpt lat="44.55782" lon="-92.72116">
        <ele>216.1</ele>
      </trkpt>
      <trkpt lat="44.55785" lon="-92.7213">
        <ele>216.2</ele>
      </trkpt>
      <trkpt lat="44.55791" lon="-92.72148">
        <ele>216.2</ele>
      </trkpt>
      <trkpt lat="44.55841" lon="-92.72251">
        <ele>215.9</ele>
      </trkpt>
      <trkpt lat="44.5589" lon="-92.72354">
        <ele>215.7</ele>
      </trkpt>
      <trkpt lat="44.5594" lon="-92.72457">
        <ele>215.7</ele>
      </trkpt>
      <trkpt lat="44.5599" lon="-92.72559">
        <ele>216.0</ele>
      </trkpt>
      <trkpt lat="44.56039" lon="-92.72662">
        <ele>216.4</ele>
      </trkpt>
      <trkpt lat="44.56089" lon="-92.72765">
        <ele>216.5</ele>
      </trkpt>
      <trkpt lat="44.56139" lon="-92.72868">
        <ele>216.9</ele>
      </trkpt>
      <trkpt lat="44.56183" lon="-92.72959">
        <ele>217.2</ele>
      </trkpt>
      <trkpt lat="44.56227" lon="-92.73051">
        <ele>217.4</ele>
      </trkpt>
      <trkpt lat="44.56271" lon="-92.73143">
        <ele>217.4</ele>
      </trkpt>
      <trkpt lat="44.56299" lon="-92.73205">
        <ele>217.6</ele>
      </trkpt>
      <trkpt lat="44.56315" lon="-92.73251">
        <ele>217.8</ele>
      </trkpt>
      <trkpt lat="44.56331" lon="-92.73315">
        <ele>218.2</ele>
      </trkpt>
      <trkpt lat="44.56342" lon="-92.73378">
        <ele>218.7</ele>
      </trkpt>
      <trkpt lat="44.56347" lon="-92.73444">
        <ele>219.7</ele>
      </trkpt>
      <trkpt lat="44.56346" lon="-92.73511">
        <ele>219.7</ele>
      </trkpt>
      <trkpt lat="44.56334" lon="-92.73632">
        <ele>218.1</ele>
      </trkpt>
      <trkpt lat="44.56322" lon="-92.73752">
        <ele>217.8</ele>
      </trkpt>
      <trkpt lat="44.5636" lon="-92.73754">
        <ele>217.1</ele>
      </trkpt>
      <trkpt lat="44.56374" lon="-92.73723">
        <ele>216.9</ele>
      </trkpt>
      <trkpt lat="44.56384" lon="-92.73733">
        <ele>216.7</ele>
      </trkpt>
      <trkpt lat="44.56397" lon="-92.73738">
        <ele>216.5</ele>
      </trkpt>
      <trkpt lat="44.56407" lon="-92.7374">
        <ele>216.4</ele>
      </trkpt>
      <trkpt lat="44.56494" lon="-92.73739">
        <ele>216.3</ele>
      </trkpt>
      <trkpt lat="44.56581" lon="-92.73738">
        <ele>216.4</ele>
      </trkpt>
      <trkpt lat="44.56633" lon="-92.73738">
        <ele>217.3</ele>
      </trkpt>
      <trkpt lat="44.56649" lon="-92.73739">
        <ele>217.7</ele>
      </trkpt>
      <trkpt lat="44.56664" lon="-92.73743">
        <ele>218.2</ele>
      </trkpt>
      <trkpt lat="44.56675" lon="-92.73749">
        <ele>218.3</ele>
      </trkpt>
      <trkpt lat="44.56686" lon="-92.73755">
        <ele>218.4</ele>
      </trkpt>
      <trkpt lat="44.56729" lon="-92.73785">
        <ele>219.0</ele>
      </trkpt>
      <trkpt lat="44.56771" lon="-92.73814">
        <ele>219.5</ele>
      </trkpt>
      <trkpt lat="44.56793" lon="-92.73828">
        <ele>219.8</ele>
      </trkpt>
      <trkpt lat="44.56816" lon="-92.73839">
        <ele>219.9</ele>
      </trkpt>
      <trkpt lat="44.56824" lon="-92.7384">
        <ele>219.8</ele>
      </trkpt>
      <trkpt lat="44.56831" lon="-92.73838">
        <ele>219.8</ele>
      </trkpt>
      <trkpt lat="44.56834" lon="-92.73855">
        <ele>220.4</ele>
      </trkpt>
      <trkpt lat="44.56838" lon="-92.73869">
        <ele>221.2</ele>
      </trkpt>
      <trkpt lat="44.5684" lon="-92.73883">
        <ele>221.7</ele>
      </trkpt>
      <trkpt lat="44.5684" lon="-92.73894">
        <ele>221.9</ele>
      </trkpt>
      <trkpt lat="44.56835" lon="-92.7394">
        <ele>223.4</ele>
      </trkpt>
      <trkpt lat="44.56825" lon="-92.73977">
        <ele>225.4</ele>
      </trkpt>
      <trkpt lat="44.56815" lon="-92.74019">
        <ele>229.1</ele>
      </trkpt>
      <trkpt lat="44.56813" lon="-92.74035">
        <ele>231.9</ele>
      </trkpt>
      <trkpt lat="44.56812" lon="-92.74046">
        <ele>233.8</ele>
      </trkpt>
      <trkpt lat="44.56811" lon="-92.7407">
        <ele>236.2</ele>
      </trkpt>
      <trkpt lat="44.56812" lon="-92.74106">
        <ele>236.3</ele>
      </trkpt>
      <trkpt lat="44.56813" lon="-92.74187">
        <ele>233.4</ele>
      </trkpt>
      <trkpt lat="44.56804" lon="-92.74268">
        <ele>228.5</ele>
      </trkpt>
      <trkpt lat="44.56792" lon="-92.74336">
        <ele>224.3</ele>
      </trkpt>
      <trkpt lat="44.56781" lon="-92.74404">
        <ele>222.9</ele>
      </trkpt>
      <trkpt lat="44.56773" lon="-92.7444">
        <ele>222.5</ele>
      </trkpt>
      <trkpt lat="44.5676" lon="-92.74485">
        <ele>221.7</ele>
      </trkpt>
      <trkpt lat="44.56737" lon="-92.74527">
        <ele>221.2</ele>
      </trkpt>
      <trkpt lat="44.56697" lon="-92.74588">
        <ele>221.1</ele>
      </trkpt>
      <trkpt lat="44.56664" lon="-92.74631">
        <ele>221.4</ele>
      </trkpt>
      <trkpt lat="44.5663" lon="-92.74675">
        <ele>221.1</ele>
      </trkpt>
      <trkpt lat="44.56568" lon="-92.74752">
        <ele>220.7</ele>
      </trkpt>
      <trkpt lat="44.56505" lon="-92.7483">
        <ele>220.3</ele>
      </trkpt>
      <trkpt lat="44.56444" lon="-92.74907">
        <ele>222.7</ele>
      </trkpt>
      <trkpt lat="44.56382" lon="-92.74984">
        <ele>223.3</ele>
      </trkpt>
      <trkpt lat="44.56321" lon="-92.75061">
        <ele>223.4</ele>
      </trkpt>
      <trkpt lat="44.56259" lon="-92.75138">
        <ele>223.2</ele>
      </trkpt>
      <trkpt lat="44.56198" lon="-92.75215">
        <ele>223.7</ele>
      </trkpt>
      <trkpt lat="44.56195" lon="-92.75247">
        <ele>224.5</ele>
      </trkpt>
      <trkpt lat="44.56199" lon="-92.75274">
        <ele>225.3</ele>
      </trkpt>
      <trkpt lat="44.56205" lon="-92.75292">
        <ele>225.7</ele>
      </trkpt>
      <trkpt lat="44.56217" lon="-92.75312">
        <ele>226.1</ele>
      </trkpt>
      <trkpt lat="44.5623" lon="-92.75325">
        <ele>226.2</ele>
      </trkpt>
      <trkpt lat="44.56252" lon="-92.7534">
        <ele>226.4</ele>
      </trkpt>
      <trkpt lat="44.56266" lon="-92.7535">
        <ele>226.9</ele>
      </trkpt>
      <trkpt lat="44.56282" lon="-92.75366">
        <ele>227.7</ele>
      </trkpt>
      <trkpt lat="44.56294" lon="-92.75379">
        <ele>228.7</ele>
      </trkpt>
      <trkpt lat="44.56314" lon="-92.75411">
        <ele>231.6</ele>
      </trkpt>
      <trkpt lat="44.56333" lon="-92.75449">
        <ele>232.0</ele>
      </trkpt>
      <trkpt lat="44.56359" lon="-92.75515">
        <ele>234.2</ele>
      </trkpt>
      <trkpt lat="44.56384" lon="-92.75582">
        <ele>236.1</ele>
      </trkpt>
      <trkpt lat="44.564" lon="-92.75602">
        <ele>237.9</ele>
      </trkpt>
      <trkpt lat="44.56416" lon="-92.75619">
        <ele>239.5</ele>
      </trkpt>
      <trkpt lat="44.56438" lon="-92.75648">
        <ele>243.0</ele>
      </trkpt>
      <trkpt lat="44.56452" lon="-92.75669">
        <ele>243.5</ele>
      </trkpt>
      <trkpt lat="44.56485" lon="-92.75727">
        <ele>243.3</ele>
      </trkpt>
      <trkpt lat="44.56515" lon="-92.75769">
        <ele>248.0</ele>
      </trkpt>
      <trkpt lat="44.56534" lon="-92.75792">
        <ele>249.7</ele>
      </trkpt>
      <trkpt lat="44.56594" lon="-92.75852">
        <ele>252.0</ele>
      </trkpt>
      <trkpt lat="44.56606" lon="-92.75871">
        <ele>252.9</ele>
      </trkpt>
      <trkpt lat="44.56614" lon="-92.75885">
        <ele>253.2</ele>
      </trkpt>
      <trkpt lat="44.56618" lon="-92.75899">
        <ele>252.9</ele>
      </trkpt>
      <trkpt lat="44.5662" lon="-92.75924">
        <ele>253.2</ele>
      </trkpt>
      <trkpt lat="44.56614" lon="-92.75971">
        <ele>256.4</ele>
      </trkpt>
      <trkpt lat="44.56613" lon="-92.75994">
        <ele>257.7</ele>
      </trkpt>
      <trkpt lat="44.56614" lon="-92.76014">
        <ele>258.7</ele>
      </trkpt>
      <trkpt lat="44.56622" lon="-92.76056">
        <ele>261.8</ele>
      </trkpt>
      <trkpt lat="44.56624" lon="-92.76104">
        <ele>264.2</ele>
      </trkpt>
      <trkpt lat="44.56624" lon="-92.76109">
        <ele>264.5</ele>
      </trkpt>
      <trkpt lat="44.56616" lon="-92.76136">
        <ele>264.7</ele>
      </trkpt>
      <trkpt lat="44.56596" lon="-92.76193">
        <ele>265.1</ele>
      </trkpt>
      <trkpt lat="44.56592" lon="-92.76211">
        <ele>265.8</ele>
      </trkpt>
      <trkpt lat="44.56589" lon="-92.76238">
        <ele>267.5</ele>
      </trkpt>
      <trkpt lat="44.5659" lon="-92.76259">
        <ele>267.4</ele>
      </trkpt>
      <trkpt lat="44.56593" lon="-92.76276">
        <ele>266.0</ele>
      </trkpt>
      <trkpt lat="44.56599" lon="-92.76294">
        <ele>265.1</ele>
      </trkpt>
      <trkpt lat="44.5661" lon="-92.76316">
        <ele>265.6</ele>
      </trkpt>
      <trkpt lat="44.56639" lon="-92.76369">
        <ele>268.7</ele>
      </trkpt>
      <trkpt lat="44.56668" lon="-92.76424">
        <ele>271.6</ele>
      </trkpt>
      <trkpt lat="44.5668" lon="-92.7645">
        <ele>272.2</ele>
      </trkpt>
      <trkpt lat="44.56705" lon="-92.76521">
        <ele>271.3</ele>
      </trkpt>
      <trkpt lat="44.56729" lon="-92.76591">
        <ele>276.2</ele>
      </trkpt>
      <trkpt lat="44.56747" lon="-92.76635">
        <ele>277.7</ele>
      </trkpt>
      <trkpt lat="44.56778" lon="-92.76702">
        <ele>279.6</ele>
      </trkpt>
      <trkpt lat="44.56808" lon="-92.76769">
        <ele>283.0</ele>
      </trkpt>
      <trkpt lat="44.56817" lon="-92.76792">
        <ele>284.5</ele>
      </trkpt>
      <trkpt lat="44.56824" lon="-92.76813">
        <ele>284.9</ele>
      </trkpt>
      <trkpt lat="44.56829" lon="-92.76836">
        <ele>285.0</ele>
      </trkpt>
      <trkpt lat="44.56835" lon="-92.76877">
        <ele>285.7</ele>
      </trkpt>
      <trkpt lat="44.56843" lon="-92.76983">
        <ele>288.1</ele>
      </trkpt>
      <trkpt lat="44.56841" lon="-92.77081">
        <ele>292.0</ele>
      </trkpt>
      <trkpt lat="44.56837" lon="-92.7712">
        <ele>292.3</ele>
      </trkpt>
      <trkpt lat="44.56829" lon="-92.77172">
        <ele>292.8</ele>
      </trkpt>
      <trkpt lat="44.56832" lon="-92.77196">
        <ele>293.2</ele>
      </trkpt>
      <trkpt lat="44.56836" lon="-92.77225">
        <ele>293.6</ele>
      </trkpt>
      <trkpt lat="44.56923" lon="-92.77225">
        <ele>294.3</ele>
      </trkpt>
      <trkpt lat="44.5701" lon="-92.77224">
        <ele>296.0</ele>
      </trkpt>
      <trkpt lat="44.57097" lon="-92.77224">
        <ele>297.9</ele>
      </trkpt>
      <trkpt lat="44.57184" lon="-92.77224">
        <ele>302.0</ele>
      </trkpt>
      <trkpt lat="44.57184" lon="-92.77344">
        <ele>299.9</ele>
      </trkpt>
      <trkpt lat="44.57184" lon="-92.77465">
        <ele>298.8</ele>
      </trkpt>
      <trkpt lat="44.57184" lon="-92.77586">
        <ele>300.9</ele>
      </trkpt>
      <trkpt lat="44.57184" lon="-92.77707">
        <ele>302.1</ele>
      </trkpt>
      <trkpt lat="44.57184" lon="-92.77827">
        <ele>300.6</ele>
      </trkpt>
      <trkpt lat="44.57184" lon="-92.77948">
        <ele>298.8</ele>
      </trkpt>
      <trkpt lat="44.57184" lon="-92.78069">
        <ele>297.7</ele>
      </trkpt>
      <trkpt lat="44.57184" lon="-92.78189">
        <ele>297.1</ele>
      </trkpt>
      <trkpt lat="44.57184" lon="-92.7831">
        <ele>295.9</ele>
      </trkpt>
      <trkpt lat="44.57184" lon="-92.78431">
        <ele>294.1</ele>
      </trkpt>
      <trkpt lat="44.57184" lon="-92.78552">
        <ele>292.6</ele>
      </trkpt>
      <trkpt lat="44.57184" lon="-92.78672">
        <ele>293.9</ele>
      </trkpt>
      <trkpt lat="44.57184" lon="-92.78793">
        <ele>295.7</ele>
      </trkpt>
      <trkpt lat="44.57184" lon="-92.78914">
        <ele>297.1</ele>
      </trkpt>
      <trkpt lat="44.57184" lon="-92.79035">
        <ele>296.0</ele>
      </trkpt>
      <trkpt lat="44.57182" lon="-92.7914">
        <ele>293.1</ele>
      </trkpt>
      <trkpt lat="44.5718" lon="-92.79245">
        <ele>290.7</ele>
      </trkpt>
      <trkpt lat="44.57263" lon="-92.79245">
        <ele>293.0</ele>
      </trkpt>
      <trkpt lat="44.57346" lon="-92.79246">
        <ele>293.9</ele>
      </trkpt>
      <trkpt lat="44.57429" lon="-92.79246">
        <ele>292.4</ele>
      </trkpt>
      <trkpt lat="44.57512" lon="-92.79247">
        <ele>291.3</ele>
      </trkpt>
      <trkpt lat="44.57595" lon="-92.79247">
        <ele>290.4</ele>
      </trkpt>
      <trkpt lat="44.57678" lon="-92.79248">
        <ele>289.4</ele>
      </trkpt>
      <trkpt lat="44.57761" lon="-92.79248">
        <ele>290.7</ele>
      </trkpt>
      <trkpt lat="44.57844" lon="-92.79249">
        <ele>294.2</ele>
      </trkpt>
      <trkpt lat="44.57927" lon="-92.79249">
        <ele>298.6</ele>
      </trkpt>
      <trkpt lat="44.5801" lon="-92.7925">
        <ele>302.1</ele>
      </trkpt>
      <trkpt lat="44.58099" lon="-92.7925">
        <ele>305.7</ele>
      </trkpt>
      <trkpt lat="44.58188" lon="-92.79251">
        <ele>304.9</ele>
      </trkpt>
      <trkpt lat="44.58277" lon="-92.79251">
        <ele>305.9</ele>
      </trkpt>
      <trkpt lat="44.58367" lon="-92.79251">
        <ele>302.2</ele>
      </trkpt>
      <trkpt lat="44.58456" lon="-92.79251">
        <ele>297.7</ele>
      </trkpt>
      <trkpt lat="44.58545" lon="-92.79252">
        <ele>298.0</ele>
      </trkpt>
      <trkpt lat="44.58634" lon="-92.79252">
        <ele>301.1</ele>
      </trkpt>
      <trkpt lat="44.58633" lon="-92.79374">
        <ele>296.3</ele>
      </trkpt>
      <trkpt lat="44.58632" lon="-92.79497">
        <ele>292.3</ele>
      </trkpt>
      <trkpt lat="44.58631" lon="-92.79619">
        <ele>292.0</ele>
      </trkpt>
      <trkpt lat="44.58629" lon="-92.79741">
        <ele>291.3</ele>
      </trkpt>
      <trkpt lat="44.58628" lon="-92.79864">
        <ele>290.3</ele>
      </trkpt>
      <trkpt lat="44.58627" lon="-92.79986">
        <ele>289.1</ele>
      </trkpt>
      <trkpt lat="44.58626" lon="-92.80108">
        <ele>288.0</ele>
      </trkpt>
      <trkpt lat="44.58624" lon="-92.8023">
        <ele>287.2</ele>
      </trkpt>
      <trkpt lat="44.58623" lon="-92.80353">
        <ele>286.5</ele>
      </trkpt>
      <trkpt lat="44.58622" lon="-92.80475">
        <ele>286.0</ele>
      </trkpt>
      <trkpt lat="44.58621" lon="-92.80597">
        <ele>285.9</ele>
      </trkpt>
      <trkpt lat="44.58619" lon="-92.8072">
        <ele>285.5</ele>
      </trkpt>
      <trkpt lat="44.58618" lon="-92.80842">
        <ele>285.4</ele>
      </trkpt>
      <trkpt lat="44.58617" lon="-92.80964">
        <ele>285.3</ele>
      </trkpt>
      <trkpt lat="44.58616" lon="-92.81086">
        <ele>285.0</ele>
      </trkpt>
      <trkpt lat="44.58614" lon="-92.81209">
        <ele>284.9</ele>
      </trkpt>
      <trkpt lat="44.58617" lon="-92.81256">
        <ele>284.8</ele>
      </trkpt>
      <trkpt lat="44.58622" lon="-92.81281">
        <ele>284.8</ele>
      </trkpt>
      <trkpt lat="44.58623" lon="-92.81403">
        <ele>285.0</ele>
      </trkpt>
      <trkpt lat="44.58624" lon="-92.81526">
        <ele>285.6</ele>
      </trkpt>
      <trkpt lat="44.58625" lon="-92.81648">
        <ele>286.0</ele>
      </trkpt>
      <trkpt lat="44.58626" lon="-92.8177">
        <ele>285.8</ele>
      </trkpt>
      <trkpt lat="44.58627" lon="-92.81893">
        <ele>285.1</ele>
      </trkpt>
      <trkpt lat="44.58628" lon="-92.82015">
        <ele>283.8</ele>
      </trkpt>
      <trkpt lat="44.58629" lon="-92.82138">
        <ele>282.6</ele>
      </trkpt>
      <trkpt lat="44.5863" lon="-92.8226">
        <ele>282.2</ele>
      </trkpt>
      <trkpt lat="44.58631" lon="-92.82382">
        <ele>281.9</ele>
      </trkpt>
      <trkpt lat="44.58632" lon="-92.82505">
        <ele>281.2</ele>
      </trkpt>
      <trkpt lat="44.58633" lon="-92.82627">
        <ele>280.5</ele>
      </trkpt>
      <trkpt lat="44.58634" lon="-92.8275">
        <ele>278.8</ele>
      </trkpt>
      <trkpt lat="44.58635" lon="-92.82872">
        <ele>276.0</ele>
      </trkpt>
      <trkpt lat="44.58637" lon="-92.82994">
        <ele>273.5</ele>
      </trkpt>
      <trkpt lat="44.58638" lon="-92.83117">
        <ele>271.8</ele>
      </trkpt>
      <trkpt lat="44.58639" lon="-92.83239">
        <ele>273.6</ele>
      </trkpt>
      <trkpt lat="44.5864" lon="-92.83362">
        <ele>276.5</ele>
      </trkpt>
      <trkpt lat="44.58641" lon="-92.83484">
        <ele>275.5</ele>
      </trkpt>
      <trkpt lat="44.58642" lon="-92.83606">
        <ele>274.0</ele>
      </trkpt>
      <trkpt lat="44.58643" lon="-92.83729">
        <ele>277.3</ele>
      </trkpt>
      <trkpt lat="44.58644" lon="-92.83851">
        <ele>278.6</ele>
      </trkpt>
      <trkpt lat="44.58645" lon="-92.83974">
        <ele>278.7</ele>
      </trkpt>
      <trkpt lat="44.58646" lon="-92.84096">
        <ele>280.1</ele>
      </trkpt>
      <trkpt lat="44.58647" lon="-92.84218">
        <ele>278.3</ele>
      </trkpt>
      <trkpt lat="44.58648" lon="-92.84341">
        <ele>278.8</ele>
      </trkpt>
      <trkpt lat="44.58649" lon="-92.84463">
        <ele>281.0</ele>
      </trkpt>
      <trkpt lat="44.5865" lon="-92.84586">
        <ele>280.6</ele>
      </trkpt>
      <trkpt lat="44.58651" lon="-92.84708">
        <ele>279.8</ele>
      </trkpt>
      <trkpt lat="44.58653" lon="-92.8483">
        <ele>279.3</ele>
      </trkpt>
      <trkpt lat="44.58654" lon="-92.84953">
        <ele>278.5</ele>
      </trkpt>
      <trkpt lat="44.58655" lon="-92.85075">
        <ele>277.4</ele>
      </trkpt>
      <trkpt lat="44.58656" lon="-92.85198">
        <ele>276.5</ele>
      </trkpt>
      <trkpt lat="44.58657" lon="-92.8532">
        <ele>275.0</ele>
      </trkpt>
      <trkpt lat="44.58658" lon="-92.85438">
        <ele>273.7</ele>
      </trkpt>
      <trkpt lat="44.58659" lon="-92.85557">
        <ele>276.9</ele>
      </trkpt>
      <trkpt lat="44.5866" lon="-92.85676">
        <ele>281.2</ele>
      </trkpt>
      <trkpt lat="44.58661" lon="-92.85794">
        <ele>283.2</ele>
      </trkpt>
      <trkpt lat="44.58662" lon="-92.85913">
        <ele>285.6</ele>
      </trkpt>
      <trkpt lat="44.58663" lon="-92.86031">
        <ele>285.1</ele>
      </trkpt>
      <trkpt lat="44.58664" lon="-92.8615">
        <ele>285.2</ele>
      </trkpt>
      <trkpt lat="44.58665" lon="-92.86268">
        <ele>284.7</ele>
      </trkpt>
      <trkpt lat="44.58666" lon="-92.86387">
        <ele>283.7</ele>
      </trkpt>
      <trkpt lat="44.58666" lon="-92.86505">
        <ele>283.5</ele>
      </trkpt>
      <trkpt lat="44.58667" lon="-92.86624">
        <ele>284.3</ele>
      </trkpt>
      <trkpt lat="44.58668" lon="-92.86743">
        <ele>284.8</ele>
      </trkpt>
      <trkpt lat="44.58669" lon="-92.86868">
        <ele>284.1</ele>
      </trkpt>
      <trkpt lat="44.58669" lon="-92.86993">
        <ele>280.2</ele>
      </trkpt>
      <trkpt lat="44.5867" lon="-92.87118">
        <ele>277.7</ele>
      </trkpt>
      <trkpt lat="44.5867" lon="-92.87244">
        <ele>274.9</ele>
      </trkpt>
      <trkpt lat="44.5867" lon="-92.87369">
        <ele>273.3</ele>
      </trkpt>
      <trkpt lat="44.58671" lon="-92.87494">
        <ele>272.1</ele>
      </trkpt>
      <trkpt lat="44.58671" lon="-92.87619">
        <ele>272.0</ele>
      </trkpt>
      <trkpt lat="44.58671" lon="-92.87745">
        <ele>271.9</ele>
      </trkpt>
      <trkpt lat="44.58672" lon="-92.8787">
        <ele>272.0</ele>
      </trkpt>
      <trkpt lat="44.58672" lon="-92.87995">
        <ele>272.3</ele>
      </trkpt>
      <trkpt lat="44.58672" lon="-92.8812">
        <ele>271.4</ele>
      </trkpt>
      <trkpt lat="44.58673" lon="-92.88246">
        <ele>271.4</ele>
      </trkpt>
      <trkpt lat="44.58673" lon="-92.88371">
        <ele>271.9</ele>
      </trkpt>
      <trkpt lat="44.58674" lon="-92.88496">
        <ele>272.3</ele>
      </trkpt>
      <trkpt lat="44.58674" lon="-92.88621">
        <ele>272.9</ele>
      </trkpt>
      <trkpt lat="44.58674" lon="-92.88747">
        <ele>273.4</ele>
      </trkpt>
      <trkpt lat="44.58675" lon="-92.88872">
        <ele>273.9</ele>
      </trkpt>
      <trkpt lat="44.58675" lon="-92.88997">
        <ele>275.0</ele>
      </trkpt>
      <trkpt lat="44.58675" lon="-92.89122">
        <ele>278.0</ele>
      </trkpt>
      <trkpt lat="44.58676" lon="-92.89248">
        <ele>277.9</ele>
      </trkpt>
      <trkpt lat="44.58676" lon="-92.89373">
        <ele>278.3</ele>
      </trkpt>
      <trkpt lat="44.58676" lon="-92.89491">
        <ele>280.1</ele>
      </trkpt>
      <trkpt lat="44.58676" lon="-92.8961">
        <ele>283.1</ele>
      </trkpt>
      <trkpt lat="44.58676" lon="-92.89729">
        <ele>286.6</ele>
      </trkpt>
      <trkpt lat="44.58676" lon="-92.89847">
        <ele>289.8</ele>
      </trkpt>
      <trkpt lat="44.58676" lon="-92.89966">
        <ele>290.5</ele>
      </trkpt>
      <trkpt lat="44.58676" lon="-92.90084">
        <ele>297.4</ele>
      </trkpt>
      <trkpt lat="44.58676" lon="-92.90203">
        <ele>300.4</ele>
      </trkpt>
      <trkpt lat="44.58675" lon="-92.90303">
        <ele>303.7</ele>
      </trkpt>
      <trkpt lat="44.58674" lon="-92.90403">
        <ele>299.5</ele>
      </trkpt>
      <trkpt lat="44.58672" lon="-92.90503">
        <ele>297.7</ele>
      </trkpt>
      <trkpt lat="44.58672" lon="-92.90614">
        <ele>297.9</ele>
      </trkpt>
      <trkpt lat="44.58672" lon="-92.90725">
        <ele>302.3</ele>
      </trkpt>
      <trkpt lat="44.58671" lon="-92.90836">
        <ele>295.9</ele>
      </trkpt>
      <trkpt lat="44.58671" lon="-92.90947">
        <ele>294.1</ele>
      </trkpt>
      <trkpt lat="44.5867" lon="-92.91058">
        <ele>298.6</ele>
      </trkpt>
      <trkpt lat="44.5867" lon="-92.91169">
        <ele>301.8</ele>
      </trkpt>
      <trkpt lat="44.5867" lon="-92.9128">
        <ele>294.6</ele>
      </trkpt>
      <trkpt lat="44.58669" lon="-92.91391">
        <ele>295.9</ele>
      </trkpt>
      <trkpt lat="44.5867" lon="-92.91511">
        <ele>300.8</ele>
      </trkpt>
      <trkpt lat="44.5867" lon="-92.9163">
        <ele>303.2</ele>
      </trkpt>
      <trkpt lat="44.58671" lon="-92.91749">
        <ele>297.4</ele>
      </trkpt>
      <trkpt lat="44.58671" lon="-92.91869">
        <ele>293.8</ele>
      </trkpt>
      <trkpt lat="44.58672" lon="-92.91988">
        <ele>297.5</ele>
      </trkpt>
      <trkpt lat="44.58672" lon="-92.92107">
        <ele>299.6</ele>
      </trkpt>
      <trkpt lat="44.58673" lon="-92.92227">
        <ele>293.8</ele>
      </trkpt>
      <trkpt lat="44.58673" lon="-92.92346">
        <ele>293.9</ele>
      </trkpt>
      <trkpt lat="44.58674" lon="-92.92466">
        <ele>296.3</ele>
      </trkpt>
      <trkpt lat="44.58674" lon="-92.92585">
        <ele>299.9</ele>
      </trkpt>
      <trkpt lat="44.58675" lon="-92.92704">
        <ele>301.9</ele>
      </trkpt>
      <trkpt lat="44.58675" lon="-92.92824">
        <ele>298.9</ele>
      </trkpt>
      <trkpt lat="44.58676" lon="-92.92943">
        <ele>296.3</ele>
      </trkpt>
      <trkpt lat="44.58676" lon="-92.93062">
        <ele>296.5</ele>
      </trkpt>
      <trkpt lat="44.58677" lon="-92.93182">
        <ele>295.4</ele>
      </trkpt>
      <trkpt lat="44.58677" lon="-92.93301">
        <ele>293.3</ele>
      </trkpt>
      <trkpt lat="44.58678" lon="-92.93421">
        <ele>294.7</ele>
      </trkpt>
      <trkpt lat="44.58677" lon="-92.93541">
        <ele>298.8</ele>
      </trkpt>
      <trkpt lat="44.58677" lon="-92.93662">
        <ele>306.1</ele>
      </trkpt>
      <trkpt lat="44.58676" lon="-92.93783">
        <ele>305.9</ele>
      </trkpt>
      <trkpt lat="44.58676" lon="-92.93903">
        <ele>300.5</ele>
      </trkpt>
      <trkpt lat="44.58675" lon="-92.94024">
        <ele>297.0</ele>
      </trkpt>
      <trkpt lat="44.58675" lon="-92.94145">
        <ele>295.4</ele>
      </trkpt>
      <trkpt lat="44.58675" lon="-92.94266">
        <ele>293.9</ele>
      </trkpt>
      <trkpt lat="44.58674" lon="-92.94386">
        <ele>292.8</ele>
      </trkpt>
      <trkpt lat="44.58674" lon="-92.94507">
        <ele>293.0</ele>
      </trkpt>
      <trkpt lat="44.58673" lon="-92.94628">
        <ele>293.0</ele>
      </trkpt>
      <trkpt lat="44.58673" lon="-92.94748">
        <ele>293.0</ele>
      </trkpt>
      <trkpt lat="44.58672" lon="-92.94869">
        <ele>293.3</ele>
      </trkpt>
      <trkpt lat="44.58672" lon="-92.9499">
        <ele>294.7</ele>
      </trkpt>
      <trkpt lat="44.58672" lon="-92.9511">
        <ele>297.2</ele>
      </trkpt>
      <trkpt lat="44.58671" lon="-92.95231">
        <ele>299.3</ele>
      </trkpt>
      <trkpt lat="44.58671" lon="-92.95352">
        <ele>302.8</ele>
      </trkpt>
      <trkpt lat="44.58671" lon="-92.95474">
        <ele>307.4</ele>
      </trkpt>
      <trkpt lat="44.58671" lon="-92.95595">
        <ele>309.1</ele>
      </trkpt>
      <trkpt lat="44.5867" lon="-92.95717">
        <ele>308.5</ele>
      </trkpt>
      <trkpt lat="44.5867" lon="-92.95839">
        <ele>308.7</ele>
      </trkpt>
      <trkpt lat="44.5867" lon="-92.95961">
        <ele>311.6</ele>
      </trkpt>
      <trkpt lat="44.5867" lon="-92.96082">
        <ele>312.8</ele>
      </trkpt>
      <trkpt lat="44.5867" lon="-92.96204">
        <ele>311.4</ele>
      </trkpt>
      <trkpt lat="44.5867" lon="-92.96326">
        <ele>306.5</ele>
      </trkpt>
      <trkpt lat="44.5867" lon="-92.96449">
        <ele>304.9</ele>
      </trkpt>
      <trkpt lat="44.5867" lon="-92.96571">
        <ele>304.8</ele>
      </trkpt>
      <trkpt lat="44.5867" lon="-92.96694">
        <ele>307.1</ele>
      </trkpt>
      <trkpt lat="44.5867" lon="-92.96816">
        <ele>311.3</ele>
      </trkpt>
      <trkpt lat="44.5867" lon="-92.96939">
        <ele>312.8</ele>
      </trkpt>
      <trkpt lat="44.5867" lon="-92.97061">
        <ele>317.8</ele>
      </trkpt>
      <trkpt lat="44.5867" lon="-92.97183">
        <ele>314.9</ele>
      </trkpt>
      <trkpt lat="44.5867" lon="-92.97306">
        <ele>311.7</ele>
      </trkpt>
      <trkpt lat="44.58671" lon="-92.97428">
        <ele>308.9</ele>
      </trkpt>
      <trkpt lat="44.58671" lon="-92.97551">
        <ele>309.6</ele>
      </trkpt>
      <trkpt lat="44.58671" lon="-92.97673">
        <ele>313.9</ele>
      </trkpt>
      <trkpt lat="44.58671" lon="-92.97795">
        <ele>316.2</ele>
      </trkpt>
      <trkpt lat="44.58671" lon="-92.97918">
        <ele>315.8</ele>
      </trkpt>
      <trkpt lat="44.58671" lon="-92.9804">
        <ele>315.0</ele>
      </trkpt>
      <trkpt lat="44.58671" lon="-92.98163">
        <ele>311.5</ele>
      </trkpt>
      <trkpt lat="44.5867" lon="-92.98209">
        <ele>310.6</ele>
      </trkpt>
      <trkpt lat="44.58668" lon="-92.98241">
        <ele>310.1</ele>
      </trkpt>
      <trkpt lat="44.58663" lon="-92.98244">
        <ele>310.1</ele>
      </trkpt>
      <trkpt lat="44.58654" lon="-92.98244">
        <ele>310.1</ele>
      </trkpt>
      <trkpt lat="44.58647" lon="-92.98241">
        <ele>310.1</ele>
      </trkpt>
      <trkpt lat="44.58639" lon="-92.98235">
        <ele>310.2</ele>
      </trkpt>
      <trkpt lat="44.5865" lon="-92.98248">
        <ele>310.0</ele>
      </trkpt>
      <trkpt lat="44.58659" lon="-92.98264">
        <ele>309.8</ele>
      </trkpt>
      <trkpt lat="44.58666" lon="-92.98281">
        <ele>309.3</ele>
      </trkpt>
      <trkpt lat="44.58669" lon="-92.98297">
        <ele>308.9</ele>
      </trkpt>
      <trkpt lat="44.58671" lon="-92.98313">
        <ele>308.5</ele>
      </trkpt>
      <trkpt lat="44.5867" lon="-92.98341">
        <ele>308.2</ele>
      </trkpt>
      <trkpt lat="44.58669" lon="-92.98405">
        <ele>308.2</ele>
      </trkpt>
      <trkpt lat="44.58669" lon="-92.98469">
        <ele>308.2</ele>
      </trkpt>
      <trkpt lat="44.58669" lon="-92.98594">
        <ele>308.1</ele>
      </trkpt>
      <trkpt lat="44.58669" lon="-92.98718">
        <ele>303.4</ele>
      </trkpt>
      <trkpt lat="44.5867" lon="-92.98843">
        <ele>300.9</ele>
      </trkpt>
      <trkpt lat="44.5867" lon="-92.98968">
        <ele>298.2</ele>
      </trkpt>
      <trkpt lat="44.58671" lon="-92.99072">
        <ele>295.6</ele>
      </trkpt>
      <trkpt lat="44.58671" lon="-92.99177">
        <ele>294.6</ele>
      </trkpt>
      <trkpt lat="44.58672" lon="-92.99282">
        <ele>293.2</ele>
      </trkpt>
      <trkpt lat="44.58673" lon="-92.99386">
        <ele>293.1</ele>
      </trkpt>
      <trkpt lat="44.58673" lon="-92.99491">
        <ele>295.7</ele>
      </trkpt>
      <trkpt lat="44.58673" lon="-92.99558">
        <ele>295.3</ele>
      </trkpt>
      <trkpt lat="44.58673" lon="-92.99624">
        <ele>295.1</ele>
      </trkpt>
      <trkpt lat="44.58675" lon="-92.99737">
        <ele>295.7</ele>
      </trkpt>
      <trkpt lat="44.58676" lon="-92.99849">
        <ele>298.5</ele>
      </trkpt>
      <trkpt lat="44.58678" lon="-92.99961">
        <ele>300.4</ele>
      </trkpt>
      <trkpt lat="44.58679" lon="-93.00055">
        <ele>300.2</ele>
      </trkpt>
      <trkpt lat="44.58681" lon="-93.0015">
        <ele>302.7</ele>
      </trkpt>
      <trkpt lat="44.58682" lon="-93.00275">
        <ele>305.8</ele>
      </trkpt>
      <trkpt lat="44.58683" lon="-93.004">
        <ele>302.1</ele>
      </trkpt>
      <trkpt lat="44.58683" lon="-93.00526">
        <ele>300.0</ele>
      </trkpt>
      <trkpt lat="44.58684" lon="-93.00651">
        <ele>303.5</ele>
      </trkpt>
      <trkpt lat="44.58685" lon="-93.00777">
        <ele>302.7</ele>
      </trkpt>
      <trkpt lat="44.58688" lon="-93.00892">
        <ele>305.7</ele>
      </trkpt>
      <trkpt lat="44.58689" lon="-93.01">
        <ele>311.0</ele>
      </trkpt>
      <trkpt lat="44.58688" lon="-93.0112">
        <ele>313.9</ele>
      </trkpt>
      <trkpt lat="44.58688" lon="-93.0124">
        <ele>314.7</ele>
      </trkpt>
      <trkpt lat="44.58687" lon="-93.01359">
        <ele>314.8</ele>
      </trkpt>
      <trkpt lat="44.58687" lon="-93.01479">
        <ele>314.9</ele>
      </trkpt>
      <trkpt lat="44.58687" lon="-93.01599">
        <ele>314.9</ele>
      </trkpt>
      <trkpt lat="44.58686" lon="-93.01719">
        <ele>315.1</ele>
      </trkpt>
      <trkpt lat="44.58686" lon="-93.01838">
        <ele>315.8</ele>
      </trkpt>
      <trkpt lat="44.58685" lon="-93.01958">
        <ele>317.4</ele>
      </trkpt>
      <trkpt lat="44.58686" lon="-93.02071">
        <ele>317.8</ele>
      </trkpt>
      <trkpt lat="44.58687" lon="-93.02183">
        <ele>317.8</ele>
      </trkpt>
      <trkpt lat="44.58687" lon="-93.02296">
        <ele>317.4</ele>
      </trkpt>
      <trkpt lat="44.58688" lon="-93.02408">
        <ele>316.8</ele>
      </trkpt>
      <trkpt lat="44.58688" lon="-93.02521">
        <ele>314.8</ele>
      </trkpt>
      <trkpt lat="44.58689" lon="-93.02633">
        <ele>314.8</ele>
      </trkpt>
      <trkpt lat="44.58689" lon="-93.02746">
        <ele>315.8</ele>
      </trkpt>
      <trkpt lat="44.5869" lon="-93.02858">
        <ele>315.5</ele>
      </trkpt>
      <trkpt lat="44.5869" lon="-93.02971">
        <ele>315.5</ele>
      </trkpt>
      <trkpt lat="44.5869" lon="-93.03071">
        <ele>317.3</ele>
      </trkpt>
      <trkpt lat="44.5869" lon="-93.03171">
        <ele>317.3</ele>
      </trkpt>
      <trkpt lat="44.58691" lon="-93.03262">
        <ele>317.5</ele>
      </trkpt>
      <trkpt lat="44.58692" lon="-93.03353">
        <ele>318.4</ele>
      </trkpt>
      <trkpt lat="44.58693" lon="-93.03445">
        <ele>320.2</ele>
      </trkpt>
      <trkpt lat="44.58693" lon="-93.03571">
        <ele>320.0</ele>
      </trkpt>
      <trkpt lat="44.58693" lon="-93.03697">
        <ele>315.5</ele>
      </trkpt>
      <trkpt lat="44.58693" lon="-93.03823">
        <ele>311.1</ele>
      </trkpt>
      <trkpt lat="44.58693" lon="-93.03949">
        <ele>307.2</ele>
      </trkpt>
      <trkpt lat="44.58694" lon="-93.04075">
        <ele>306.0</ele>
      </trkpt>
      <trkpt lat="44.58694" lon="-93.04201">
        <ele>305.5</ele>
      </trkpt>
      <trkpt lat="44.58694" lon="-93.04327">
        <ele>310.7</ele>
      </trkpt>
      <trkpt lat="44.58694" lon="-93.04454">
        <ele>310.5</ele>
      </trkpt>
      <trkpt lat="44.58694" lon="-93.04572">
        <ele>303.3</ele>
      </trkpt>
      <trkpt lat="44.58695" lon="-93.04691">
        <ele>297.4</ele>
      </trkpt>
      <trkpt lat="44.58695" lon="-93.0481">
        <ele>308.1</ele>
      </trkpt>
      <trkpt lat="44.58696" lon="-93.04929">
        <ele>308.1</ele>
      </trkpt>
      <trkpt lat="44.58696" lon="-93.05048">
        <ele>313.4</ele>
      </trkpt>
      <trkpt lat="44.58697" lon="-93.05167">
        <ele>314.3</ele>
      </trkpt>
      <trkpt lat="44.58697" lon="-93.05263">
        <ele>314.0</ele>
      </trkpt>
      <trkpt lat="44.58697" lon="-93.05359">
        <ele>311.8</ele>
      </trkpt>
      <trkpt lat="44.58697" lon="-93.05458">
        <ele>307.4</ele>
      </trkpt>
      <trkpt lat="44.58698" lon="-93.05557">
        <ele>306.6</ele>
      </trkpt>
      <trkpt lat="44.58755" lon="-93.05557">
        <ele>303.8</ele>
      </trkpt>
      <trkpt lat="44.58801" lon="-93.05554">
        <ele>302.0</ele>
      </trkpt>
      <trkpt lat="44.58838" lon="-93.05549">
        <ele>301.0</ele>
      </trkpt>
      <trkpt lat="44.58874" lon="-93.05541">
        <ele>299.8</ele>
      </trkpt>
      <trkpt lat="44.5893" lon="-93.05524">
        <ele>297.4</ele>
      </trkpt>
      <trkpt lat="44.58987" lon="-93.05508">
        <ele>296.1</ele>
      </trkpt>
      <trkpt lat="44.59022" lon="-93.05502">
        <ele>295.6</ele>
      </trkpt>
      <trkpt lat="44.59046" lon="-93.05501">
        <ele>294.3</ele>
      </trkpt>
      <trkpt lat="44.591" lon="-93.0551">
        <ele>291.4</ele>
      </trkpt>
      <trkpt lat="44.59172" lon="-93.05536">
        <ele>290.4</ele>
      </trkpt>
      <trkpt lat="44.5923" lon="-93.05552">
        <ele>287.0</ele>
      </trkpt>
      <trkpt lat="44.59285" lon="-93.05554">
        <ele>284.7</ele>
      </trkpt>
      <trkpt lat="44.59353" lon="-93.05553">
        <ele>282.5</ele>
      </trkpt>
      <trkpt lat="44.59421" lon="-93.05553">
        <ele>280.7</ele>
      </trkpt>
      <trkpt lat="44.59421" lon="-93.05662">
        <ele>280.6</ele>
      </trkpt>
      <trkpt lat="44.59421" lon="-93.05772">
        <ele>281.3</ele>
      </trkpt>
      <trkpt lat="44.59421" lon="-93.05881">
        <ele>280.3</ele>
      </trkpt>
      <trkpt lat="44.59422" lon="-93.0599">
        <ele>278.4</ele>
      </trkpt>
      <trkpt lat="44.59422" lon="-93.061">
        <ele>277.8</ele>
      </trkpt>
      <trkpt lat="44.59423" lon="-93.06209">
        <ele>277.7</ele>
      </trkpt>
      <trkpt lat="44.59424" lon="-93.06319">
        <ele>277.7</ele>
      </trkpt>
      <trkpt lat="44.59424" lon="-93.06428">
        <ele>277.4</ele>
      </trkpt>
      <trkpt lat="44.59425" lon="-93.06538">
        <ele>277.4</ele>
      </trkpt>
      <trkpt lat="44.59425" lon="-93.06647">
        <ele>277.4</ele>
      </trkpt>
      <trkpt lat="44.59426" lon="-93.06757">
        <ele>277.4</ele>
      </trkpt>
      <trkpt lat="44.59426" lon="-93.06865">
        <ele>280.7</ele>
      </trkpt>
      <trkpt lat="44.59427" lon="-93.06973">
        <ele>283.3</ele>
      </trkpt>
      <trkpt lat="44.59427" lon="-93.07081">
        <ele>281.8</ele>
      </trkpt>
      <trkpt lat="44.59427" lon="-93.07201">
        <ele>281.1</ele>
      </trkpt>
      <trkpt lat="44.59426" lon="-93.07322">
        <ele>280.7</ele>
      </trkpt>
      <trkpt lat="44.59426" lon="-93.07442">
        <ele>281.1</ele>
      </trkpt>
      <trkpt lat="44.59426" lon="-93.07563">
        <ele>282.1</ele>
      </trkpt>
      <trkpt lat="44.59425" lon="-93.07683">
        <ele>284.0</ele>
      </trkpt>
      <trkpt lat="44.59425" lon="-93.07804">
        <ele>284.0</ele>
      </trkpt>
      <trkpt lat="44.59425" lon="-93.07924">
        <ele>283.4</ele>
      </trkpt>
      <trkpt lat="44.59424" lon="-93.08045">
        <ele>281.2</ele>
      </trkpt>
      <trkpt lat="44.59424" lon="-93.08165">
        <ele>280.6</ele>
      </trkpt>
      <trkpt lat="44.59424" lon="-93.08286">
        <ele>280.7</ele>
      </trkpt>
      <trkpt lat="44.59423" lon="-93.08406">
        <ele>280.6</ele>
      </trkpt>
      <trkpt lat="44.59423" lon="-93.08522">
        <ele>280.5</ele>
      </trkpt>
      <trkpt lat="44.59422" lon="-93.08601">
        <ele>279.3</ele>
      </trkpt>
      <trkpt lat="44.59422" lon="-93.08676">
        <ele>278.8</ele>
      </trkpt>
      <trkpt lat="44.59423" lon="-93.08752">
        <ele>278.4</ele>
      </trkpt>
      <trkpt lat="44.59423" lon="-93.08871">
        <ele>278.5</ele>
      </trkpt>
      <trkpt lat="44.59424" lon="-93.08958">
        <ele>278.5</ele>
      </trkpt>
      <trkpt lat="44.59433" lon="-93.09029">
        <ele>278.2</ele>
      </trkpt>
      <trkpt lat="44.59453" lon="-93.09098">
        <ele>277.9</ele>
      </trkpt>
      <trkpt lat="44.59474" lon="-93.09166">
        <ele>278.0</ele>
      </trkpt>
      <trkpt lat="44.5951" lon="-93.09236">
        <ele>278.2</ele>
      </trkpt>
      <trkpt lat="44.59543" lon="-93.09284">
        <ele>278.6</ele>
      </trkpt>
      <trkpt lat="44.59573" lon="-93.09313">
        <ele>277.7</ele>
      </trkpt>
      <trkpt lat="44.59619" lon="-93.09347">
        <ele>276.8</ele>
      </trkpt>
      <trkpt lat="44.59691" lon="-93.09388">
        <ele>275.8</ele>
      </trkpt>
      <trkpt lat="44.59753" lon="-93.09407">
        <ele>276.1</ele>
      </trkpt>
      <trkpt lat="44.59816" lon="-93.09426">
        <ele>276.3</ele>
      </trkpt>
      <trkpt lat="44.59879" lon="-93.09445">
        <ele>276.7</ele>
      </trkpt>
      <trkpt lat="44.59913" lon="-93.09458">
        <ele>276.9</ele>
      </trkpt>
      <trkpt lat="44.59946" lon="-93.09478">
        <ele>277.0</ele>
      </trkpt>
      <trkpt lat="44.59982" lon="-93.09505">
        <ele>277.3</ele>
      </trkpt>
      <trkpt lat="44.60019" lon="-93.0954">
        <ele>278.8</ele>
      </trkpt>
      <trkpt lat="44.60046" lon="-93.09574">
        <ele>280.3</ele>
      </trkpt>
      <trkpt lat="44.60071" lon="-93.09616">
        <ele>281.7</ele>
      </trkpt>
      <trkpt lat="44.6009" lon="-93.09649">
        <ele>283.1</ele>
      </trkpt>
      <trkpt lat="44.60103" lon="-93.09682">
        <ele>285.2</ele>
      </trkpt>
      <trkpt lat="44.60117" lon="-93.09724">
        <ele>286.2</ele>
      </trkpt>
      <trkpt lat="44.60126" lon="-93.09754">
        <ele>287.4</ele>
      </trkpt>
      <trkpt lat="44.60137" lon="-93.09806">
        <ele>288.1</ele>
      </trkpt>
      <trkpt lat="44.60143" lon="-93.09846">
        <ele>288.0</ele>
      </trkpt>
      <trkpt lat="44.60146" lon="-93.09895">
        <ele>287.8</ele>
      </trkpt>
      <trkpt lat="44.60147" lon="-93.09999">
        <ele>286.5</ele>
      </trkpt>
      <trkpt lat="44.60147" lon="-93.10102">
        <ele>283.9</ele>
      </trkpt>
      <trkpt lat="44.60148" lon="-93.10206">
        <ele>283.1</ele>
      </trkpt>
      <trkpt lat="44.60149" lon="-93.10309">
        <ele>283.1</ele>
      </trkpt>
      <trkpt lat="44.6015" lon="-93.10413">
        <ele>283.8</ele>
      </trkpt>
      <trkpt lat="44.6015" lon="-93.10535">
        <ele>284.2</ele>
      </trkpt>
      <trkpt lat="44.60151" lon="-93.10656">
        <ele>286.6</ele>
      </trkpt>
      <trkpt lat="44.60151" lon="-93.10778">
        <ele>287.4</ele>
      </trkpt>
      <trkpt lat="44.60152" lon="-93.10883">
        <ele>286.5</ele>
      </trkpt>
      <trkpt lat="44.60152" lon="-93.10989">
        <ele>283.3</ele>
      </trkpt>
      <trkpt lat="44.60153" lon="-93.11095">
        <ele>283.2</ele>
      </trkpt>
      <trkpt lat="44.60154" lon="-93.11201">
        <ele>281.2</ele>
      </trkpt>
      <trkpt lat="44.60154" lon="-93.11311">
        <ele>280.5</ele>
      </trkpt>
      <trkpt lat="44.60154" lon="-93.1142">
        <ele>280.6</ele>
      </trkpt>
      <trkpt lat="44.60154" lon="-93.11529">
        <ele>280.6</ele>
      </trkpt>
      <trkpt lat="44.60155" lon="-93.11639">
        <ele>283.5</ele>
      </trkpt>
      <trkpt lat="44.60156" lon="-93.1172">
        <ele>283.6</ele>
      </trkpt>
      <trkpt lat="44.60157" lon="-93.11845">
        <ele>285.8</ele>
      </trkpt>
      <trkpt lat="44.60157" lon="-93.1197">
        <ele>286.6</ele>
      </trkpt>
      <trkpt lat="44.60158" lon="-93.12095">
        <ele>286.6</ele>
      </trkpt>
      <trkpt lat="44.60158" lon="-93.1222">
        <ele>286.9</ele>
      </trkpt>
      <trkpt lat="44.60159" lon="-93.12346">
        <ele>287.5</ele>
      </trkpt>
      <trkpt lat="44.60159" lon="-93.12471">
        <ele>289.8</ele>
      </trkpt>
      <trkpt lat="44.6016" lon="-93.12596">
        <ele>290.6</ele>
      </trkpt>
      <trkpt lat="44.6016" lon="-93.12721">
        <ele>290.9</ele>
      </trkpt>
      <trkpt lat="44.60161" lon="-93.12846">
        <ele>290.1</ele>
      </trkpt>
      <trkpt lat="44.60161" lon="-93.12971">
        <ele>290.6</ele>
      </trkpt>
      <trkpt lat="44.60162" lon="-93.13096">
        <ele>292.9</ele>
      </trkpt>
      <trkpt lat="44.60162" lon="-93.13221">
        <ele>294.9</ele>
      </trkpt>
      <trkpt lat="44.60163" lon="-93.13346">
        <ele>296.9</ele>
      </trkpt>
      <trkpt lat="44.60163" lon="-93.13471">
        <ele>299.2</ele>
      </trkpt>
      <trkpt lat="44.60164" lon="-93.13596">
        <ele>298.2</ele>
      </trkpt>
      <trkpt lat="44.60164" lon="-93.13722">
        <ele>295.9</ele>
      </trkpt>
      <trkpt lat="44.60164" lon="-93.13847">
        <ele>295.7</ele>
      </trkpt>
      <trkpt lat="44.60165" lon="-93.13972">
        <ele>295.7</ele>
      </trkpt>
      <trkpt lat="44.60165" lon="-93.14097">
        <ele>296.4</ele>
      </trkpt>
      <trkpt lat="44.60166" lon="-93.14222">
        <ele>296.0</ele>
      </trkpt>
      <trkpt lat="44.60166" lon="-93.14347">
        <ele>298.0</ele>
      </trkpt>
      <trkpt lat="44.60167" lon="-93.14472">
        <ele>298.8</ele>
      </trkpt>
      <trkpt lat="44.60167" lon="-93.14597">
        <ele>295.5</ele>
      </trkpt>
      <trkpt lat="44.60168" lon="-93.14722">
        <ele>293.4</ele>
      </trkpt>
      <trkpt lat="44.60168" lon="-93.14847">
        <ele>289.5</ele>
      </trkpt>
      <trkpt lat="44.60169" lon="-93.14972">
        <ele>294.1</ele>
      </trkpt>
      <trkpt lat="44.60169" lon="-93.15097">
        <ele>297.3</ele>
      </trkpt>
      <trkpt lat="44.6017" lon="-93.15223">
        <ele>296.1</ele>
      </trkpt>
      <trkpt lat="44.6017" lon="-93.15348">
        <ele>295.8</ele>
      </trkpt>
      <trkpt lat="44.60171" lon="-93.15473">
        <ele>296.6</ele>
      </trkpt>
      <trkpt lat="44.60171" lon="-93.15598">
        <ele>294.2</ele>
      </trkpt>
      <trkpt lat="44.60172" lon="-93.15723">
        <ele>291.7</ele>
      </trkpt>
      <trkpt lat="44.60253" lon="-93.15722">
        <ele>290.1</ele>
      </trkpt>
      <trkpt lat="44.60335" lon="-93.15722">
        <ele>288.1</ele>
      </trkpt>
      <trkpt lat="44.60417" lon="-93.15721">
        <ele>286.4</ele>
      </trkpt>
      <trkpt lat="44.60498" lon="-93.15721">
        <ele>286.4</ele>
      </trkpt>
      <trkpt lat="44.6058" lon="-93.1572">
        <ele>286.1</ele>
      </trkpt>
      <trkpt lat="44.60661" lon="-93.1572">
        <ele>285.4</ele>
      </trkpt>
      <trkpt lat="44.60743" lon="-93.15719">
        <ele>285.5</ele>
      </trkpt>
      <trkpt lat="44.60824" lon="-93.15719">
        <ele>286.4</ele>
      </trkpt>
      <trkpt lat="44.60906" lon="-93.15718">
        <ele>287.4</ele>
      </trkpt>
      <trkpt lat="44.60984" lon="-93.15717">
        <ele>288.6</ele>
      </trkpt>
      <trkpt lat="44.61063" lon="-93.15715">
        <ele>289.5</ele>
      </trkpt>
      <trkpt lat="44.61147" lon="-93.15715">
        <ele>290.7</ele>
      </trkpt>
      <trkpt lat="44.61232" lon="-93.15715">
        <ele>290.3</ele>
      </trkpt>
      <trkpt lat="44.61316" lon="-93.15715">
        <ele>290.1</ele>
      </trkpt>
      <trkpt lat="44.61401" lon="-93.15715">
        <ele>287.7</ele>
      </trkpt>
      <trkpt lat="44.61485" lon="-93.15715">
        <ele>284.1</ele>
      </trkpt>
      <trkpt lat="44.61572" lon="-93.15714">
        <ele>282.2</ele>
      </trkpt>
      <trkpt lat="44.61658" lon="-93.15713">
        <ele>281.4</ele>
      </trkpt>
      <trkpt lat="44.61744" lon="-93.15712">
        <ele>280.5</ele>
      </trkpt>
      <trkpt lat="44.61831" lon="-93.15711">
        <ele>279.9</ele>
      </trkpt>
      <trkpt lat="44.61917" lon="-93.1571">
        <ele>279.4</ele>
      </trkpt>
      <trkpt lat="44.62004" lon="-93.1571">
        <ele>278.9</ele>
      </trkpt>
      <trkpt lat="44.6209" lon="-93.15709">
        <ele>278.9</ele>
      </trkpt>
      <trkpt lat="44.62176" lon="-93.15708">
        <ele>278.6</ele>
      </trkpt>
      <trkpt lat="44.62263" lon="-93.15707">
        <ele>277.9</ele>
      </trkpt>
      <trkpt lat="44.62349" lon="-93.15706">
        <ele>277.8</ele>
      </trkpt>
      <trkpt lat="44.62426" lon="-93.15706">
        <ele>278.9</ele>
      </trkpt>
      <trkpt lat="44.62502" lon="-93.15706">
        <ele>279.5</ele>
      </trkpt>
      <trkpt lat="44.62579" lon="-93.15705">
        <ele>279.6</ele>
      </trkpt>
      <trkpt lat="44.62643" lon="-93.15704">
        <ele>279.5</ele>
      </trkpt>
      <trkpt lat="44.62707" lon="-93.15703">
        <ele>279.5</ele>
      </trkpt>
      <trkpt lat="44.62783" lon="-93.15703">
        <ele>279.3</ele>
      </trkpt>
      <trkpt lat="44.62846" lon="-93.15706">
        <ele>279.1</ele>
      </trkpt>
      <trkpt lat="44.62903" lon="-93.15712">
        <ele>278.9</ele>
      </trkpt>
      <trkpt lat="44.62961" lon="-93.15718">
        <ele>278.9</ele>
      </trkpt>
      <trkpt lat="44.63004" lon="-93.15719">
        <ele>278.8</ele>
      </trkpt>
      <trkpt lat="44.63069" lon="-93.15718">
        <ele>278.8</ele>
      </trkpt>
      <trkpt lat="44.63135" lon="-93.15716">
        <ele>278.6</ele>
      </trkpt>
      <trkpt lat="44.632" lon="-93.15715">
        <ele>278.5</ele>
      </trkpt>
      <trkpt lat="44.63269" lon="-93.15713">
        <ele>277.8</ele>
      </trkpt>
      <trkpt lat="44.63337" lon="-93.1571">
        <ele>277.5</ele>
      </trkpt>
      <trkpt lat="44.63415" lon="-93.15708">
        <ele>277.5</ele>
      </trkpt>
      <trkpt lat="44.63493" lon="-93.15707">
        <ele>277.5</ele>
      </trkpt>
      <trkpt lat="44.63571" lon="-93.15705">
        <ele>277.8</ele>
      </trkpt>
      <trkpt lat="44.63649" lon="-93.15703">
        <ele>276.8</ele>
      </trkpt>
      <trkpt lat="44.63727" lon="-93.15701">
        <ele>275.9</ele>
      </trkpt>
      <trkpt lat="44.63805" lon="-93.157">
        <ele>274.7</ele>
      </trkpt>
      <trkpt lat="44.63853" lon="-93.15704">
        <ele>274.4</ele>
      </trkpt>
      <trkpt lat="44.63902" lon="-93.15709">
        <ele>274.3</ele>
      </trkpt>
      <trkpt lat="44.63938" lon="-93.15713">
        <ele>274.3</ele>
      </trkpt>
      <trkpt lat="44.64006" lon="-93.15719">
        <ele>274.3</ele>
      </trkpt>
      <trkpt lat="44.64074" lon="-93.15726">
        <ele>275.0</ele>
      </trkpt>
      <trkpt lat="44.64115" lon="-93.15727">
        <ele>276.0</ele>
      </trkpt>
      <trkpt lat="44.64189" lon="-93.15724">
        <ele>275.9</ele>
      </trkpt>
      <trkpt lat="44.64189" lon="-93.15843">
        <ele>276.1</ele>
      </trkpt>
      <trkpt lat="44.64189" lon="-93.15961">
        <ele>276.3</ele>
      </trkpt>
      <trkpt lat="44.64189" lon="-93.16079">
        <ele>277.2</ele>
      </trkpt>
      <trkpt lat="44.64189" lon="-93.16197">
        <ele>277.5</ele>
      </trkpt>
      <trkpt lat="44.64189" lon="-93.16316">
        <ele>277.6</ele>
      </trkpt>
      <trkpt lat="44.64189" lon="-93.16434">
        <ele>277.6</ele>
      </trkpt>
      <trkpt lat="44.64189" lon="-93.16552">
        <ele>277.8</ele>
      </trkpt>
      <trkpt lat="44.64183" lon="-93.16675">
        <ele>278.7</ele>
      </trkpt>
      <trkpt lat="44.64176" lon="-93.16772">
        <ele>279.0</ele>
      </trkpt>
      <trkpt lat="44.64175" lon="-93.16845">
        <ele>279.0</ele>
      </trkpt>
      <trkpt lat="44.6417" lon="-93.16925">
        <ele>279.3</ele>
      </trkpt>
      <trkpt lat="44.64166" lon="-93.17006">
        <ele>279.1</ele>
      </trkpt>
      <trkpt lat="44.64165" lon="-93.17045">
        <ele>279.1</ele>
      </trkpt>
      <trkpt lat="44.64165" lon="-93.17157">
        <ele>279.2</ele>
      </trkpt>
      <trkpt lat="44.64164" lon="-93.1727">
        <ele>279.4</ele>
      </trkpt>
      <trkpt lat="44.64161" lon="-93.17288">
        <ele>279.4</ele>
      </trkpt>
      <trkpt lat="44.6416" lon="-93.17303">
        <ele>279.4</ele>
      </trkpt>
      <trkpt lat="44.6416" lon="-93.17411">
        <ele>279.4</ele>
      </trkpt>
      <trkpt lat="44.6416" lon="-93.1752">
        <ele>279.4</ele>
      </trkpt>
      <trkpt lat="44.64161" lon="-93.17628">
        <ele>279.2</ele>
      </trkpt>
      <trkpt lat="44.64161" lon="-93.17736">
        <ele>279.1</ele>
      </trkpt>
      <trkpt lat="44.64161" lon="-93.17845">
        <ele>279.1</ele>
      </trkpt>
      <trkpt lat="44.64163" lon="-93.17916">
        <ele>279.1</ele>
      </trkpt>
      <trkpt lat="44.64166" lon="-93.1795">
        <ele>279.2</ele>
      </trkpt>
      <trkpt lat="44.64177" lon="-93.18027">
        <ele>280.5</ele>
      </trkpt>
      <trkpt lat="44.64187" lon="-93.18105">
        <ele>280.3</ele>
      </trkpt>
      <trkpt lat="44.6419" lon="-93.1814">
        <ele>281.2</ele>
      </trkpt>
      <trkpt lat="44.64191" lon="-93.18168">
        <ele>282.4</ele>
      </trkpt>
      <trkpt lat="44.64191" lon="-93.18191">
        <ele>283.4</ele>
      </trkpt>
      <trkpt lat="44.64191" lon="-93.18301">
        <ele>283.6</ele>
      </trkpt>
      <trkpt lat="44.64191" lon="-93.18411">
        <ele>284.6</ele>
      </trkpt>
      <trkpt lat="44.64192" lon="-93.18425">
        <ele>284.8</ele>
      </trkpt>
      <trkpt lat="44.64197" lon="-93.18453">
        <ele>284.9</ele>
      </trkpt>
      <trkpt lat="44.64197" lon="-93.18569">
        <ele>286.5</ele>
      </trkpt>
      <trkpt lat="44.64197" lon="-93.18684">
        <ele>286.6</ele>
      </trkpt>
      <trkpt lat="44.64197" lon="-93.188">
        <ele>286.7</ele>
      </trkpt>
      <trkpt lat="44.64197" lon="-93.18916">
        <ele>287.1</ele>
      </trkpt>
      <trkpt lat="44.64198" lon="-93.19032">
        <ele>287.2</ele>
      </trkpt>
      <trkpt lat="44.64198" lon="-93.19147">
        <ele>286.6</ele>
      </trkpt>
      <trkpt lat="44.64198" lon="-93.19263">
        <ele>286.6</ele>
      </trkpt>
      <trkpt lat="44.64198" lon="-93.19379">
        <ele>286.3</ele>
      </trkpt>
      <trkpt lat="44.64198" lon="-93.19494">
        <ele>286.5</ele>
      </trkpt>
      <trkpt lat="44.64198" lon="-93.1961">
        <ele>286.4</ele>
      </trkpt>
      <trkpt lat="44.64198" lon="-93.19726">
        <ele>285.6</ele>
      </trkpt>
      <trkpt lat="44.64199" lon="-93.19805">
        <ele>284.6</ele>
      </trkpt>
      <trkpt lat="44.64199" lon="-93.19884">
        <ele>283.7</ele>
      </trkpt>
      <trkpt lat="44.64201" lon="-93.1993">
        <ele>283.7</ele>
      </trkpt>
      <trkpt lat="44.64199" lon="-93.19993">
        <ele>284.1</ele>
      </trkpt>
      <trkpt lat="44.64199" lon="-93.20027">
        <ele>284.5</ele>
      </trkpt>
      <trkpt lat="44.64203" lon="-93.20133">
        <ele>284.5</ele>
      </trkpt>
      <trkpt lat="44.64208" lon="-93.20228">
        <ele>284.2</ele>
      </trkpt>
      <trkpt lat="44.64216" lon="-93.20334">
        <ele>283.6</ele>
      </trkpt>
      <trkpt lat="44.64223" lon="-93.20422">
        <ele>283.5</ele>
      </trkpt>
      <trkpt lat="44.6423" lon="-93.2051">
        <ele>283.9</ele>
      </trkpt>
      <trkpt lat="44.64234" lon="-93.2058">
        <ele>284.5</ele>
      </trkpt>
      <trkpt lat="44.64237" lon="-93.20614">
        <ele>284.8</ele>
      </trkpt>
      <trkpt lat="44.64248" lon="-93.20709">
        <ele>285.5</ele>
      </trkpt>
      <trkpt lat="44.64259" lon="-93.20804">
        <ele>286.1</ele>
      </trkpt>
      <trkpt lat="44.6427" lon="-93.209">
        <ele>286.5</ele>
      </trkpt>
      <trkpt lat="44.64268" lon="-93.20985">
        <ele>286.7</ele>
      </trkpt>
      <trkpt lat="44.64276" lon="-93.21065">
        <ele>287.2</ele>
      </trkpt>
      <trkpt lat="44.64283" lon="-93.21162">
        <ele>289.3</ele>
      </trkpt>
      <trkpt lat="44.64291" lon="-93.2126">
        <ele>290.9</ele>
      </trkpt>
      <trkpt lat="44.643" lon="-93.2136">
        <ele>292.5</ele>
      </trkpt>
      <trkpt lat="44.64309" lon="-93.21459">
        <ele>292.1</ele>
      </trkpt>
      <trkpt lat="44.6431" lon="-93.21471">
        <ele>292.1</ele>
      </trkpt>
      <trkpt lat="44.64318" lon="-93.21558">
        <ele>292.2</ele>
      </trkpt>
      <trkpt lat="44.64326" lon="-93.21645">
        <ele>292.2</ele>
      </trkpt>
      <trkpt lat="44.64335" lon="-93.21732">
        <ele>292.6</ele>
      </trkpt>
      <trkpt lat="44.64336" lon="-93.21773">
        <ele>293.0</ele>
      </trkpt>
      <trkpt lat="44.64339" lon="-93.21779">
        <ele>292.9</ele>
      </trkpt>
      <trkpt lat="44.64345" lon="-93.21788">
        <ele>292.8</ele>
      </trkpt>
      <trkpt lat="44.64342" lon="-93.21794">
        <ele>292.9</ele>
      </trkpt>
      <trkpt lat="44.64341" lon="-93.218">
        <ele>292.9</ele>
      </trkpt>
      <trkpt lat="44.64351" lon="-93.21915">
        <ele>293.1</ele>
      </trkpt>
      <trkpt lat="44.64362" lon="-93.22029">
        <ele>293.6</ele>
      </trkpt>
      <trkpt lat="44.64369" lon="-93.22108">
        <ele>294.5</ele>
      </trkpt>
      <trkpt lat="44.64377" lon="-93.22187">
        <ele>295.3</ele>
      </trkpt>
      <trkpt lat="44.64385" lon="-93.2227">
        <ele>294.6</ele>
      </trkpt>
      <trkpt lat="44.64394" lon="-93.22352">
        <ele>292.7</ele>
      </trkpt>
      <trkpt lat="44.64399" lon="-93.22395">
        <ele>291.9</ele>
      </trkpt>
      <trkpt lat="44.64414" lon="-93.22504">
        <ele>290.0</ele>
      </trkpt>
      <trkpt lat="44.64428" lon="-93.22598">
        <ele>290.3</ele>
      </trkpt>
      <trkpt lat="44.6444" lon="-93.22673">
        <ele>290.2</ele>
      </trkpt>
      <trkpt lat="44.6446" lon="-93.22782">
        <ele>290.0</ele>
      </trkpt>
      <trkpt lat="44.64482" lon="-93.22892">
        <ele>289.6</ele>
      </trkpt>
      <trkpt lat="44.64497" lon="-93.22959">
        <ele>289.7</ele>
      </trkpt>
      <trkpt lat="44.64511" lon="-93.23027">
        <ele>289.8</ele>
      </trkpt>
      <trkpt lat="44.6452" lon="-93.2308">
        <ele>290.0</ele>
      </trkpt>
      <trkpt lat="44.64525" lon="-93.2314">
        <ele>290.2</ele>
      </trkpt>
      <trkpt lat="44.64526" lon="-93.23166">
        <ele>290.4</ele>
      </trkpt>
      <trkpt lat="44.64526" lon="-93.23283">
        <ele>291.5</ele>
      </trkpt>
      <trkpt lat="44.64526" lon="-93.23399">
        <ele>292.5</ele>
      </trkpt>
      <trkpt lat="44.64527" lon="-93.23516">
        <ele>292.7</ele>
      </trkpt>
      <trkpt lat="44.64527" lon="-93.23632">
        <ele>293.1</ele>
      </trkpt>
      <trkpt lat="44.64528" lon="-93.2371">
        <ele>292.9</ele>
      </trkpt>
      <trkpt lat="44.64528" lon="-93.23794">
        <ele>292.6</ele>
      </trkpt>
      <trkpt lat="44.64529" lon="-93.23809">
        <ele>292.6</ele>
      </trkpt>
      <trkpt lat="44.64529" lon="-93.23888">
        <ele>292.5</ele>
      </trkpt>
      <trkpt lat="44.64519" lon="-93.23891">
        <ele>292.6</ele>
      </trkpt>
      <trkpt lat="44.64518" lon="-93.23989">
        <ele>292.8</ele>
      </trkpt>
      <trkpt lat="44.64518" lon="-93.24088">
        <ele>293.1</ele>
      </trkpt>
      <trkpt lat="44.64518" lon="-93.24186">
        <ele>293.3</ele>
      </trkpt>
      <trkpt lat="44.64518" lon="-93.24285">
        <ele>293.6</ele>
      </trkpt>
      <trkpt lat="44.64518" lon="-93.2435">
        <ele>293.9</ele>
      </trkpt>
      <trkpt lat="44.64517" lon="-93.24416">
        <ele>294.2</ele>
      </trkpt>
      <trkpt lat="44.64525" lon="-93.24416">
        <ele>294.4</ele>
      </trkpt>
      <trkpt lat="44.64525" lon="-93.24535">
        <ele>295.2</ele>
      </trkpt>
      <trkpt lat="44.64525" lon="-93.24655">
        <ele>295.5</ele>
      </trkpt>
      <trkpt lat="44.64524" lon="-93.2473">
        <ele>295.6</ele>
      </trkpt>
      <trkpt lat="44.64523" lon="-93.24806">
        <ele>295.9</ele>
      </trkpt>
      <trkpt lat="44.64524" lon="-93.2488">
        <ele>296.5</ele>
      </trkpt>
      <trkpt lat="44.64525" lon="-93.24953">
        <ele>296.8</ele>
      </trkpt>
      <trkpt lat="44.64524" lon="-93.25016">
        <ele>297.1</ele>
      </trkpt>
      <trkpt lat="44.64521" lon="-93.25128">
        <ele>297.0</ele>
      </trkpt>
      <trkpt lat="44.64522" lon="-93.25193">
        <ele>297.0</ele>
      </trkpt>
      <trkpt lat="44.64523" lon="-93.25258">
        <ele>298.7</ele>
      </trkpt>
      <trkpt lat="44.64525" lon="-93.25267">
        <ele>298.9</ele>
      </trkpt>
      <trkpt lat="44.6453" lon="-93.25274">
        <ele>299.1</ele>
      </trkpt>
      <trkpt lat="44.64546" lon="-93.2528">
        <ele>299.2</ele>
      </trkpt>
      <trkpt lat="44.64544" lon="-93.25289">
        <ele>299.5</ele>
      </trkpt>
      <trkpt lat="44.64545" lon="-93.25302">
        <ele>299.8</ele>
      </trkpt>
      <trkpt lat="44.64546" lon="-93.25309">
        <ele>299.9</ele>
      </trkpt>
      <trkpt lat="44.64571" lon="-93.25312">
        <ele>300.0</ele>
      </trkpt>
      <trkpt lat="44.64607" lon="-93.25313">
        <ele>300.2</ele>
      </trkpt>
      <trkpt lat="44.64625" lon="-93.25313">
        <ele>300.3</ele>
      </trkpt>
      <trkpt lat="44.64658" lon="-93.25311">
        <ele>300.1</ele>
      </trkpt>
      <trkpt lat="44.64704" lon="-93.25317">
        <ele>299.8</ele>
      </trkpt>
      <trkpt lat="44.64766" lon="-93.25318">
        <ele>299.4</ele>
      </trkpt>
      <trkpt lat="44.64852" lon="-93.25317">
        <ele>299.4</ele>
      </trkpt>
      <trkpt lat="44.64937" lon="-93.25317">
        <ele>298.7</ele>
      </trkpt>
      <trkpt lat="44.64942" lon="-93.25319">
        <ele>298.7</ele>
      </trkpt>
      <trkpt lat="44.64947" lon="-93.25324">
        <ele>298.7</ele>
      </trkpt>
      <trkpt lat="44.64954" lon="-93.25334">
        <ele>298.6</ele>
      </trkpt>
      <trkpt lat="44.6498" lon="-93.25334">
        <ele>298.3</ele>
      </trkpt>
      <trkpt lat="44.64984" lon="-93.25333">
        <ele>298.3</ele>
      </trkpt>
      <trkpt lat="44.64987" lon="-93.2533">
        <ele>298.3</ele>
      </trkpt>
      <trkpt lat="44.64989" lon="-93.25324">
        <ele>298.3</ele>
      </trkpt>
      <trkpt lat="44.64992" lon="-93.25317">
        <ele>298.2</ele>
      </trkpt>
      <trkpt lat="44.65" lon="-93.25313">
        <ele>298.3</ele>
      </trkpt>
      <trkpt lat="44.65013" lon="-93.25312">
        <ele>298.3</ele>
      </trkpt>
      <trkpt lat="44.65023" lon="-93.25316">
        <ele>298.4</ele>
      </trkpt>
      <trkpt lat="44.65031" lon="-93.25316">
        <ele>298.6</ele>
      </trkpt>
      <trkpt lat="44.65065" lon="-93.25312">
        <ele>298.7</ele>
      </trkpt>
      <trkpt lat="44.65135" lon="-93.25312">
        <ele>299.0</ele>
      </trkpt>
      <trkpt lat="44.65205" lon="-93.25311">
        <ele>299.1</ele>
      </trkpt>
      <trkpt lat="44.65276" lon="-93.25311">
        <ele>299.3</ele>
      </trkpt>
      <trkpt lat="44.65297" lon="-93.25304">
        <ele>299.3</ele>
      </trkpt>
      <trkpt lat="44.65347" lon="-93.25305">
        <ele>299.5</ele>
      </trkpt>
      <trkpt lat="44.65398" lon="-93.25306">
        <ele>299.6</ele>
      </trkpt>
      <trkpt lat="44.65477" lon="-93.25303">
        <ele>299.7</ele>
      </trkpt>
      <trkpt lat="44.65505" lon="-93.25295">
        <ele>299.7</ele>
      </trkpt>
      <trkpt lat="44.65517" lon="-93.25296">
        <ele>299.7</ele>
      </trkpt>
      <trkpt lat="44.65533" lon="-93.25311">
        <ele>299.8</ele>
      </trkpt>
      <trkpt lat="44.65538" lon="-93.25313">
        <ele>299.8</ele>
      </trkpt>
      <trkpt lat="44.65545" lon="-93.25313">
        <ele>299.8</ele>
      </trkpt>
      <trkpt lat="44.65562" lon="-93.25304">
        <ele>299.8</ele>
      </trkpt>
      <trkpt lat="44.65611" lon="-93.25303">
        <ele>299.9</ele>
      </trkpt>
      <trkpt lat="44.65626" lon="-93.25365">
        <ele>300.1</ele>
      </trkpt>
      <trkpt lat="44.65639" lon="-93.25408">
        <ele>300.2</ele>
      </trkpt>
      <trkpt lat="44.65666" lon="-93.25461">
        <ele>300.5</ele>
      </trkpt>
      <trkpt lat="44.65682" lon="-93.25494">
        <ele>300.6</ele>
      </trkpt>
      <trkpt lat="44.65706" lon="-93.25538">
        <ele>300.6</ele>
      </trkpt>
      <trkpt lat="44.65759" lon="-93.25628">
        <ele>300.9</ele>
      </trkpt>
      <trkpt lat="44.65812" lon="-93.25718">
        <ele>301.3</ele>
      </trkpt>
      <trkpt lat="44.65864" lon="-93.25808">
        <ele>301.9</ele>
      </trkpt>
      <trkpt lat="44.65917" lon="-93.25898">
        <ele>302.2</ele>
      </trkpt>
      <trkpt lat="44.6597" lon="-93.25988">
        <ele>302.4</ele>
      </trkpt>
      <trkpt lat="44.65989" lon="-93.26022">
        <ele>302.5</ele>
      </trkpt>
      <trkpt lat="44.66043" lon="-93.26115">
        <ele>302.8</ele>
      </trkpt>
      <trkpt lat="44.66098" lon="-93.26208">
        <ele>302.5</ele>
      </trkpt>
      <trkpt lat="44.66152" lon="-93.26301">
        <ele>302.1</ele>
      </trkpt>
      <trkpt lat="44.66206" lon="-93.26394">
        <ele>302.0</ele>
      </trkpt>
      <trkpt lat="44.66261" lon="-93.26487">
        <ele>302.3</ele>
      </trkpt>
      <trkpt lat="44.66315" lon="-93.26581">
        <ele>305.1</ele>
      </trkpt>
      <trkpt lat="44.66347" lon="-93.26631">
        <ele>306.1</ele>
      </trkpt>
      <trkpt lat="44.6636" lon="-93.26649">
        <ele>306.3</ele>
      </trkpt>
      <trkpt lat="44.66368" lon="-93.26667">
        <ele>306.1</ele>
      </trkpt>
      <trkpt lat="44.66409" lon="-93.26724">
        <ele>305.7</ele>
      </trkpt>
      <trkpt lat="44.66449" lon="-93.2676">
        <ele>306.1</ele>
      </trkpt>
      <trkpt lat="44.6647" lon="-93.26782">
        <ele>305.8</ele>
      </trkpt>
      <trkpt lat="44.66515" lon="-93.26808">
        <ele>303.1</ele>
      </trkpt>
      <trkpt lat="44.66534" lon="-93.26813">
        <ele>302.4</ele>
      </trkpt>
      <trkpt lat="44.66556" lon="-93.26821">
        <ele>302.9</ele>
      </trkpt>
      <trkpt lat="44.66579" lon="-93.26825">
        <ele>305.4</ele>
      </trkpt>
      <trkpt lat="44.66651" lon="-93.26825">
        <ele>310.2</ele>
      </trkpt>
      <trkpt lat="44.66723" lon="-93.26825">
        <ele>312.9</ele>
      </trkpt>
      <trkpt lat="44.66811" lon="-93.26825">
        <ele>316.8</ele>
      </trkpt>
      <trkpt lat="44.66859" lon="-93.26823">
        <ele>320.4</ele>
      </trkpt>
      <trkpt lat="44.66908" lon="-93.26821">
        <ele>323.2</ele>
      </trkpt>
      <trkpt lat="44.6695" lon="-93.26825">
        <ele>325.0</ele>
      </trkpt>
      <trkpt lat="44.66984" lon="-93.26832">
        <ele>326.2</ele>
      </trkpt>
      <trkpt lat="44.67014" lon="-93.26843">
        <ele>326.5</ele>
      </trkpt>
      <trkpt lat="44.67044" lon="-93.26859">
        <ele>326.0</ele>
      </trkpt>
      <trkpt lat="44.6707" lon="-93.26876">
        <ele>325.5</ele>
      </trkpt>
      <trkpt lat="44.67093" lon="-93.26893">
        <ele>325.1</ele>
      </trkpt>
      <trkpt lat="44.67119" lon="-93.26911">
        <ele>324.5</ele>
      </trkpt>
      <trkpt lat="44.67151" lon="-93.26944">
        <ele>324.1</ele>
      </trkpt>
      <trkpt lat="44.67173" lon="-93.26978">
        <ele>323.1</ele>
      </trkpt>
      <trkpt lat="44.67189" lon="-93.27">
        <ele>323.0</ele>
      </trkpt>
      <trkpt lat="44.67206" lon="-93.27027">
        <ele>322.8</ele>
      </trkpt>
      <trkpt lat="44.67245" lon="-93.27105">
        <ele>320.2</ele>
      </trkpt>
      <trkpt lat="44.67264" lon="-93.27139">
        <ele>319.5</ele>
      </trkpt>
      <trkpt lat="44.67282" lon="-93.27185">
        <ele>319.2</ele>
      </trkpt>
      <trkpt lat="44.67312" lon="-93.27243">
        <ele>316.0</ele>
      </trkpt>
      <trkpt lat="44.67342" lon="-93.27306">
        <ele>313.9</ele>
      </trkpt>
      <trkpt lat="44.67372" lon="-93.2737">
        <ele>310.7</ele>
      </trkpt>
      <trkpt lat="44.67387" lon="-93.27408">
        <ele>310.0</ele>
      </trkpt>
      <trkpt lat="44.67422" lon="-93.27478">
        <ele>306.1</ele>
      </trkpt>
      <trkpt lat="44.67457" lon="-93.27548">
        <ele>305.0</ele>
      </trkpt>
      <trkpt lat="44.67492" lon="-93.27618">
        <ele>309.5</ele>
      </trkpt>
      <trkpt lat="44.67519" lon="-93.2767">
        <ele>314.0</ele>
      </trkpt>
      <trkpt lat="44.67541" lon="-93.27706">
        <ele>314.4</ele>
      </trkpt>
      <trkpt lat="44.67589" lon="-93.27756">
        <ele>316.7</ele>
      </trkpt>
      <trkpt lat="44.67639" lon="-93.2779">
        <ele>319.4</ele>
      </trkpt>
      <trkpt lat="44.67688" lon="-93.27814">
        <ele>322.9</ele>
      </trkpt>
      <trkpt lat="44.67728" lon="-93.27822">
        <ele>326.0</ele>
      </trkpt>
      <trkpt lat="44.67767" lon="-93.27825">
        <ele>327.5</ele>
      </trkpt>
      <trkpt lat="44.67783" lon="-93.27824">
        <ele>328.2</ele>
      </trkpt>
      <trkpt lat="44.67821" lon="-93.27825">
        <ele>328.1</ele>
      </trkpt>
      <trkpt lat="44.67904" lon="-93.27825">
        <ele>329.0</ele>
      </trkpt>
      <trkpt lat="44.67987" lon="-93.27825">
        <ele>330.2</ele>
      </trkpt>
      <trkpt lat="44.6807" lon="-93.27824">
        <ele>329.1</ele>
      </trkpt>
      <trkpt lat="44.68102" lon="-93.2783">
        <ele>331.9</ele>
      </trkpt>
      <trkpt lat="44.6812" lon="-93.27836">
        <ele>332.7</ele>
      </trkpt>
      <trkpt lat="44.68129" lon="-93.27842">
        <ele>333.0</ele>
      </trkpt>
      <trkpt lat="44.68134" lon="-93.2785">
        <ele>333.4</ele>
      </trkpt>
      <trkpt lat="44.6813" lon="-93.27913">
        <ele>330.7</ele>
      </trkpt>
      <trkpt lat="44.68123" lon="-93.27985">
        <ele>323.7</ele>
      </trkpt>
      <trkpt lat="44.68122" lon="-93.28062">
        <ele>323.2</ele>
      </trkpt>
      <trkpt lat="44.6812" lon="-93.28139">
        <ele>319.5</ele>
      </trkpt>
      <trkpt lat="44.6812" lon="-93.28241">
        <ele>311.7</ele>
      </trkpt>
      <trkpt lat="44.68122" lon="-93.28299">
        <ele>309.5</ele>
      </trkpt>
      <trkpt lat="44.68121" lon="-93.28408">
        <ele>318.0</ele>
      </trkpt>
      <trkpt lat="44.68121" lon="-93.28517">
        <ele>319.0</ele>
      </trkpt>
      <trkpt lat="44.68143" lon="-93.28514">
        <ele>320.6</ele>
      </trkpt>
      <trkpt lat="44.68153" lon="-93.28514">
        <ele>320.7</ele>
      </trkpt>
      <trkpt lat="44.68155" lon="-93.28535">
        <ele>323.3</ele>
      </trkpt>
      <trkpt lat="44.68155" lon="-93.28651">
        <ele>323.8</ele>
      </trkpt>
      <trkpt lat="44.68155" lon="-93.28768">
        <ele>320.3</ele>
      </trkpt>
      <trkpt lat="44.68155" lon="-93.28884">
        <ele>322.7</ele>
      </trkpt>
      <trkpt lat="44.68155" lon="-93.29001">
        <ele>321.0</ele>
      </trkpt>
      <trkpt lat="44.68153" lon="-93.2906">
        <ele>316.0</ele>
      </trkpt>
      <trkpt lat="44.68153" lon="-93.29164">
        <ele>312.3</ele>
      </trkpt>
      <trkpt lat="44.68155" lon="-93.29186">
        <ele>312.3</ele>
      </trkpt>
      <trkpt lat="44.68164" lon="-93.29216">
        <ele>312.3</ele>
      </trkpt>
      <trkpt lat="44.68164" lon="-93.29223">
        <ele>312.3</ele>
      </trkpt>
      <trkpt lat="44.6816" lon="-93.29234">
        <ele>312.3</ele>
      </trkpt>
      <trkpt lat="44.68152" lon="-93.29252">
        <ele>312.3</ele>
      </trkpt>
      <trkpt lat="44.68151" lon="-93.29346">
        <ele>314.1</ele>
      </trkpt>
      <trkpt lat="44.68151" lon="-93.2944">
        <ele>307.3</ele>
      </trkpt>
      <trkpt lat="44.68152" lon="-93.29483">
        <ele>306.5</ele>
      </trkpt>
      <trkpt lat="44.68152" lon="-93.2959">
        <ele>305.7</ele>
      </trkpt>
      <trkpt lat="44.68154" lon="-93.29714">
        <ele>304.2</ele>
      </trkpt>
      <trkpt lat="44.68154" lon="-93.29837">
        <ele>303.6</ele>
      </trkpt>
      <trkpt lat="44.68154" lon="-93.2996">
        <ele>303.0</ele>
      </trkpt>
      <trkpt lat="44.68154" lon="-93.30082">
        <ele>305.2</ele>
      </trkpt>
      <trkpt lat="44.68154" lon="-93.30205">
        <ele>304.3</ele>
      </trkpt>
      <trkpt lat="44.68154" lon="-93.30328">
        <ele>300.5</ele>
      </trkpt>
      <trkpt lat="44.68154" lon="-93.30444">
        <ele>299.4</ele>
      </trkpt>
      <trkpt lat="44.68155" lon="-93.3056">
        <ele>305.4</ele>
      </trkpt>
      <trkpt lat="44.68154" lon="-93.30583">
        <ele>301.9</ele>
      </trkpt>
      <trkpt lat="44.68154" lon="-93.30639">
        <ele>300.1</ele>
      </trkpt>
      <trkpt lat="44.68153" lon="-93.30736">
        <ele>302.8</ele>
      </trkpt>
      <trkpt lat="44.68151" lon="-93.30846">
        <ele>303.7</ele>
      </trkpt>
      <trkpt lat="44.68151" lon="-93.30948">
        <ele>307.8</ele>
      </trkpt>
      <trkpt lat="44.68151" lon="-93.31049">
        <ele>311.0</ele>
      </trkpt>
      <trkpt lat="44.6815" lon="-93.3115">
        <ele>310.3</ele>
      </trkpt>
      <trkpt lat="44.6815" lon="-93.31252">
        <ele>306.5</ele>
      </trkpt>
      <trkpt lat="44.6815" lon="-93.31353">
        <ele>305.6</ele>
      </trkpt>
      <trkpt lat="44.68151" lon="-93.31441">
        <ele>305.9</ele>
      </trkpt>
      <trkpt lat="44.68152" lon="-93.3153">
        <ele>305.0</ele>
      </trkpt>
      <trkpt lat="44.68153" lon="-93.31616">
        <ele>304.7</ele>
      </trkpt>
      <trkpt lat="44.68153" lon="-93.31702">
        <ele>306.5</ele>
      </trkpt>
      <trkpt lat="44.68154" lon="-93.31789">
        <ele>308.0</ele>
      </trkpt>
      <trkpt lat="44.68155" lon="-93.31826">
        <ele>308.9</ele>
      </trkpt>
      <trkpt lat="44.68155" lon="-93.31839">
        <ele>309.9</ele>
      </trkpt>
      <trkpt lat="44.68156" lon="-93.31956">
        <ele>319.6</ele>
      </trkpt>
      <trkpt lat="44.68157" lon="-93.32072">
        <ele>323.7</ele>
      </trkpt>
      <trkpt lat="44.68157" lon="-93.32188">
        <ele>318.8</ele>
      </trkpt>
      <trkpt lat="44.68158" lon="-93.32304">
        <ele>319.9</ele>
      </trkpt>
      <trkpt lat="44.68159" lon="-93.3242">
        <ele>319.7</ele>
      </trkpt>
      <trkpt lat="44.6816" lon="-93.32536">
        <ele>319.7</ele>
      </trkpt>
      <trkpt lat="44.6816" lon="-93.32652">
        <ele>322.0</ele>
      </trkpt>
      <trkpt lat="44.68161" lon="-93.32769">
        <ele>314.1</ele>
      </trkpt>
      <trkpt lat="44.68162" lon="-93.32885">
        <ele>314.2</ele>
      </trkpt>
      <trkpt lat="44.68163" lon="-93.33001">
        <ele>312.1</ele>
      </trkpt>
      <trkpt lat="44.68164" lon="-93.33117">
        <ele>315.7</ele>
      </trkpt>
      <trkpt lat="44.68164" lon="-93.33233">
        <ele>315.6</ele>
      </trkpt>
      <trkpt lat="44.68165" lon="-93.33359">
        <ele>315.9</ele>
      </trkpt>
      <trkpt lat="44.68166" lon="-93.33485">
        <ele>314.6</ele>
      </trkpt>
      <trkpt lat="44.68166" lon="-93.33612">
        <ele>313.9</ele>
      </trkpt>
      <trkpt lat="44.68167" lon="-93.33738">
        <ele>313.3</ele>
      </trkpt>
      <trkpt lat="44.68167" lon="-93.33864">
        <ele>312.4</ele>
      </trkpt>
      <trkpt lat="44.68167" lon="-93.33982">
        <ele>311.5</ele>
      </trkpt>
      <trkpt lat="44.68166" lon="-93.341">
        <ele>301.3</ele>
      </trkpt>
      <trkpt lat="44.68166" lon="-93.34218">
        <ele>303.3</ele>
      </trkpt>
      <trkpt lat="44.68166" lon="-93.34337">
        <ele>305.0</ele>
      </trkpt>
      <trkpt lat="44.68165" lon="-93.34455">
        <ele>305.9</ele>
      </trkpt>
      <trkpt lat="44.68165" lon="-93.34573">
        <ele>306.6</ele>
      </trkpt>
      <trkpt lat="44.68164" lon="-93.34691">
        <ele>296.3</ele>
      </trkpt>
      <trkpt lat="44.68164" lon="-93.3481">
        <ele>296.4</ele>
      </trkpt>
      <trkpt lat="44.68164" lon="-93.34928">
        <ele>289.8</ele>
      </trkpt>
      <trkpt lat="44.68165" lon="-93.34985">
        <ele>286.6</ele>
      </trkpt>
      <trkpt lat="44.68167" lon="-93.35016">
        <ele>286.5</ele>
      </trkpt>
      <trkpt lat="44.68171" lon="-93.35045">
        <ele>287.1</ele>
      </trkpt>
      <trkpt lat="44.68183" lon="-93.35111">
        <ele>287.9</ele>
      </trkpt>
      <trkpt lat="44.68205" lon="-93.35185">
        <ele>287.3</ele>
      </trkpt>
      <trkpt lat="44.68236" lon="-93.35255">
        <ele>287.3</ele>
      </trkpt>
      <trkpt lat="44.68281" lon="-93.35327">
        <ele>287.4</ele>
      </trkpt>
      <trkpt lat="44.68326" lon="-93.35399">
        <ele>286.4</ele>
      </trkpt>
      <trkpt lat="44.68371" lon="-93.35471">
        <ele>282.5</ele>
      </trkpt>
      <trkpt lat="44.6842" lon="-93.3556">
        <ele>285.6</ele>
      </trkpt>
      <trkpt lat="44.6846" lon="-93.35661">
        <ele>290.5</ele>
      </trkpt>
      <trkpt lat="44.6848" lon="-93.35763">
        <ele>294.2</ele>
      </trkpt>
      <trkpt lat="44.68486" lon="-93.3583">
        <ele>293.5</ele>
      </trkpt>
      <trkpt lat="44.68491" lon="-93.35897">
        <ele>292.5</ele>
      </trkpt>
      <trkpt lat="44.68495" lon="-93.35989">
        <ele>293.5</ele>
      </trkpt>
      <trkpt lat="44.68499" lon="-93.36082">
        <ele>290.7</ele>
      </trkpt>
      <trkpt lat="44.68505" lon="-93.36197">
        <ele>289.4</ele>
      </trkpt>
      <trkpt lat="44.68511" lon="-93.36312">
        <ele>290.1</ele>
      </trkpt>
      <trkpt lat="44.68534" lon="-93.36432">
        <ele>288.6</ele>
      </trkpt>
      <trkpt lat="44.68564" lon="-93.36533">
        <ele>287.4</ele>
      </trkpt>
      <trkpt lat="44.6858" lon="-93.36566">
        <ele>287.4</ele>
      </trkpt>
      <trkpt lat="44.68585" lon="-93.36576">
        <ele>287.5</ele>
      </trkpt>
      <trkpt lat="44.68617" lon="-93.3664">
        <ele>287.7</ele>
      </trkpt>
      <trkpt lat="44.6867" lon="-93.36722">
        <ele>289.3</ele>
      </trkpt>
      <trkpt lat="44.68715" lon="-93.36773">
        <ele>292.4</ele>
      </trkpt>
      <trkpt lat="44.6876" lon="-93.36824">
        <ele>294.5</ele>
      </trkpt>
      <trkpt lat="44.68819" lon="-93.36886">
        <ele>300.3</ele>
      </trkpt>
      <trkpt lat="44.68878" lon="-93.36948">
        <ele>296.7</ele>
      </trkpt>
      <trkpt lat="44.68937" lon="-93.3701">
        <ele>293.0</ele>
      </trkpt>
      <trkpt lat="44.68944" lon="-93.37017">
        <ele>293.0</ele>
      </trkpt>
      <trkpt lat="44.69002" lon="-93.37079">
        <ele>295.8</ele>
      </trkpt>
      <trkpt lat="44.6906" lon="-93.3714">
        <ele>295.8</ele>
      </trkpt>
      <trkpt lat="44.69118" lon="-93.37201">
        <ele>297.4</ele>
      </trkpt>
      <trkpt lat="44.69175" lon="-93.37263">
        <ele>295.2</ele>
      </trkpt>
      <trkpt lat="44.69233" lon="-93.37324">
        <ele>296.2</ele>
      </trkpt>
      <trkpt lat="44.69299" lon="-93.37407">
        <ele>291.9</ele>
      </trkpt>
      <trkpt lat="44.69333" lon="-93.37463">
        <ele>292.5</ele>
      </trkpt>
      <trkpt lat="44.69367" lon="-93.37519">
        <ele>293.6</ele>
      </trkpt>
      <trkpt lat="44.69416" lon="-93.37624">
        <ele>293.7</ele>
      </trkpt>
      <trkpt lat="44.69446" lon="-93.37706">
        <ele>292.0</ele>
      </trkpt>
      <trkpt lat="44.69477" lon="-93.37788">
        <ele>290.3</ele>
      </trkpt>
      <trkpt lat="44.69508" lon="-93.37871">
        <ele>289.7</ele>
      </trkpt>
      <trkpt lat="44.69513" lon="-93.37887">
        <ele>289.6</ele>
      </trkpt>
      <trkpt lat="44.69523" lon="-93.37886">
        <ele>289.6</ele>
      </trkpt>
      <trkpt lat="44.69525" lon="-93.37919">
        <ele>289.7</ele>
      </trkpt>
      <trkpt lat="44.69514" lon="-93.3792">
        <ele>289.7</ele>
      </trkpt>
      <trkpt lat="44.69503" lon="-93.37923">
        <ele>289.8</ele>
      </trkpt>
      <trkpt lat="44.69483" lon="-93.37929">
        <ele>289.8</ele>
      </trkpt>
      <trkpt lat="44.69484" lon="-93.37943">
        <ele>289.7</ele>
      </trkpt>
      <trkpt lat="44.69462" lon="-93.37945">
        <ele>289.7</ele>
      </trkpt>
      <trkpt lat="44.69447" lon="-93.37952">
        <ele>289.7</ele>
      </trkpt>
      <trkpt lat="44.69436" lon="-93.37968">
        <ele>289.6</ele>
      </trkpt>
      <trkpt lat="44.69431" lon="-93.37981">
        <ele>289.0</ele>
      </trkpt>
      <trkpt lat="44.6944" lon="-93.37991">
        <ele>288.4</ele>
      </trkpt>
      <trkpt lat="44.6945" lon="-93.38008">
        <ele>287.9</ele>
      </trkpt>
      <trkpt lat="44.69463" lon="-93.38041">
        <ele>288.5</ele>
      </trkpt>
      <trkpt lat="44.69474" lon="-93.38075">
        <ele>289.4</ele>
      </trkpt>
      <trkpt lat="44.69497" lon="-93.381">
        <ele>289.7</ele>
      </trkpt>
      <trkpt lat="44.69513" lon="-93.38125">
        <ele>289.6</ele>
      </trkpt>
      <trkpt lat="44.6953" lon="-93.38154">
        <ele>289.2</ele>
      </trkpt>
      <trkpt lat="44.69536" lon="-93.38188">
        <ele>288.4</ele>
      </trkpt>
      <trkpt lat="44.69536" lon="-93.38222">
        <ele>288.8</ele>
      </trkpt>
      <trkpt lat="44.69524" lon="-93.38271">
        <ele>289.4</ele>
      </trkpt>
      <trkpt lat="44.69516" lon="-93.38309">
        <ele>289.9</ele>
      </trkpt>
      <trkpt lat="44.69518" lon="-93.38351">
        <ele>290.5</ele>
      </trkpt>
      <trkpt lat="44.69525" lon="-93.38384">
        <ele>290.9</ele>
      </trkpt>
      <trkpt lat="44.69535" lon="-93.38411">
        <ele>291.5</ele>
      </trkpt>
      <trkpt lat="44.69533" lon="-93.3845">
        <ele>292.2</ele>
      </trkpt>
      <trkpt lat="44.69522" lon="-93.3848">
        <ele>292.4</ele>
      </trkpt>
      <trkpt lat="44.69502" lon="-93.38511">
        <ele>291.7</ele>
      </trkpt>
      <trkpt lat="44.69497" lon="-93.38542">
        <ele>291.7</ele>
      </trkpt>
      <trkpt lat="44.69493" lon="-93.38573">
        <ele>291.6</ele>
      </trkpt>
      <trkpt lat="44.69499" lon="-93.38608">
        <ele>291.4</ele>
      </trkpt>
      <trkpt lat="44.69516" lon="-93.38644">
        <ele>290.4</ele>
      </trkpt>
      <trkpt lat="44.69543" lon="-93.38679">
        <ele>290.4</ele>
      </trkpt>
      <trkpt lat="44.69561" lon="-93.38705">
        <ele>290.7</ele>
      </trkpt>
      <trkpt lat="44.69566" lon="-93.38733">
        <ele>290.5</ele>
      </trkpt>
      <trkpt lat="44.69565" lon="-93.38768">
        <ele>290.1</ele>
      </trkpt>
      <trkpt lat="44.69555" lon="-93.38814">
        <ele>289.3</ele>
      </trkpt>
      <trkpt lat="44.69558" lon="-93.38841">
        <ele>288.8</ele>
      </trkpt>
      <trkpt lat="44.69569" lon="-93.38882">
        <ele>288.2</ele>
      </trkpt>
      <trkpt lat="44.69576" lon="-93.38902">
        <ele>287.5</ele>
      </trkpt>
      <trkpt lat="44.69576" lon="-93.38913">
        <ele>287.3</ele>
      </trkpt>
      <trkpt lat="44.69573" lon="-93.3893">
        <ele>287.1</ele>
      </trkpt>
      <trkpt lat="44.69568" lon="-93.38944">
        <ele>286.9</ele>
      </trkpt>
      <trkpt lat="44.69564" lon="-93.38954">
        <ele>286.7</ele>
      </trkpt>
      <trkpt lat="44.69558" lon="-93.38976">
        <ele>286.5</ele>
      </trkpt>
      <trkpt lat="44.69558" lon="-93.39002">
        <ele>286.8</ele>
      </trkpt>
      <trkpt lat="44.69563" lon="-93.3903">
        <ele>287.0</ele>
      </trkpt>
      <trkpt lat="44.69581" lon="-93.39057">
        <ele>287.0</ele>
      </trkpt>
      <trkpt lat="44.69607" lon="-93.39065">
        <ele>286.8</ele>
      </trkpt>
      <trkpt lat="44.69646" lon="-93.39071">
        <ele>286.9</ele>
      </trkpt>
      <trkpt lat="44.69685" lon="-93.39081">
        <ele>286.6</ele>
      </trkpt>
      <trkpt lat="44.6971" lon="-93.39096">
        <ele>286.3</ele>
      </trkpt>
      <trkpt lat="44.6973" lon="-93.39122">
        <ele>286.2</ele>
      </trkpt>
      <trkpt lat="44.69738" lon="-93.39151">
        <ele>286.8</ele>
      </trkpt>
      <trkpt lat="44.69743" lon="-93.39203">
        <ele>287.6</ele>
      </trkpt>
      <trkpt lat="44.69756" lon="-93.39239">
        <ele>288.0</ele>
      </trkpt>
      <trkpt lat="44.69771" lon="-93.39265">
        <ele>288.2</ele>
      </trkpt>
      <trkpt lat="44.6981" lon="-93.39302">
        <ele>288.2</ele>
      </trkpt>
      <trkpt lat="44.69834" lon="-93.39332">
        <ele>288.7</ele>
      </trkpt>
      <trkpt lat="44.69851" lon="-93.39369">
        <ele>289.3</ele>
      </trkpt>
      <trkpt lat="44.69863" lon="-93.394">
        <ele>289.6</ele>
      </trkpt>
      <trkpt lat="44.69871" lon="-93.39397">
        <ele>289.6</ele>
      </trkpt>
      <trkpt lat="44.69879" lon="-93.39398">
        <ele>289.8</ele>
      </trkpt>
      <trkpt lat="44.69885" lon="-93.39401">
        <ele>289.9</ele>
      </trkpt>
      <trkpt lat="44.69891" lon="-93.39406">
        <ele>290.0</ele>
      </trkpt>
      <trkpt lat="44.69902" lon="-93.39425">
        <ele>290.2</ele>
      </trkpt>
      <trkpt lat="44.69911" lon="-93.39439">
        <ele>290.1</ele>
      </trkpt>
      <trkpt lat="44.69918" lon="-93.39446">
        <ele>290.1</ele>
      </trkpt>
      <trkpt lat="44.69931" lon="-93.39456">
        <ele>290.3</ele>
      </trkpt>
      <trkpt lat="44.6995" lon="-93.3946">
        <ele>290.4</ele>
      </trkpt>
      <trkpt lat="44.69975" lon="-93.3946">
        <ele>290.9</ele>
      </trkpt>
      <trkpt lat="44.69999" lon="-93.39463">
        <ele>291.3</ele>
      </trkpt>
      <trkpt lat="44.70015" lon="-93.39474">
        <ele>291.8</ele>
      </trkpt>
      <trkpt lat="44.70029" lon="-93.39497">
        <ele>292.6</ele>
      </trkpt>
      <trkpt lat="44.70033" lon="-93.39514">
        <ele>292.8</ele>
      </trkpt>
      <trkpt lat="44.70036" lon="-93.39561">
        <ele>293.1</ele>
      </trkpt>
      <trkpt lat="44.70035" lon="-93.39615">
        <ele>292.8</ele>
      </trkpt>
      <trkpt lat="44.70037" lon="-93.39644">
        <ele>292.8</ele>
      </trkpt>
      <trkpt lat="44.70042" lon="-93.3967">
        <ele>292.6</ele>
      </trkpt>
      <trkpt lat="44.70059" lon="-93.39701">
        <ele>292.3</ele>
      </trkpt>
      <trkpt lat="44.70076" lon="-93.39725">
        <ele>292.5</ele>
      </trkpt>
      <trkpt lat="44.70106" lon="-93.39792">
        <ele>292.7</ele>
      </trkpt>
      <trkpt lat="44.7012" lon="-93.39816">
        <ele>292.4</ele>
      </trkpt>
      <trkpt lat="44.70134" lon="-93.39822">
        <ele>292.3</ele>
      </trkpt>
      <trkpt lat="44.70149" lon="-93.39814">
        <ele>292.0</ele>
      </trkpt>
      <trkpt lat="44.70167" lon="-93.39801">
        <ele>291.7</ele>
      </trkpt>
      <trkpt lat="44.7018" lon="-93.39792">
        <ele>291.6</ele>
      </trkpt>
      <trkpt lat="44.70187" lon="-93.39796">
        <ele>291.6</ele>
      </trkpt>
      <trkpt lat="44.70194" lon="-93.39802">
        <ele>291.6</ele>
      </trkpt>
      <trkpt lat="44.70201" lon="-93.39819">
        <ele>291.7</ele>
      </trkpt>
      <trkpt lat="44.70206" lon="-93.39829">
        <ele>291.9</ele>
      </trkpt>
      <trkpt lat="44.70246" lon="-93.39936">
        <ele>291.9</ele>
      </trkpt>
      <trkpt lat="44.70286" lon="-93.40042">
        <ele>291.1</ele>
      </trkpt>
      <trkpt lat="44.70325" lon="-93.40149">
        <ele>290.4</ele>
      </trkpt>
      <trkpt lat="44.70365" lon="-93.40256">
        <ele>290.4</ele>
      </trkpt>
      <trkpt lat="44.70367" lon="-93.40272">
        <ele>290.2</ele>
      </trkpt>
      <trkpt lat="44.70369" lon="-93.40282">
        <ele>290.2</ele>
      </trkpt>
      <trkpt lat="44.70403" lon="-93.40373">
        <ele>289.6</ele>
      </trkpt>
      <trkpt lat="44.70437" lon="-93.40464">
        <ele>286.8</ele>
      </trkpt>
      <trkpt lat="44.70471" lon="-93.40555">
        <ele>286.6</ele>
      </trkpt>
      <trkpt lat="44.70505" lon="-93.40646">
        <ele>286.3</ele>
      </trkpt>
      <trkpt lat="44.70511" lon="-93.40664">
        <ele>286.0</ele>
      </trkpt>
      <trkpt lat="44.70547" lon="-93.4076">
        <ele>285.9</ele>
      </trkpt>
      <trkpt lat="44.70583" lon="-93.40856">
        <ele>286.5</ele>
      </trkpt>
      <trkpt lat="44.70619" lon="-93.40952">
        <ele>288.1</ele>
      </trkpt>
      <trkpt lat="44.70655" lon="-93.41048">
        <ele>288.6</ele>
      </trkpt>
      <trkpt lat="44.70691" lon="-93.41144">
        <ele>288.7</ele>
      </trkpt>
      <trkpt lat="44.70706" lon="-93.41179">
        <ele>288.5</ele>
      </trkpt>
      <trkpt lat="44.70721" lon="-93.41214">
        <ele>288.3</ele>
      </trkpt>
      <trkpt lat="44.70739" lon="-93.41249">
        <ele>288.2</ele>
      </trkpt>
      <trkpt lat="44.7076" lon="-93.41287">
        <ele>288.1</ele>
      </trkpt>
      <trkpt lat="44.70785" lon="-93.4133">
        <ele>288.2</ele>
      </trkpt>
      <trkpt lat="44.70815" lon="-93.41372">
        <ele>289.0</ele>
      </trkpt>
      <trkpt lat="44.70849" lon="-93.41419">
        <ele>291.1</ele>
      </trkpt>
      <trkpt lat="44.70872" lon="-93.41448">
        <ele>291.9</ele>
      </trkpt>
      <trkpt lat="44.70919" lon="-93.41499">
        <ele>291.2</ele>
      </trkpt>
      <trkpt lat="44.70966" lon="-93.41551">
        <ele>291.6</ele>
      </trkpt>
      <trkpt lat="44.71009" lon="-93.41599">
        <ele>292.1</ele>
      </trkpt>
      <trkpt lat="44.71053" lon="-93.41646">
        <ele>292.6</ele>
      </trkpt>
      <trkpt lat="44.71057" lon="-93.41656">
        <ele>292.7</ele>
      </trkpt>
      <trkpt lat="44.71062" lon="-93.41665">
        <ele>292.8</ele>
      </trkpt>
      <trkpt lat="44.7107" lon="-93.41677">
        <ele>292.8</ele>
      </trkpt>
      <trkpt lat="44.71079" lon="-93.41681">
        <ele>292.6</ele>
      </trkpt>
      <trkpt lat="44.71112" lon="-93.41727">
        <ele>292.0</ele>
      </trkpt>
      <trkpt lat="44.71128" lon="-93.41753">
        <ele>291.8</ele>
      </trkpt>
      <trkpt lat="44.71156" lon="-93.41796">
        <ele>291.2</ele>
      </trkpt>
      <trkpt lat="44.71181" lon="-93.41844">
        <ele>290.2</ele>
      </trkpt>
      <trkpt lat="44.71201" lon="-93.41886">
        <ele>288.2</ele>
      </trkpt>
      <trkpt lat="44.7123" lon="-93.41957">
        <ele>286.8</ele>
      </trkpt>
      <trkpt lat="44.71244" lon="-93.41995">
        <ele>286.8</ele>
      </trkpt>
      <trkpt lat="44.71255" lon="-93.42028">
        <ele>286.9</ele>
      </trkpt>
      <trkpt lat="44.71276" lon="-93.42102">
        <ele>286.7</ele>
      </trkpt>
      <trkpt lat="44.71301" lon="-93.42203">
        <ele>286.6</ele>
      </trkpt>
      <trkpt lat="44.71303" lon="-93.42215">
        <ele>286.8</ele>
      </trkpt>
      <trkpt lat="44.71305" lon="-93.42241">
        <ele>286.7</ele>
      </trkpt>
      <trkpt lat="44.71305" lon="-93.42255">
        <ele>286.7</ele>
      </trkpt>
      <trkpt lat="44.71303" lon="-93.42264">
        <ele>286.7</ele>
      </trkpt>
      <trkpt lat="44.713" lon="-93.42272">
        <ele>287.0</ele>
      </trkpt>
      <trkpt lat="44.71293" lon="-93.4228">
        <ele>286.9</ele>
      </trkpt>
      <trkpt lat="44.71298" lon="-93.42286">
        <ele>287.4</ele>
      </trkpt>
      <trkpt lat="44.71302" lon="-93.42293">
        <ele>287.7</ele>
      </trkpt>
      <trkpt lat="44.71303" lon="-93.42298">
        <ele>287.8</ele>
      </trkpt>
      <trkpt lat="44.71304" lon="-93.42315">
        <ele>287.6</ele>
      </trkpt>
      <trkpt lat="44.71311" lon="-93.42315">
        <ele>287.7</ele>
      </trkpt>
      <trkpt lat="44.71318" lon="-93.42316">
        <ele>287.7</ele>
      </trkpt>
      <trkpt lat="44.71324" lon="-93.42321">
        <ele>287.7</ele>
      </trkpt>
      <trkpt lat="44.71331" lon="-93.42328">
        <ele>287.7</ele>
      </trkpt>
      <trkpt lat="44.7134" lon="-93.42341">
        <ele>287.7</ele>
      </trkpt>
      <trkpt lat="44.71356" lon="-93.42414">
        <ele>288.3</ele>
      </trkpt>
      <trkpt lat="44.71357" lon="-93.42431">
        <ele>288.5</ele>
      </trkpt>
      <trkpt lat="44.71362" lon="-93.42456">
        <ele>288.6</ele>
      </trkpt>
      <trkpt lat="44.7137" lon="-93.42479">
        <ele>288.3</ele>
      </trkpt>
      <trkpt lat="44.71386" lon="-93.42554">
        <ele>286.5</ele>
      </trkpt>
      <trkpt lat="44.71387" lon="-93.42574">
        <ele>286.3</ele>
      </trkpt>
      <trkpt lat="44.7139" lon="-93.42592">
        <ele>286.3</ele>
      </trkpt>
      <trkpt lat="44.71396" lon="-93.42622">
        <ele>286.3</ele>
      </trkpt>
      <trkpt lat="44.71405" lon="-93.42655">
        <ele>286.3</ele>
      </trkpt>
      <trkpt lat="44.71407" lon="-93.4267">
        <ele>286.3</ele>
      </trkpt>
      <trkpt lat="44.71408" lon="-93.42696">
        <ele>286.2</ele>
      </trkpt>
      <trkpt lat="44.71406" lon="-93.42706">
        <ele>286.2</ele>
      </trkpt>
      <trkpt lat="44.71402" lon="-93.42716">
        <ele>286.1</ele>
      </trkpt>
      <trkpt lat="44.71399" lon="-93.4272">
        <ele>286.0</ele>
      </trkpt>
      <trkpt lat="44.71403" lon="-93.42729">
        <ele>286.0</ele>
      </trkpt>
      <trkpt lat="44.71406" lon="-93.42745">
        <ele>286.1</ele>
      </trkpt>
      <trkpt lat="44.71412" lon="-93.42747">
        <ele>286.2</ele>
      </trkpt>
      <trkpt lat="44.71417" lon="-93.42751">
        <ele>286.3</ele>
      </trkpt>
      <trkpt lat="44.7142" lon="-93.42756">
        <ele>286.3</ele>
      </trkpt>
      <trkpt lat="44.71434" lon="-93.42818">
        <ele>286.2</ele>
      </trkpt>
      <trkpt lat="44.71448" lon="-93.42879">
        <ele>285.2</ele>
      </trkpt>
      <trkpt lat="44.71448" lon="-93.42895">
        <ele>285.2</ele>
      </trkpt>
      <trkpt lat="44.71466" lon="-93.42972">
        <ele>286.0</ele>
      </trkpt>
      <trkpt lat="44.71484" lon="-93.43049">
        <ele>286.1</ele>
      </trkpt>
      <trkpt lat="44.71499" lon="-93.43106">
        <ele>286.3</ele>
      </trkpt>
      <trkpt lat="44.71513" lon="-93.43171">
        <ele>285.7</ele>
      </trkpt>
      <trkpt lat="44.71529" lon="-93.43218">
        <ele>285.5</ele>
      </trkpt>
      <trkpt lat="44.71547" lon="-93.43258">
        <ele>285.3</ele>
      </trkpt>
      <trkpt lat="44.71555" lon="-93.43274">
        <ele>285.3</ele>
      </trkpt>
      <trkpt lat="44.71576" lon="-93.43306">
        <ele>284.8</ele>
      </trkpt>
      <trkpt lat="44.71602" lon="-93.43338">
        <ele>284.8</ele>
      </trkpt>
      <trkpt lat="44.71611" lon="-93.43348">
        <ele>284.9</ele>
      </trkpt>
      <trkpt lat="44.71637" lon="-93.43371">
        <ele>284.9</ele>
      </trkpt>
      <trkpt lat="44.71667" lon="-93.43392">
        <ele>284.6</ele>
      </trkpt>
      <trkpt lat="44.71711" lon="-93.43411">
        <ele>283.5</ele>
      </trkpt>
      <trkpt lat="44.71746" lon="-93.43425">
        <ele>282.5</ele>
      </trkpt>
      <trkpt lat="44.71802" lon="-93.43446">
        <ele>281.8</ele>
      </trkpt>
      <trkpt lat="44.7183" lon="-93.4346">
        <ele>281.2</ele>
      </trkpt>
      <trkpt lat="44.7185" lon="-93.43475">
        <ele>279.9</ele>
      </trkpt>
      <trkpt lat="44.71864" lon="-93.43493">
        <ele>278.6</ele>
      </trkpt>
      <trkpt lat="44.71872" lon="-93.43509">
        <ele>278.0</ele>
      </trkpt>
      <trkpt lat="44.71878" lon="-93.43523">
        <ele>277.7</ele>
      </trkpt>
      <trkpt lat="44.71889" lon="-93.43557">
        <ele>277.6</ele>
      </trkpt>
      <trkpt lat="44.719" lon="-93.43597">
        <ele>277.5</ele>
      </trkpt>
      <trkpt lat="44.7192" lon="-93.43667">
        <ele>277.5</ele>
      </trkpt>
      <trkpt lat="44.71934" lon="-93.43706">
        <ele>277.6</ele>
      </trkpt>
      <trkpt lat="44.71947" lon="-93.43732">
        <ele>277.7</ele>
      </trkpt>
      <trkpt lat="44.71966" lon="-93.43756">
        <ele>275.1</ele>
      </trkpt>
      <trkpt lat="44.71973" lon="-93.43763">
        <ele>275.0</ele>
      </trkpt>
      <trkpt lat="44.71989" lon="-93.43774">
        <ele>275.0</ele>
      </trkpt>
      <trkpt lat="44.71999" lon="-93.43779">
        <ele>275.9</ele>
      </trkpt>
      <trkpt lat="44.72037" lon="-93.43791">
        <ele>277.8</ele>
      </trkpt>
      <trkpt lat="44.7206" lon="-93.43805">
        <ele>276.8</ele>
      </trkpt>
      <trkpt lat="44.72077" lon="-93.43824">
        <ele>276.4</ele>
      </trkpt>
      <trkpt lat="44.72091" lon="-93.4385">
        <ele>275.4</ele>
      </trkpt>
      <trkpt lat="44.72108" lon="-93.43886">
        <ele>274.7</ele>
      </trkpt>
      <trkpt lat="44.72124" lon="-93.43917">
        <ele>274.8</ele>
      </trkpt>
      <trkpt lat="44.72139" lon="-93.43936">
        <ele>275.2</ele>
      </trkpt>
      <trkpt lat="44.7216" lon="-93.43955">
        <ele>275.8</ele>
      </trkpt>
      <trkpt lat="44.72196" lon="-93.4397">
        <ele>276.2</ele>
      </trkpt>
      <trkpt lat="44.72198" lon="-93.43976">
        <ele>275.9</ele>
      </trkpt>
      <trkpt lat="44.72205" lon="-93.43976">
        <ele>276.0</ele>
      </trkpt>
      <trkpt lat="44.72211" lon="-93.43978">
        <ele>276.0</ele>
      </trkpt>
      <trkpt lat="44.72217" lon="-93.43975">
        <ele>276.2</ele>
      </trkpt>
      <trkpt lat="44.72265" lon="-93.43975">
        <ele>277.6</ele>
      </trkpt>
      <trkpt lat="44.72311" lon="-93.4397">
        <ele>277.8</ele>
      </trkpt>
      <trkpt lat="44.72367" lon="-93.43968">
        <ele>277.8</ele>
      </trkpt>
      <trkpt lat="44.72441" lon="-93.43966">
        <ele>278.6</ele>
      </trkpt>
      <trkpt lat="44.72454" lon="-93.43969">
        <ele>279.4</ele>
      </trkpt>
      <trkpt lat="44.72476" lon="-93.4397">
        <ele>281.1</ele>
      </trkpt>
      <trkpt lat="44.72486" lon="-93.43969">
        <ele>282.0</ele>
      </trkpt>
      <trkpt lat="44.7257" lon="-93.43965">
        <ele>285.7</ele>
      </trkpt>
      <trkpt lat="44.72588" lon="-93.43963">
        <ele>286.1</ele>
      </trkpt>
      <trkpt lat="44.7264" lon="-93.43961">
        <ele>289.8</ele>
      </trkpt>
      <trkpt lat="44.72645" lon="-93.43964">
        <ele>289.7</ele>
      </trkpt>
      <trkpt lat="44.72661" lon="-93.43964">
        <ele>289.8</ele>
      </trkpt>
      <trkpt lat="44.72667" lon="-93.43963">
        <ele>289.9</ele>
      </trkpt>
      <trkpt lat="44.7274" lon="-93.4396">
        <ele>290.0</ele>
      </trkpt>
      <trkpt lat="44.72794" lon="-93.43954">
        <ele>294.5</ele>
      </trkpt>
      <trkpt lat="44.72863" lon="-93.43955">
        <ele>293.3</ele>
      </trkpt>
      <trkpt lat="44.72949" lon="-93.43959">
        <ele>287.0</ele>
      </trkpt>
      <trkpt lat="44.73027" lon="-93.43963">
        <ele>283.3</ele>
      </trkpt>
      <trkpt lat="44.73105" lon="-93.43968">
        <ele>278.4</ele>
      </trkpt>
      <trkpt lat="44.7314" lon="-93.43972">
        <ele>275.0</ele>
      </trkpt>
      <trkpt lat="44.73141" lon="-93.43928">
        <ele>276.7</ele>
      </trkpt>
      <trkpt lat="44.73152" lon="-93.43931">
        <ele>276.6</ele>
      </trkpt>
      <trkpt lat="44.73241" lon="-93.43934">
        <ele>276.5</ele>
      </trkpt>
      <trkpt lat="44.73294" lon="-93.43936">
        <ele>280.0</ele>
      </trkpt>
      <trkpt lat="44.73346" lon="-93.43937">
        <ele>282.7</ele>
      </trkpt>
      <trkpt lat="44.73433" lon="-93.43937">
        <ele>283.0</ele>
      </trkpt>
      <trkpt lat="44.7352" lon="-93.43938">
        <ele>280.4</ele>
      </trkpt>
      <trkpt lat="44.73534" lon="-93.43941">
        <ele>280.5</ele>
      </trkpt>
      <trkpt lat="44.7361" lon="-93.43943">
        <ele>279.5</ele>
      </trkpt>
      <trkpt lat="44.73686" lon="-93.43945">
        <ele>272.9</ele>
      </trkpt>
      <trkpt lat="44.73762" lon="-93.43947">
        <ele>269.3</ele>
      </trkpt>
      <trkpt lat="44.73839" lon="-93.43949">
        <ele>270.9</ele>
      </trkpt>
      <trkpt lat="44.73864" lon="-93.43948">
        <ele>272.8</ele>
      </trkpt>
      <trkpt lat="44.73935" lon="-93.4395">
        <ele>274.4</ele>
      </trkpt>
      <trkpt lat="44.73939" lon="-93.43949">
        <ele>274.3</ele>
      </trkpt>
      <trkpt lat="44.73966" lon="-93.4395">
        <ele>273.5</ele>
      </trkpt>
      <trkpt lat="44.73971" lon="-93.43952">
        <ele>273.4</ele>
      </trkpt>
      <trkpt lat="44.74016" lon="-93.43953">
        <ele>273.4</ele>
      </trkpt>
      <trkpt lat="44.74062" lon="-93.43953">
        <ele>271.9</ele>
      </trkpt>
      <trkpt lat="44.74121" lon="-93.43952">
        <ele>267.9</ele>
      </trkpt>
      <trkpt lat="44.7418" lon="-93.43952">
        <ele>267.5</ele>
      </trkpt>
      <trkpt lat="44.74235" lon="-93.43949">
        <ele>267.0</ele>
      </trkpt>
      <trkpt lat="44.7429" lon="-93.43947">
        <ele>265.5</ele>
      </trkpt>
      <trkpt lat="44.74378" lon="-93.43941">
        <ele>266.7</ele>
      </trkpt>
      <trkpt lat="44.74465" lon="-93.43934">
        <ele>271.2</ele>
      </trkpt>
      <trkpt lat="44.74553" lon="-93.43927">
        <ele>271.5</ele>
      </trkpt>
      <trkpt lat="44.74582" lon="-93.43922">
        <ele>270.5</ele>
      </trkpt>
      <trkpt lat="44.74628" lon="-93.4392">
        <ele>269.4</ele>
      </trkpt>
      <trkpt lat="44.74697" lon="-93.43911">
        <ele>263.4</ele>
      </trkpt>
      <trkpt lat="44.7478" lon="-93.43908">
        <ele>269.1</ele>
      </trkpt>
      <trkpt lat="44.74848" lon="-93.43897">
        <ele>273.3</ele>
      </trkpt>
      <trkpt lat="44.74921" lon="-93.43876">
        <ele>270.5</ele>
      </trkpt>
      <trkpt lat="44.74998" lon="-93.43855">
        <ele>267.5</ele>
      </trkpt>
      <trkpt lat="44.75072" lon="-93.43841">
        <ele>271.3</ele>
      </trkpt>
      <trkpt lat="44.75125" lon="-93.4384">
        <ele>274.9</ele>
      </trkpt>
      <trkpt lat="44.75185" lon="-93.43849">
        <ele>275.0</ele>
      </trkpt>
      <trkpt lat="44.75266" lon="-93.43873">
        <ele>271.2</ele>
      </trkpt>
      <trkpt lat="44.75347" lon="-93.43897">
        <ele>272.7</ele>
      </trkpt>
      <trkpt lat="44.75403" lon="-93.43911">
        <ele>276.9</ele>
      </trkpt>
      <trkpt lat="44.75458" lon="-93.43925">
        <ele>281.2</ele>
      </trkpt>
      <trkpt lat="44.75521" lon="-93.43935">
        <ele>286.6</ele>
      </trkpt>
      <trkpt lat="44.75588" lon="-93.43936">
        <ele>288.3</ele>
      </trkpt>
      <trkpt lat="44.75668" lon="-93.43933">
        <ele>279.7</ele>
      </trkpt>
      <trkpt lat="44.75749" lon="-93.43931">
        <ele>270.1</ele>
      </trkpt>
      <trkpt lat="44.75829" lon="-93.4393">
        <ele>251.8</ele>
      </trkpt>
      <trkpt lat="44.75893" lon="-93.43927">
        <ele>246.4</ele>
      </trkpt>
      <trkpt lat="44.75945" lon="-93.43919">
        <ele>247.1</ele>
      </trkpt>
      <trkpt lat="44.75998" lon="-93.43909">
        <ele>247.7</ele>
      </trkpt>
      <trkpt lat="44.76072" lon="-93.43889">
        <ele>248.7</ele>
      </trkpt>
      <trkpt lat="44.76138" lon="-93.43869">
        <ele>249.5</ele>
      </trkpt>
      <trkpt lat="44.76168" lon="-93.43857">
        <ele>249.9</ele>
      </trkpt>
      <trkpt lat="44.76225" lon="-93.43833">
        <ele>250.4</ele>
      </trkpt>
      <trkpt lat="44.76283" lon="-93.43808">
        <ele>250.8</ele>
      </trkpt>
      <trkpt lat="44.76356" lon="-93.43772">
        <ele>251.1</ele>
      </trkpt>
      <trkpt lat="44.76399" lon="-93.43749">
        <ele>251.1</ele>
      </trkpt>
      <trkpt lat="44.76442" lon="-93.43727">
        <ele>250.7</ele>
      </trkpt>
      <trkpt lat="44.76523" lon="-93.43685">
        <ele>250.2</ele>
      </trkpt>
      <trkpt lat="44.76604" lon="-93.43644">
        <ele>249.1</ele>
      </trkpt>
      <trkpt lat="44.76655" lon="-93.43619">
        <ele>247.8</ele>
      </trkpt>
      <trkpt lat="44.76706" lon="-93.43594">
        <ele>248.3</ele>
      </trkpt>
      <trkpt lat="44.76733" lon="-93.43578">
        <ele>247.4</ele>
      </trkpt>
      <trkpt lat="44.76769" lon="-93.4356">
        <ele>246.9</ele>
      </trkpt>
      <trkpt lat="44.76782" lon="-93.43612">
        <ele>248.1</ele>
      </trkpt>
      <trkpt lat="44.7679" lon="-93.43655">
        <ele>248.0</ele>
      </trkpt>
      <trkpt lat="44.76818" lon="-93.43765">
        <ele>248.4</ele>
      </trkpt>
      <trkpt lat="44.76845" lon="-93.43874">
        <ele>248.3</ele>
      </trkpt>
      <trkpt lat="44.76873" lon="-93.43984">
        <ele>248.3</ele>
      </trkpt>
      <trkpt lat="44.76898" lon="-93.44087">
        <ele>248.3</ele>
      </trkpt>
      <trkpt lat="44.76923" lon="-93.44189">
        <ele>248.3</ele>
      </trkpt>
      <trkpt lat="44.76937" lon="-93.44252">
        <ele>248.3</ele>
      </trkpt>
      <trkpt lat="44.76952" lon="-93.44314">
        <ele>248.3</ele>
      </trkpt>
      <trkpt lat="44.76966" lon="-93.4439">
        <ele>248.3</ele>
      </trkpt>
      <trkpt lat="44.76981" lon="-93.44465">
        <ele>248.4</ele>
      </trkpt>
      <trkpt lat="44.76999" lon="-93.44541">
        <ele>248.5</ele>
      </trkpt>
      <trkpt lat="44.77016" lon="-93.44616">
        <ele>248.5</ele>
      </trkpt>
      <trkpt lat="44.77033" lon="-93.4468">
        <ele>248.5</ele>
      </trkpt>
      <trkpt lat="44.7705" lon="-93.44744">
        <ele>248.5</ele>
      </trkpt>
      <trkpt lat="44.77074" lon="-93.44841">
        <ele>248.6</ele>
      </trkpt>
      <trkpt lat="44.77078" lon="-93.44853">
        <ele>248.6</ele>
      </trkpt>
      <trkpt lat="44.77096" lon="-93.44889">
        <ele>248.5</ele>
      </trkpt>
      <trkpt lat="44.77126" lon="-93.45007">
        <ele>248.5</ele>
      </trkpt>
      <trkpt lat="44.77156" lon="-93.45126">
        <ele>249.0</ele>
      </trkpt>
      <trkpt lat="44.77187" lon="-93.45245">
        <ele>248.2</ele>
      </trkpt>
      <trkpt lat="44.77218" lon="-93.45363">
        <ele>248.2</ele>
      </trkpt>
      <trkpt lat="44.77249" lon="-93.45481">
        <ele>248.1</ele>
      </trkpt>
      <trkpt lat="44.77273" lon="-93.45549">
        <ele>247.5</ele>
      </trkpt>
      <trkpt lat="44.7732" lon="-93.45654">
        <ele>247.0</ele>
      </trkpt>
      <trkpt lat="44.77354" lon="-93.45725">
        <ele>246.0</ele>
      </trkpt>
      <trkpt lat="44.77388" lon="-93.45796">
        <ele>245.5</ele>
      </trkpt>
      <trkpt lat="44.77422" lon="-93.45868">
        <ele>245.0</ele>
      </trkpt>
      <trkpt lat="44.77439" lon="-93.45909">
        <ele>244.7</ele>
      </trkpt>
      <trkpt lat="44.77439" lon="-93.45939">
        <ele>244.9</ele>
      </trkpt>
      <trkpt lat="44.77447" lon="-93.45964">
        <ele>244.8</ele>
      </trkpt>
      <trkpt lat="44.77487" lon="-93.46072">
        <ele>244.5</ele>
      </trkpt>
      <trkpt lat="44.77507" lon="-93.46137">
        <ele>244.3</ele>
      </trkpt>
      <trkpt lat="44.77526" lon="-93.46202">
        <ele>244.2</ele>
      </trkpt>
      <trkpt lat="44.7754" lon="-93.46272">
        <ele>244.2</ele>
      </trkpt>
      <trkpt lat="44.77554" lon="-93.46341">
        <ele>244.2</ele>
      </trkpt>
      <trkpt lat="44.77564" lon="-93.46395">
        <ele>244.3</ele>
      </trkpt>
      <trkpt lat="44.77568" lon="-93.46423">
        <ele>244.3</ele>
      </trkpt>
      <trkpt lat="44.77572" lon="-93.46444">
        <ele>244.3</ele>
      </trkpt>
      <trkpt lat="44.77575" lon="-93.46447">
        <ele>244.3</ele>
      </trkpt>
      <trkpt lat="44.77575" lon="-93.46465">
        <ele>244.3</ele>
      </trkpt>
      <trkpt lat="44.77585" lon="-93.46554">
        <ele>244.1</ele>
      </trkpt>
      <trkpt lat="44.7759" lon="-93.46608">
        <ele>244.1</ele>
      </trkpt>
      <trkpt lat="44.77592" lon="-93.46703">
        <ele>243.9</ele>
      </trkpt>
      <trkpt lat="44.77595" lon="-93.46798">
        <ele>244.1</ele>
      </trkpt>
      <trkpt lat="44.77596" lon="-93.46918">
        <ele>244.8</ele>
      </trkpt>
      <trkpt lat="44.77597" lon="-93.46932">
        <ele>244.7</ele>
      </trkpt>
      <trkpt lat="44.77673" lon="-93.46933">
        <ele>240.1</ele>
      </trkpt>
      <trkpt lat="44.77749" lon="-93.46934">
        <ele>240.9</ele>
      </trkpt>
      <trkpt lat="44.77802" lon="-93.46933">
        <ele>236.4</ele>
      </trkpt>
      <trkpt lat="44.77873" lon="-93.46933">
        <ele>231.5</ele>
      </trkpt>
      <trkpt lat="44.77882" lon="-93.4693">
        <ele>231.4</ele>
      </trkpt>
      <trkpt lat="44.7789" lon="-93.46933">
        <ele>231.4</ele>
      </trkpt>
      <trkpt lat="44.7792" lon="-93.46936">
        <ele>231.4</ele>
      </trkpt>
      <trkpt lat="44.77923" lon="-93.46935">
        <ele>231.4</ele>
      </trkpt>
      <trkpt lat="44.77918" lon="-93.46971">
        <ele>231.8</ele>
      </trkpt>
      <trkpt lat="44.77916" lon="-93.46989">
        <ele>231.7</ele>
      </trkpt>
      <trkpt lat="44.77916" lon="-93.46991">
        <ele>231.7</ele>
      </trkpt>
      <trkpt lat="44.77915" lon="-93.46995">
        <ele>231.7</ele>
      </trkpt>
      <trkpt lat="44.77915" lon="-93.47003">
        <ele>231.7</ele>
      </trkpt>
      <trkpt lat="44.77919" lon="-93.4705">
        <ele>232.3</ele>
      </trkpt>
      <trkpt lat="44.77921" lon="-93.47074">
        <ele>232.9</ele>
      </trkpt>
      <trkpt lat="44.77925" lon="-93.47108">
        <ele>232.9</ele>
      </trkpt>
      <trkpt lat="44.77925" lon="-93.47124">
        <ele>232.2</ele>
      </trkpt>
      <trkpt lat="44.77933" lon="-93.47154">
        <ele>231.7</ele>
      </trkpt>
      <trkpt lat="44.77949" lon="-93.4721">
        <ele>231.6</ele>
      </trkpt>
      <trkpt lat="44.77967" lon="-93.47255">
        <ele>231.5</ele>
      </trkpt>
      <trkpt lat="44.77968" lon="-93.47272">
        <ele>231.5</ele>
      </trkpt>
      <trkpt lat="44.78002" lon="-93.47353">
        <ele>231.3</ele>
      </trkpt>
      <trkpt lat="44.78036" lon="-93.47435">
        <ele>231.2</ele>
      </trkpt>
      <trkpt lat="44.7807" lon="-93.47519">
        <ele>231.2</ele>
      </trkpt>
      <trkpt lat="44.78092" lon="-93.4757">
        <ele>231.3</ele>
      </trkpt>
      <trkpt lat="44.78098" lon="-93.47591">
        <ele>231.2</ele>
      </trkpt>
      <trkpt lat="44.78107" lon="-93.47615">
        <ele>231.2</ele>
      </trkpt>
      <trkpt lat="44.78131" lon="-93.4767">
        <ele>231.2</ele>
      </trkpt>
      <trkpt lat="44.78151" lon="-93.47715">
        <ele>231.1</ele>
      </trkpt>
      <trkpt lat="44.78159" lon="-93.47729">
        <ele>231.1</ele>
      </trkpt>
      <trkpt lat="44.78175" lon="-93.47759">
        <ele>231.2</ele>
      </trkpt>
      <trkpt lat="44.78198" lon="-93.47817">
        <ele>231.3</ele>
      </trkpt>
      <trkpt lat="44.78205" lon="-93.47835">
        <ele>231.3</ele>
      </trkpt>
      <trkpt lat="44.78208" lon="-93.4785">
        <ele>231.3</ele>
      </trkpt>
      <trkpt lat="44.78248" lon="-93.47949">
        <ele>231.4</ele>
      </trkpt>
      <trkpt lat="44.78288" lon="-93.48048">
        <ele>231.3</ele>
      </trkpt>
      <trkpt lat="44.78329" lon="-93.48146">
        <ele>231.4</ele>
      </trkpt>
      <trkpt lat="44.78339" lon="-93.48166">
        <ele>231.3</ele>
      </trkpt>
      <trkpt lat="44.78354" lon="-93.48176">
        <ele>231.3</ele>
      </trkpt>
      <trkpt lat="44.78366" lon="-93.48176">
        <ele>231.2</ele>
      </trkpt>
      <trkpt lat="44.78368" lon="-93.48188">
        <ele>231.2</ele>
      </trkpt>
      <trkpt lat="44.78376" lon="-93.48201">
        <ele>231.2</ele>
      </trkpt>
      <trkpt lat="44.78369" lon="-93.48222">
        <ele>231.3</ele>
      </trkpt>
      <trkpt lat="44.7837" lon="-93.48246">
        <ele>231.3</ele>
      </trkpt>
      <trkpt lat="44.78406" lon="-93.48336">
        <ele>231.4</ele>
      </trkpt>
      <trkpt lat="44.78442" lon="-93.48425">
        <ele>231.5</ele>
      </trkpt>
      <trkpt lat="44.78479" lon="-93.48515">
        <ele>231.5</ele>
      </trkpt>
      <trkpt lat="44.7852" lon="-93.48623">
        <ele>231.5</ele>
      </trkpt>
      <trkpt lat="44.7856" lon="-93.4873">
        <ele>231.7</ele>
      </trkpt>
      <trkpt lat="44.78601" lon="-93.48838">
        <ele>231.6</ele>
      </trkpt>
      <trkpt lat="44.78641" lon="-93.48946">
        <ele>231.6</ele>
      </trkpt>
      <trkpt lat="44.78682" lon="-93.49054">
        <ele>231.8</ele>
      </trkpt>
      <trkpt lat="44.7872" lon="-93.49149">
        <ele>231.7</ele>
      </trkpt>
      <trkpt lat="44.78753" lon="-93.4923">
        <ele>231.3</ele>
      </trkpt>
      <trkpt lat="44.78786" lon="-93.4931">
        <ele>231.2</ele>
      </trkpt>
      <trkpt lat="44.78819" lon="-93.49391">
        <ele>231.1</ele>
      </trkpt>
      <trkpt lat="44.78837" lon="-93.49438">
        <ele>231.1</ele>
      </trkpt>
      <trkpt lat="44.78843" lon="-93.4945">
        <ele>231.1</ele>
      </trkpt>
      <trkpt lat="44.78871" lon="-93.49519">
        <ele>231.0</ele>
      </trkpt>
      <trkpt lat="44.78898" lon="-93.49588">
        <ele>230.9</ele>
      </trkpt>
      <trkpt lat="44.78943" lon="-93.49696">
        <ele>230.8</ele>
      </trkpt>
      <trkpt lat="44.78988" lon="-93.49805">
        <ele>230.8</ele>
      </trkpt>
      <trkpt lat="44.79031" lon="-93.49911">
        <ele>231.0</ele>
      </trkpt>
      <trkpt lat="44.79073" lon="-93.50016">
        <ele>230.9</ele>
      </trkpt>
      <trkpt lat="44.79116" lon="-93.50122">
        <ele>230.6</ele>
      </trkpt>
      <trkpt lat="44.79157" lon="-93.50222">
        <ele>230.7</ele>
      </trkpt>
      <trkpt lat="44.79189" lon="-93.50302">
        <ele>231.7</ele>
      </trkpt>
      <trkpt lat="44.79222" lon="-93.50382">
        <ele>231.9</ele>
      </trkpt>
      <trkpt lat="44.79257" lon="-93.50468">
        <ele>231.5</ele>
      </trkpt>
      <trkpt lat="44.79286" lon="-93.50542">
        <ele>230.9</ele>
      </trkpt>
      <trkpt lat="44.79315" lon="-93.50616">
        <ele>231.0</ele>
      </trkpt>
      <trkpt lat="44.79344" lon="-93.50691">
        <ele>231.2</ele>
      </trkpt>
      <trkpt lat="44.79383" lon="-93.50787">
        <ele>231.7</ele>
      </trkpt>
      <trkpt lat="44.79387" lon="-93.50793">
        <ele>231.6</ele>
      </trkpt>
      <trkpt lat="44.79403" lon="-93.50842">
        <ele>231.4</ele>
      </trkpt>
      <trkpt lat="44.79403" lon="-93.50852">
        <ele>231.3</ele>
      </trkpt>
      <trkpt lat="44.79407" lon="-93.50862">
        <ele>231.2</ele>
      </trkpt>
      <trkpt lat="44.79412" lon="-93.50868">
        <ele>231.2</ele>
      </trkpt>
      <trkpt lat="44.79449" lon="-93.50964">
        <ele>230.7</ele>
      </trkpt>
      <trkpt lat="44.79486" lon="-93.5106">
        <ele>230.4</ele>
      </trkpt>
      <trkpt lat="44.79493" lon="-93.51074">
        <ele>230.3</ele>
      </trkpt>
      <trkpt lat="44.79501" lon="-93.51083">
        <ele>230.3</ele>
      </trkpt>
      <trkpt lat="44.79512" lon="-93.51091">
        <ele>230.1</ele>
      </trkpt>
      <trkpt lat="44.79525" lon="-93.51097">
        <ele>229.8</ele>
      </trkpt>
      <trkpt lat="44.79585" lon="-93.51097">
        <ele>229.1</ele>
      </trkpt>
      <trkpt lat="44.79646" lon="-93.51097">
        <ele>229.0</ele>
      </trkpt>
      <trkpt lat="44.79652" lon="-93.511">
        <ele>229.0</ele>
      </trkpt>
      <trkpt lat="44.79655" lon="-93.511">
        <ele>229.0</ele>
      </trkpt>
      <trkpt lat="44.79655" lon="-93.51109">
        <ele>229.1</ele>
      </trkpt>
      <trkpt lat="44.79736" lon="-93.5111">
        <ele>228.9</ele>
      </trkpt>
      <trkpt lat="44.79728" lon="-93.51182">
        <ele>228.9</ele>
      </trkpt>
      <trkpt lat="44.79717" lon="-93.51273">
        <ele>228.4</ele>
      </trkpt>
      <trkpt lat="44.79706" lon="-93.51364">
        <ele>228.8</ele>
      </trkpt>
      <trkpt lat="44.79694" lon="-93.51455">
        <ele>228.5</ele>
      </trkpt>
      <trkpt lat="44.79686" lon="-93.51524">
        <ele>228.7</ele>
      </trkpt>
      <trkpt lat="44.79677" lon="-93.51594">
        <ele>229.1</ele>
      </trkpt>
      <trkpt lat="44.79727" lon="-93.51608">
        <ele>228.6</ele>
      </trkpt>
      <trkpt lat="44.79778" lon="-93.51622">
        <ele>228.6</ele>
      </trkpt>
      <trkpt lat="44.79828" lon="-93.51633">
        <ele>228.7</ele>
      </trkpt>
      <trkpt lat="44.79877" lon="-93.51644">
        <ele>227.9</ele>
      </trkpt>
      <trkpt lat="44.7989" lon="-93.51649">
        <ele>227.3</ele>
      </trkpt>
      <trkpt lat="44.79974" lon="-93.5167">
        <ele>224.7</ele>
      </trkpt>
      <trkpt lat="44.79958" lon="-93.51794">
        <ele>224.8</ele>
      </trkpt>
      <trkpt lat="44.79942" lon="-93.51918">
        <ele>224.5</ele>
      </trkpt>
      <trkpt lat="44.79926" lon="-93.52042">
        <ele>224.4</ele>
      </trkpt>
      <trkpt lat="44.79911" lon="-93.52166">
        <ele>224.2</ele>
      </trkpt>
      <trkpt lat="44.79908" lon="-93.52189">
        <ele>224.0</ele>
      </trkpt>
      <trkpt lat="44.79903" lon="-93.52259">
        <ele>224.0</ele>
      </trkpt>
      <trkpt lat="44.799" lon="-93.52268">
        <ele>224.3</ele>
      </trkpt>
      <trkpt lat="44.79897" lon="-93.52282">
        <ele>224.5</ele>
      </trkpt>
      <trkpt lat="44.79888" lon="-93.5236">
        <ele>225.0</ele>
      </trkpt>
      <trkpt lat="44.79874" lon="-93.52472">
        <ele>226.5</ele>
      </trkpt>
      <trkpt lat="44.7986" lon="-93.52583">
        <ele>227.2</ele>
      </trkpt>
      <trkpt lat="44.79845" lon="-93.52694">
        <ele>227.9</ele>
      </trkpt>
      <trkpt lat="44.79831" lon="-93.52805">
        <ele>227.8</ele>
      </trkpt>
      <trkpt lat="44.7986" lon="-93.5281">
        <ele>226.9</ele>
      </trkpt>
      <trkpt lat="44.79868" lon="-93.52788">
        <ele>226.7</ele>
      </trkpt>
      <trkpt lat="44.79874" lon="-93.52775">
        <ele>226.6</ele>
      </trkpt>
      <trkpt lat="44.79919" lon="-93.52693">
        <ele>226.1</ele>
      </trkpt>
      <trkpt lat="44.79937" lon="-93.52697">
        <ele>225.7</ele>
      </trkpt>
      <trkpt lat="44.79999" lon="-93.52713">
        <ele>224.7</ele>
      </trkpt>
      <trkpt lat="44.80061" lon="-93.52729">
        <ele>223.6</ele>
      </trkpt>
      <trkpt lat="44.80123" lon="-93.52744">
        <ele>222.5</ele>
      </trkpt>
      <trkpt lat="44.80163" lon="-93.52758">
        <ele>221.9</ele>
      </trkpt>
      <trkpt lat="44.8022" lon="-93.52785">
        <ele>221.6</ele>
      </trkpt>
      <trkpt lat="44.80229" lon="-93.52793">
        <ele>221.5</ele>
      </trkpt>
      <trkpt lat="44.8027" lon="-93.52853">
        <ele>221.3</ele>
      </trkpt>
      <trkpt lat="44.80311" lon="-93.52914">
        <ele>221.0</ele>
      </trkpt>
      <trkpt lat="44.80369" lon="-93.52988">
        <ele>220.6</ele>
      </trkpt>
      <trkpt lat="44.80426" lon="-93.53062">
        <ele>220.3</ele>
      </trkpt>
      <trkpt lat="44.80484" lon="-93.53137">
        <ele>219.9</ele>
      </trkpt>
      <trkpt lat="44.80547" lon="-93.53217">
        <ele>219.5</ele>
      </trkpt>
      <trkpt lat="44.8061" lon="-93.53298">
        <ele>219.2</ele>
      </trkpt>
      <trkpt lat="44.80673" lon="-93.53379">
        <ele>218.8</ele>
      </trkpt>
      <trkpt lat="44.80737" lon="-93.5346">
        <ele>218.4</ele>
      </trkpt>
      <trkpt lat="44.808" lon="-93.53541">
        <ele>218.0</ele>
      </trkpt>
      <trkpt lat="44.80863" lon="-93.53622">
        <ele>217.6</ele>
      </trkpt>
      <trkpt lat="44.80905" lon="-93.53673">
        <ele>217.4</ele>
      </trkpt>
      <trkpt lat="44.80948" lon="-93.53725">
        <ele>217.1</ele>
      </trkpt>
      <trkpt lat="44.80966" lon="-93.53745">
        <ele>217.0</ele>
      </trkpt>
      <trkpt lat="44.80986" lon="-93.53765">
        <ele>216.9</ele>
      </trkpt>
      <trkpt lat="44.81008" lon="-93.53783">
        <ele>216.8</ele>
      </trkpt>
      <trkpt lat="44.81028" lon="-93.53797">
        <ele>216.7</ele>
      </trkpt>
      <trkpt lat="44.81081" lon="-93.53829">
        <ele>216.4</ele>
      </trkpt>
      <trkpt lat="44.81101" lon="-93.53843">
        <ele>216.3</ele>
      </trkpt>
      <trkpt lat="44.81121" lon="-93.5386">
        <ele>216.2</ele>
      </trkpt>
      <trkpt lat="44.8115" lon="-93.53888">
        <ele>216.1</ele>
      </trkpt>
      <trkpt lat="44.8116" lon="-93.53901">
        <ele>216.2</ele>
      </trkpt>
      <trkpt lat="44.81168" lon="-93.53917">
        <ele>216.3</ele>
      </trkpt>
      <trkpt lat="44.81175" lon="-93.53943">
        <ele>216.4</ele>
      </trkpt>
      <trkpt lat="44.8118" lon="-93.53995">
        <ele>216.1</ele>
      </trkpt>
      <trkpt lat="44.81184" lon="-93.54007">
        <ele>216.3</ele>
      </trkpt>
      <trkpt lat="44.81189" lon="-93.54018">
        <ele>217.0</ele>
      </trkpt>
      <trkpt lat="44.81212" lon="-93.54048">
        <ele>218.2</ele>
      </trkpt>
      <trkpt lat="44.81217" lon="-93.54053">
        <ele>218.5</ele>
      </trkpt>
      <trkpt lat="44.81219" lon="-93.54053">
        <ele>218.6</ele>
      </trkpt>
      <trkpt lat="44.81221" lon="-93.54053">
        <ele>218.7</ele>
      </trkpt>
      <trkpt lat="44.81222" lon="-93.5405">
        <ele>218.8</ele>
      </trkpt>
      <trkpt lat="44.81227" lon="-93.54026">
        <ele>219.9</ele>
      </trkpt>
      <trkpt lat="44.81235" lon="-93.54">
        <ele>220.5</ele>
      </trkpt>
      <trkpt lat="44.81244" lon="-93.53978">
        <ele>220.8</ele>
      </trkpt>
      <trkpt lat="44.81251" lon="-93.53926">
        <ele>220.8</ele>
      </trkpt>
      <trkpt lat="44.81257" lon="-93.53871">
        <ele>220.9</ele>
      </trkpt>
      <trkpt lat="44.8126" lon="-93.53852">
        <ele>221.0</ele>
      </trkpt>
      <trkpt lat="44.81271" lon="-93.53803">
        <ele>221.1</ele>
      </trkpt>
      <trkpt lat="44.8127" lon="-93.53799">
        <ele>221.0</ele>
      </trkpt>
      <trkpt lat="44.81268" lon="-93.53795">
        <ele>220.9</ele>
      </trkpt>
      <trkpt lat="44.81264" lon="-93.53792">
        <ele>220.7</ele>
      </trkpt>
      <trkpt lat="44.81261" lon="-93.53793">
        <ele>220.6</ele>
      </trkpt>
      <trkpt lat="44.81244" lon="-93.53837">
        <ele>220.3</ele>
      </trkpt>
      <trkpt lat="44.81243" lon="-93.53847">
        <ele>220.3</ele>
      </trkpt>
      <trkpt lat="44.81244" lon="-93.53855">
        <ele>220.3</ele>
      </trkpt>
      <trkpt lat="44.81247" lon="-93.53867">
        <ele>220.5</ele>
      </trkpt>
      <trkpt lat="44.81254" lon="-93.53878">
        <ele>220.9</ele>
      </trkpt>
      <trkpt lat="44.81261" lon="-93.53885">
        <ele>221.2</ele>
      </trkpt>
      <trkpt lat="44.81283" lon="-93.539">
        <ele>222.1</ele>
      </trkpt>
      <trkpt lat="44.8133" lon="-93.53937">
        <ele>226.0</ele>
      </trkpt>
      <trkpt lat="44.81378" lon="-93.53973">
        <ele>237.3</ele>
      </trkpt>
      <trkpt lat="44.8139" lon="-93.53982">
        <ele>240.9</ele>
      </trkpt>
      <trkpt lat="44.81411" lon="-93.53993">
        <ele>243.5</ele>
      </trkpt>
      <trkpt lat="44.81421" lon="-93.53995">
        <ele>244.1</ele>
      </trkpt>
      <trkpt lat="44.81434" lon="-93.54">
        <ele>243.4</ele>
      </trkpt>
      <trkpt lat="44.81445" lon="-93.54002">
        <ele>244.0</ele>
      </trkpt>
      <trkpt lat="44.81459" lon="-93.54001">
        <ele>246.3</ele>
      </trkpt>
      <trkpt lat="44.81479" lon="-93.53998">
        <ele>247.3</ele>
      </trkpt>
      <trkpt lat="44.815" lon="-93.53993">
        <ele>249.9</ele>
      </trkpt>
      <trkpt lat="44.81512" lon="-93.5399">
        <ele>250.4</ele>
      </trkpt>
      <trkpt lat="44.81525" lon="-93.53984">
        <ele>251.8</ele>
      </trkpt>
      <trkpt lat="44.81552" lon="-93.53967">
        <ele>255.8</ele>
      </trkpt>
      <trkpt lat="44.81575" lon="-93.53945">
        <ele>259.9</ele>
      </trkpt>
      <trkpt lat="44.81585" lon="-93.53934">
        <ele>261.1</ele>
      </trkpt>
      <trkpt lat="44.81599" lon="-93.53914">
        <ele>261.6</ele>
      </trkpt>
      <trkpt lat="44.8161" lon="-93.53896">
        <ele>262.0</ele>
      </trkpt>
      <trkpt lat="44.81647" lon="-93.53824">
        <ele>262.0</ele>
      </trkpt>
      <trkpt lat="44.81683" lon="-93.53769">
        <ele>276.1</ele>
      </trkpt>
      <trkpt lat="44.81725" lon="-93.5373">
        <ele>278.6</ele>
      </trkpt>
      <trkpt lat="44.81761" lon="-93.53711">
        <ele>278.9</ele>
      </trkpt>
      <trkpt lat="44.81794" lon="-93.537">
        <ele>278.7</ele>
      </trkpt>
      <trkpt lat="44.81811" lon="-93.53698">
        <ele>279.5</ele>
      </trkpt>
      <trkpt lat="44.81825" lon="-93.53695">
        <ele>280.4</ele>
      </trkpt>
      <trkpt lat="44.81853" lon="-93.53698">
        <ele>280.8</ele>
      </trkpt>
      <trkpt lat="44.81869" lon="-93.53701">
        <ele>280.6</ele>
      </trkpt>
      <trkpt lat="44.81895" lon="-93.53712">
        <ele>278.8</ele>
      </trkpt>
      <trkpt lat="44.81915" lon="-93.53722">
        <ele>278.1</ele>
      </trkpt>
      <trkpt lat="44.81926" lon="-93.53726">
        <ele>278.2</ele>
      </trkpt>
      <trkpt lat="44.81987" lon="-93.53753">
        <ele>279.8</ele>
      </trkpt>
      <trkpt lat="44.82033" lon="-93.53771">
        <ele>279.2</ele>
      </trkpt>
      <trkpt lat="44.8208" lon="-93.53789">
        <ele>278.8</ele>
      </trkpt>
      <trkpt lat="44.82147" lon="-93.53817">
        <ele>282.0</ele>
      </trkpt>
      <trkpt lat="44.82198" lon="-93.53832">
        <ele>273.8</ele>
      </trkpt>
      <trkpt lat="44.82223" lon="-93.53842">
        <ele>273.4</ele>
      </trkpt>
      <trkpt lat="44.82239" lon="-93.53846">
        <ele>279.3</ele>
      </trkpt>
      <trkpt lat="44.82267" lon="-93.53848">
        <ele>283.9</ele>
      </trkpt>
      <trkpt lat="44.82287" lon="-93.53846">
        <ele>284.0</ele>
      </trkpt>
      <trkpt lat="44.82302" lon="-93.53843">
        <ele>284.1</ele>
      </trkpt>
      <trkpt lat="44.8231" lon="-93.5384">
        <ele>284.2</ele>
      </trkpt>
      <trkpt lat="44.82331" lon="-93.53829">
        <ele>284.4</ele>
      </trkpt>
      <trkpt lat="44.82356" lon="-93.53813">
        <ele>284.3</ele>
      </trkpt>
      <trkpt lat="44.82368" lon="-93.53801">
        <ele>284.2</ele>
      </trkpt>
      <trkpt lat="44.8241" lon="-93.53753">
        <ele>283.1</ele>
      </trkpt>
      <trkpt lat="44.82454" lon="-93.53704">
        <ele>283.0</ele>
      </trkpt>
      <trkpt lat="44.82498" lon="-93.53655">
        <ele>282.4</ele>
      </trkpt>
      <trkpt lat="44.82529" lon="-93.5363">
        <ele>281.4</ele>
      </trkpt>
      <trkpt lat="44.8254" lon="-93.53624">
        <ele>281.1</ele>
      </trkpt>
      <trkpt lat="44.82551" lon="-93.5362">
        <ele>280.9</ele>
      </trkpt>
      <trkpt lat="44.82574" lon="-93.53613">
        <ele>279.9</ele>
      </trkpt>
      <trkpt lat="44.82611" lon="-93.5361">
        <ele>276.1</ele>
      </trkpt>
      <trkpt lat="44.8264" lon="-93.53611">
        <ele>274.1</ele>
      </trkpt>
      <trkpt lat="44.82642" lon="-93.53607">
        <ele>274.0</ele>
      </trkpt>
      <trkpt lat="44.82647" lon="-93.53608">
        <ele>273.9</ele>
      </trkpt>
      <trkpt lat="44.82668" lon="-93.53604">
        <ele>274.3</ele>
      </trkpt>
      <trkpt lat="44.8272" lon="-93.53603">
        <ele>273.7</ele>
      </trkpt>
      <trkpt lat="44.82768" lon="-93.53606">
        <ele>274.8</ele>
      </trkpt>
      <trkpt lat="44.82796" lon="-93.53611">
        <ele>273.6</ele>
      </trkpt>
      <trkpt lat="44.82832" lon="-93.53612">
        <ele>271.9</ele>
      </trkpt>
      <trkpt lat="44.82881" lon="-93.53623">
        <ele>270.5</ele>
      </trkpt>
      <trkpt lat="44.8291" lon="-93.53616">
        <ele>270.6</ele>
      </trkpt>
      <trkpt lat="44.82945" lon="-93.53595">
        <ele>273.1</ele>
      </trkpt>
      <trkpt lat="44.82975" lon="-93.53578">
        <ele>274.6</ele>
      </trkpt>
      <trkpt lat="44.83053" lon="-93.5353">
        <ele>273.6</ele>
      </trkpt>
      <trkpt lat="44.83076" lon="-93.53519">
        <ele>272.9</ele>
      </trkpt>
      <trkpt lat="44.83117" lon="-93.53501">
        <ele>274.1</ele>
      </trkpt>
      <trkpt lat="44.8317" lon="-93.53498">
        <ele>274.3</ele>
      </trkpt>
      <trkpt lat="44.83214" lon="-93.53507">
        <ele>269.3</ele>
      </trkpt>
      <trkpt lat="44.83233" lon="-93.53518">
        <ele>268.0</ele>
      </trkpt>
      <trkpt lat="44.83257" lon="-93.53536">
        <ele>266.7</ele>
      </trkpt>
      <trkpt lat="44.83276" lon="-93.53553">
        <ele>267.5</ele>
      </trkpt>
      <trkpt lat="44.8329" lon="-93.5357">
        <ele>268.3</ele>
      </trkpt>
      <trkpt lat="44.83311" lon="-93.53605">
        <ele>269.7</ele>
      </trkpt>
      <trkpt lat="44.83319" lon="-93.5361">
        <ele>270.8</ele>
      </trkpt>
      <trkpt lat="44.83339" lon="-93.53611">
        <ele>272.1</ele>
      </trkpt>
      <trkpt lat="44.83351" lon="-93.536">
        <ele>273.0</ele>
      </trkpt>
      <trkpt lat="44.83358" lon="-93.53598">
        <ele>273.4</ele>
      </trkpt>
      <trkpt lat="44.83369" lon="-93.53599">
        <ele>274.1</ele>
      </trkpt>
      <trkpt lat="44.83378" lon="-93.53603">
        <ele>275.1</ele>
      </trkpt>
      <trkpt lat="44.83378" lon="-93.53609">
        <ele>275.3</ele>
      </trkpt>
      <trkpt lat="44.8338" lon="-93.53624">
        <ele>276.1</ele>
      </trkpt>
      <trkpt lat="44.83395" lon="-93.53706">
        <ele>278.8</ele>
      </trkpt>
      <trkpt lat="44.83398" lon="-93.53715">
        <ele>278.9</ele>
      </trkpt>
      <trkpt lat="44.83405" lon="-93.53728">
        <ele>279.4</ele>
      </trkpt>
      <trkpt lat="44.83421" lon="-93.53787">
        <ele>279.4</ele>
      </trkpt>
      <trkpt lat="44.83426" lon="-93.53801">
        <ele>279.5</ele>
      </trkpt>
      <trkpt lat="44.83435" lon="-93.53819">
        <ele>279.4</ele>
      </trkpt>
      <trkpt lat="44.83448" lon="-93.53835">
        <ele>279.0</ele>
      </trkpt>
      <trkpt lat="44.83457" lon="-93.53843">
        <ele>278.2</ele>
      </trkpt>
      <trkpt lat="44.83466" lon="-93.53848">
        <ele>277.2</ele>
      </trkpt>
      <trkpt lat="44.83497" lon="-93.53857">
        <ele>275.5</ele>
      </trkpt>
      <trkpt lat="44.83503" lon="-93.5386">
        <ele>275.1</ele>
      </trkpt>
      <trkpt lat="44.83515" lon="-93.53871">
        <ele>274.2</ele>
      </trkpt>
      <trkpt lat="44.83528" lon="-93.53878">
        <ele>273.6</ele>
      </trkpt>
      <trkpt lat="44.83546" lon="-93.53886">
        <ele>273.8</ele>
      </trkpt>
      <trkpt lat="44.83556" lon="-93.53888">
        <ele>273.9</ele>
      </trkpt>
      <trkpt lat="44.83566" lon="-93.53889">
        <ele>274.0</ele>
      </trkpt>
      <trkpt lat="44.83579" lon="-93.53888">
        <ele>274.1</ele>
      </trkpt>
      <trkpt lat="44.83622" lon="-93.53868">
        <ele>277.5</ele>
      </trkpt>
      <trkpt lat="44.83637" lon="-93.53864">
        <ele>277.5</ele>
      </trkpt>
      <trkpt lat="44.83676" lon="-93.53862">
        <ele>276.8</ele>
      </trkpt>
      <trkpt lat="44.837" lon="-93.53855">
        <ele>276.2</ele>
      </trkpt>
      <trkpt lat="44.83774" lon="-93.53854">
        <ele>273.9</ele>
      </trkpt>
      <trkpt lat="44.83808" lon="-93.53857">
        <ele>273.9</ele>
      </trkpt>
      <trkpt lat="44.83874" lon="-93.53857">
        <ele>276.0</ele>
      </trkpt>
      <trkpt lat="44.83926" lon="-93.53855">
        <ele>278.8</ele>
      </trkpt>
      <trkpt lat="44.83977" lon="-93.53854">
        <ele>280.4</ele>
      </trkpt>
      <trkpt lat="44.84005" lon="-93.53852">
        <ele>280.6</ele>
      </trkpt>
      <trkpt lat="44.84043" lon="-93.53852">
        <ele>280.7</ele>
      </trkpt>
      <trkpt lat="44.84055" lon="-93.53848">
        <ele>280.7</ele>
      </trkpt>
      <trkpt lat="44.84068" lon="-93.5385">
        <ele>280.6</ele>
      </trkpt>
      <trkpt lat="44.84084" lon="-93.53852">
        <ele>280.4</ele>
      </trkpt>
      <trkpt lat="44.84084" lon="-93.53887">
        <ele>280.5</ele>
      </trkpt>
      <trkpt lat="44.84083" lon="-93.53901">
        <ele>280.5</ele>
      </trkpt>
      <trkpt lat="44.84079" lon="-93.53903">
        <ele>280.5</ele>
      </trkpt>
      <trkpt lat="44.8408" lon="-93.54001">
        <ele>281.3</ele>
      </trkpt>
      <trkpt lat="44.84081" lon="-93.54098">
        <ele>281.4</ele>
      </trkpt>
      <trkpt lat="44.8408" lon="-93.54127">
        <ele>281.0</ele>
      </trkpt>
      <trkpt lat="44.8408" lon="-93.54179">
        <ele>278.8</ele>
      </trkpt>
      <trkpt lat="44.84082" lon="-93.54262">
        <ele>276.9</ele>
      </trkpt>
      <trkpt lat="44.84082" lon="-93.54356">
        <ele>278.1</ele>
      </trkpt>
      <trkpt lat="44.84084" lon="-93.54457">
        <ele>278.1</ele>
      </trkpt>
      <trkpt lat="44.84082" lon="-93.54472">
        <ele>278.1</ele>
      </trkpt>
      <trkpt lat="44.84083" lon="-93.54555">
        <ele>278.1</ele>
      </trkpt>
      <trkpt lat="44.84085" lon="-93.54638">
        <ele>278.1</ele>
      </trkpt>
      <trkpt lat="44.84087" lon="-93.54656">
        <ele>278.1</ele>
      </trkpt>
      <trkpt lat="44.84087" lon="-93.54759">
        <ele>278.1</ele>
      </trkpt>
      <trkpt lat="44.84088" lon="-93.54863">
        <ele>277.5</ele>
      </trkpt>
      <trkpt lat="44.84089" lon="-93.54966">
        <ele>273.1</ele>
      </trkpt>
      <trkpt lat="44.84088" lon="-93.55074">
        <ele>274.3</ele>
      </trkpt>
      <trkpt lat="44.84087" lon="-93.55145">
        <ele>272.9</ele>
      </trkpt>
      <trkpt lat="44.84088" lon="-93.55221">
        <ele>275.3</ele>
      </trkpt>
      <trkpt lat="44.84088" lon="-93.55298">
        <ele>277.1</ele>
      </trkpt>
      <trkpt lat="44.84092" lon="-93.55311">
        <ele>277.3</ele>
      </trkpt>
      <trkpt lat="44.84097" lon="-93.55316">
        <ele>277.1</ele>
      </trkpt>
      <trkpt lat="44.84187" lon="-93.55318">
        <ele>271.5</ele>
      </trkpt>
      <trkpt lat="44.84243" lon="-93.5532">
        <ele>270.9</ele>
      </trkpt>
      <trkpt lat="44.84299" lon="-93.55322">
        <ele>270.3</ele>
      </trkpt>
      <trkpt lat="44.84332" lon="-93.55321">
        <ele>270.8</ele>
      </trkpt>
      <trkpt lat="44.84365" lon="-93.55315">
        <ele>271.3</ele>
      </trkpt>
      <trkpt lat="44.84399" lon="-93.55305">
        <ele>271.4</ele>
      </trkpt>
      <trkpt lat="44.84427" lon="-93.55291">
        <ele>271.5</ele>
      </trkpt>
      <trkpt lat="44.84461" lon="-93.5527">
        <ele>272.6</ele>
      </trkpt>
      <trkpt lat="44.84498" lon="-93.55246">
        <ele>273.5</ele>
      </trkpt>
      <trkpt lat="44.84519" lon="-93.5523">
        <ele>275.3</ele>
      </trkpt>
      <trkpt lat="44.84548" lon="-93.55217">
        <ele>280.0</ele>
      </trkpt>
      <trkpt lat="44.84584" lon="-93.55206">
        <ele>282.6</ele>
      </trkpt>
      <trkpt lat="44.84616" lon="-93.552">
        <ele>284.5</ele>
      </trkpt>
      <trkpt lat="44.84623" lon="-93.55199">
        <ele>284.4</ele>
      </trkpt>
      <trkpt lat="44.84639" lon="-93.55203">
        <ele>284.0</ele>
      </trkpt>
      <trkpt lat="44.84725" lon="-93.55199">
        <ele>283.3</ele>
      </trkpt>
      <trkpt lat="44.84812" lon="-93.55195">
        <ele>279.6</ele>
      </trkpt>
      <trkpt lat="44.84898" lon="-93.55191">
        <ele>276.2</ele>
      </trkpt>
      <trkpt lat="44.8491" lon="-93.55185">
        <ele>275.8</ele>
      </trkpt>
      <trkpt lat="44.8492" lon="-93.55175">
        <ele>275.0</ele>
      </trkpt>
      <trkpt lat="44.84963" lon="-93.55169">
        <ele>273.6</ele>
      </trkpt>
      <trkpt lat="44.84981" lon="-93.55166">
        <ele>275.4</ele>
      </trkpt>
      <trkpt lat="44.85001" lon="-93.5517">
        <ele>278.7</ele>
      </trkpt>
      <trkpt lat="44.85041" lon="-93.55182">
        <ele>280.4</ele>
      </trkpt>
      <trkpt lat="44.85066" lon="-93.55179">
        <ele>280.7</ele>
      </trkpt>
      <trkpt lat="44.85116" lon="-93.55177">
        <ele>280.8</ele>
      </trkpt>
      <trkpt lat="44.85166" lon="-93.55174">
        <ele>278.9</ele>
      </trkpt>
      <trkpt lat="44.85197" lon="-93.55178">
        <ele>277.5</ele>
      </trkpt>
      <trkpt lat="44.8524" lon="-93.5517">
        <ele>277.0</ele>
      </trkpt>
      <trkpt lat="44.85286" lon="-93.5515">
        <ele>275.4</ele>
      </trkpt>
      <trkpt lat="44.85337" lon="-93.55116">
        <ele>276.1</ele>
      </trkpt>
      <trkpt lat="44.85378" lon="-93.55077">
        <ele>275.7</ele>
      </trkpt>
      <trkpt lat="44.85435" lon="-93.55026">
        <ele>269.9</ele>
      </trkpt>
      <trkpt lat="44.85507" lon="-93.54958">
        <ele>269.8</ele>
      </trkpt>
      <trkpt lat="44.85547" lon="-93.54918">
        <ele>269.8</ele>
      </trkpt>
      <trkpt lat="44.85587" lon="-93.54878">
        <ele>269.8</ele>
      </trkpt>
      <trkpt lat="44.85617" lon="-93.54851">
        <ele>270.2</ele>
      </trkpt>
      <trkpt lat="44.85639" lon="-93.54835">
        <ele>270.7</ele>
      </trkpt>
      <trkpt lat="44.85648" lon="-93.5483">
        <ele>270.9</ele>
      </trkpt>
      <trkpt lat="44.8566" lon="-93.54825">
        <ele>271.5</ele>
      </trkpt>
      <trkpt lat="44.85675" lon="-93.54822">
        <ele>272.9</ele>
      </trkpt>
      <trkpt lat="44.8571" lon="-93.54805">
        <ele>275.6</ele>
      </trkpt>
      <trkpt lat="44.85748" lon="-93.54798">
        <ele>277.1</ele>
      </trkpt>
      <trkpt lat="44.85814" lon="-93.54795">
        <ele>282.4</ele>
      </trkpt>
      <trkpt lat="44.85831" lon="-93.548">
        <ele>286.2</ele>
      </trkpt>
      <trkpt lat="44.85846" lon="-93.54798">
        <ele>285.6</ele>
      </trkpt>
      <trkpt lat="44.85872" lon="-93.54793">
        <ele>284.3</ele>
      </trkpt>
      <trkpt lat="44.85898" lon="-93.54793">
        <ele>283.5</ele>
      </trkpt>
      <trkpt lat="44.85978" lon="-93.54796">
        <ele>283.0</ele>
      </trkpt>
      <trkpt lat="44.85989" lon="-93.54798">
        <ele>283.0</ele>
      </trkpt>
      <trkpt lat="44.86005" lon="-93.54802">
        <ele>283.8</ele>
      </trkpt>
      <trkpt lat="44.8602" lon="-93.54801">
        <ele>285.3</ele>
      </trkpt>
      <trkpt lat="44.86035" lon="-93.54799">
        <ele>287.5</ele>
      </trkpt>
      <trkpt lat="44.86052" lon="-93.54794">
        <ele>289.7</ele>
      </trkpt>
      <trkpt lat="44.86063" lon="-93.54788">
        <ele>290.2</ele>
      </trkpt>
      <trkpt lat="44.86117" lon="-93.54756">
        <ele>289.6</ele>
      </trkpt>
      <trkpt lat="44.8613" lon="-93.54745">
        <ele>289.6</ele>
      </trkpt>
      <trkpt lat="44.86136" lon="-93.54737">
        <ele>289.5</ele>
      </trkpt>
      <trkpt lat="44.86144" lon="-93.54743">
        <ele>289.3</ele>
      </trkpt>
      <trkpt lat="44.86149" lon="-93.54742">
        <ele>289.2</ele>
      </trkpt>
      <trkpt lat="44.86179" lon="-93.54724">
        <ele>289.5</ele>
      </trkpt>
      <trkpt lat="44.86185" lon="-93.54701">
        <ele>289.4</ele>
      </trkpt>
      <trkpt lat="44.86195" lon="-93.54701">
        <ele>289.6</ele>
      </trkpt>
      <trkpt lat="44.86204" lon="-93.54698">
        <ele>289.6</ele>
      </trkpt>
      <trkpt lat="44.86249" lon="-93.54677">
        <ele>289.6</ele>
      </trkpt>
      <trkpt lat="44.86294" lon="-93.54657">
        <ele>290.4</ele>
      </trkpt>
      <trkpt lat="44.86304" lon="-93.54656">
        <ele>290.8</ele>
      </trkpt>
      <trkpt lat="44.86319" lon="-93.54651">
        <ele>291.9</ele>
      </trkpt>
      <trkpt lat="44.86329" lon="-93.54646">
        <ele>292.6</ele>
      </trkpt>
      <trkpt lat="44.86335" lon="-93.5465">
        <ele>293.4</ele>
      </trkpt>
      <trkpt lat="44.86349" lon="-93.54649">
        <ele>294.8</ele>
      </trkpt>
      <trkpt lat="44.86396" lon="-93.54638">
        <ele>295.8</ele>
      </trkpt>
      <trkpt lat="44.86448" lon="-93.54636">
        <ele>294.9</ele>
      </trkpt>
      <trkpt lat="44.86467" lon="-93.54637">
        <ele>291.3</ele>
      </trkpt>
      <trkpt lat="44.86474" lon="-93.54643">
        <ele>290.1</ele>
      </trkpt>
      <trkpt lat="44.86493" lon="-93.54644">
        <ele>289.2</ele>
      </trkpt>
      <trkpt lat="44.86561" lon="-93.54643">
        <ele>292.6</ele>
      </trkpt>
      <trkpt lat="44.8663" lon="-93.54642">
        <ele>297.0</ele>
      </trkpt>
      <trkpt lat="44.86638" lon="-93.5464">
        <ele>297.6</ele>
      </trkpt>
      <trkpt lat="44.8665" lon="-93.54643">
        <ele>298.7</ele>
      </trkpt>
      <trkpt lat="44.86693" lon="-93.54642">
        <ele>301.7</ele>
      </trkpt>
      <trkpt lat="44.86775" lon="-93.54642">
        <ele>307.9</ele>
      </trkpt>
      <trkpt lat="44.86811" lon="-93.54639">
        <ele>307.1</ele>
      </trkpt>
      <trkpt lat="44.86867" lon="-93.54638">
        <ele>307.4</ele>
      </trkpt>
      <trkpt lat="44.86875" lon="-93.54638">
        <ele>307.4</ele>
      </trkpt>
      <trkpt lat="44.86892" lon="-93.54633">
        <ele>307.2</ele>
      </trkpt>
      <trkpt lat="44.86907" lon="-93.54633">
        <ele>307.2</ele>
      </trkpt>
      <trkpt lat="44.86936" lon="-93.5464">
        <ele>307.3</ele>
      </trkpt>
      <trkpt lat="44.86962" lon="-93.54649">
        <ele>307.3</ele>
      </trkpt>
      <trkpt lat="44.86989" lon="-93.54664">
        <ele>307.3</ele>
      </trkpt>
      <trkpt lat="44.87033" lon="-93.5469">
        <ele>307.6</ele>
      </trkpt>
      <trkpt lat="44.87078" lon="-93.54717">
        <ele>301.5</ele>
      </trkpt>
      <trkpt lat="44.87115" lon="-93.54744">
        <ele>302.0</ele>
      </trkpt>
      <trkpt lat="44.87139" lon="-93.54752">
        <ele>301.6</ele>
      </trkpt>
      <trkpt lat="44.87185" lon="-93.5478">
        <ele>299.3</ele>
      </trkpt>
      <trkpt lat="44.87232" lon="-93.54808">
        <ele>299.1</ele>
      </trkpt>
      <trkpt lat="44.8725" lon="-93.5482">
        <ele>300.2</ele>
      </trkpt>
      <trkpt lat="44.87279" lon="-93.54842">
        <ele>304.0</ele>
      </trkpt>
      <trkpt lat="44.87301" lon="-93.54851">
        <ele>304.9</ele>
      </trkpt>
      <trkpt lat="44.87341" lon="-93.54881">
        <ele>304.8</ele>
      </trkpt>
      <trkpt lat="44.87371" lon="-93.54898">
        <ele>303.6</ele>
      </trkpt>
      <trkpt lat="44.87411" lon="-93.54924">
        <ele>302.5</ele>
      </trkpt>
      <trkpt lat="44.87456" lon="-93.54947">
        <ele>301.6</ele>
      </trkpt>
      <trkpt lat="44.87484" lon="-93.54957">
        <ele>301.7</ele>
      </trkpt>
      <trkpt lat="44.87523" lon="-93.54963">
        <ele>301.6</ele>
      </trkpt>
      <trkpt lat="44.87559" lon="-93.54965">
        <ele>301.6</ele>
      </trkpt>
      <trkpt lat="44.8764" lon="-93.54962">
        <ele>302.0</ele>
      </trkpt>
      <trkpt lat="44.87711" lon="-93.54961">
        <ele>304.8</ele>
      </trkpt>
      <trkpt lat="44.87757" lon="-93.54959">
        <ele>301.2</ele>
      </trkpt>
      <trkpt lat="44.87812" lon="-93.5496">
        <ele>301.4</ele>
      </trkpt>
      <trkpt lat="44.87822" lon="-93.54961">
        <ele>301.5</ele>
      </trkpt>
      <trkpt lat="44.879" lon="-93.54959">
        <ele>301.7</ele>
      </trkpt>
      <trkpt lat="44.8793" lon="-93.54957">
        <ele>304.2</ele>
      </trkpt>
      <trkpt lat="44.87946" lon="-93.54951">
        <ele>305.1</ele>
      </trkpt>
      <trkpt lat="44.87992" lon="-93.5495">
        <ele>306.2</ele>
      </trkpt>
      <trkpt lat="44.88038" lon="-93.54949">
        <ele>307.6</ele>
      </trkpt>
      <trkpt lat="44.88052" lon="-93.54951">
        <ele>307.2</ele>
      </trkpt>
      <trkpt lat="44.88067" lon="-93.54955">
        <ele>306.7</ele>
      </trkpt>
      <trkpt lat="44.88131" lon="-93.5495">
        <ele>306.2</ele>
      </trkpt>
      <trkpt lat="44.88141" lon="-93.54947">
        <ele>306.1</ele>
      </trkpt>
      <trkpt lat="44.88191" lon="-93.54947">
        <ele>305.0</ele>
      </trkpt>
      <trkpt lat="44.88236" lon="-93.54944">
        <ele>304.8</ele>
      </trkpt>
      <trkpt lat="44.88272" lon="-93.54943">
        <ele>304.9</ele>
      </trkpt>
      <trkpt lat="44.88284" lon="-93.5494">
        <ele>304.9</ele>
      </trkpt>
      <trkpt lat="44.88326" lon="-93.5494">
        <ele>306.7</ele>
      </trkpt>
      <trkpt lat="44.88353" lon="-93.54938">
        <ele>307.2</ele>
      </trkpt>
      <trkpt lat="44.88372" lon="-93.5494">
        <ele>307.7</ele>
      </trkpt>
      <trkpt lat="44.88427" lon="-93.54936">
        <ele>309.8</ele>
      </trkpt>
      <trkpt lat="44.88479" lon="-93.54936">
        <ele>306.1</ele>
      </trkpt>
      <trkpt lat="44.88505" lon="-93.54938">
        <ele>302.9</ele>
      </trkpt>
      <trkpt lat="44.88562" lon="-93.54935">
        <ele>292.4</ele>
      </trkpt>
      <trkpt lat="44.88607" lon="-93.54934">
        <ele>292.4</ele>
      </trkpt>
      <trkpt lat="44.88653" lon="-93.54928">
        <ele>298.6</ele>
      </trkpt>
      <trkpt lat="44.88688" lon="-93.54927">
        <ele>301.4</ele>
      </trkpt>
      <trkpt lat="44.88751" lon="-93.54932">
        <ele>298.1</ele>
      </trkpt>
      <trkpt lat="44.88765" lon="-93.54936">
        <ele>296.9</ele>
      </trkpt>
      <trkpt lat="44.88793" lon="-93.54956">
        <ele>292.0</ele>
      </trkpt>
      <trkpt lat="44.88823" lon="-93.54971">
        <ele>288.2</ele>
      </trkpt>
      <trkpt lat="44.88842" lon="-93.54985">
        <ele>296.8</ele>
      </trkpt>
      <trkpt lat="44.88872" lon="-93.55007">
        <ele>298.6</ele>
      </trkpt>
      <trkpt lat="44.8894" lon="-93.5506">
        <ele>301.5</ele>
      </trkpt>
      <trkpt lat="44.88958" lon="-93.55077">
        <ele>303.9</ele>
      </trkpt>
      <trkpt lat="44.88984" lon="-93.55093">
        <ele>304.1</ele>
      </trkpt>
      <trkpt lat="44.89038" lon="-93.55134">
        <ele>297.8</ele>
      </trkpt>
      <trkpt lat="44.8903" lon="-93.55151">
        <ele>299.0</ele>
      </trkpt>
      <trkpt lat="44.89095" lon="-93.55202">
        <ele>297.3</ele>
      </trkpt>
      <trkpt lat="44.89119" lon="-93.55217">
        <ele>297.9</ele>
      </trkpt>
      <trkpt lat="44.89151" lon="-93.55237">
        <ele>298.7</ele>
      </trkpt>
      <trkpt lat="44.89204" lon="-93.55273">
        <ele>299.2</ele>
      </trkpt>
      <trkpt lat="44.89249" lon="-93.55317">
        <ele>299.3</ele>
      </trkpt>
      <trkpt lat="44.89294" lon="-93.55361">
        <ele>299.4</ele>
      </trkpt>
      <trkpt lat="44.8933" lon="-93.55402">
        <ele>297.3</ele>
      </trkpt>
      <trkpt lat="44.89379" lon="-93.55461">
        <ele>300.4</ele>
      </trkpt>
      <trkpt lat="44.89429" lon="-93.55521">
        <ele>301.1</ele>
      </trkpt>
      <trkpt lat="44.89479" lon="-93.5558">
        <ele>294.8</ele>
      </trkpt>
      <trkpt lat="44.89521" lon="-93.55627">
        <ele>293.7</ele>
      </trkpt>
      <trkpt lat="44.89563" lon="-93.55675">
        <ele>293.0</ele>
      </trkpt>
      <trkpt lat="44.8961" lon="-93.55736">
        <ele>296.5</ele>
      </trkpt>
      <trkpt lat="44.89631" lon="-93.55774">
        <ele>296.7</ele>
      </trkpt>
      <trkpt lat="44.89648" lon="-93.55811">
        <ele>297.4</ele>
      </trkpt>
      <trkpt lat="44.89691" lon="-93.55893">
        <ele>295.2</ele>
      </trkpt>
      <trkpt lat="44.89735" lon="-93.55974">
        <ele>293.4</ele>
      </trkpt>
      <trkpt lat="44.89769" lon="-93.56025">
        <ele>292.5</ele>
      </trkpt>
      <trkpt lat="44.89803" lon="-93.56076">
        <ele>294.5</ele>
      </trkpt>
      <trkpt lat="44.89825" lon="-93.561">
        <ele>296.8</ele>
      </trkpt>
      <trkpt lat="44.8984" lon="-93.56115">
        <ele>298.0</ele>
      </trkpt>
      <trkpt lat="44.89866" lon="-93.56131">
        <ele>298.1</ele>
      </trkpt>
      <trkpt lat="44.89894" lon="-93.56147">
        <ele>296.1</ele>
      </trkpt>
      <trkpt lat="44.89902" lon="-93.56147">
        <ele>294.6</ele>
      </trkpt>
      <trkpt lat="44.89912" lon="-93.56153">
        <ele>292.9</ele>
      </trkpt>
      <trkpt lat="44.89918" lon="-93.5616">
        <ele>294.0</ele>
      </trkpt>
      <trkpt lat="44.89969" lon="-93.56187">
        <ele>293.4</ele>
      </trkpt>
      <trkpt lat="44.9002" lon="-93.56214">
        <ele>293.6</ele>
      </trkpt>
      <trkpt lat="44.90045" lon="-93.56228">
        <ele>293.8</ele>
      </trkpt>
      <trkpt lat="44.90045" lon="-93.56228">
        <ele>293.8</ele>
      </trkpt>
      <trkpt lat="44.9007" lon="-93.56241">
        <ele>293.9</ele>
      </trkpt>
      <trkpt lat="44.90102" lon="-93.56257">
        <ele>294.1</ele>
      </trkpt>
      <trkpt lat="44.90149" lon="-93.56281">
        <ele>293.3</ele>
      </trkpt>
      <trkpt lat="44.90196" lon="-93.56306">
        <ele>288.8</ele>
      </trkpt>
      <trkpt lat="44.90211" lon="-93.56312">
        <ele>288.1</ele>
      </trkpt>
      <trkpt lat="44.90206" lon="-93.56301">
        <ele>288.3</ele>
      </trkpt>
      <trkpt lat="44.90207" lon="-93.56252">
        <ele>288.1</ele>
      </trkpt>
      <trkpt lat="44.90209" lon="-93.56237">
        <ele>288.0</ele>
      </trkpt>
      <trkpt lat="44.90211" lon="-93.56231">
        <ele>287.8</ele>
      </trkpt>
      <trkpt lat="44.90214" lon="-93.56226">
        <ele>287.7</ele>
      </trkpt>
      <trkpt lat="44.90221" lon="-93.562">
        <ele>287.2</ele>
      </trkpt>
      <trkpt lat="44.90245" lon="-93.56134">
        <ele>286.4</ele>
      </trkpt>
      <trkpt lat="44.90276" lon="-93.56033">
        <ele>286.2</ele>
      </trkpt>
      <trkpt lat="44.90282" lon="-93.56007">
        <ele>286.3</ele>
      </trkpt>
      <trkpt lat="44.90285" lon="-93.55989">
        <ele>286.2</ele>
      </trkpt>
      <trkpt lat="44.90286" lon="-93.55976">
        <ele>286.2</ele>
      </trkpt>
      <trkpt lat="44.90293" lon="-93.55974">
        <ele>286.0</ele>
      </trkpt>
      <trkpt lat="44.90362" lon="-93.55962">
        <ele>286.0</ele>
      </trkpt>
      <trkpt lat="44.9043" lon="-93.5595">
        <ele>286.0</ele>
      </trkpt>
      <trkpt lat="44.90499" lon="-93.55938">
        <ele>286.0</ele>
      </trkpt>
      <trkpt lat="44.90514" lon="-93.55933">
        <ele>286.0</ele>
      </trkpt>
      <trkpt lat="44.90538" lon="-93.5593">
        <ele>285.9</ele>
      </trkpt>
      <trkpt lat="44.9054" lon="-93.55928">
        <ele>285.9</ele>
      </trkpt>
      <trkpt lat="44.90545" lon="-93.55917">
        <ele>285.9</ele>
      </trkpt>
      <trkpt lat="44.90548" lon="-93.55913">
        <ele>285.9</ele>
      </trkpt>
      <trkpt lat="44.90556" lon="-93.55911">
        <ele>285.9</ele>
      </trkpt>
      <trkpt lat="44.90585" lon="-93.55908">
        <ele>285.9</ele>
      </trkpt>
      <trkpt lat="44.90589" lon="-93.55907">
        <ele>285.9</ele>
      </trkpt>
      <trkpt lat="44.90594" lon="-93.55903">
        <ele>285.9</ele>
      </trkpt>
      <trkpt lat="44.9062" lon="-93.55901">
        <ele>286.0</ele>
      </trkpt>
      <trkpt lat="44.90624" lon="-93.55902">
        <ele>286.0</ele>
      </trkpt>
      <trkpt lat="44.90639" lon="-93.55912">
        <ele>286.0</ele>
      </trkpt>
      <trkpt lat="44.90643" lon="-93.55912">
        <ele>286.0</ele>
      </trkpt>
      <trkpt lat="44.90667" lon="-93.55907">
        <ele>286.0</ele>
      </trkpt>
      <trkpt lat="44.90753" lon="-93.55885">
        <ele>286.2</ele>
      </trkpt>
      <trkpt lat="44.90804" lon="-93.55876">
        <ele>288.6</ele>
      </trkpt>
      <trkpt lat="44.90834" lon="-93.5587">
        <ele>288.7</ele>
      </trkpt>
      <trkpt lat="44.90869" lon="-93.55854">
        <ele>287.6</ele>
      </trkpt>
      <trkpt lat="44.90885" lon="-93.55845">
        <ele>287.3</ele>
      </trkpt>
      <trkpt lat="44.90897" lon="-93.55831">
        <ele>286.8</ele>
      </trkpt>
      <trkpt lat="44.90918" lon="-93.55823">
        <ele>286.4</ele>
      </trkpt>
      <trkpt lat="44.90932" lon="-93.55814">
        <ele>286.1</ele>
      </trkpt>
      <trkpt lat="44.90967" lon="-93.55787">
        <ele>286.0</ele>
      </trkpt>
      <trkpt lat="44.90994" lon="-93.5576">
        <ele>286.0</ele>
      </trkpt>
      <trkpt lat="44.91019" lon="-93.55736">
        <ele>286.0</ele>
      </trkpt>
      <trkpt lat="44.91076" lon="-93.55674">
        <ele>286.2</ele>
      </trkpt>
      <trkpt lat="44.91134" lon="-93.55611">
        <ele>286.9</ele>
      </trkpt>
      <trkpt lat="44.91199" lon="-93.55544">
        <ele>289.7</ele>
      </trkpt>
      <trkpt lat="44.91264" lon="-93.55476">
        <ele>289.7</ele>
      </trkpt>
      <trkpt lat="44.91328" lon="-93.55408">
        <ele>289.6</ele>
      </trkpt>
      <trkpt lat="44.91353" lon="-93.55386">
        <ele>289.5</ele>
      </trkpt>
      <trkpt lat="44.91404" lon="-93.55345">
        <ele>287.6</ele>
      </trkpt>
      <trkpt lat="44.91431" lon="-93.5533">
        <ele>287.2</ele>
      </trkpt>
      <trkpt lat="44.91479" lon="-93.55305">
        <ele>287.4</ele>
      </trkpt>
      <trkpt lat="44.91527" lon="-93.55281">
        <ele>287.8</ele>
      </trkpt>
      <trkpt lat="44.9158" lon="-93.55248">
        <ele>286.6</ele>
      </trkpt>
      <trkpt lat="44.91626" lon="-93.55213">
        <ele>286.6</ele>
      </trkpt>
      <trkpt lat="44.91664" lon="-93.55177">
        <ele>286.5</ele>
      </trkpt>
      <trkpt lat="44.91702" lon="-93.5514">
        <ele>286.4</ele>
      </trkpt>
      <trkpt lat="44.91742" lon="-93.55099">
        <ele>286.5</ele>
      </trkpt>
      <trkpt lat="44.91783" lon="-93.55058">
        <ele>286.4</ele>
      </trkpt>
      <trkpt lat="44.91833" lon="-93.55">
        <ele>286.3</ele>
      </trkpt>
      <trkpt lat="44.91856" lon="-93.54969">
        <ele>286.1</ele>
      </trkpt>
      <trkpt lat="44.91895" lon="-93.54906">
        <ele>285.7</ele>
      </trkpt>
      <trkpt lat="44.91911" lon="-93.54871">
        <ele>285.9</ele>
      </trkpt>
      <trkpt lat="44.9195" lon="-93.54772">
        <ele>286.7</ele>
      </trkpt>
      <trkpt lat="44.91987" lon="-93.54664">
        <ele>288.0</ele>
      </trkpt>
      <trkpt lat="44.92003" lon="-93.54628">
        <ele>289.0</ele>
      </trkpt>
      <trkpt lat="44.92025" lon="-93.54557">
        <ele>289.6</ele>
      </trkpt>
      <trkpt lat="44.92036" lon="-93.54515">
        <ele>290.1</ele>
      </trkpt>
      <trkpt lat="44.92045" lon="-93.54467">
        <ele>290.8</ele>
      </trkpt>
      <trkpt lat="44.92051" lon="-93.54421">
        <ele>290.5</ele>
      </trkpt>
      <trkpt lat="44.92062" lon="-93.54343">
        <ele>290.0</ele>
      </trkpt>
      <trkpt lat="44.92075" lon="-93.54233">
        <ele>287.0</ele>
      </trkpt>
      <trkpt lat="44.92088" lon="-93.54123">
        <ele>288.0</ele>
      </trkpt>
      <trkpt lat="44.92096" lon="-93.54067">
        <ele>289.6</ele>
      </trkpt>
      <trkpt lat="44.92103" lon="-93.54029">
        <ele>289.1</ele>
      </trkpt>
      <trkpt lat="44.92116" lon="-93.53973">
        <ele>288.3</ele>
      </trkpt>
      <trkpt lat="44.9213" lon="-93.53925">
        <ele>287.3</ele>
      </trkpt>
      <trkpt lat="44.9214" lon="-93.53896">
        <ele>286.5</ele>
      </trkpt>
      <trkpt lat="44.92173" lon="-93.53802">
        <ele>286.6</ele>
      </trkpt>
      <trkpt lat="44.92206" lon="-93.53709">
        <ele>287.3</ele>
      </trkpt>
      <trkpt lat="44.92239" lon="-93.53616">
        <ele>288.9</ele>
      </trkpt>
      <trkpt lat="44.92243" lon="-93.53602">
        <ele>288.9</ele>
      </trkpt>
      <trkpt lat="44.92266" lon="-93.53535">
        <ele>289.5</ele>
      </trkpt>
      <trkpt lat="44.9229" lon="-93.53467">
        <ele>286.3</ele>
      </trkpt>
      <trkpt lat="44.92302" lon="-93.53422">
        <ele>285.9</ele>
      </trkpt>
      <trkpt lat="44.92312" lon="-93.53376">
        <ele>285.4</ele>
      </trkpt>
      <trkpt lat="44.92333" lon="-93.53269">
        <ele>285.4</ele>
      </trkpt>
      <trkpt lat="44.92339" lon="-93.5322">
        <ele>285.4</ele>
      </trkpt>
      <trkpt lat="44.92349" lon="-93.531">
        <ele>285.6</ele>
      </trkpt>
      <trkpt lat="44.92354" lon="-93.53026">
        <ele>285.7</ele>
      </trkpt>
      <trkpt lat="44.9236" lon="-93.52952">
        <ele>285.8</ele>
      </trkpt>
      <trkpt lat="44.92366" lon="-93.52881">
        <ele>286.0</ele>
      </trkpt>
      <trkpt lat="44.92373" lon="-93.52768">
        <ele>288.2</ele>
      </trkpt>
      <trkpt lat="44.92386" lon="-93.52646">
        <ele>288.2</ele>
      </trkpt>
      <trkpt lat="44.92399" lon="-93.52544">
        <ele>289.2</ele>
      </trkpt>
      <trkpt lat="44.92409" lon="-93.52487">
        <ele>287.3</ele>
      </trkpt>
      <trkpt lat="44.9243" lon="-93.5238">
        <ele>286.5</ele>
      </trkpt>
      <trkpt lat="44.9245" lon="-93.52288">
        <ele>285.8</ele>
      </trkpt>
      <trkpt lat="44.92467" lon="-93.52225">
        <ele>285.5</ele>
      </trkpt>
      <trkpt lat="44.92484" lon="-93.52161">
        <ele>285.4</ele>
      </trkpt>
      <trkpt lat="44.92516" lon="-93.52046">
        <ele>285.4</ele>
      </trkpt>
      <trkpt lat="44.92548" lon="-93.51931">
        <ele>285.4</ele>
      </trkpt>
      <trkpt lat="44.9258" lon="-93.51817">
        <ele>285.4</ele>
      </trkpt>
      <trkpt lat="44.92608" lon="-93.51719">
        <ele>285.2</ele>
      </trkpt>
      <trkpt lat="44.92636" lon="-93.51621">
        <ele>278.8</ele>
      </trkpt>
      <trkpt lat="44.92663" lon="-93.51521">
        <ele>278.7</ele>
      </trkpt>
      <trkpt lat="44.92691" lon="-93.51421">
        <ele>278.7</ele>
      </trkpt>
      <trkpt lat="44.92718" lon="-93.51321">
        <ele>277.9</ele>
      </trkpt>
      <trkpt lat="44.92746" lon="-93.51222">
        <ele>278.0</ele>
      </trkpt>
      <trkpt lat="44.92774" lon="-93.51122">
        <ele>277.5</ele>
      </trkpt>
      <trkpt lat="44.92794" lon="-93.51054">
        <ele>277.6</ele>
      </trkpt>
      <trkpt lat="44.92817" lon="-93.50965">
        <ele>277.5</ele>
      </trkpt>
      <trkpt lat="44.92835" lon="-93.50903">
        <ele>278.2</ele>
      </trkpt>
      <trkpt lat="44.92851" lon="-93.50843">
        <ele>277.5</ele>
      </trkpt>
      <trkpt lat="44.92868" lon="-93.50784">
        <ele>277.4</ele>
      </trkpt>
      <trkpt lat="44.92885" lon="-93.50722">
        <ele>277.4</ele>
      </trkpt>
      <trkpt lat="44.92902" lon="-93.5066">
        <ele>279.2</ele>
      </trkpt>
      <trkpt lat="44.92922" lon="-93.50584">
        <ele>278.7</ele>
      </trkpt>
      <trkpt lat="44.92949" lon="-93.50471">
        <ele>278.5</ele>
      </trkpt>
      <trkpt lat="44.92962" lon="-93.50397">
        <ele>280.5</ele>
      </trkpt>
      <trkpt lat="44.92969" lon="-93.50353">
        <ele>280.5</ele>
      </trkpt>
      <trkpt lat="44.92981" lon="-93.50308">
        <ele>279.6</ele>
      </trkpt>
      <trkpt lat="44.92984" lon="-93.50292">
        <ele>279.3</ele>
      </trkpt>
      <trkpt lat="44.9299" lon="-93.50244">
        <ele>278.5</ele>
      </trkpt>
      <trkpt lat="44.92992" lon="-93.50226">
        <ele>278.2</ele>
      </trkpt>
      <trkpt lat="44.92993" lon="-93.50194">
        <ele>277.7</ele>
      </trkpt>
      <trkpt lat="44.92996" lon="-93.50173">
        <ele>277.7</ele>
      </trkpt>
      <trkpt lat="44.93004" lon="-93.50108">
        <ele>277.6</ele>
      </trkpt>
      <trkpt lat="44.93013" lon="-93.50043">
        <ele>277.4</ele>
      </trkpt>
      <trkpt lat="44.9302" lon="-93.50001">
        <ele>277.4</ele>
      </trkpt>
      <trkpt lat="44.93036" lon="-93.49881">
        <ele>277.4</ele>
      </trkpt>
      <trkpt lat="44.93052" lon="-93.49761">
        <ele>277.5</ele>
      </trkpt>
      <trkpt lat="44.93065" lon="-93.49659">
        <ele>277.7</ele>
      </trkpt>
      <trkpt lat="44.93078" lon="-93.49558">
        <ele>278.4</ele>
      </trkpt>
      <trkpt lat="44.93091" lon="-93.49457">
        <ele>278.6</ele>
      </trkpt>
      <trkpt lat="44.93108" lon="-93.49337">
        <ele>279.4</ele>
      </trkpt>
      <trkpt lat="44.93124" lon="-93.49217">
        <ele>277.5</ele>
      </trkpt>
      <trkpt lat="44.9314" lon="-93.49124">
        <ele>277.9</ele>
      </trkpt>
      <trkpt lat="44.93151" lon="-93.4908">
        <ele>278.2</ele>
      </trkpt>
      <trkpt lat="44.93164" lon="-93.49036">
        <ele>278.9</ele>
      </trkpt>
      <trkpt lat="44.9318" lon="-93.48994">
        <ele>279.4</ele>
      </trkpt>
      <trkpt lat="44.93197" lon="-93.48954">
        <ele>280.6</ele>
      </trkpt>
      <trkpt lat="44.93216" lon="-93.48915">
        <ele>281.3</ele>
      </trkpt>
      <trkpt lat="44.93237" lon="-93.48879">
        <ele>282.6</ele>
      </trkpt>
      <trkpt lat="44.93289" lon="-93.48792">
        <ele>280.3</ele>
      </trkpt>
      <trkpt lat="44.93341" lon="-93.48706">
        <ele>280.4</ele>
      </trkpt>
      <trkpt lat="44.93393" lon="-93.4862">
        <ele>281.9</ele>
      </trkpt>
      <trkpt lat="44.93445" lon="-93.48534">
        <ele>283.3</ele>
      </trkpt>
      <trkpt lat="44.93487" lon="-93.48451">
        <ele>284.4</ele>
      </trkpt>
      <trkpt lat="44.93508" lon="-93.48398">
        <ele>286.3</ele>
      </trkpt>
      <trkpt lat="44.93525" lon="-93.48349">
        <ele>286.5</ele>
      </trkpt>
      <trkpt lat="44.93544" lon="-93.4829">
        <ele>287.0</ele>
      </trkpt>
      <trkpt lat="44.9356" lon="-93.48227">
        <ele>288.4</ele>
      </trkpt>
      <trkpt lat="44.93575" lon="-93.48155">
        <ele>289.2</ele>
      </trkpt>
      <trkpt lat="44.93582" lon="-93.48115">
        <ele>289.5</ele>
      </trkpt>
      <trkpt lat="44.93597" lon="-93.47994">
        <ele>289.8</ele>
      </trkpt>
      <trkpt lat="44.93612" lon="-93.47873">
        <ele>290.4</ele>
      </trkpt>
      <trkpt lat="44.93628" lon="-93.47752">
        <ele>287.8</ele>
      </trkpt>
      <trkpt lat="44.93643" lon="-93.4763">
        <ele>286.6</ele>
      </trkpt>
      <trkpt lat="44.93658" lon="-93.47509">
        <ele>286.6</ele>
      </trkpt>
      <trkpt lat="44.93674" lon="-93.47388">
        <ele>287.1</ele>
      </trkpt>
      <trkpt lat="44.93689" lon="-93.47267">
        <ele>287.0</ele>
      </trkpt>
      <trkpt lat="44.93704" lon="-93.47146">
        <ele>286.7</ele>
      </trkpt>
      <trkpt lat="44.9372" lon="-93.47024">
        <ele>286.5</ele>
      </trkpt>
      <trkpt lat="44.93735" lon="-93.46903">
        <ele>285.1</ele>
      </trkpt>
      <trkpt lat="44.93746" lon="-93.46799">
        <ele>284.8</ele>
      </trkpt>
      <trkpt lat="44.9375" lon="-93.46779">
        <ele>284.4</ele>
      </trkpt>
      <trkpt lat="44.93756" lon="-93.46762">
        <ele>284.1</ele>
      </trkpt>
      <trkpt lat="44.93762" lon="-93.46747">
        <ele>284.0</ele>
      </trkpt>
      <trkpt lat="44.93772" lon="-93.46731">
        <ele>284.0</ele>
      </trkpt>
      <trkpt lat="44.93776" lon="-93.46722">
        <ele>284.0</ele>
      </trkpt>
      <trkpt lat="44.93776" lon="-93.46707">
        <ele>284.0</ele>
      </trkpt>
      <trkpt lat="44.93779" lon="-93.46683">
        <ele>283.8</ele>
      </trkpt>
      <trkpt lat="44.93779" lon="-93.4668">
        <ele>283.8</ele>
      </trkpt>
      <trkpt lat="44.93783" lon="-93.46678">
        <ele>283.7</ele>
      </trkpt>
      <trkpt lat="44.93809" lon="-93.46679">
        <ele>283.3</ele>
      </trkpt>
      <trkpt lat="44.9382" lon="-93.46678">
        <ele>283.3</ele>
      </trkpt>
      <trkpt lat="44.93823" lon="-93.46676">
        <ele>283.3</ele>
      </trkpt>
      <trkpt lat="44.93826" lon="-93.46673">
        <ele>283.3</ele>
      </trkpt>
      <trkpt lat="44.9382" lon="-93.46663">
        <ele>283.3</ele>
      </trkpt>
      <trkpt lat="44.93817" lon="-93.46651">
        <ele>283.3</ele>
      </trkpt>
      <trkpt lat="44.93818" lon="-93.46639">
        <ele>283.3</ele>
      </trkpt>
      <trkpt lat="44.93827" lon="-93.46607">
        <ele>283.4</ele>
      </trkpt>
      <trkpt lat="44.9386" lon="-93.46515">
        <ele>283.3</ele>
      </trkpt>
      <trkpt lat="44.93872" lon="-93.46486">
        <ele>283.3</ele>
      </trkpt>
      <trkpt lat="44.93892" lon="-93.46442">
        <ele>283.3</ele>
      </trkpt>
      <trkpt lat="44.93907" lon="-93.46414">
        <ele>283.3</ele>
      </trkpt>
      <trkpt lat="44.93919" lon="-93.46399">
        <ele>283.3</ele>
      </trkpt>
      <trkpt lat="44.93928" lon="-93.4639">
        <ele>283.3</ele>
      </trkpt>
      <trkpt lat="44.93935" lon="-93.46382">
        <ele>283.3</ele>
      </trkpt>
      <trkpt lat="44.93937" lon="-93.46371">
        <ele>283.3</ele>
      </trkpt>
      <trkpt lat="44.93939" lon="-93.46355">
        <ele>283.3</ele>
      </trkpt>
      <trkpt lat="44.93943" lon="-93.46337">
        <ele>283.3</ele>
      </trkpt>
      <trkpt lat="44.93963" lon="-93.4627">
        <ele>283.4</ele>
      </trkpt>
      <trkpt lat="44.93971" lon="-93.46239">
        <ele>283.5</ele>
      </trkpt>
      <trkpt lat="44.93974" lon="-93.4623">
        <ele>283.5</ele>
      </trkpt>
      <trkpt lat="44.93974" lon="-93.4623">
        <ele>283.5</ele>
      </trkpt>
      <trkpt lat="44.93992" lon="-93.46184">
        <ele>283.4</ele>
      </trkpt>
      <trkpt lat="44.94016" lon="-93.46104">
        <ele>283.6</ele>
      </trkpt>
      <trkpt lat="44.94031" lon="-93.46028">
        <ele>283.4</ele>
      </trkpt>
      <trkpt lat="44.94043" lon="-93.45954">
        <ele>283.4</ele>
      </trkpt>
      <trkpt lat="44.94054" lon="-93.45879">
        <ele>283.6</ele>
      </trkpt>
      <trkpt lat="44.94059" lon="-93.45838">
        <ele>285.4</ele>
      </trkpt>
      <trkpt lat="44.94062" lon="-93.45824">
        <ele>285.3</ele>
      </trkpt>
      <trkpt lat="44.94067" lon="-93.45813">
        <ele>284.8</ele>
      </trkpt>
      <trkpt lat="44.94072" lon="-93.45811">
        <ele>283.7</ele>
      </trkpt>
      <trkpt lat="44.94084" lon="-93.45808">
        <ele>282.3</ele>
      </trkpt>
      <trkpt lat="44.94098" lon="-93.45807">
        <ele>286.6</ele>
      </trkpt>
      <trkpt lat="44.9413" lon="-93.45806">
        <ele>286.9</ele>
      </trkpt>
      <trkpt lat="44.94189" lon="-93.45802">
        <ele>287.3</ele>
      </trkpt>
      <trkpt lat="44.94217" lon="-93.45803">
        <ele>289.7</ele>
      </trkpt>
      <trkpt lat="44.94256" lon="-93.458">
        <ele>291.2</ele>
      </trkpt>
      <trkpt lat="44.94285" lon="-93.45795">
        <ele>291.8</ele>
      </trkpt>
      <trkpt lat="44.94317" lon="-93.45782">
        <ele>292.3</ele>
      </trkpt>
      <trkpt lat="44.94347" lon="-93.45771">
        <ele>293.7</ele>
      </trkpt>
      <trkpt lat="44.94366" lon="-93.45769">
        <ele>294.7</ele>
      </trkpt>
      <trkpt lat="44.94407" lon="-93.45756">
        <ele>294.8</ele>
      </trkpt>
      <trkpt lat="44.94463" lon="-93.45754">
        <ele>295.0</ele>
      </trkpt>
      <trkpt lat="44.94498" lon="-93.45759">
        <ele>295.3</ele>
      </trkpt>
      <trkpt lat="44.94509" lon="-93.45762">
        <ele>295.1</ele>
      </trkpt>
      <trkpt lat="44.94544" lon="-93.45776">
        <ele>294.4</ele>
      </trkpt>
      <trkpt lat="44.9458" lon="-93.45789">
        <ele>293.6</ele>
      </trkpt>
      <trkpt lat="44.94589" lon="-93.45789">
        <ele>294.0</ele>
      </trkpt>
      <trkpt lat="44.94609" lon="-93.45799">
        <ele>295.2</ele>
      </trkpt>
      <trkpt lat="44.94619" lon="-93.45803">
        <ele>295.7</ele>
      </trkpt>
      <trkpt lat="44.94623" lon="-93.45787">
        <ele>295.7</ele>
      </trkpt>
      <trkpt lat="44.94706" lon="-93.45823">
        <ele>299.6</ele>
      </trkpt>
      <trkpt lat="44.94789" lon="-93.4586">
        <ele>301.8</ele>
      </trkpt>
      <trkpt lat="44.94872" lon="-93.45896">
        <ele>302.2</ele>
      </trkpt>
      <trkpt lat="44.94954" lon="-93.45933">
        <ele>304.9</ele>
      </trkpt>
      <trkpt lat="44.95024" lon="-93.45958">
        <ele>295.1</ele>
      </trkpt>
      <trkpt lat="44.9503" lon="-93.4597">
        <ele>294.9</ele>
      </trkpt>
      <trkpt lat="44.95036" lon="-93.45995">
        <ele>294.8</ele>
      </trkpt>
      <trkpt lat="44.95046" lon="-93.46032">
        <ele>293.7</ele>
      </trkpt>
      <trkpt lat="44.95052" lon="-93.4604">
        <ele>293.0</ele>
      </trkpt>
      <trkpt lat="44.9506" lon="-93.46041">
        <ele>292.3</ele>
      </trkpt>
      <trkpt lat="44.95074" lon="-93.46037">
        <ele>290.7</ele>
      </trkpt>
      <trkpt lat="44.95081" lon="-93.46027">
        <ele>289.9</ele>
      </trkpt>
      <trkpt lat="44.95111" lon="-93.45996">
        <ele>292.1</ele>
      </trkpt>
      <trkpt lat="44.95122" lon="-93.4599">
        <ele>293.4</ele>
      </trkpt>
      <trkpt lat="44.9515" lon="-93.46003">
        <ele>293.3</ele>
      </trkpt>
      <trkpt lat="44.95162" lon="-93.46015">
        <ele>291.0</ele>
      </trkpt>
      <trkpt lat="44.9517" lon="-93.46041">
        <ele>290.4</ele>
      </trkpt>
      <trkpt lat="44.95192" lon="-93.46066">
        <ele>291.7</ele>
      </trkpt>
      <trkpt lat="44.95257" lon="-93.46086">
        <ele>290.8</ele>
      </trkpt>
      <trkpt lat="44.9532" lon="-93.46103">
        <ele>290.0</ele>
      </trkpt>
      <trkpt lat="44.95334" lon="-93.46106">
        <ele>289.8</ele>
      </trkpt>
      <trkpt lat="44.95349" lon="-93.46105">
        <ele>289.7</ele>
      </trkpt>
      <trkpt lat="44.95366" lon="-93.461">
        <ele>289.8</ele>
      </trkpt>
      <trkpt lat="44.9539" lon="-93.46086">
        <ele>291.3</ele>
      </trkpt>
      <trkpt lat="44.95423" lon="-93.46058">
        <ele>294.8</ele>
      </trkpt>
      <trkpt lat="44.95461" lon="-93.46044">
        <ele>290.5</ele>
      </trkpt>
      <trkpt lat="44.95474" lon="-93.46046">
        <ele>289.2</ele>
      </trkpt>
      <trkpt lat="44.95494" lon="-93.46051">
        <ele>288.6</ele>
      </trkpt>
      <trkpt lat="44.95526" lon="-93.46049">
        <ele>288.5</ele>
      </trkpt>
      <trkpt lat="44.95544" lon="-93.46042">
        <ele>288.6</ele>
      </trkpt>
      <trkpt lat="44.95561" lon="-93.46033">
        <ele>288.9</ele>
      </trkpt>
      <trkpt lat="44.95568" lon="-93.46032">
        <ele>288.9</ele>
      </trkpt>
      <trkpt lat="44.95622" lon="-93.46033">
        <ele>289.7</ele>
      </trkpt>
      <trkpt lat="44.95665" lon="-93.46045">
        <ele>289.6</ele>
      </trkpt>
      <trkpt lat="44.95677" lon="-93.46047">
        <ele>289.3</ele>
      </trkpt>
      <trkpt lat="44.95693" lon="-93.46047">
        <ele>289.3</ele>
      </trkpt>
      <trkpt lat="44.95706" lon="-93.46053">
        <ele>289.4</ele>
      </trkpt>
      <trkpt lat="44.95722" lon="-93.46062">
        <ele>290.9</ele>
      </trkpt>
      <trkpt lat="44.95734" lon="-93.46064">
        <ele>294.1</ele>
      </trkpt>
      <trkpt lat="44.95752" lon="-93.4606">
        <ele>297.8</ele>
      </trkpt>
      <trkpt lat="44.95762" lon="-93.46059">
        <ele>298.9</ele>
      </trkpt>
      <trkpt lat="44.95779" lon="-93.46062">
        <ele>300.0</ele>
      </trkpt>
      <trkpt lat="44.95798" lon="-93.46062">
        <ele>299.5</ele>
      </trkpt>
      <trkpt lat="44.95848" lon="-93.46056">
        <ele>298.0</ele>
      </trkpt>
      <trkpt lat="44.95915" lon="-93.46051">
        <ele>291.7</ele>
      </trkpt>
      <trkpt lat="44.95997" lon="-93.46054">
        <ele>292.2</ele>
      </trkpt>
      <trkpt lat="44.96004" lon="-93.46057">
        <ele>292.6</ele>
      </trkpt>
      <trkpt lat="44.96009" lon="-93.46061">
        <ele>292.8</ele>
      </trkpt>
      <trkpt lat="44.96024" lon="-93.46075">
        <ele>294.9</ele>
      </trkpt>
      <trkpt lat="44.96034" lon="-93.46081">
        <ele>296.0</ele>
      </trkpt>
      <trkpt lat="44.96041" lon="-93.46082">
        <ele>296.5</ele>
      </trkpt>
      <trkpt lat="44.96071" lon="-93.46076">
        <ele>297.4</ele>
      </trkpt>
      <trkpt lat="44.96084" lon="-93.46076">
        <ele>296.8</ele>
      </trkpt>
      <trkpt lat="44.9614" lon="-93.46082">
        <ele>292.9</ele>
      </trkpt>
      <trkpt lat="44.96196" lon="-93.46089">
        <ele>292.6</ele>
      </trkpt>
      <trkpt lat="44.96207" lon="-93.46088">
        <ele>292.5</ele>
      </trkpt>
      <trkpt lat="44.96217" lon="-93.46083">
        <ele>292.5</ele>
      </trkpt>
      <trkpt lat="44.96224" lon="-93.46075">
        <ele>292.6</ele>
      </trkpt>
      <trkpt lat="44.96231" lon="-93.46073">
        <ele>292.6</ele>
      </trkpt>
      <trkpt lat="44.96294" lon="-93.46082">
        <ele>292.6</ele>
      </trkpt>
      <trkpt lat="44.96357" lon="-93.4609">
        <ele>295.8</ele>
      </trkpt>
      <trkpt lat="44.96372" lon="-93.46093">
        <ele>296.1</ele>
      </trkpt>
      <trkpt lat="44.96385" lon="-93.46094">
        <ele>295.9</ele>
      </trkpt>
      <trkpt lat="44.96432" lon="-93.46092">
        <ele>295.8</ele>
      </trkpt>
      <trkpt lat="44.96479" lon="-93.46089">
        <ele>295.8</ele>
      </trkpt>
      <trkpt lat="44.9651" lon="-93.46094">
        <ele>295.8</ele>
      </trkpt>
      <trkpt lat="44.96535" lon="-93.46103">
        <ele>295.8</ele>
      </trkpt>
      <trkpt lat="44.96553" lon="-93.46108">
        <ele>295.5</ele>
      </trkpt>
      <trkpt lat="44.96567" lon="-93.46109">
        <ele>294.9</ele>
      </trkpt>
      <trkpt lat="44.96621" lon="-93.46108">
        <ele>294.5</ele>
      </trkpt>
      <trkpt lat="44.96637" lon="-93.46109">
        <ele>294.7</ele>
      </trkpt>
      <trkpt lat="44.96658" lon="-93.46113">
        <ele>295.0</ele>
      </trkpt>
      <trkpt lat="44.96695" lon="-93.46128">
        <ele>297.6</ele>
      </trkpt>
      <trkpt lat="44.967" lon="-93.46128">
        <ele>298.2</ele>
      </trkpt>
      <trkpt lat="44.96734" lon="-93.4612">
        <ele>301.2</ele>
      </trkpt>
      <trkpt lat="44.96746" lon="-93.46119">
        <ele>302.7</ele>
      </trkpt>
      <trkpt lat="44.96765" lon="-93.46124">
        <ele>304.1</ele>
      </trkpt>
      <trkpt lat="44.9679" lon="-93.46118">
        <ele>303.2</ele>
      </trkpt>
      <trkpt lat="44.96794" lon="-93.46119">
        <ele>303.1</ele>
      </trkpt>
      <trkpt lat="44.9682" lon="-93.46136">
        <ele>302.9</ele>
      </trkpt>
      <trkpt lat="44.96831" lon="-93.4614">
        <ele>302.9</ele>
      </trkpt>
      <trkpt lat="44.96864" lon="-93.46145">
        <ele>300.4</ele>
      </trkpt>
      <trkpt lat="44.96889" lon="-93.46152">
        <ele>299.5</ele>
      </trkpt>
      <trkpt lat="44.96909" lon="-93.46164">
        <ele>299.1</ele>
      </trkpt>
      <trkpt lat="44.9692" lon="-93.46175">
        <ele>298.8</ele>
      </trkpt>
      <trkpt lat="44.96943" lon="-93.46201">
        <ele>297.8</ele>
      </trkpt>
      <trkpt lat="44.96985" lon="-93.46257">
        <ele>297.4</ele>
      </trkpt>
      <trkpt lat="44.97013" lon="-93.46303">
        <ele>296.8</ele>
      </trkpt>
      <trkpt lat="44.97024" lon="-93.4633">
        <ele>296.7</ele>
      </trkpt>
      <trkpt lat="44.97036" lon="-93.46359">
        <ele>296.3</ele>
      </trkpt>
      <trkpt lat="44.97048" lon="-93.46403">
        <ele>296.1</ele>
      </trkpt>
      <trkpt lat="44.97058" lon="-93.46456">
        <ele>295.9</ele>
      </trkpt>
      <trkpt lat="44.97061" lon="-93.46494">
        <ele>295.6</ele>
      </trkpt>
      <trkpt lat="44.97062" lon="-93.46592">
        <ele>298.3</ele>
      </trkpt>
      <trkpt lat="44.97061" lon="-93.46689">
        <ele>300.5</ele>
      </trkpt>
      <trkpt lat="44.9706" lon="-93.46786">
        <ele>304.5</ele>
      </trkpt>
      <trkpt lat="44.97059" lon="-93.46801">
        <ele>305.0</ele>
      </trkpt>
      <trkpt lat="44.97057" lon="-93.4681">
        <ele>305.2</ele>
      </trkpt>
      <trkpt lat="44.97054" lon="-93.4682">
        <ele>305.4</ele>
      </trkpt>
      <trkpt lat="44.9705" lon="-93.46827">
        <ele>305.7</ele>
      </trkpt>
      <trkpt lat="44.97045" lon="-93.46834">
        <ele>306.0</ele>
      </trkpt>
      <trkpt lat="44.97038" lon="-93.46839">
        <ele>306.7</ele>
      </trkpt>
      <trkpt lat="44.97022" lon="-93.46848">
        <ele>307.9</ele>
      </trkpt>
      <trkpt lat="44.96996" lon="-93.46858">
        <ele>308.0</ele>
      </trkpt>
      <trkpt lat="44.96984" lon="-93.46865">
        <ele>306.6</ele>
      </trkpt>
      <trkpt lat="44.96976" lon="-93.46872">
        <ele>306.1</ele>
      </trkpt>
      <trkpt lat="44.96971" lon="-93.4688">
        <ele>306.1</ele>
      </trkpt>
      <trkpt lat="44.96967" lon="-93.46888">
        <ele>306.7</ele>
      </trkpt>
      <trkpt lat="44.96963" lon="-93.46897">
        <ele>307.7</ele>
      </trkpt>
      <trkpt lat="44.96961" lon="-93.46908">
        <ele>308.1</ele>
      </trkpt>
      <trkpt lat="44.96959" lon="-93.46945">
        <ele>308.0</ele>
      </trkpt>
      <trkpt lat="44.96955" lon="-93.46952">
        <ele>308.2</ele>
      </trkpt>
      <trkpt lat="44.96962" lon="-93.46955">
        <ele>308.1</ele>
      </trkpt>
      <trkpt lat="44.96972" lon="-93.46955">
        <ele>307.7</ele>
      </trkpt>
      <trkpt lat="44.96972" lon="-93.46964">
        <ele>307.8</ele>
      </trkpt>
      <trkpt lat="44.97057" lon="-93.46964">
        <ele>306.4</ele>
      </trkpt>
      <trkpt lat="44.97102" lon="-93.46965">
        <ele>305.7</ele>
      </trkpt>
      <trkpt lat="44.97147" lon="-93.46966">
        <ele>305.0</ele>
      </trkpt>
      <trkpt lat="44.97228" lon="-93.46963">
        <ele>303.8</ele>
      </trkpt>
      <trkpt lat="44.973" lon="-93.46963">
        <ele>293.0</ele>
      </trkpt>
      <trkpt lat="44.97372" lon="-93.46962">
        <ele>293.0</ele>
      </trkpt>
      <trkpt lat="44.97371" lon="-93.46949">
        <ele>292.9</ele>
      </trkpt>
      <trkpt lat="44.97377" lon="-93.46938">
        <ele>292.9</ele>
      </trkpt>
      <trkpt lat="44.97383" lon="-93.46934">
        <ele>292.5</ele>
      </trkpt>
      <trkpt lat="44.97407" lon="-93.46935">
        <ele>289.1</ele>
      </trkpt>
      <trkpt lat="44.97434" lon="-93.46932">
        <ele>288.6</ele>
      </trkpt>
      <trkpt lat="44.97458" lon="-93.46926">
        <ele>288.6</ele>
      </trkpt>
      <trkpt lat="44.97486" lon="-93.46914">
        <ele>288.5</ele>
      </trkpt>
      <trkpt lat="44.9751" lon="-93.46901">
        <ele>288.5</ele>
      </trkpt>
      <trkpt lat="44.97547" lon="-93.46876">
        <ele>289.9</ele>
      </trkpt>
      <trkpt lat="44.97555" lon="-93.46866">
        <ele>291.2</ele>
      </trkpt>
      <trkpt lat="44.97567" lon="-93.46839">
        <ele>292.2</ele>
      </trkpt>
      <trkpt lat="44.97573" lon="-93.46815">
        <ele>291.8</ele>
      </trkpt>
      <trkpt lat="44.9758" lon="-93.46799">
        <ele>292.2</ele>
      </trkpt>
      <trkpt lat="44.97631" lon="-93.46771">
        <ele>295.7</ele>
      </trkpt>
      <trkpt lat="44.97641" lon="-93.46761">
        <ele>296.6</ele>
      </trkpt>
      <trkpt lat="44.97669" lon="-93.46723">
        <ele>296.8</ele>
      </trkpt>
      <trkpt lat="44.97675" lon="-93.46709">
        <ele>298.7</ele>
      </trkpt>
      <trkpt lat="44.97702" lon="-93.46638">
        <ele>300.2</ele>
      </trkpt>
      <trkpt lat="44.97729" lon="-93.46569">
        <ele>298.3</ele>
      </trkpt>
      <trkpt lat="44.97756" lon="-93.46504">
        <ele>292.6</ele>
      </trkpt>
      <trkpt lat="44.97779" lon="-93.46475">
        <ele>293.0</ele>
      </trkpt>
      <trkpt lat="44.97785" lon="-93.46467">
        <ele>293.1</ele>
      </trkpt>
      <trkpt lat="44.97784" lon="-93.46455">
        <ele>293.1</ele>
      </trkpt>
      <trkpt lat="44.97816" lon="-93.46424">
        <ele>293.6</ele>
      </trkpt>
      <trkpt lat="44.97841" lon="-93.46405">
        <ele>294.0</ele>
      </trkpt>
      <trkpt lat="44.9787" lon="-93.46387">
        <ele>294.7</ele>
      </trkpt>
      <trkpt lat="44.97881" lon="-93.46381">
        <ele>294.9</ele>
      </trkpt>
      <trkpt lat="44.97914" lon="-93.46366">
        <ele>295.5</ele>
      </trkpt>
      <trkpt lat="44.97947" lon="-93.46359">
        <ele>297.0</ele>
      </trkpt>
      <trkpt lat="44.98013" lon="-93.46353">
        <ele>299.1</ele>
      </trkpt>
      <trkpt lat="44.98035" lon="-93.46348">
        <ele>299.6</ele>
      </trkpt>
      <trkpt lat="44.98077" lon="-93.46332">
        <ele>300.1</ele>
      </trkpt>
      <trkpt lat="44.98107" lon="-93.46314">
        <ele>300.3</ele>
      </trkpt>
      <trkpt lat="44.98136" lon="-93.46292">
        <ele>300.6</ele>
      </trkpt>
      <trkpt lat="44.98146" lon="-93.46283">
        <ele>300.7</ele>
      </trkpt>
      <trkpt lat="44.98151" lon="-93.46277">
        <ele>300.8</ele>
      </trkpt>
      <trkpt lat="44.98179" lon="-93.46343">
        <ele>301.2</ele>
      </trkpt>
      <trkpt lat="44.98184" lon="-93.46367">
        <ele>301.5</ele>
      </trkpt>
      <trkpt lat="44.98197" lon="-93.46365">
        <ele>301.5</ele>
      </trkpt>
      <trkpt lat="44.98261" lon="-93.46367">
        <ele>300.9</ele>
      </trkpt>
      <trkpt lat="44.98324" lon="-93.4637">
        <ele>301.1</ele>
      </trkpt>
      <trkpt lat="44.98356" lon="-93.46342">
        <ele>301.1</ele>
      </trkpt>
      <trkpt lat="44.98383" lon="-93.46372">
        <ele>301.6</ele>
      </trkpt>
      <trkpt lat="44.9845" lon="-93.46375">
        <ele>302.6</ele>
      </trkpt>
      <trkpt lat="44.98516" lon="-93.46377">
        <ele>302.4</ele>
      </trkpt>
      <trkpt lat="44.98582" lon="-93.4638">
        <ele>298.2</ele>
      </trkpt>
      <trkpt lat="44.98669" lon="-93.46382">
        <ele>298.3</ele>
      </trkpt>
      <trkpt lat="44.98756" lon="-93.46384">
        <ele>292.4</ele>
      </trkpt>
      <trkpt lat="44.98838" lon="-93.46387">
        <ele>291.2</ele>
      </trkpt>
      <trkpt lat="44.98919" lon="-93.46391">
        <ele>289.8</ele>
      </trkpt>
      <trkpt lat="44.98924" lon="-93.46394">
        <ele>289.6</ele>
      </trkpt>
      <trkpt lat="44.98931" lon="-93.4639">
        <ele>289.0</ele>
      </trkpt>
      <trkpt lat="44.98937" lon="-93.46395">
        <ele>288.6</ele>
      </trkpt>
      <trkpt lat="44.98958" lon="-93.46399">
        <ele>286.7</ele>
      </trkpt>
      <trkpt lat="44.98995" lon="-93.46399">
        <ele>286.5</ele>
      </trkpt>
      <trkpt lat="44.99012" lon="-93.46402">
        <ele>286.7</ele>
      </trkpt>
      <trkpt lat="44.99013" lon="-93.46396">
        <ele>286.6</ele>
      </trkpt>
      <trkpt lat="44.9904" lon="-93.46284">
        <ele>286.5</ele>
      </trkpt>
      <trkpt lat="44.99067" lon="-93.46173">
        <ele>287.2</ele>
      </trkpt>
      <trkpt lat="44.99093" lon="-93.46061">
        <ele>287.3</ele>
      </trkpt>
      <trkpt lat="44.9912" lon="-93.45949">
        <ele>288.6</ele>
      </trkpt>
      <trkpt lat="44.99136" lon="-93.45867">
        <ele>289.6</ele>
      </trkpt>
      <trkpt lat="44.99138" lon="-93.45854">
        <ele>289.8</ele>
      </trkpt>
      <trkpt lat="44.99139" lon="-93.45812">
        <ele>290.3</ele>
      </trkpt>
      <trkpt lat="44.99158" lon="-93.45726">
        <ele>289.6</ele>
      </trkpt>
      <trkpt lat="44.99158" lon="-93.45713">
        <ele>289.5</ele>
      </trkpt>
      <trkpt lat="44.99158" lon="-93.45706">
        <ele>289.4</ele>
      </trkpt>
      <trkpt lat="44.99159" lon="-93.45695">
        <ele>289.2</ele>
      </trkpt>
      <trkpt lat="44.99171" lon="-93.45639">
        <ele>287.8</ele>
      </trkpt>
      <trkpt lat="44.99181" lon="-93.45589">
        <ele>287.9</ele>
      </trkpt>
      <trkpt lat="44.99189" lon="-93.45559">
        <ele>288.0</ele>
      </trkpt>
      <trkpt lat="44.99204" lon="-93.45521">
        <ele>288.5</ele>
      </trkpt>
      <trkpt lat="44.99223" lon="-93.45462">
        <ele>289.1</ele>
      </trkpt>
      <trkpt lat="44.99233" lon="-93.45418">
        <ele>289.2</ele>
      </trkpt>
      <trkpt lat="44.99238" lon="-93.45389">
        <ele>289.3</ele>
      </trkpt>
      <trkpt lat="44.99245" lon="-93.45356">
        <ele>288.2</ele>
      </trkpt>
      <trkpt lat="44.99245" lon="-93.45351">
        <ele>287.9</ele>
      </trkpt>
      <trkpt lat="44.99244" lon="-93.45342">
        <ele>287.4</ele>
      </trkpt>
      <trkpt lat="44.99241" lon="-93.45332">
        <ele>287.3</ele>
      </trkpt>
      <trkpt lat="44.9924" lon="-93.45324">
        <ele>287.2</ele>
      </trkpt>
      <trkpt lat="44.99243" lon="-93.45311">
        <ele>287.0</ele>
      </trkpt>
      <trkpt lat="44.99249" lon="-93.45296">
        <ele>286.7</ele>
      </trkpt>
      <trkpt lat="44.99256" lon="-93.45284">
        <ele>286.6</ele>
      </trkpt>
      <trkpt lat="44.9926" lon="-93.45275">
        <ele>286.6</ele>
      </trkpt>
      <trkpt lat="44.99275" lon="-93.45211">
        <ele>286.6</ele>
      </trkpt>
      <trkpt lat="44.99297" lon="-93.45119">
        <ele>286.6</ele>
      </trkpt>
      <trkpt lat="44.99318" lon="-93.45027">
        <ele>286.6</ele>
      </trkpt>
      <trkpt lat="44.99328" lon="-93.44987">
        <ele>286.6</ele>
      </trkpt>
      <trkpt lat="44.9933" lon="-93.44977">
        <ele>286.6</ele>
      </trkpt>
      <trkpt lat="44.99341" lon="-93.44955">
        <ele>286.6</ele>
      </trkpt>
      <trkpt lat="44.99344" lon="-93.44945">
        <ele>286.6</ele>
      </trkpt>
      <trkpt lat="44.99361" lon="-93.4487">
        <ele>286.6</ele>
      </trkpt>
      <trkpt lat="44.99378" lon="-93.44795">
        <ele>287.7</ele>
      </trkpt>
      <trkpt lat="44.994" lon="-93.44704">
        <ele>288.6</ele>
      </trkpt>
      <trkpt lat="44.99427" lon="-93.44583">
        <ele>287.5</ele>
      </trkpt>
      <trkpt lat="44.9943" lon="-93.44576">
        <ele>287.8</ele>
      </trkpt>
      <trkpt lat="44.99433" lon="-93.44574">
        <ele>288.0</ele>
      </trkpt>
      <trkpt lat="44.99446" lon="-93.44573">
        <ele>289.3</ele>
      </trkpt>
      <trkpt lat="44.99449" lon="-93.44571">
        <ele>289.4</ele>
      </trkpt>
      <trkpt lat="44.99451" lon="-93.44568">
        <ele>289.5</ele>
      </trkpt>
      <trkpt lat="44.99466" lon="-93.44506">
        <ele>286.2</ele>
      </trkpt>
      <trkpt lat="44.99476" lon="-93.44469">
        <ele>284.9</ele>
      </trkpt>
      <trkpt lat="44.99488" lon="-93.44451">
        <ele>284.9</ele>
      </trkpt>
      <trkpt lat="44.99493" lon="-93.44437">
        <ele>285.1</ele>
      </trkpt>
      <trkpt lat="44.99495" lon="-93.44412">
        <ele>285.1</ele>
      </trkpt>
      <trkpt lat="44.99505" lon="-93.44353">
        <ele>283.9</ele>
      </trkpt>
      <trkpt lat="44.99523" lon="-93.44262">
        <ele>283.4</ele>
      </trkpt>
      <trkpt lat="44.99535" lon="-93.44228">
        <ele>283.1</ele>
      </trkpt>
      <trkpt lat="44.99551" lon="-93.44148">
        <ele>285.3</ele>
      </trkpt>
      <trkpt lat="44.99569" lon="-93.44075">
        <ele>280.7</ele>
      </trkpt>
      <trkpt lat="44.99587" lon="-93.44001">
        <ele>284.7</ele>
      </trkpt>
      <trkpt lat="44.99601" lon="-93.43929">
        <ele>285.4</ele>
      </trkpt>
      <trkpt lat="44.9961" lon="-93.43846">
        <ele>290.8</ele>
      </trkpt>
      <trkpt lat="44.99615" lon="-93.43759">
        <ele>285.3</ele>
      </trkpt>
      <trkpt lat="44.99613" lon="-93.43694">
        <ele>277.9</ele>
      </trkpt>
      <trkpt lat="44.99612" lon="-93.4363">
        <ele>277.1</ele>
      </trkpt>
      <trkpt lat="44.99613" lon="-93.43611">
        <ele>276.6</ele>
      </trkpt>
      <trkpt lat="44.9961" lon="-93.43589">
        <ele>276.0</ele>
      </trkpt>
      <trkpt lat="44.99602" lon="-93.4354">
        <ele>274.3</ele>
      </trkpt>
      <trkpt lat="44.99596" lon="-93.43498">
        <ele>274.2</ele>
      </trkpt>
      <trkpt lat="44.99595" lon="-93.43477">
        <ele>273.5</ele>
      </trkpt>
      <trkpt lat="44.99596" lon="-93.43465">
        <ele>273.1</ele>
      </trkpt>
      <trkpt lat="44.99596" lon="-93.43454">
        <ele>273.2</ele>
      </trkpt>
      <trkpt lat="44.9959" lon="-93.43425">
        <ele>273.6</ele>
      </trkpt>
      <trkpt lat="44.99582" lon="-93.43398">
        <ele>274.9</ele>
      </trkpt>
      <trkpt lat="44.99579" lon="-93.43364">
        <ele>274.3</ele>
      </trkpt>
      <trkpt lat="44.99571" lon="-93.43326">
        <ele>272.7</ele>
      </trkpt>
      <trkpt lat="44.99561" lon="-93.43264">
        <ele>273.0</ele>
      </trkpt>
      <trkpt lat="44.99557" lon="-93.43238">
        <ele>273.8</ele>
      </trkpt>
      <trkpt lat="44.9955" lon="-93.43205">
        <ele>272.9</ele>
      </trkpt>
      <trkpt lat="44.99549" lon="-93.43193">
        <ele>272.7</ele>
      </trkpt>
      <trkpt lat="44.99549" lon="-93.43171">
        <ele>272.6</ele>
      </trkpt>
      <trkpt lat="44.99547" lon="-93.43161">
        <ele>272.7</ele>
      </trkpt>
      <trkpt lat="44.99543" lon="-93.43147">
        <ele>272.9</ele>
      </trkpt>
      <trkpt lat="44.99537" lon="-93.43116">
        <ele>272.8</ele>
      </trkpt>
      <trkpt lat="44.99532" lon="-93.43097">
        <ele>273.2</ele>
      </trkpt>
      <trkpt lat="44.99513" lon="-93.4305">
        <ele>275.6</ele>
      </trkpt>
      <trkpt lat="44.99509" lon="-93.43033">
        <ele>276.4</ele>
      </trkpt>
      <trkpt lat="44.99503" lon="-93.42991">
        <ele>276.7</ele>
      </trkpt>
      <trkpt lat="44.99498" lon="-93.42977">
        <ele>276.2</ele>
      </trkpt>
      <trkpt lat="44.99491" lon="-93.42958">
        <ele>274.3</ele>
      </trkpt>
      <trkpt lat="44.9948" lon="-93.42931">
        <ele>274.4</ele>
      </trkpt>
      <trkpt lat="44.99476" lon="-93.42913">
        <ele>274.2</ele>
      </trkpt>
      <trkpt lat="44.99474" lon="-93.42868">
        <ele>274.8</ele>
      </trkpt>
      <trkpt lat="44.99472" lon="-93.42858">
        <ele>275.3</ele>
      </trkpt>
      <trkpt lat="44.99465" lon="-93.42845">
        <ele>276.0</ele>
      </trkpt>
      <trkpt lat="44.9944" lon="-93.42809">
        <ele>277.6</ele>
      </trkpt>
      <trkpt lat="44.99428" lon="-93.42788">
        <ele>279.6</ele>
      </trkpt>
      <trkpt lat="44.99402" lon="-93.42695">
        <ele>274.7</ele>
      </trkpt>
      <trkpt lat="44.994" lon="-93.42684">
        <ele>274.6</ele>
      </trkpt>
      <trkpt lat="44.99399" lon="-93.42675">
        <ele>274.7</ele>
      </trkpt>
      <trkpt lat="44.994" lon="-93.42669">
        <ele>274.7</ele>
      </trkpt>
      <trkpt lat="44.99404" lon="-93.42658">
        <ele>274.5</ele>
      </trkpt>
      <trkpt lat="44.99426" lon="-93.42676">
        <ele>273.7</ele>
      </trkpt>
      <trkpt lat="44.99435" lon="-93.42683">
        <ele>273.6</ele>
      </trkpt>
      <trkpt lat="44.9945" lon="-93.42689">
        <ele>273.3</ele>
      </trkpt>
      <trkpt lat="44.99517" lon="-93.42703">
        <ele>272.1</ele>
      </trkpt>
      <trkpt lat="44.99532" lon="-93.42707">
        <ele>271.8</ele>
      </trkpt>
      <trkpt lat="44.99594" lon="-93.42737">
        <ele>272.4</ele>
      </trkpt>
      <trkpt lat="44.99609" lon="-93.42742">
        <ele>272.5</ele>
      </trkpt>
      <trkpt lat="44.99654" lon="-93.42752">
        <ele>272.7</ele>
      </trkpt>
      <trkpt lat="44.99703" lon="-93.42758">
        <ele>272.4</ele>
      </trkpt>
      <trkpt lat="44.99736" lon="-93.42765">
        <ele>272.3</ele>
      </trkpt>
      <trkpt lat="44.99776" lon="-93.42779">
        <ele>272.0</ele>
      </trkpt>
      <trkpt lat="44.99796" lon="-93.4279">
        <ele>271.9</ele>
      </trkpt>
      <trkpt lat="44.99815" lon="-93.42805">
        <ele>271.7</ele>
      </trkpt>
      <trkpt lat="44.99831" lon="-93.42821">
        <ele>271.6</ele>
      </trkpt>
      <trkpt lat="44.99857" lon="-93.42849">
        <ele>272.5</ele>
      </trkpt>
      <trkpt lat="44.99871" lon="-93.42861">
        <ele>273.0</ele>
      </trkpt>
      <trkpt lat="44.99887" lon="-93.4287">
        <ele>273.3</ele>
      </trkpt>
      <trkpt lat="44.99901" lon="-93.42875">
        <ele>273.3</ele>
      </trkpt>
      <trkpt lat="44.99922" lon="-93.42882">
        <ele>273.0</ele>
      </trkpt>
      <trkpt lat="44.9995" lon="-93.42892">
        <ele>272.5</ele>
      </trkpt>
      <trkpt lat="44.99963" lon="-93.4289">
        <ele>272.3</ele>
      </trkpt>
      <trkpt lat="44.99981" lon="-93.42886">
        <ele>272.0</ele>
      </trkpt>
      <trkpt lat="44.99994" lon="-93.42884">
        <ele>271.8</ele>
      </trkpt>
      <trkpt lat="45.00003" lon="-93.42896">
        <ele>271.6</ele>
      </trkpt>
      <trkpt lat="45.00031" lon="-93.42896">
        <ele>271.5</ele>
      </trkpt>
      <trkpt lat="45.0005" lon="-93.42891">
        <ele>271.5</ele>
      </trkpt>
      <trkpt lat="45.00059" lon="-93.429">
        <ele>271.8</ele>
      </trkpt>
      <trkpt lat="45.00069" lon="-93.42917">
        <ele>271.8</ele>
      </trkpt>
      <trkpt lat="45.00078" lon="-93.42927">
        <ele>271.6</ele>
      </trkpt>
      <trkpt lat="45.00087" lon="-93.42928">
        <ele>271.8</ele>
      </trkpt>
      <trkpt lat="45.00099" lon="-93.42926">
        <ele>272.5</ele>
      </trkpt>
      <trkpt lat="45.0011" lon="-93.42928">
        <ele>273.0</ele>
      </trkpt>
      <trkpt lat="45.0012" lon="-93.42924">
        <ele>273.7</ele>
      </trkpt>
      <trkpt lat="45.00131" lon="-93.42912">
        <ele>274.3</ele>
      </trkpt>
      <trkpt lat="45.00142" lon="-93.42907">
        <ele>274.7</ele>
      </trkpt>
      <trkpt lat="45.00156" lon="-93.42909">
        <ele>274.3</ele>
      </trkpt>
      <trkpt lat="45.00172" lon="-93.42913">
        <ele>273.0</ele>
      </trkpt>
      <trkpt lat="45.00192" lon="-93.42934">
        <ele>273.4</ele>
      </trkpt>
      <trkpt lat="45.00228" lon="-93.42976">
        <ele>273.5</ele>
      </trkpt>
      <trkpt lat="45.00247" lon="-93.42993">
        <ele>271.5</ele>
      </trkpt>
      <trkpt lat="45.0026" lon="-93.43011">
        <ele>271.6</ele>
      </trkpt>
      <trkpt lat="45.00273" lon="-93.43025">
        <ele>271.7</ele>
      </trkpt>
      <trkpt lat="45.00283" lon="-93.43038">
        <ele>271.7</ele>
      </trkpt>
      <trkpt lat="45.00298" lon="-93.43041">
        <ele>271.7</ele>
      </trkpt>
      <trkpt lat="45.00325" lon="-93.43034">
        <ele>271.7</ele>
      </trkpt>
      <trkpt lat="45.00356" lon="-93.4305">
        <ele>272.1</ele>
      </trkpt>
      <trkpt lat="45.00376" lon="-93.43058">
        <ele>272.6</ele>
      </trkpt>
      <trkpt lat="45.00395" lon="-93.43062">
        <ele>272.5</ele>
      </trkpt>
      <trkpt lat="45.00418" lon="-93.43064">
        <ele>272.5</ele>
      </trkpt>
      <trkpt lat="45.00484" lon="-93.43068">
        <ele>272.7</ele>
      </trkpt>
      <trkpt lat="45.0053" lon="-93.43069">
        <ele>272.5</ele>
      </trkpt>
      <trkpt lat="45.00576" lon="-93.43071">
        <ele>273.5</ele>
      </trkpt>
      <trkpt lat="45.00596" lon="-93.43073">
        <ele>274.2</ele>
      </trkpt>
      <trkpt lat="45.00614" lon="-93.43078">
        <ele>275.6</ele>
      </trkpt>
      <trkpt lat="45.00631" lon="-93.43086">
        <ele>276.2</ele>
      </trkpt>
      <trkpt lat="45.00648" lon="-93.431">
        <ele>277.2</ele>
      </trkpt>
      <trkpt lat="45.00705" lon="-93.43163">
        <ele>281.7</ele>
      </trkpt>
      <trkpt lat="45.00741" lon="-93.43193">
        <ele>285.8</ele>
      </trkpt>
      <trkpt lat="45.00752" lon="-93.43204">
        <ele>286.9</ele>
      </trkpt>
      <trkpt lat="45.00758" lon="-93.43214">
        <ele>287.2</ele>
      </trkpt>
      <trkpt lat="45.00763" lon="-93.43223">
        <ele>287.5</ele>
      </trkpt>
      <trkpt lat="45.00802" lon="-93.43264">
        <ele>288.5</ele>
      </trkpt>
      <trkpt lat="45.00842" lon="-93.43306">
        <ele>288.7</ele>
      </trkpt>
      <trkpt lat="45.00886" lon="-93.4334">
        <ele>289.3</ele>
      </trkpt>
      <trkpt lat="45.00929" lon="-93.43368">
        <ele>289.1</ele>
      </trkpt>
      <trkpt lat="45.00981" lon="-93.43399">
        <ele>288.2</ele>
      </trkpt>
      <trkpt lat="45.01018" lon="-93.43423">
        <ele>287.0</ele>
      </trkpt>
      <trkpt lat="45.01063" lon="-93.43457">
        <ele>288.6</ele>
      </trkpt>
      <trkpt lat="45.01101" lon="-93.43497">
        <ele>287.8</ele>
      </trkpt>
      <trkpt lat="45.01139" lon="-93.43538">
        <ele>283.6</ele>
      </trkpt>
      <trkpt lat="45.01201" lon="-93.43608">
        <ele>278.4</ele>
      </trkpt>
      <trkpt lat="45.0123" lon="-93.43642">
        <ele>278.1</ele>
      </trkpt>
      <trkpt lat="45.01283" lon="-93.43712">
        <ele>278.1</ele>
      </trkpt>
      <trkpt lat="45.01337" lon="-93.43782">
        <ele>282.0</ele>
      </trkpt>
      <trkpt lat="45.01402" lon="-93.4386">
        <ele>284.3</ele>
      </trkpt>
      <trkpt lat="45.01436" lon="-93.43886">
        <ele>285.7</ele>
      </trkpt>
      <trkpt lat="45.01502" lon="-93.43929">
        <ele>287.8</ele>
      </trkpt>
      <trkpt lat="45.01567" lon="-93.43972">
        <ele>290.8</ele>
      </trkpt>
      <trkpt lat="45.01602" lon="-93.44006">
        <ele>291.5</ele>
      </trkpt>
      <trkpt lat="45.0165" lon="-93.44055">
        <ele>292.1</ele>
      </trkpt>
      <trkpt lat="45.01688" lon="-93.44102">
        <ele>289.8</ele>
      </trkpt>
      <trkpt lat="45.01722" lon="-93.44156">
        <ele>288.2</ele>
      </trkpt>
      <trkpt lat="45.0173" lon="-93.44178">
        <ele>288.2</ele>
      </trkpt>
      <trkpt lat="45.01733" lon="-93.44188">
        <ele>288.1</ele>
      </trkpt>
      <trkpt lat="45.01734" lon="-93.44195">
        <ele>288.3</ele>
      </trkpt>
      <trkpt lat="45.01758" lon="-93.4419">
        <ele>285.9</ele>
      </trkpt>
      <trkpt lat="45.01801" lon="-93.44173">
        <ele>280.3</ele>
      </trkpt>
      <trkpt lat="45.01826" lon="-93.44167">
        <ele>278.3</ele>
      </trkpt>
      <trkpt lat="45.01851" lon="-93.44163">
        <ele>276.8</ele>
      </trkpt>
      <trkpt lat="45.01866" lon="-93.44162">
        <ele>275.7</ele>
      </trkpt>
      <trkpt lat="45.01896" lon="-93.44161">
        <ele>273.6</ele>
      </trkpt>
      <trkpt lat="45.01959" lon="-93.4417">
        <ele>273.7</ele>
      </trkpt>
      <trkpt lat="45.02026" lon="-93.44183">
        <ele>274.0</ele>
      </trkpt>
      <trkpt lat="45.02093" lon="-93.44196">
        <ele>274.0</ele>
      </trkpt>
      <trkpt lat="45.02161" lon="-93.44209">
        <ele>274.3</ele>
      </trkpt>
      <trkpt lat="45.02228" lon="-93.44223">
        <ele>274.3</ele>
      </trkpt>
      <trkpt lat="45.0227" lon="-93.44234">
        <ele>274.0</ele>
      </trkpt>
      <trkpt lat="45.02292" lon="-93.44238">
        <ele>273.9</ele>
      </trkpt>
      <trkpt lat="45.0235" lon="-93.44255">
        <ele>273.9</ele>
      </trkpt>
      <trkpt lat="45.02388" lon="-93.44268">
        <ele>273.8</ele>
      </trkpt>
      <trkpt lat="45.02446" lon="-93.44288">
        <ele>276.4</ele>
      </trkpt>
      <trkpt lat="45.02504" lon="-93.44309">
        <ele>280.7</ele>
      </trkpt>
      <trkpt lat="45.02562" lon="-93.4433">
        <ele>274.3</ele>
      </trkpt>
      <trkpt lat="45.02647" lon="-93.44362">
        <ele>272.4</ele>
      </trkpt>
      <trkpt lat="45.02706" lon="-93.44382">
        <ele>273.4</ele>
      </trkpt>
      <trkpt lat="45.02742" lon="-93.44393">
        <ele>273.5</ele>
      </trkpt>
      <trkpt lat="45.02765" lon="-93.44402">
        <ele>273.4</ele>
      </trkpt>
      <trkpt lat="45.0283" lon="-93.44433">
        <ele>273.6</ele>
      </trkpt>
      <trkpt lat="45.02877" lon="-93.44457">
        <ele>273.9</ele>
      </trkpt>
      <trkpt lat="45.02888" lon="-93.44458">
        <ele>274.2</ele>
      </trkpt>
      <trkpt lat="45.02897" lon="-93.44449">
        <ele>274.4</ele>
      </trkpt>
      <trkpt lat="45.02901" lon="-93.44442">
        <ele>274.3</ele>
      </trkpt>
      <trkpt lat="45.02913" lon="-93.44417">
        <ele>274.4</ele>
      </trkpt>
      <trkpt lat="45.02924" lon="-93.44391">
        <ele>275.1</ele>
      </trkpt>
      <trkpt lat="45.02926" lon="-93.4438">
        <ele>275.3</ele>
      </trkpt>
      <trkpt lat="45.02927" lon="-93.44373">
        <ele>275.3</ele>
      </trkpt>
      <trkpt lat="45.02926" lon="-93.44366">
        <ele>275.3</ele>
      </trkpt>
      <trkpt lat="45.02923" lon="-93.44357">
        <ele>275.2</ele>
      </trkpt>
      <trkpt lat="45.02915" lon="-93.44366">
        <ele>274.8</ele>
      </trkpt>
      <trkpt lat="45.02905" lon="-93.44378">
        <ele>274.3</ele>
      </trkpt>
      <trkpt lat="45.02903" lon="-93.44382">
        <ele>274.3</ele>
      </trkpt>
      <trkpt lat="45.02902" lon="-93.4439">
        <ele>274.4</ele>
      </trkpt>
      <trkpt lat="45.02903" lon="-93.44394">
        <ele>274.4</ele>
      </trkpt>
      <trkpt lat="45.02907" lon="-93.44399">
        <ele>274.5</ele>
      </trkpt>
      <trkpt lat="45.02914" lon="-93.44405">
        <ele>274.7</ele>
      </trkpt>
      <trkpt lat="45.02944" lon="-93.44429">
        <ele>275.3</ele>
      </trkpt>
      <trkpt lat="45.0295" lon="-93.44433">
        <ele>275.5</ele>
      </trkpt>
      <trkpt lat="45.02958" lon="-93.44436">
        <ele>275.6</ele>
      </trkpt>
      <trkpt lat="45.0299" lon="-93.44434">
        <ele>276.3</ele>
      </trkpt>
      <trkpt lat="45.02999" lon="-93.44429">
        <ele>277.1</ele>
      </trkpt>
      <trkpt lat="45.03008" lon="-93.44429">
        <ele>277.8</ele>
      </trkpt>
      <trkpt lat="45.03021" lon="-93.44434">
        <ele>278.6</ele>
      </trkpt>
      <trkpt lat="45.03054" lon="-93.44444">
        <ele>279.3</ele>
      </trkpt>
      <trkpt lat="45.03091" lon="-93.44449">
        <ele>279.1</ele>
      </trkpt>
      <trkpt lat="45.03106" lon="-93.44453">
        <ele>279.4</ele>
      </trkpt>
      <trkpt lat="45.0311" lon="-93.44457">
        <ele>279.5</ele>
      </trkpt>
      <trkpt lat="45.03114" lon="-93.44463">
        <ele>279.5</ele>
      </trkpt>
      <trkpt lat="45.0313" lon="-93.44501">
        <ele>278.9</ele>
      </trkpt>
      <trkpt lat="45.03134" lon="-93.44505">
        <ele>278.9</ele>
      </trkpt>
      <trkpt lat="45.03138" lon="-93.44507">
        <ele>279.0</ele>
      </trkpt>
      <trkpt lat="45.03148" lon="-93.44508">
        <ele>279.2</ele>
      </trkpt>
      <trkpt lat="45.03162" lon="-93.44505">
        <ele>279.6</ele>
      </trkpt>
      <trkpt lat="45.03188" lon="-93.44494">
        <ele>280.1</ele>
      </trkpt>
      <trkpt lat="45.03208" lon="-93.44481">
        <ele>280.1</ele>
      </trkpt>
      <trkpt lat="45.0321" lon="-93.44481">
        <ele>280.0</ele>
      </trkpt>
      <trkpt lat="45.03215" lon="-93.44483">
        <ele>279.8</ele>
      </trkpt>
      <trkpt lat="45.0322" lon="-93.44487">
        <ele>279.5</ele>
      </trkpt>
      <trkpt lat="45.03222" lon="-93.4449">
        <ele>279.3</ele>
      </trkpt>
      <trkpt lat="45.03236" lon="-93.44521">
        <ele>278.8</ele>
      </trkpt>
      <trkpt lat="45.03243" lon="-93.44532">
        <ele>279.0</ele>
      </trkpt>
      <trkpt lat="45.03245" lon="-93.44533">
        <ele>279.0</ele>
      </trkpt>
      <trkpt lat="45.03246" lon="-93.44532">
        <ele>279.0</ele>
      </trkpt>
      <trkpt lat="45.03255" lon="-93.44527">
        <ele>279.2</ele>
      </trkpt>
      <trkpt lat="45.03256" lon="-93.44527">
        <ele>279.2</ele>
      </trkpt>
      <trkpt lat="45.03258" lon="-93.44528">
        <ele>279.3</ele>
      </trkpt>
      <trkpt lat="45.03265" lon="-93.44544">
        <ele>279.9</ele>
      </trkpt>
      <trkpt lat="45.03269" lon="-93.44552">
        <ele>280.3</ele>
      </trkpt>
      <trkpt lat="45.03273" lon="-93.44556">
        <ele>280.5</ele>
      </trkpt>
      <trkpt lat="45.03282" lon="-93.44564">
        <ele>281.2</ele>
      </trkpt>
      <trkpt lat="45.03308" lon="-93.44582">
        <ele>283.0</ele>
      </trkpt>
      <trkpt lat="45.03322" lon="-93.44589">
        <ele>283.1</ele>
      </trkpt>
      <trkpt lat="45.03334" lon="-93.44593">
        <ele>283.1</ele>
      </trkpt>
      <trkpt lat="45.03343" lon="-93.44594">
        <ele>283.5</ele>
      </trkpt>
      <trkpt lat="45.03349" lon="-93.44594">
        <ele>284.1</ele>
      </trkpt>
      <trkpt lat="45.03364" lon="-93.44589">
        <ele>286.7</ele>
      </trkpt>
      <trkpt lat="45.03389" lon="-93.44573">
        <ele>290.1</ele>
      </trkpt>
      <trkpt lat="45.03408" lon="-93.44556">
        <ele>291.0</ele>
      </trkpt>
      <trkpt lat="45.03426" lon="-93.44554">
        <ele>292.9</ele>
      </trkpt>
      <trkpt lat="45.03454" lon="-93.44555">
        <ele>292.8</ele>
      </trkpt>
      <trkpt lat="45.03471" lon="-93.44561">
        <ele>292.5</ele>
      </trkpt>
      <trkpt lat="45.03475" lon="-93.44565">
        <ele>292.5</ele>
      </trkpt>
      <trkpt lat="45.0348" lon="-93.44574">
        <ele>292.4</ele>
      </trkpt>
      <trkpt lat="45.03485" lon="-93.44583">
        <ele>292.3</ele>
      </trkpt>
      <trkpt lat="45.0349" lon="-93.44597">
        <ele>292.2</ele>
      </trkpt>
      <trkpt lat="45.03493" lon="-93.4461">
        <ele>292.0</ele>
      </trkpt>
      <trkpt lat="45.03495" lon="-93.44615">
        <ele>291.7</ele>
      </trkpt>
      <trkpt lat="45.03497" lon="-93.44617">
        <ele>291.6</ele>
      </trkpt>
      <trkpt lat="45.03499" lon="-93.44618">
        <ele>291.4</ele>
      </trkpt>
      <trkpt lat="45.03547" lon="-93.44616">
        <ele>288.7</ele>
      </trkpt>
      <trkpt lat="45.03555" lon="-93.44614">
        <ele>289.0</ele>
      </trkpt>
      <trkpt lat="45.03566" lon="-93.44612">
        <ele>289.4</ele>
      </trkpt>
      <trkpt lat="45.03573" lon="-93.44616">
        <ele>289.6</ele>
      </trkpt>
      <trkpt lat="45.03646" lon="-93.44616">
        <ele>292.9</ele>
      </trkpt>
      <trkpt lat="45.03677" lon="-93.44615">
        <ele>295.5</ele>
      </trkpt>
      <trkpt lat="45.03693" lon="-93.44615">
        <ele>295.0</ele>
      </trkpt>
      <trkpt lat="45.03779" lon="-93.44614">
        <ele>292.6</ele>
      </trkpt>
      <trkpt lat="45.03866" lon="-93.44614">
        <ele>298.4</ele>
      </trkpt>
      <trkpt lat="45.03952" lon="-93.44613">
        <ele>296.6</ele>
      </trkpt>
      <trkpt lat="45.04039" lon="-93.44613">
        <ele>291.5</ele>
      </trkpt>
      <trkpt lat="45.04053" lon="-93.44612">
        <ele>291.6</ele>
      </trkpt>
      <trkpt lat="45.04058" lon="-93.44613">
        <ele>291.5</ele>
      </trkpt>
      <trkpt lat="45.04099" lon="-93.44612">
        <ele>286.9</ele>
      </trkpt>
      <trkpt lat="45.04163" lon="-93.4461">
        <ele>285.4</ele>
      </trkpt>
      <trkpt lat="45.04226" lon="-93.44608">
        <ele>285.0</ele>
      </trkpt>
      <trkpt lat="45.04292" lon="-93.44607">
        <ele>284.6</ele>
      </trkpt>
      <trkpt lat="45.04357" lon="-93.44607">
        <ele>286.6</ele>
      </trkpt>
      <trkpt lat="45.04385" lon="-93.44604">
        <ele>286.7</ele>
      </trkpt>
      <trkpt lat="45.04389" lon="-93.44605">
        <ele>286.7</ele>
      </trkpt>
      <trkpt lat="45.04391" lon="-93.44607">
        <ele>286.7</ele>
      </trkpt>
      <trkpt lat="45.04464" lon="-93.44606">
        <ele>284.2</ele>
      </trkpt>
      <trkpt lat="45.04507" lon="-93.44598">
        <ele>283.8</ele>
      </trkpt>
      <trkpt lat="45.0453" lon="-93.4459">
        <ele>283.4</ele>
      </trkpt>
      <trkpt lat="45.04555" lon="-93.44576">
        <ele>284.0</ele>
      </trkpt>
      <trkpt lat="45.04574" lon="-93.44561">
        <ele>286.3</ele>
      </trkpt>
      <trkpt lat="45.04589" lon="-93.44548">
        <ele>286.6</ele>
      </trkpt>
      <trkpt lat="45.04638" lon="-93.44495">
        <ele>284.1</ele>
      </trkpt>
      <trkpt lat="45.04664" lon="-93.44469">
        <ele>286.1</ele>
      </trkpt>
      <trkpt lat="45.04675" lon="-93.44461">
        <ele>285.9</ele>
      </trkpt>
      <trkpt lat="45.04691" lon="-93.44452">
        <ele>285.7</ele>
      </trkpt>
      <trkpt lat="45.04707" lon="-93.44444">
        <ele>285.4</ele>
      </trkpt>
      <trkpt lat="45.04725" lon="-93.44436">
        <ele>285.2</ele>
      </trkpt>
      <trkpt lat="45.0474" lon="-93.44432">
        <ele>285.0</ele>
      </trkpt>
      <trkpt lat="45.04758" lon="-93.44429">
        <ele>284.8</ele>
      </trkpt>
      <trkpt lat="45.04782" lon="-93.44425">
        <ele>284.5</ele>
      </trkpt>
      <trkpt lat="45.04803" lon="-93.44428">
        <ele>285.1</ele>
      </trkpt>
      <trkpt lat="45.04816" lon="-93.44431">
        <ele>284.9</ele>
      </trkpt>
      <trkpt lat="45.0483" lon="-93.44435">
        <ele>285.2</ele>
      </trkpt>
      <trkpt lat="45.04842" lon="-93.4444">
        <ele>285.6</ele>
      </trkpt>
      <trkpt lat="45.04854" lon="-93.44446">
        <ele>285.9</ele>
      </trkpt>
      <trkpt lat="45.04875" lon="-93.44459">
        <ele>286.1</ele>
      </trkpt>
      <trkpt lat="45.04887" lon="-93.44466">
        <ele>286.3</ele>
      </trkpt>
      <trkpt lat="45.04894" lon="-93.44473">
        <ele>285.8</ele>
      </trkpt>
      <trkpt lat="45.04967" lon="-93.44537">
        <ele>290.4</ele>
      </trkpt>
      <trkpt lat="45.04996" lon="-93.44557">
        <ele>292.6</ele>
      </trkpt>
      <trkpt lat="45.05021" lon="-93.44572">
        <ele>293.8</ele>
      </trkpt>
      <trkpt lat="45.05049" lon="-93.44585">
        <ele>292.8</ele>
      </trkpt>
      <trkpt lat="45.05065" lon="-93.44591">
        <ele>292.6</ele>
      </trkpt>
      <trkpt lat="45.051" lon="-93.446">
        <ele>293.2</ele>
      </trkpt>
      <trkpt lat="45.05128" lon="-93.44604">
        <ele>294.4</ele>
      </trkpt>
      <trkpt lat="45.05154" lon="-93.44605">
        <ele>295.1</ele>
      </trkpt>
      <trkpt lat="45.05161" lon="-93.44606">
        <ele>295.2</ele>
      </trkpt>
      <trkpt lat="45.05242" lon="-93.44606">
        <ele>296.5</ele>
      </trkpt>
      <trkpt lat="45.05323" lon="-93.44607">
        <ele>296.5</ele>
      </trkpt>
      <trkpt lat="45.05332" lon="-93.44607">
        <ele>295.5</ele>
      </trkpt>
      <trkpt lat="45.05379" lon="-93.44607">
        <ele>295.4</ele>
      </trkpt>
      <trkpt lat="45.05426" lon="-93.44608">
        <ele>298.4</ele>
      </trkpt>
      <trkpt lat="45.05451" lon="-93.44609">
        <ele>300.4</ele>
      </trkpt>
      <trkpt lat="45.05459" lon="-93.44608">
        <ele>301.3</ele>
      </trkpt>
      <trkpt lat="45.05466" lon="-93.44606">
        <ele>301.8</ele>
      </trkpt>
      <trkpt lat="45.0547" lon="-93.44607">
        <ele>301.8</ele>
      </trkpt>
      <trkpt lat="45.05479" lon="-93.44611">
        <ele>301.8</ele>
      </trkpt>
      <trkpt lat="45.05484" lon="-93.44611">
        <ele>301.7</ele>
      </trkpt>
      <trkpt lat="45.05506" lon="-93.44609">
        <ele>301.8</ele>
      </trkpt>
      <trkpt lat="45.05515" lon="-93.44608">
        <ele>302.8</ele>
      </trkpt>
      <trkpt lat="45.05547" lon="-93.44605">
        <ele>307.5</ele>
      </trkpt>
      <trkpt lat="45.05589" lon="-93.44598">
        <ele>310.0</ele>
      </trkpt>
      <trkpt lat="45.05645" lon="-93.44585">
        <ele>312.7</ele>
      </trkpt>
      <trkpt lat="45.05684" lon="-93.44572">
        <ele>310.1</ele>
      </trkpt>
      <trkpt lat="45.05728" lon="-93.44552">
        <ele>302.6</ele>
      </trkpt>
      <trkpt lat="45.05771" lon="-93.44531">
        <ele>299.4</ele>
      </trkpt>
      <trkpt lat="45.05825" lon="-93.44498">
        <ele>291.2</ele>
      </trkpt>
      <trkpt lat="45.05869" lon="-93.44464">
        <ele>296.2</ele>
      </trkpt>
      <trkpt lat="45.05921" lon="-93.44417">
        <ele>286.2</ele>
      </trkpt>
      <trkpt lat="45.05967" lon="-93.44368">
        <ele>284.7</ele>
      </trkpt>
      <trkpt lat="45.06006" lon="-93.44321">
        <ele>283.4</ele>
      </trkpt>
      <trkpt lat="45.06026" lon="-93.44294">
        <ele>283.5</ele>
      </trkpt>
      <trkpt lat="45.06049" lon="-93.4426">
        <ele>284.7</ele>
      </trkpt>
      <trkpt lat="45.06055" lon="-93.44253">
        <ele>285.0</ele>
      </trkpt>
      <trkpt lat="45.06063" lon="-93.44239">
        <ele>285.2</ele>
      </trkpt>
      <trkpt lat="45.06075" lon="-93.44221">
        <ele>285.5</ele>
      </trkpt>
      <trkpt lat="45.06082" lon="-93.44209">
        <ele>285.6</ele>
      </trkpt>
      <trkpt lat="45.06104" lon="-93.44169">
        <ele>286.1</ele>
      </trkpt>
      <trkpt lat="45.06127" lon="-93.44124">
        <ele>288.3</ele>
      </trkpt>
      <trkpt lat="45.06154" lon="-93.44067">
        <ele>291.8</ele>
      </trkpt>
      <trkpt lat="45.06181" lon="-93.44009">
        <ele>288.7</ele>
      </trkpt>
      <trkpt lat="45.06213" lon="-93.43935">
        <ele>288.2</ele>
      </trkpt>
      <trkpt lat="45.06244" lon="-93.43872">
        <ele>287.8</ele>
      </trkpt>
      <trkpt lat="45.06249" lon="-93.43856">
        <ele>286.8</ele>
      </trkpt>
      <trkpt lat="45.06252" lon="-93.4384">
        <ele>286.5</ele>
      </trkpt>
      <trkpt lat="45.0626" lon="-93.4384">
        <ele>286.4</ele>
      </trkpt>
      <trkpt lat="45.06263" lon="-93.43841">
        <ele>286.3</ele>
      </trkpt>
      <trkpt lat="45.06265" lon="-93.43839">
        <ele>286.2</ele>
      </trkpt>
      <trkpt lat="45.06271" lon="-93.43829">
        <ele>286.0</ele>
      </trkpt>
      <trkpt lat="45.06278" lon="-93.43809">
        <ele>285.8</ele>
      </trkpt>
      <trkpt lat="45.06281" lon="-93.43806">
        <ele>285.7</ele>
      </trkpt>
      <trkpt lat="45.06276" lon="-93.43785">
        <ele>285.5</ele>
      </trkpt>
      <trkpt lat="45.06278" lon="-93.43774">
        <ele>285.6</ele>
      </trkpt>
      <trkpt lat="45.06285" lon="-93.43775">
        <ele>285.4</ele>
      </trkpt>
      <trkpt lat="45.06292" lon="-93.43772">
        <ele>285.2</ele>
      </trkpt>
      <trkpt lat="45.06299" lon="-93.43766">
        <ele>285.0</ele>
      </trkpt>
      <trkpt lat="45.06303" lon="-93.43761">
        <ele>284.9</ele>
      </trkpt>
      <trkpt lat="45.06329" lon="-93.43709">
        <ele>285.9</ele>
      </trkpt>
      <trkpt lat="45.06355" lon="-93.43656">
        <ele>284.8</ele>
      </trkpt>
      <trkpt lat="45.06405" lon="-93.43556">
        <ele>284.9</ele>
      </trkpt>
      <trkpt lat="45.06454" lon="-93.43456">
        <ele>278.2</ele>
      </trkpt>
      <trkpt lat="45.06504" lon="-93.43356">
        <ele>277.4</ele>
      </trkpt>
      <trkpt lat="45.06517" lon="-93.43331">
        <ele>277.4</ele>
      </trkpt>
      <trkpt lat="45.06536" lon="-93.43297">
        <ele>277.5</ele>
      </trkpt>
      <trkpt lat="45.06555" lon="-93.43269">
        <ele>277.2</ele>
      </trkpt>
      <trkpt lat="45.06564" lon="-93.43255">
        <ele>276.8</ele>
      </trkpt>
      <trkpt lat="45.06593" lon="-93.4322">
        <ele>278.4</ele>
      </trkpt>
      <trkpt lat="45.06613" lon="-93.43194">
        <ele>279.8</ele>
      </trkpt>
      <trkpt lat="45.06629" lon="-93.43179">
        <ele>280.4</ele>
      </trkpt>
      <trkpt lat="45.06647" lon="-93.43164">
        <ele>280.6</ele>
      </trkpt>
      <trkpt lat="45.06658" lon="-93.43156">
        <ele>280.6</ele>
      </trkpt>
      <trkpt lat="45.06676" lon="-93.43148">
        <ele>280.3</ele>
      </trkpt>
      <trkpt lat="45.06722" lon="-93.43123">
        <ele>280.4</ele>
      </trkpt>
      <trkpt lat="45.06755" lon="-93.43108">
        <ele>280.9</ele>
      </trkpt>
      <trkpt lat="45.06777" lon="-93.43101">
        <ele>280.6</ele>
      </trkpt>
      <trkpt lat="45.06805" lon="-93.43094">
        <ele>280.4</ele>
      </trkpt>
      <trkpt lat="45.06848" lon="-93.4309">
        <ele>280.9</ele>
      </trkpt>
      <trkpt lat="45.06912" lon="-93.43091">
        <ele>283.5</ele>
      </trkpt>
      <trkpt lat="45.06931" lon="-93.43091">
        <ele>284.9</ele>
      </trkpt>
      <trkpt lat="45.07011" lon="-93.43093">
        <ele>286.7</ele>
      </trkpt>
      <trkpt lat="45.0709" lon="-93.43096">
        <ele>282.6</ele>
      </trkpt>
      <trkpt lat="45.07121" lon="-93.43094">
        <ele>281.6</ele>
      </trkpt>
      <trkpt lat="45.0716" lon="-93.43093">
        <ele>280.8</ele>
      </trkpt>
      <trkpt lat="45.07203" lon="-93.43094">
        <ele>280.6</ele>
      </trkpt>
      <trkpt lat="45.07208" lon="-93.43093">
        <ele>280.8</ele>
      </trkpt>
      <trkpt lat="45.07213" lon="-93.43099">
        <ele>281.3</ele>
      </trkpt>
      <trkpt lat="45.07283" lon="-93.43102">
        <ele>283.9</ele>
      </trkpt>
      <trkpt lat="45.07354" lon="-93.43104">
        <ele>280.6</ele>
      </trkpt>
      <trkpt lat="45.07369" lon="-93.43102">
        <ele>280.7</ele>
      </trkpt>
      <trkpt lat="45.07374" lon="-93.43105">
        <ele>280.8</ele>
      </trkpt>
      <trkpt lat="45.07421" lon="-93.43106">
        <ele>283.4</ele>
      </trkpt>
      <trkpt lat="45.07468" lon="-93.43107">
        <ele>283.2</ele>
      </trkpt>
      <trkpt lat="45.07556" lon="-93.43106">
        <ele>281.5</ele>
      </trkpt>
      <trkpt lat="45.07642" lon="-93.43109">
        <ele>280.6</ele>
      </trkpt>
      <trkpt lat="45.0768" lon="-93.43109">
        <ele>281.0</ele>
      </trkpt>
      <trkpt lat="45.07759" lon="-93.43105">
        <ele>282.7</ele>
      </trkpt>
      <trkpt lat="45.07782" lon="-93.43103">
        <ele>283.0</ele>
      </trkpt>
      <trkpt lat="45.07834" lon="-93.43103">
        <ele>280.7</ele>
      </trkpt>
      <trkpt lat="45.0785" lon="-93.43103">
        <ele>280.4</ele>
      </trkpt>
      <trkpt lat="45.07848" lon="-93.43146">
        <ele>279.2</ele>
      </trkpt>
      <trkpt lat="45.07899" lon="-93.43147">
        <ele>279.1</ele>
      </trkpt>
      <trkpt lat="45.0795" lon="-93.43148">
        <ele>280.0</ele>
      </trkpt>
      <trkpt lat="45.0798" lon="-93.43144">
        <ele>280.6</ele>
      </trkpt>
      <trkpt lat="45.08003" lon="-93.43143">
        <ele>281.0</ele>
      </trkpt>
      <trkpt lat="45.08016" lon="-93.43148">
        <ele>281.3</ele>
      </trkpt>
      <trkpt lat="45.08021" lon="-93.43149">
        <ele>281.4</ele>
      </trkpt>
      <trkpt lat="45.08043" lon="-93.43148">
        <ele>281.3</ele>
      </trkpt>
      <trkpt lat="45.08118" lon="-93.43143">
        <ele>282.6</ele>
      </trkpt>
      <trkpt lat="45.08206" lon="-93.43143">
        <ele>284.9</ele>
      </trkpt>
      <trkpt lat="45.08256" lon="-93.43144">
        <ele>285.3</ele>
      </trkpt>
      <trkpt lat="45.0826" lon="-93.43143">
        <ele>285.3</ele>
      </trkpt>
      <trkpt lat="45.08273" lon="-93.43143">
        <ele>285.0</ele>
      </trkpt>
      <trkpt lat="45.08276" lon="-93.43144">
        <ele>284.8</ele>
      </trkpt>
      <trkpt lat="45.08362" lon="-93.43147">
        <ele>283.1</ele>
      </trkpt>
      <trkpt lat="45.08367" lon="-93.43146">
        <ele>283.0</ele>
      </trkpt>
      <trkpt lat="45.0838" lon="-93.43146">
        <ele>282.8</ele>
      </trkpt>
      <trkpt lat="45.08384" lon="-93.43148">
        <ele>282.8</ele>
      </trkpt>
      <trkpt lat="45.08474" lon="-93.4315">
        <ele>281.7</ele>
      </trkpt>
      <trkpt lat="45.08486" lon="-93.43149">
        <ele>281.5</ele>
      </trkpt>
      <trkpt lat="45.08491" lon="-93.43151">
        <ele>281.4</ele>
      </trkpt>
      <trkpt lat="45.08549" lon="-93.43152">
        <ele>279.8</ele>
      </trkpt>
      <trkpt lat="45.0856" lon="-93.43151">
        <ele>278.7</ele>
      </trkpt>
      <trkpt lat="45.08565" lon="-93.43153">
        <ele>278.3</ele>
      </trkpt>
      <trkpt lat="45.08645" lon="-93.43159">
        <ele>275.5</ele>
      </trkpt>
      <trkpt lat="45.08714" lon="-93.43163">
        <ele>276.9</ele>
      </trkpt>
      <trkpt lat="45.08732" lon="-93.43165">
        <ele>277.5</ele>
      </trkpt>
      <trkpt lat="45.0875" lon="-93.43167">
        <ele>278.3</ele>
      </trkpt>
      <trkpt lat="45.08753" lon="-93.43167">
        <ele>278.4</ele>
      </trkpt>
      <trkpt lat="45.08758" lon="-93.43164">
        <ele>278.5</ele>
      </trkpt>
      <trkpt lat="45.08764" lon="-93.43165">
        <ele>278.8</ele>
      </trkpt>
      <trkpt lat="45.08852" lon="-93.43167">
        <ele>280.6</ele>
      </trkpt>
      <trkpt lat="45.08922" lon="-93.43169">
        <ele>284.6</ele>
      </trkpt>
      <trkpt lat="45.08993" lon="-93.43171">
        <ele>284.2</ele>
      </trkpt>
      <trkpt lat="45.09077" lon="-93.43177">
        <ele>286.8</ele>
      </trkpt>
      <trkpt lat="45.09082" lon="-93.43175">
        <ele>286.7</ele>
      </trkpt>
      <trkpt lat="45.09132" lon="-93.43184">
        <ele>284.3</ele>
      </trkpt>
      <trkpt lat="45.09148" lon="-93.43186">
        <ele>283.7</ele>
      </trkpt>
      <trkpt lat="45.09212" lon="-93.43188">
        <ele>285.1</ele>
      </trkpt>
      <trkpt lat="45.0927" lon="-93.43184">
        <ele>290.3</ele>
      </trkpt>
      <trkpt lat="45.09285" lon="-93.43185">
        <ele>290.5</ele>
      </trkpt>
      <trkpt lat="45.09288" lon="-93.43186">
        <ele>290.5</ele>
      </trkpt>
      <trkpt lat="45.09292" lon="-93.43188">
        <ele>290.5</ele>
      </trkpt>
      <trkpt lat="45.09326" lon="-93.43189">
        <ele>290.2</ele>
      </trkpt>
      <trkpt lat="45.09343" lon="-93.43188">
        <ele>290.1</ele>
      </trkpt>
      <trkpt lat="45.09354" lon="-93.43191">
        <ele>289.8</ele>
      </trkpt>
      <trkpt lat="45.09425" lon="-93.43201">
        <ele>287.8</ele>
      </trkpt>
      <trkpt lat="45.09434" lon="-93.4319">
        <ele>288.3</ele>
      </trkpt>
      <trkpt lat="45.0947" lon="-93.43196">
        <ele>288.0</ele>
      </trkpt>
      <trkpt lat="45.09473" lon="-93.43192">
        <ele>288.0</ele>
      </trkpt>
      <trkpt lat="45.09481" lon="-93.43204">
        <ele>287.8</ele>
      </trkpt>
      <trkpt lat="45.09487" lon="-93.43202">
        <ele>288.0</ele>
      </trkpt>
      <trkpt lat="45.09562" lon="-93.43196">
        <ele>287.1</ele>
      </trkpt>
      <trkpt lat="45.09632" lon="-93.43185">
        <ele>284.8</ele>
      </trkpt>
      <trkpt lat="45.09649" lon="-93.43181">
        <ele>285.5</ele>
      </trkpt>
      <trkpt lat="45.09696" lon="-93.43167">
        <ele>289.8</ele>
      </trkpt>
      <trkpt lat="45.09744" lon="-93.43146">
        <ele>290.0</ele>
      </trkpt>
      <trkpt lat="45.09802" lon="-93.43111">
        <ele>289.8</ele>
      </trkpt>
      <trkpt lat="45.0984" lon="-93.43082">
        <ele>285.9</ele>
      </trkpt>
      <trkpt lat="45.09871" lon="-93.43054">
        <ele>283.4</ele>
      </trkpt>
      <trkpt lat="45.09895" lon="-93.43029">
        <ele>286.6</ele>
      </trkpt>
      <trkpt lat="45.09899" lon="-93.43026">
        <ele>287.0</ele>
      </trkpt>
      <trkpt lat="45.09922" lon="-93.42999">
        <ele>291.0</ele>
      </trkpt>
      <trkpt lat="45.09941" lon="-93.42975">
        <ele>293.1</ele>
      </trkpt>
      <trkpt lat="45.09959" lon="-93.4295">
        <ele>287.4</ele>
      </trkpt>
      <trkpt lat="45.0999" lon="-93.42901">
        <ele>278.7</ele>
      </trkpt>
      <trkpt lat="45.10008" lon="-93.42869">
        <ele>285.6</ele>
      </trkpt>
      <trkpt lat="45.10033" lon="-93.42818">
        <ele>295.0</ele>
      </trkpt>
      <trkpt lat="45.10059" lon="-93.42759">
        <ele>291.8</ele>
      </trkpt>
      <trkpt lat="45.10086" lon="-93.427">
        <ele>286.0</ele>
      </trkpt>
      <trkpt lat="45.10113" lon="-93.42641">
        <ele>286.5</ele>
      </trkpt>
      <trkpt lat="45.1014" lon="-93.42581">
        <ele>286.0</ele>
      </trkpt>
      <trkpt lat="45.10158" lon="-93.42548">
        <ele>285.1</ele>
      </trkpt>
      <trkpt lat="45.10182" lon="-93.42508">
        <ele>282.5</ele>
      </trkpt>
      <trkpt lat="45.10201" lon="-93.42479">
        <ele>285.4</ele>
      </trkpt>
      <trkpt lat="45.10222" lon="-93.42452">
        <ele>289.3</ele>
      </trkpt>
      <trkpt lat="45.10242" lon="-93.42429">
        <ele>288.9</ele>
      </trkpt>
      <trkpt lat="45.10285" lon="-93.42382">
        <ele>282.4</ele>
      </trkpt>
      <trkpt lat="45.10335" lon="-93.42342">
        <ele>281.7</ele>
      </trkpt>
      <trkpt lat="45.10364" lon="-93.42323">
        <ele>282.4</ele>
      </trkpt>
      <trkpt lat="45.104" lon="-93.42303">
        <ele>276.7</ele>
      </trkpt>
      <trkpt lat="45.10434" lon="-93.42289">
        <ele>280.4</ele>
      </trkpt>
      <trkpt lat="45.1047" lon="-93.42277">
        <ele>282.7</ele>
      </trkpt>
      <trkpt lat="45.10522" lon="-93.42266">
        <ele>283.2</ele>
      </trkpt>
      <trkpt lat="45.10566" lon="-93.42263">
        <ele>290.5</ele>
      </trkpt>
      <trkpt lat="45.10593" lon="-93.42265">
        <ele>290.7</ele>
      </trkpt>
      <trkpt lat="45.10669" lon="-93.42263">
        <ele>289.2</ele>
      </trkpt>
      <trkpt lat="45.10745" lon="-93.42262">
        <ele>289.0</ele>
      </trkpt>
      <trkpt lat="45.10822" lon="-93.4226">
        <ele>285.8</ele>
      </trkpt>
      <trkpt lat="45.10898" lon="-93.42259">
        <ele>281.6</ele>
      </trkpt>
      <trkpt lat="45.10929" lon="-93.42262">
        <ele>286.5</ele>
      </trkpt>
      <trkpt lat="45.10939" lon="-93.42262">
        <ele>287.3</ele>
      </trkpt>
      <trkpt lat="45.10943" lon="-93.42261">
        <ele>287.4</ele>
      </trkpt>
      <trkpt lat="45.10983" lon="-93.42261">
        <ele>280.8</ele>
      </trkpt>
      <trkpt lat="45.11018" lon="-93.4226">
        <ele>275.5</ele>
      </trkpt>
      <trkpt lat="45.11087" lon="-93.42251">
        <ele>271.5</ele>
      </trkpt>
      <trkpt lat="45.11156" lon="-93.42244">
        <ele>272.7</ele>
      </trkpt>
      <trkpt lat="45.11171" lon="-93.42243">
        <ele>273.8</ele>
      </trkpt>
      <trkpt lat="45.11184" lon="-93.4224">
        <ele>274.3</ele>
      </trkpt>
      <trkpt lat="45.11248" lon="-93.42232">
        <ele>274.4</ele>
      </trkpt>
      <trkpt lat="45.11312" lon="-93.42225">
        <ele>274.8</ele>
      </trkpt>
      <trkpt lat="45.11356" lon="-93.42223">
        <ele>275.5</ele>
      </trkpt>
      <trkpt lat="45.11428" lon="-93.42223">
        <ele>276.5</ele>
      </trkpt>
      <trkpt lat="45.11501" lon="-93.42224">
        <ele>277.0</ele>
      </trkpt>
      <trkpt lat="45.11506" lon="-93.42223">
        <ele>277.1</ele>
      </trkpt>
      <trkpt lat="45.11553" lon="-93.42223">
        <ele>277.5</ele>
      </trkpt>
      <trkpt lat="45.116" lon="-93.42223">
        <ele>277.8</ele>
      </trkpt>
      <trkpt lat="45.11631" lon="-93.42224">
        <ele>277.9</ele>
      </trkpt>
      <trkpt lat="45.11641" lon="-93.42223">
        <ele>277.8</ele>
      </trkpt>
      <trkpt lat="45.11652" lon="-93.42223">
        <ele>277.8</ele>
      </trkpt>
      <trkpt lat="45.11657" lon="-93.42224">
        <ele>277.8</ele>
      </trkpt>
      <trkpt lat="45.11674" lon="-93.42223">
        <ele>277.8</ele>
      </trkpt>
      <trkpt lat="45.11759" lon="-93.42224">
        <ele>278.0</ele>
      </trkpt>
      <trkpt lat="45.11773" lon="-93.42223">
        <ele>278.0</ele>
      </trkpt>
      <trkpt lat="45.11852" lon="-93.42223">
        <ele>277.8</ele>
      </trkpt>
      <trkpt lat="45.1193" lon="-93.42224">
        <ele>277.2</ele>
      </trkpt>
      <trkpt lat="45.12008" lon="-93.42225">
        <ele>277.0</ele>
      </trkpt>
      <trkpt lat="45.12011" lon="-93.42226">
        <ele>277.0</ele>
      </trkpt>
      <trkpt lat="45.12036" lon="-93.42227">
        <ele>277.4</ele>
      </trkpt>
      <trkpt lat="45.12075" lon="-93.42227">
        <ele>277.1</ele>
      </trkpt>
      <trkpt lat="45.12091" lon="-93.42227">
        <ele>277.0</ele>
      </trkpt>
      <trkpt lat="45.12113" lon="-93.42231">
        <ele>276.6</ele>
      </trkpt>
      <trkpt lat="45.12158" lon="-93.42232">
        <ele>275.3</ele>
      </trkpt>
      <trkpt lat="45.12161" lon="-93.42228">
        <ele>275.2</ele>
      </trkpt>
      <trkpt lat="45.12162" lon="-93.42227">
        <ele>275.2</ele>
      </trkpt>
      <trkpt lat="45.1218" lon="-93.42228">
        <ele>274.8</ele>
      </trkpt>
      <trkpt lat="45.1219" lon="-93.42233">
        <ele>274.6</ele>
      </trkpt>
      <trkpt lat="45.12203" lon="-93.42236">
        <ele>274.3</ele>
      </trkpt>
      <trkpt lat="45.12213" lon="-93.42244">
        <ele>274.1</ele>
      </trkpt>
      <trkpt lat="45.12219" lon="-93.42229">
        <ele>273.8</ele>
      </trkpt>
      <trkpt lat="45.12253" lon="-93.42231">
        <ele>273.6</ele>
      </trkpt>
      <trkpt lat="45.12265" lon="-93.42243">
        <ele>274.1</ele>
      </trkpt>
      <trkpt lat="45.12269" lon="-93.42238">
        <ele>273.8</ele>
      </trkpt>
      <trkpt lat="45.12272" lon="-93.42235">
        <ele>273.4</ele>
      </trkpt>
      <trkpt lat="45.12278" lon="-93.42231">
        <ele>273.0</ele>
      </trkpt>
      <trkpt lat="45.12288" lon="-93.4223">
        <ele>273.1</ele>
      </trkpt>
      <trkpt lat="45.12316" lon="-93.4223">
        <ele>274.0</ele>
      </trkpt>
      <trkpt lat="45.12321" lon="-93.42231">
        <ele>274.0</ele>
      </trkpt>
      <trkpt lat="45.12331" lon="-93.42237">
        <ele>274.3</ele>
      </trkpt>
      <trkpt lat="45.12334" lon="-93.42241">
        <ele>274.4</ele>
      </trkpt>
      <trkpt lat="45.12343" lon="-93.4223">
        <ele>274.4</ele>
      </trkpt>
      <trkpt lat="45.12366" lon="-93.42231">
        <ele>274.7</ele>
      </trkpt>
      <trkpt lat="45.12375" lon="-93.42244">
        <ele>274.9</ele>
      </trkpt>
      <trkpt lat="45.12381" lon="-93.42239">
        <ele>275.0</ele>
      </trkpt>
      <trkpt lat="45.12385" lon="-93.42237">
        <ele>275.0</ele>
      </trkpt>
      <trkpt lat="45.12391" lon="-93.42236">
        <ele>275.0</ele>
      </trkpt>
      <trkpt lat="45.12419" lon="-93.42236">
        <ele>275.1</ele>
      </trkpt>
      <trkpt lat="45.12467" lon="-93.42237">
        <ele>275.2</ele>
      </trkpt>
      <trkpt lat="45.12539" lon="-93.42234">
        <ele>275.4</ele>
      </trkpt>
      <trkpt lat="45.12548" lon="-93.42234">
        <ele>275.4</ele>
      </trkpt>
      <trkpt lat="45.12567" lon="-93.42237">
        <ele>275.5</ele>
      </trkpt>
      <trkpt lat="45.12627" lon="-93.42234">
        <ele>275.8</ele>
      </trkpt>
      <trkpt lat="45.12715" lon="-93.42235">
        <ele>276.3</ele>
      </trkpt>
      <trkpt lat="45.12748" lon="-93.42232">
        <ele>276.3</ele>
      </trkpt>
      <trkpt lat="45.12787" lon="-93.42234">
        <ele>276.3</ele>
      </trkpt>
      <trkpt lat="45.12831" lon="-93.42234">
        <ele>276.4</ele>
      </trkpt>
      <trkpt lat="45.12846" lon="-93.42236">
        <ele>276.4</ele>
      </trkpt>
      <trkpt lat="45.12852" lon="-93.42238">
        <ele>276.5</ele>
      </trkpt>
      <trkpt lat="45.1289" lon="-93.42256">
        <ele>276.7</ele>
      </trkpt>
      <trkpt lat="45.12902" lon="-93.42266">
        <ele>276.8</ele>
      </trkpt>
      <trkpt lat="45.12911" lon="-93.42279">
        <ele>276.9</ele>
      </trkpt>
      <trkpt lat="45.12914" lon="-93.42284">
        <ele>277.0</ele>
      </trkpt>
      <trkpt lat="45.1292" lon="-93.42298">
        <ele>277.1</ele>
      </trkpt>
      <trkpt lat="45.12928" lon="-93.42294">
        <ele>277.1</ele>
      </trkpt>
      <trkpt lat="45.12934" lon="-93.42294">
        <ele>277.1</ele>
      </trkpt>
      <trkpt lat="45.12939" lon="-93.42297">
        <ele>277.1</ele>
      </trkpt>
      <trkpt lat="45.12943" lon="-93.42297">
        <ele>277.2</ele>
      </trkpt>
      <trkpt lat="45.12948" lon="-93.42284">
        <ele>277.1</ele>
      </trkpt>
      <trkpt lat="45.12952" lon="-93.42278">
        <ele>277.1</ele>
      </trkpt>
      <trkpt lat="45.12957" lon="-93.42273">
        <ele>277.0</ele>
      </trkpt>
      <trkpt lat="45.12963" lon="-93.42269">
        <ele>277.0</ele>
      </trkpt>
      <trkpt lat="45.1297" lon="-93.42268">
        <ele>277.0</ele>
      </trkpt>
      <trkpt lat="45.12975" lon="-93.42268">
        <ele>277.1</ele>
      </trkpt>
      <trkpt lat="45.12996" lon="-93.42274">
        <ele>277.2</ele>
      </trkpt>
      <trkpt lat="45.13019" lon="-93.42275">
        <ele>277.2</ele>
      </trkpt>
      <trkpt lat="45.13079" lon="-93.42286">
        <ele>277.5</ele>
      </trkpt>
      <trkpt lat="45.13097" lon="-93.42289">
        <ele>277.6</ele>
      </trkpt>
      <trkpt lat="45.13104" lon="-93.42292">
        <ele>277.7</ele>
      </trkpt>
      <trkpt lat="45.13108" lon="-93.42297">
        <ele>277.8</ele>
      </trkpt>
      <trkpt lat="45.13112" lon="-93.42303">
        <ele>277.9</ele>
      </trkpt>
      <trkpt lat="45.13114" lon="-93.42307">
        <ele>277.9</ele>
      </trkpt>
      <trkpt lat="45.13117" lon="-93.42308">
        <ele>277.9</ele>
      </trkpt>
      <trkpt lat="45.13119" lon="-93.42308">
        <ele>278.0</ele>
      </trkpt>
      <trkpt lat="45.13122" lon="-93.42307">
        <ele>278.0</ele>
      </trkpt>
      <trkpt lat="45.13147" lon="-93.42287">
        <ele>278.2</ele>
      </trkpt>
      <trkpt lat="45.1315" lon="-93.42282">
        <ele>278.2</ele>
      </trkpt>
      <trkpt lat="45.13156" lon="-93.42269">
        <ele>278.2</ele>
      </trkpt>
      <trkpt lat="45.13162" lon="-93.42243">
        <ele>278.1</ele>
      </trkpt>
      <trkpt lat="45.13165" lon="-93.42236">
        <ele>278.1</ele>
      </trkpt>
      <trkpt lat="45.13168" lon="-93.42232">
        <ele>278.1</ele>
      </trkpt>
      <trkpt lat="45.13173" lon="-93.42229">
        <ele>278.1</ele>
      </trkpt>
      <trkpt lat="45.13178" lon="-93.42227">
        <ele>278.1</ele>
      </trkpt>
      <trkpt lat="45.13183" lon="-93.42226">
        <ele>278.2</ele>
      </trkpt>
      <trkpt lat="45.132" lon="-93.42234">
        <ele>278.3</ele>
      </trkpt>
      <trkpt lat="45.13212" lon="-93.42235">
        <ele>278.4</ele>
      </trkpt>
      <trkpt lat="45.13277" lon="-93.42235">
        <ele>278.7</ele>
      </trkpt>
      <trkpt lat="45.13341" lon="-93.42235">
        <ele>279.5</ele>
      </trkpt>
      <trkpt lat="45.13405" lon="-93.42235">
        <ele>279.8</ele>
      </trkpt>
      <trkpt lat="45.1344" lon="-93.42234">
        <ele>279.7</ele>
      </trkpt>
      <trkpt lat="45.13471" lon="-93.42232">
        <ele>280.2</ele>
      </trkpt>
      <trkpt lat="45.13482" lon="-93.42233">
        <ele>280.4</ele>
      </trkpt>
      <trkpt lat="45.13514" lon="-93.42233">
        <ele>280.2</ele>
      </trkpt>
      <trkpt lat="45.1354" lon="-93.42237">
        <ele>280.0</ele>
      </trkpt>
      <trkpt lat="45.13548" lon="-93.42236">
        <ele>280.1</ele>
      </trkpt>
      <trkpt lat="45.1356" lon="-93.42241">
        <ele>280.4</ele>
      </trkpt>
      <trkpt lat="45.13584" lon="-93.42256">
        <ele>280.6</ele>
      </trkpt>
      <trkpt lat="45.13593" lon="-93.42259">
        <ele>280.6</ele>
      </trkpt>
      <trkpt lat="45.13604" lon="-93.42262">
        <ele>280.6</ele>
      </trkpt>
      <trkpt lat="45.13621" lon="-93.42263">
        <ele>280.5</ele>
      </trkpt>
      <trkpt lat="45.13635" lon="-93.42272">
        <ele>280.5</ele>
      </trkpt>
      <trkpt lat="45.13641" lon="-93.42274">
        <ele>280.5</ele>
      </trkpt>
      <trkpt lat="45.1365" lon="-93.42272">
        <ele>280.5</ele>
      </trkpt>
      <trkpt lat="45.13662" lon="-93.42262">
        <ele>280.4</ele>
      </trkpt>
      <trkpt lat="45.13668" lon="-93.42259">
        <ele>280.3</ele>
      </trkpt>
      <trkpt lat="45.13674" lon="-93.4226">
        <ele>280.2</ele>
      </trkpt>
      <trkpt lat="45.13704" lon="-93.42271">
        <ele>280.5</ele>
      </trkpt>
      <trkpt lat="45.13708" lon="-93.42271">
        <ele>280.5</ele>
      </trkpt>
      <trkpt lat="45.13721" lon="-93.42261">
        <ele>280.5</ele>
      </trkpt>
      <trkpt lat="45.13723" lon="-93.4226">
        <ele>280.5</ele>
      </trkpt>
      <trkpt lat="45.1373" lon="-93.42261">
        <ele>280.4</ele>
      </trkpt>
      <trkpt lat="45.13738" lon="-93.42265">
        <ele>280.3</ele>
      </trkpt>
      <trkpt lat="45.13741" lon="-93.42266">
        <ele>280.2</ele>
      </trkpt>
      <trkpt lat="45.13761" lon="-93.4226">
        <ele>280.0</ele>
      </trkpt>
      <trkpt lat="45.13798" lon="-93.4226">
        <ele>280.4</ele>
      </trkpt>
      <trkpt lat="45.13797" lon="-93.4234">
        <ele>280.0</ele>
      </trkpt>
      <trkpt lat="45.13796" lon="-93.4242">
        <ele>280.3</ele>
      </trkpt>
      <trkpt lat="45.13796" lon="-93.4244">
        <ele>280.5</ele>
      </trkpt>
      <trkpt lat="45.13799" lon="-93.42468">
        <ele>280.5</ele>
      </trkpt>
      <trkpt lat="45.13803" lon="-93.4248">
        <ele>280.5</ele>
      </trkpt>
      <trkpt lat="45.13808" lon="-93.42496">
        <ele>280.5</ele>
      </trkpt>
      <trkpt lat="45.13822" lon="-93.42528">
        <ele>280.5</ele>
      </trkpt>
      <trkpt lat="45.13849" lon="-93.42575">
        <ele>280.4</ele>
      </trkpt>
      <trkpt lat="45.13867" lon="-93.42604">
        <ele>280.5</ele>
      </trkpt>
      <trkpt lat="45.13899" lon="-93.42659">
        <ele>280.5</ele>
      </trkpt>
      <trkpt lat="45.1391" lon="-93.42646">
        <ele>280.4</ele>
      </trkpt>
      <trkpt lat="45.13916" lon="-93.42631">
        <ele>280.4</ele>
      </trkpt>
      <trkpt lat="45.13922" lon="-93.4259">
        <ele>280.4</ele>
      </trkpt>
      <trkpt lat="45.13925" lon="-93.42576">
        <ele>280.5</ele>
      </trkpt>
      <trkpt lat="45.13927" lon="-93.42568">
        <ele>280.5</ele>
      </trkpt>
      <trkpt lat="45.13935" lon="-93.42545">
        <ele>280.4</ele>
      </trkpt>
      <trkpt lat="45.13957" lon="-93.42488">
        <ele>280.5</ele>
      </trkpt>
      <trkpt lat="45.13979" lon="-93.42431">
        <ele>280.5</ele>
      </trkpt>
      <trkpt lat="45.13992" lon="-93.42404">
        <ele>280.5</ele>
      </trkpt>
      <trkpt lat="45.14004" lon="-93.42388">
        <ele>280.5</ele>
      </trkpt>
      <trkpt lat="45.14014" lon="-93.42379">
        <ele>280.5</ele>
      </trkpt>
      <trkpt lat="45.1402" lon="-93.42376">
        <ele>280.5</ele>
      </trkpt>
      <trkpt lat="45.14029" lon="-93.42373">
        <ele>280.5</ele>
      </trkpt>
      <trkpt lat="45.14041" lon="-93.42371">
        <ele>280.5</ele>
      </trkpt>
      <trkpt lat="45.14055" lon="-93.42376">
        <ele>280.5</ele>
      </trkpt>
      <trkpt lat="45.1406" lon="-93.4238">
        <ele>280.5</ele>
      </trkpt>
      <trkpt lat="45.14089" lon="-93.42407">
        <ele>280.6</ele>
      </trkpt>
      <trkpt lat="45.14102" lon="-93.42416">
        <ele>280.5</ele>
      </trkpt>
      <trkpt lat="45.14107" lon="-93.42418">
        <ele>280.4</ele>
      </trkpt>
      <trkpt lat="45.1412" lon="-93.42419">
        <ele>279.8</ele>
      </trkpt>
      <trkpt lat="45.14127" lon="-93.42417">
        <ele>279.8</ele>
      </trkpt>
      <trkpt lat="45.14131" lon="-93.42416">
        <ele>279.9</ele>
      </trkpt>
      <trkpt lat="45.14139" lon="-93.42419">
        <ele>280.3</ele>
      </trkpt>
      <trkpt lat="45.14154" lon="-93.42434">
        <ele>280.5</ele>
      </trkpt>
      <trkpt lat="45.14158" lon="-93.42436">
        <ele>280.4</ele>
      </trkpt>
      <trkpt lat="45.14162" lon="-93.42437">
        <ele>280.4</ele>
      </trkpt>
      <trkpt lat="45.14168" lon="-93.42437">
        <ele>280.5</ele>
      </trkpt>
      <trkpt lat="45.14194" lon="-93.4243">
        <ele>280.7</ele>
      </trkpt>
      <trkpt lat="45.14208" lon="-93.42423">
        <ele>280.7</ele>
      </trkpt>
      <trkpt lat="45.14212" lon="-93.4242">
        <ele>280.7</ele>
      </trkpt>
      <trkpt lat="45.14214" lon="-93.42415">
        <ele>280.7</ele>
      </trkpt>
      <trkpt lat="45.14215" lon="-93.4241">
        <ele>280.6</ele>
      </trkpt>
      <trkpt lat="45.14214" lon="-93.42405">
        <ele>280.6</ele>
      </trkpt>
      <trkpt lat="45.14211" lon="-93.42396">
        <ele>280.6</ele>
      </trkpt>
      <trkpt lat="45.1421" lon="-93.42391">
        <ele>280.5</ele>
      </trkpt>
      <trkpt lat="45.1421" lon="-93.42383">
        <ele>280.5</ele>
      </trkpt>
      <trkpt lat="45.14223" lon="-93.42351">
        <ele>279.9</ele>
      </trkpt>
      <trkpt lat="45.14244" lon="-93.42306">
        <ele>278.6</ele>
      </trkpt>
      <trkpt lat="45.14256" lon="-93.42287">
        <ele>277.9</ele>
      </trkpt>
      <trkpt lat="45.14267" lon="-93.42273">
        <ele>277.7</ele>
      </trkpt>
      <trkpt lat="45.14287" lon="-93.42258">
        <ele>277.9</ele>
      </trkpt>
      <trkpt lat="45.143" lon="-93.42252">
        <ele>278.0</ele>
      </trkpt>
      <trkpt lat="45.14309" lon="-93.4225">
        <ele>278.0</ele>
      </trkpt>
      <trkpt lat="45.14323" lon="-93.42248">
        <ele>277.9</ele>
      </trkpt>
      <trkpt lat="45.14348" lon="-93.42249">
        <ele>277.8</ele>
      </trkpt>
      <trkpt lat="45.14366" lon="-93.42248">
        <ele>277.8</ele>
      </trkpt>
      <trkpt lat="45.14386" lon="-93.42249">
        <ele>277.6</ele>
      </trkpt>
      <trkpt lat="45.14397" lon="-93.42252">
        <ele>277.5</ele>
      </trkpt>
      <trkpt lat="45.14421" lon="-93.42263">
        <ele>276.0</ele>
      </trkpt>
      <trkpt lat="45.14458" lon="-93.42287">
        <ele>277.6</ele>
      </trkpt>
      <trkpt lat="45.14477" lon="-93.42303">
        <ele>277.0</ele>
      </trkpt>
      <trkpt lat="45.14488" lon="-93.42311">
        <ele>276.2</ele>
      </trkpt>
      <trkpt lat="45.14493" lon="-93.42317">
        <ele>275.9</ele>
      </trkpt>
      <trkpt lat="45.145" lon="-93.42336">
        <ele>275.7</ele>
      </trkpt>
      <trkpt lat="45.14505" lon="-93.42353">
        <ele>276.0</ele>
      </trkpt>
      <trkpt lat="45.14508" lon="-93.42362">
        <ele>276.1</ele>
      </trkpt>
      <trkpt lat="45.14515" lon="-93.42372">
        <ele>276.1</ele>
      </trkpt>
      <trkpt lat="45.14519" lon="-93.42379">
        <ele>276.2</ele>
      </trkpt>
      <trkpt lat="45.14533" lon="-93.42393">
        <ele>275.7</ele>
      </trkpt>
      <trkpt lat="45.14552" lon="-93.42403">
        <ele>274.5</ele>
      </trkpt>
      <trkpt lat="45.14561" lon="-93.42411">
        <ele>273.9</ele>
      </trkpt>
      <trkpt lat="45.14578" lon="-93.42425">
        <ele>272.6</ele>
      </trkpt>
      <trkpt lat="45.14582" lon="-93.42427">
        <ele>272.3</ele>
      </trkpt>
      <trkpt lat="45.14587" lon="-93.42427">
        <ele>271.8</ele>
      </trkpt>
      <trkpt lat="45.14591" lon="-93.4243">
        <ele>271.4</ele>
      </trkpt>
      <trkpt lat="45.14606" lon="-93.42446">
        <ele>271.1</ele>
      </trkpt>
      <trkpt lat="45.1462" lon="-93.42468">
        <ele>271.1</ele>
      </trkpt>
      <trkpt lat="45.14654" lon="-93.42552">
        <ele>268.9</ele>
      </trkpt>
      <trkpt lat="45.14665" lon="-93.4257">
        <ele>267.4</ele>
      </trkpt>
      <trkpt lat="45.14673" lon="-93.42579">
        <ele>267.7</ele>
      </trkpt>
      <trkpt lat="45.14684" lon="-93.42589">
        <ele>268.6</ele>
      </trkpt>
      <trkpt lat="45.14692" lon="-93.42595">
        <ele>269.2</ele>
      </trkpt>
      <trkpt lat="45.14702" lon="-93.426">
        <ele>269.7</ele>
      </trkpt>
      <trkpt lat="45.14744" lon="-93.42609">
        <ele>270.6</ele>
      </trkpt>
      <trkpt lat="45.14762" lon="-93.42614">
        <ele>271.0</ele>
      </trkpt>
      <trkpt lat="45.14783" lon="-93.42624">
        <ele>273.0</ele>
      </trkpt>
      <trkpt lat="45.14798" lon="-93.42632">
        <ele>274.8</ele>
      </trkpt>
      <trkpt lat="45.14807" lon="-93.42639">
        <ele>274.8</ele>
      </trkpt>
      <trkpt lat="45.14812" lon="-93.42646">
        <ele>274.6</ele>
      </trkpt>
      <trkpt lat="45.14819" lon="-93.42661">
        <ele>274.1</ele>
      </trkpt>
      <trkpt lat="45.14826" lon="-93.42688">
        <ele>273.1</ele>
      </trkpt>
      <trkpt lat="45.14832" lon="-93.42704">
        <ele>272.2</ele>
      </trkpt>
      <trkpt lat="45.14836" lon="-93.4271">
        <ele>271.9</ele>
      </trkpt>
      <trkpt lat="45.14843" lon="-93.4272">
        <ele>271.3</ele>
      </trkpt>
      <trkpt lat="45.14855" lon="-93.4273">
        <ele>270.6</ele>
      </trkpt>
      <trkpt lat="45.14861" lon="-93.42734">
        <ele>270.5</ele>
      </trkpt>
      <trkpt lat="45.14873" lon="-93.42736">
        <ele>271.2</ele>
      </trkpt>
      <trkpt lat="45.14885" lon="-93.42737">
        <ele>271.7</ele>
      </trkpt>
      <trkpt lat="45.14895" lon="-93.42733">
        <ele>271.9</ele>
      </trkpt>
      <trkpt lat="45.14906" lon="-93.42726">
        <ele>271.7</ele>
      </trkpt>
      <trkpt lat="45.14919" lon="-93.4271">
        <ele>271.1</ele>
      </trkpt>
      <trkpt lat="45.14937" lon="-93.42693">
        <ele>269.9</ele>
      </trkpt>
      <trkpt lat="45.14945" lon="-93.42689">
        <ele>270.0</ele>
      </trkpt>
      <trkpt lat="45.14953" lon="-93.42685">
        <ele>270.2</ele>
      </trkpt>
      <trkpt lat="45.14961" lon="-93.42683">
        <ele>270.5</ele>
      </trkpt>
      <trkpt lat="45.14976" lon="-93.42682">
        <ele>270.8</ele>
      </trkpt>
      <trkpt lat="45.1499" lon="-93.42684">
        <ele>271.0</ele>
      </trkpt>
      <trkpt lat="45.15" lon="-93.42687">
        <ele>271.0</ele>
      </trkpt>
      <trkpt lat="45.1501" lon="-93.42692">
        <ele>270.7</ele>
      </trkpt>
      <trkpt lat="45.15037" lon="-93.42716">
        <ele>268.1</ele>
      </trkpt>
      <trkpt lat="45.1505" lon="-93.4273">
        <ele>267.2</ele>
      </trkpt>
      <trkpt lat="45.15069" lon="-93.42753">
        <ele>267.1</ele>
      </trkpt>
      <trkpt lat="45.15085" lon="-93.42769">
        <ele>267.1</ele>
      </trkpt>
      <trkpt lat="45.15097" lon="-93.42779">
        <ele>267.6</ele>
      </trkpt>
      <trkpt lat="45.15145" lon="-93.428">
        <ele>268.0</ele>
      </trkpt>
      <trkpt lat="45.15185" lon="-93.42812">
        <ele>269.6</ele>
      </trkpt>
      <trkpt lat="45.15194" lon="-93.42816">
        <ele>269.7</ele>
      </trkpt>
      <trkpt lat="45.15203" lon="-93.42823">
        <ele>269.8</ele>
      </trkpt>
      <trkpt lat="45.15211" lon="-93.42834">
        <ele>270.9</ele>
      </trkpt>
      <trkpt lat="45.15216" lon="-93.42847">
        <ele>271.6</ele>
      </trkpt>
      <trkpt lat="45.15221" lon="-93.42864">
        <ele>272.0</ele>
      </trkpt>
      <trkpt lat="45.15223" lon="-93.4288">
        <ele>272.1</ele>
      </trkpt>
      <trkpt lat="45.15223" lon="-93.42895">
        <ele>272.3</ele>
      </trkpt>
      <trkpt lat="45.15221" lon="-93.42902">
        <ele>272.6</ele>
      </trkpt>
      <trkpt lat="45.15219" lon="-93.42909">
        <ele>272.8</ele>
      </trkpt>
      <trkpt lat="45.15212" lon="-93.42926">
        <ele>273.3</ele>
      </trkpt>
      <trkpt lat="45.15201" lon="-93.42937">
        <ele>273.8</ele>
      </trkpt>
      <trkpt lat="45.15184" lon="-93.42947">
        <ele>274.5</ele>
      </trkpt>
      <trkpt lat="45.15175" lon="-93.42954">
        <ele>275.2</ele>
      </trkpt>
      <trkpt lat="45.15181" lon="-93.42974">
        <ele>276.1</ele>
      </trkpt>
      <trkpt lat="45.15185" lon="-93.42982">
        <ele>276.6</ele>
      </trkpt>
      <trkpt lat="45.1519" lon="-93.4299">
        <ele>277.0</ele>
      </trkpt>
      <trkpt lat="45.15196" lon="-93.42995">
        <ele>277.1</ele>
      </trkpt>
      <trkpt lat="45.15206" lon="-93.42997">
        <ele>277.1</ele>
      </trkpt>
      <trkpt lat="45.15232" lon="-93.42996">
        <ele>276.7</ele>
      </trkpt>
      <trkpt lat="45.15245" lon="-93.42994">
        <ele>277.0</ele>
      </trkpt>
      <trkpt lat="45.15258" lon="-93.42989">
        <ele>277.2</ele>
      </trkpt>
      <trkpt lat="45.15276" lon="-93.42977">
        <ele>277.6</ele>
      </trkpt>
      <trkpt lat="45.1533" lon="-93.42935">
        <ele>278.1</ele>
      </trkpt>
      <trkpt lat="45.15346" lon="-93.42927">
        <ele>278.1</ele>
      </trkpt>
      <trkpt lat="45.15357" lon="-93.42924">
        <ele>278.2</ele>
      </trkpt>
      <trkpt lat="45.15364" lon="-93.42923">
        <ele>278.3</ele>
      </trkpt>
      <trkpt lat="45.15371" lon="-93.42924">
        <ele>278.4</ele>
      </trkpt>
      <trkpt lat="45.15446" lon="-93.42952">
        <ele>277.7</ele>
      </trkpt>
      <trkpt lat="45.15456" lon="-93.42955">
        <ele>277.7</ele>
      </trkpt>
      <trkpt lat="45.15466" lon="-93.42955">
        <ele>277.7</ele>
      </trkpt>
      <trkpt lat="45.15479" lon="-93.42951">
        <ele>277.9</ele>
      </trkpt>
      <trkpt lat="45.1549" lon="-93.42945">
        <ele>278.0</ele>
      </trkpt>
      <trkpt lat="45.15498" lon="-93.42938">
        <ele>278.0</ele>
      </trkpt>
      <trkpt lat="45.15522" lon="-93.42912">
        <ele>277.7</ele>
      </trkpt>
      <trkpt lat="45.15526" lon="-93.42908">
        <ele>277.6</ele>
      </trkpt>
      <trkpt lat="45.1554" lon="-93.42898">
        <ele>277.0</ele>
      </trkpt>
      <trkpt lat="45.15549" lon="-93.42894">
        <ele>276.5</ele>
      </trkpt>
      <trkpt lat="45.15564" lon="-93.42891">
        <ele>275.7</ele>
      </trkpt>
      <trkpt lat="45.1565" lon="-93.42882">
        <ele>271.7</ele>
      </trkpt>
      <trkpt lat="45.15668" lon="-93.42884">
        <ele>272.0</ele>
      </trkpt>
      <trkpt lat="45.15681" lon="-93.4289">
        <ele>272.3</ele>
      </trkpt>
      <trkpt lat="45.15689" lon="-93.42897">
        <ele>272.1</ele>
      </trkpt>
      <trkpt lat="45.15697" lon="-93.42907">
        <ele>271.5</ele>
      </trkpt>
      <trkpt lat="45.15701" lon="-93.42915">
        <ele>271.1</ele>
      </trkpt>
      <trkpt lat="45.1573" lon="-93.42979">
        <ele>268.9</ele>
      </trkpt>
      <trkpt lat="45.15741" lon="-93.42996">
        <ele>268.3</ele>
      </trkpt>
      <trkpt lat="45.15766" lon="-93.43033">
        <ele>268.3</ele>
      </trkpt>
      <trkpt lat="45.15813" lon="-93.43095">
        <ele>268.3</ele>
      </trkpt>
      <trkpt lat="45.15859" lon="-93.43157">
        <ele>268.3</ele>
      </trkpt>
      <trkpt lat="45.15873" lon="-93.43174">
        <ele>268.3</ele>
      </trkpt>
      <trkpt lat="45.15877" lon="-93.43178">
        <ele>268.2</ele>
      </trkpt>
      <trkpt lat="45.15884" lon="-93.43182">
        <ele>268.0</ele>
      </trkpt>
      <trkpt lat="45.15891" lon="-93.43184">
        <ele>267.9</ele>
      </trkpt>
      <trkpt lat="45.15904" lon="-93.43184">
        <ele>268.1</ele>
      </trkpt>
      <trkpt lat="45.15982" lon="-93.43185">
        <ele>269.4</ele>
      </trkpt>
      <trkpt lat="45.16059" lon="-93.43186">
        <ele>271.1</ele>
      </trkpt>
      <trkpt lat="45.16136" lon="-93.43187">
        <ele>275.4</ele>
      </trkpt>
      <trkpt lat="45.16213" lon="-93.43188">
        <ele>276.0</ele>
      </trkpt>
      <trkpt lat="45.16225" lon="-93.43189">
        <ele>276.0</ele>
      </trkpt>
      <trkpt lat="45.16237" lon="-93.43193">
        <ele>275.9</ele>
      </trkpt>
      <trkpt lat="45.1625" lon="-93.43199">
        <ele>275.9</ele>
      </trkpt>
      <trkpt lat="45.16258" lon="-93.43204">
        <ele>275.8</ele>
      </trkpt>
      <trkpt lat="45.16283" lon="-93.43221">
        <ele>275.5</ele>
      </trkpt>
      <trkpt lat="45.16297" lon="-93.43228">
        <ele>275.1</ele>
      </trkpt>
      <trkpt lat="45.16309" lon="-93.4323">
        <ele>274.9</ele>
      </trkpt>
      <trkpt lat="45.16387" lon="-93.43233">
        <ele>270.8</ele>
      </trkpt>
      <trkpt lat="45.16393" lon="-93.43234">
        <ele>270.7</ele>
      </trkpt>
      <trkpt lat="45.16422" lon="-93.4325">
        <ele>267.7</ele>
      </trkpt>
      <trkpt lat="45.16428" lon="-93.43252">
        <ele>267.2</ele>
      </trkpt>
      <trkpt lat="45.1644" lon="-93.43252">
        <ele>266.6</ele>
      </trkpt>
      <trkpt lat="45.16462" lon="-93.43248">
        <ele>265.7</ele>
      </trkpt>
      <trkpt lat="45.1647" lon="-93.43249">
        <ele>265.4</ele>
      </trkpt>
      <trkpt lat="45.16548" lon="-93.43287">
        <ele>263.9</ele>
      </trkpt>
      <trkpt lat="45.16555" lon="-93.4329">
        <ele>263.8</ele>
      </trkpt>
      <trkpt lat="45.16574" lon="-93.43292">
        <ele>263.4</ele>
      </trkpt>
      <trkpt lat="45.16581" lon="-93.43291">
        <ele>263.3</ele>
      </trkpt>
      <trkpt lat="45.16587" lon="-93.43289">
        <ele>263.2</ele>
      </trkpt>
      <trkpt lat="45.16592" lon="-93.43286">
        <ele>263.2</ele>
      </trkpt>
      <trkpt lat="45.16604" lon="-93.43273">
        <ele>263.1</ele>
      </trkpt>
      <trkpt lat="45.16609" lon="-93.4327">
        <ele>263.0</ele>
      </trkpt>
      <trkpt lat="45.16614" lon="-93.43269">
        <ele>263.1</ele>
      </trkpt>
      <trkpt lat="45.16618" lon="-93.43269">
        <ele>263.1</ele>
      </trkpt>
      <trkpt lat="45.16633" lon="-93.43271">
        <ele>263.7</ele>
      </trkpt>
      <trkpt lat="45.16643" lon="-93.43269">
        <ele>264.2</ele>
      </trkpt>
      <trkpt lat="45.16648" lon="-93.43267">
        <ele>264.5</ele>
      </trkpt>
      <trkpt lat="45.16653" lon="-93.43263">
        <ele>264.7</ele>
      </trkpt>
      <trkpt lat="45.16655" lon="-93.4326">
        <ele>264.7</ele>
      </trkpt>
      <trkpt lat="45.16667" lon="-93.43232">
        <ele>264.4</ele>
      </trkpt>
      <trkpt lat="45.16678" lon="-93.43218">
        <ele>264.0</ele>
      </trkpt>
      <trkpt lat="45.16682" lon="-93.43215">
        <ele>263.8</ele>
      </trkpt>
      <trkpt lat="45.16712" lon="-93.43206">
        <ele>264.0</ele>
      </trkpt>
      <trkpt lat="45.16725" lon="-93.43206">
        <ele>264.4</ele>
      </trkpt>
      <trkpt lat="45.16749" lon="-93.43211">
        <ele>264.4</ele>
      </trkpt>
      <trkpt lat="45.16767" lon="-93.43221">
        <ele>264.4</ele>
      </trkpt>
      <trkpt lat="45.16774" lon="-93.43227">
        <ele>264.4</ele>
      </trkpt>
      <trkpt lat="45.16781" lon="-93.43238">
        <ele>264.6</ele>
      </trkpt>
      <trkpt lat="45.16787" lon="-93.43249">
        <ele>264.9</ele>
      </trkpt>
      <trkpt lat="45.16793" lon="-93.43257">
        <ele>265.3</ele>
      </trkpt>
      <trkpt lat="45.16798" lon="-93.4326">
        <ele>265.5</ele>
      </trkpt>
      <trkpt lat="45.16803" lon="-93.43262">
        <ele>265.6</ele>
      </trkpt>
      <trkpt lat="45.1682" lon="-93.4326">
        <ele>265.8</ele>
      </trkpt>
      <trkpt lat="45.16827" lon="-93.43256">
        <ele>266.2</ele>
      </trkpt>
      <trkpt lat="45.16833" lon="-93.43251">
        <ele>266.8</ele>
      </trkpt>
      <trkpt lat="45.16847" lon="-93.43232">
        <ele>269.3</ele>
      </trkpt>
      <trkpt lat="45.16848" lon="-93.43225">
        <ele>269.3</ele>
      </trkpt>
      <trkpt lat="45.16844" lon="-93.43208">
        <ele>267.2</ele>
      </trkpt>
      <trkpt lat="45.16845" lon="-93.43197">
        <ele>267.1</ele>
      </trkpt>
      <trkpt lat="45.16848" lon="-93.43191">
        <ele>268.1</ele>
      </trkpt>
      <trkpt lat="45.16849" lon="-93.43184">
        <ele>268.3</ele>
      </trkpt>
      <trkpt lat="45.16845" lon="-93.43159">
        <ele>266.2</ele>
      </trkpt>
      <trkpt lat="45.1684" lon="-93.43153">
        <ele>264.9</ele>
      </trkpt>
      <trkpt lat="45.16839" lon="-93.43143">
        <ele>264.6</ele>
      </trkpt>
      <trkpt lat="45.1685" lon="-93.43106">
        <ele>266.3</ele>
      </trkpt>
      <trkpt lat="45.16851" lon="-93.43096">
        <ele>266.2</ele>
      </trkpt>
      <trkpt lat="45.16851" lon="-93.43084">
        <ele>265.7</ele>
      </trkpt>
      <trkpt lat="45.16853" lon="-93.43073">
        <ele>265.5</ele>
      </trkpt>
      <trkpt lat="45.16856" lon="-93.43063">
        <ele>265.2</ele>
      </trkpt>
      <trkpt lat="45.16873" lon="-93.43038">
        <ele>263.0</ele>
      </trkpt>
      <trkpt lat="45.16876" lon="-93.43031">
        <ele>262.4</ele>
      </trkpt>
      <trkpt lat="45.16877" lon="-93.43023">
        <ele>262.2</ele>
      </trkpt>
      <trkpt lat="45.16868" lon="-93.42981">
        <ele>262.2</ele>
      </trkpt>
      <trkpt lat="45.16864" lon="-93.42962">
        <ele>262.2</ele>
      </trkpt>
      <trkpt lat="45.16861" lon="-93.42939">
        <ele>262.2</ele>
      </trkpt>
      <trkpt lat="45.1686" lon="-93.42916">
        <ele>262.2</ele>
      </trkpt>
      <trkpt lat="45.16859" lon="-93.42883">
        <ele>262.2</ele>
      </trkpt>
      <trkpt lat="45.1686" lon="-93.42864">
        <ele>262.2</ele>
      </trkpt>
      <trkpt lat="45.16862" lon="-93.4284">
        <ele>262.2</ele>
      </trkpt>
      <trkpt lat="45.16868" lon="-93.42795">
        <ele>262.2</ele>
      </trkpt>
      <trkpt lat="45.16873" lon="-93.42762">
        <ele>262.2</ele>
      </trkpt>
      <trkpt lat="45.16878" lon="-93.42738">
        <ele>262.4</ele>
      </trkpt>
      <trkpt lat="45.16884" lon="-93.42721">
        <ele>262.6</ele>
      </trkpt>
      <trkpt lat="45.16888" lon="-93.42713">
        <ele>262.7</ele>
      </trkpt>
      <trkpt lat="45.16941" lon="-93.42626">
        <ele>263.2</ele>
      </trkpt>
      <trkpt lat="45.16995" lon="-93.42539">
        <ele>265.2</ele>
      </trkpt>
      <trkpt lat="45.17001" lon="-93.42528">
        <ele>265.6</ele>
      </trkpt>
      <trkpt lat="45.17006" lon="-93.42514">
        <ele>265.9</ele>
      </trkpt>
      <trkpt lat="45.17008" lon="-93.42507">
        <ele>266.1</ele>
      </trkpt>
      <trkpt lat="45.17009" lon="-93.42493">
        <ele>266.6</ele>
      </trkpt>
      <trkpt lat="45.17007" lon="-93.42479">
        <ele>267.4</ele>
      </trkpt>
      <trkpt lat="45.17001" lon="-93.42446">
        <ele>267.9</ele>
      </trkpt>
      <trkpt lat="45.17" lon="-93.42436">
        <ele>267.5</ele>
      </trkpt>
      <trkpt lat="45.17001" lon="-93.42409">
        <ele>265.5</ele>
      </trkpt>
      <trkpt lat="45.17" lon="-93.42397">
        <ele>264.5</ele>
      </trkpt>
      <trkpt lat="45.16996" lon="-93.42376">
        <ele>263.0</ele>
      </trkpt>
      <trkpt lat="45.16984" lon="-93.42343">
        <ele>263.1</ele>
      </trkpt>
      <trkpt lat="45.16981" lon="-93.42329">
        <ele>263.6</ele>
      </trkpt>
      <trkpt lat="45.16981" lon="-93.42324">
        <ele>263.8</ele>
      </trkpt>
      <trkpt lat="45.16982" lon="-93.42312">
        <ele>264.4</ele>
      </trkpt>
      <trkpt lat="45.16987" lon="-93.42297">
        <ele>264.8</ele>
      </trkpt>
      <trkpt lat="45.16993" lon="-93.42285">
        <ele>264.9</ele>
      </trkpt>
      <trkpt lat="45.17" lon="-93.42278">
        <ele>264.8</ele>
      </trkpt>
      <trkpt lat="45.17004" lon="-93.42276">
        <ele>264.8</ele>
      </trkpt>
      <trkpt lat="45.17014" lon="-93.42272">
        <ele>264.6</ele>
      </trkpt>
      <trkpt lat="45.17024" lon="-93.42272">
        <ele>264.3</ele>
      </trkpt>
      <trkpt lat="45.17041" lon="-93.42273">
        <ele>263.8</ele>
      </trkpt>
      <trkpt lat="45.17049" lon="-93.4227">
        <ele>263.7</ele>
      </trkpt>
      <trkpt lat="45.17057" lon="-93.42266">
        <ele>263.5</ele>
      </trkpt>
      <trkpt lat="45.1706" lon="-93.42263">
        <ele>263.5</ele>
      </trkpt>
      <trkpt lat="45.17065" lon="-93.42257">
        <ele>263.5</ele>
      </trkpt>
      <trkpt lat="45.1707" lon="-93.42246">
        <ele>263.7</ele>
      </trkpt>
      <trkpt lat="45.17073" lon="-93.42233">
        <ele>264.1</ele>
      </trkpt>
      <trkpt lat="45.17075" lon="-93.42215">
        <ele>264.6</ele>
      </trkpt>
      <trkpt lat="45.17143" lon="-93.42213">
        <ele>264.7</ele>
      </trkpt>
      <trkpt lat="45.17153" lon="-93.42211">
        <ele>264.6</ele>
      </trkpt>
      <trkpt lat="45.17174" lon="-93.422">
        <ele>264.4</ele>
      </trkpt>
      <trkpt lat="45.1721" lon="-93.42171">
        <ele>263.5</ele>
      </trkpt>
      <trkpt lat="45.17259" lon="-93.42123">
        <ele>262.3</ele>
      </trkpt>
      <trkpt lat="45.17308" lon="-93.42075">
        <ele>263.3</ele>
      </trkpt>
      <trkpt lat="45.17352" lon="-93.4203">
        <ele>264.2</ele>
      </trkpt>
      <trkpt lat="45.17397" lon="-93.41985">
        <ele>266.4</ele>
      </trkpt>
      <trkpt lat="45.17441" lon="-93.41938">
        <ele>265.6</ele>
      </trkpt>
      <trkpt lat="45.17475" lon="-93.41894">
        <ele>265.6</ele>
      </trkpt>
      <trkpt lat="45.17509" lon="-93.41849">
        <ele>263.8</ele>
      </trkpt>
      <trkpt lat="45.17534" lon="-93.41818">
        <ele>263.1</ele>
      </trkpt>
      <trkpt lat="45.17579" lon="-93.4177">
        <ele>262.7</ele>
      </trkpt>
      <trkpt lat="45.17616" lon="-93.41738">
        <ele>263.2</ele>
      </trkpt>
      <trkpt lat="45.17677" lon="-93.41689">
        <ele>264.5</ele>
      </trkpt>
      <trkpt lat="45.17704" lon="-93.41671">
        <ele>262.8</ele>
      </trkpt>
      <trkpt lat="45.17732" lon="-93.41656">
        <ele>262.3</ele>
      </trkpt>
      <trkpt lat="45.17761" lon="-93.41643">
        <ele>262.2</ele>
      </trkpt>
      <trkpt lat="45.17775" lon="-93.41639">
        <ele>262.2</ele>
      </trkpt>
      <trkpt lat="45.17789" lon="-93.41636">
        <ele>262.3</ele>
      </trkpt>
      <trkpt lat="45.17828" lon="-93.41635">
        <ele>262.9</ele>
      </trkpt>
      <trkpt lat="45.1785" lon="-93.41638">
        <ele>262.8</ele>
      </trkpt>
      <trkpt lat="45.17872" lon="-93.41644">
        <ele>263.4</ele>
      </trkpt>
      <trkpt lat="45.1795" lon="-93.41671">
        <ele>264.4</ele>
      </trkpt>
      <trkpt lat="45.18028" lon="-93.41697">
        <ele>264.2</ele>
      </trkpt>
      <trkpt lat="45.18038" lon="-93.417">
        <ele>264.4</ele>
      </trkpt>
      <trkpt lat="45.18061" lon="-93.41701">
        <ele>264.6</ele>
      </trkpt>
      <trkpt lat="45.18069" lon="-93.41699">
        <ele>264.7</ele>
      </trkpt>
      <trkpt lat="45.18075" lon="-93.41694">
        <ele>264.6</ele>
      </trkpt>
      <trkpt lat="45.18079" lon="-93.41689">
        <ele>264.5</ele>
      </trkpt>
      <trkpt lat="45.18082" lon="-93.41681">
        <ele>264.7</ele>
      </trkpt>
      <trkpt lat="45.18084" lon="-93.41672">
        <ele>264.7</ele>
      </trkpt>
      <trkpt lat="45.18085" lon="-93.41659">
        <ele>264.7</ele>
      </trkpt>
      <trkpt lat="45.18082" lon="-93.41631">
        <ele>263.3</ele>
      </trkpt>
      <trkpt lat="45.18078" lon="-93.41602">
        <ele>262.1</ele>
      </trkpt>
      <trkpt lat="45.18077" lon="-93.41593">
        <ele>262.0</ele>
      </trkpt>
      <trkpt lat="45.18072" lon="-93.41518">
        <ele>261.5</ele>
      </trkpt>
      <trkpt lat="45.18071" lon="-93.41454">
        <ele>261.3</ele>
      </trkpt>
      <trkpt lat="45.1807" lon="-93.41386">
        <ele>261.3</ele>
      </trkpt>
      <trkpt lat="45.18069" lon="-93.41318">
        <ele>261.2</ele>
      </trkpt>
      <trkpt lat="45.1807" lon="-93.41297">
        <ele>261.1</ele>
      </trkpt>
      <trkpt lat="45.18074" lon="-93.41267">
        <ele>261.0</ele>
      </trkpt>
      <trkpt lat="45.18079" lon="-93.41248">
        <ele>260.9</ele>
      </trkpt>
      <trkpt lat="45.18088" lon="-93.41221">
        <ele>260.8</ele>
      </trkpt>
      <trkpt lat="45.18095" lon="-93.41203">
        <ele>260.7</ele>
      </trkpt>
      <trkpt lat="45.18112" lon="-93.41174">
        <ele>260.6</ele>
      </trkpt>
      <trkpt lat="45.18101" lon="-93.41157">
        <ele>260.8</ele>
      </trkpt>
      <trkpt lat="45.18094" lon="-93.41142">
        <ele>260.9</ele>
      </trkpt>
      <trkpt lat="45.18081" lon="-93.41115">
        <ele>261.1</ele>
      </trkpt>
      <trkpt lat="45.18075" lon="-93.41099">
        <ele>261.2</ele>
      </trkpt>
      <trkpt lat="45.18069" lon="-93.41075">
        <ele>261.2</ele>
      </trkpt>
      <trkpt lat="45.18063" lon="-93.41046">
        <ele>261.2</ele>
      </trkpt>
      <trkpt lat="45.18058" lon="-93.40981">
        <ele>261.1</ele>
      </trkpt>
      <trkpt lat="45.18058" lon="-93.40974">
        <ele>261.1</ele>
      </trkpt>
      <trkpt lat="45.18058" lon="-93.40873">
        <ele>261.9</ele>
      </trkpt>
      <trkpt lat="45.18057" lon="-93.40771">
        <ele>262.3</ele>
      </trkpt>
      <trkpt lat="45.18056" lon="-93.4067">
        <ele>262.7</ele>
      </trkpt>
      <trkpt lat="45.18054" lon="-93.40653">
        <ele>262.9</ele>
      </trkpt>
      <trkpt lat="45.18055" lon="-93.40648">
        <ele>263.0</ele>
      </trkpt>
      <trkpt lat="45.18056" lon="-93.40637">
        <ele>263.0</ele>
      </trkpt>
      <trkpt lat="45.18055" lon="-93.40629">
        <ele>262.8</ele>
      </trkpt>
      <trkpt lat="45.18054" lon="-93.40625">
        <ele>262.8</ele>
      </trkpt>
      <trkpt lat="45.18054" lon="-93.40621">
        <ele>262.7</ele>
      </trkpt>
      <trkpt lat="45.18053" lon="-93.40564">
        <ele>262.9</ele>
      </trkpt>
      <trkpt lat="45.18051" lon="-93.40482">
        <ele>263.0</ele>
      </trkpt>
      <trkpt lat="45.18051" lon="-93.40447">
        <ele>262.8</ele>
      </trkpt>
      <trkpt lat="45.18049" lon="-93.40374">
        <ele>262.9</ele>
      </trkpt>
      <trkpt lat="45.18049" lon="-93.40319">
        <ele>263.0</ele>
      </trkpt>
      <trkpt lat="45.18048" lon="-93.40246">
        <ele>263.0</ele>
      </trkpt>
      <trkpt lat="45.18048" lon="-93.40211">
        <ele>263.0</ele>
      </trkpt>
      <trkpt lat="45.18048" lon="-93.40197">
        <ele>263.1</ele>
      </trkpt>
      <trkpt lat="45.18059" lon="-93.40197">
        <ele>263.1</ele>
      </trkpt>
      <trkpt lat="45.18127" lon="-93.40197">
        <ele>263.6</ele>
      </trkpt>
      <trkpt lat="45.18196" lon="-93.40196">
        <ele>263.8</ele>
      </trkpt>
      <trkpt lat="45.18241" lon="-93.40196">
        <ele>263.6</ele>
      </trkpt>
      <trkpt lat="45.18286" lon="-93.40197">
        <ele>263.0</ele>
      </trkpt>
      <trkpt lat="45.18311" lon="-93.40196">
        <ele>262.8</ele>
      </trkpt>
      <trkpt lat="45.18367" lon="-93.40187">
        <ele>260.3</ele>
      </trkpt>
      <trkpt lat="45.18441" lon="-93.40187">
        <ele>259.1</ele>
      </trkpt>
      <trkpt lat="45.18516" lon="-93.40187">
        <ele>264.3</ele>
      </trkpt>
      <trkpt lat="45.18591" lon="-93.40188">
        <ele>265.5</ele>
      </trkpt>
      <trkpt lat="45.18591" lon="-93.40109">
        <ele>265.1</ele>
      </trkpt>
      <trkpt lat="45.18591" lon="-93.40029">
        <ele>263.8</ele>
      </trkpt>
      <trkpt lat="45.1861" lon="-93.40029">
        <ele>264.1</ele>
      </trkpt>
      <trkpt lat="45.1862" lon="-93.40026">
        <ele>264.3</ele>
      </trkpt>
      <trkpt lat="45.18651" lon="-93.39993">
        <ele>263.1</ele>
      </trkpt>
      <trkpt lat="45.18695" lon="-93.3995">
        <ele>262.5</ele>
      </trkpt>
      <trkpt lat="45.18739" lon="-93.39906">
        <ele>262.5</ele>
      </trkpt>
      <trkpt lat="45.18783" lon="-93.39864">
        <ele>262.1</ele>
      </trkpt>
      <trkpt lat="45.18827" lon="-93.39818">
        <ele>261.6</ele>
      </trkpt>
      <trkpt lat="45.18871" lon="-93.39773">
        <ele>260.1</ele>
      </trkpt>
      <trkpt lat="45.18909" lon="-93.39734">
        <ele>259.8</ele>
      </trkpt>
      <trkpt lat="45.18916" lon="-93.39731">
        <ele>259.7</ele>
      </trkpt>
      <trkpt lat="45.18912" lon="-93.39704">
        <ele>260.4</ele>
      </trkpt>
      <trkpt lat="45.18922" lon="-93.397">
        <ele>260.3</ele>
      </trkpt>
      <trkpt lat="45.18947" lon="-93.39695">
        <ele>259.9</ele>
      </trkpt>
      <trkpt lat="45.18945" lon="-93.39679">
        <ele>260.1</ele>
      </trkpt>
      <trkpt lat="45.18941" lon="-93.39642">
        <ele>260.3</ele>
      </trkpt>
      <trkpt lat="45.18949" lon="-93.39642">
        <ele>260.2</ele>
      </trkpt>
      <trkpt lat="45.18971" lon="-93.3964">
        <ele>260.0</ele>
      </trkpt>
      <trkpt lat="45.19001" lon="-93.39632">
        <ele>259.7</ele>
      </trkpt>
      <trkpt lat="45.1902" lon="-93.39624">
        <ele>259.6</ele>
      </trkpt>
      <trkpt lat="45.19048" lon="-93.39608">
        <ele>259.6</ele>
      </trkpt>
      <trkpt lat="45.19061" lon="-93.39599">
        <ele>259.6</ele>
      </trkpt>
      <trkpt lat="45.19134" lon="-93.39546">
        <ele>259.7</ele>
      </trkpt>
      <trkpt lat="45.19207" lon="-93.39494">
        <ele>259.8</ele>
      </trkpt>
      <trkpt lat="45.1928" lon="-93.39441">
        <ele>259.9</ele>
      </trkpt>
      <trkpt lat="45.19319" lon="-93.39413">
        <ele>260.0</ele>
      </trkpt>
      <trkpt lat="45.19341" lon="-93.39403">
        <ele>260.2</ele>
      </trkpt>
      <trkpt lat="45.19382" lon="-93.39392">
        <ele>260.6</ele>
      </trkpt>
      <trkpt lat="45.19426" lon="-93.3939">
        <ele>261.2</ele>
      </trkpt>
      <trkpt lat="45.1944" lon="-93.39392">
        <ele>261.4</ele>
      </trkpt>
      <trkpt lat="45.1945" lon="-93.39395">
        <ele>261.5</ele>
      </trkpt>
      <trkpt lat="45.19498" lon="-93.39395">
        <ele>261.9</ele>
      </trkpt>
      <trkpt lat="45.19545" lon="-93.39395">
        <ele>262.2</ele>
      </trkpt>
      <trkpt lat="45.19618" lon="-93.39393">
        <ele>262.2</ele>
      </trkpt>
      <trkpt lat="45.1964" lon="-93.39386">
        <ele>262.8</ele>
      </trkpt>
      <trkpt lat="45.19715" lon="-93.39348">
        <ele>262.9</ele>
      </trkpt>
      <trkpt lat="45.19717" lon="-93.39355">
        <ele>263.2</ele>
      </trkpt>
      <trkpt lat="45.19796" lon="-93.39315">
        <ele>262.9</ele>
      </trkpt>
      <trkpt lat="45.19811" lon="-93.393">
        <ele>263.0</ele>
      </trkpt>
      <trkpt lat="45.19827" lon="-93.39292">
        <ele>263.1</ele>
      </trkpt>
      <trkpt lat="45.19847" lon="-93.39282">
        <ele>263.1</ele>
      </trkpt>
      <trkpt lat="45.19846" lon="-93.39276">
        <ele>263.0</ele>
      </trkpt>
      <trkpt lat="45.19805" lon="-93.39296">
        <ele>262.8</ele>
      </trkpt>
      <trkpt lat="45.19777" lon="-93.39316">
        <ele>262.6</ele>
      </trkpt>
      <trkpt lat="45.19715" lon="-93.39348">
        <ele>261.3</ele>
      </trkpt>
      <trkpt lat="45.19713" lon="-93.39343">
        <ele>261.2</ele>
      </trkpt>
      <trkpt lat="45.19686" lon="-93.39231">
        <ele>259.5</ele>
      </trkpt>
      <trkpt lat="45.19681" lon="-93.39212">
        <ele>259.3</ele>
      </trkpt>
      <trkpt lat="45.19661" lon="-93.3922">
        <ele>258.9</ele>
      </trkpt>
      <trkpt lat="45.19653" lon="-93.39225">
        <ele>258.7</ele>
      </trkpt>
      <trkpt lat="45.19638" lon="-93.39238">
        <ele>257.0</ele>
      </trkpt>
      <trkpt lat="45.19625" lon="-93.39252">
        <ele>255.8</ele>
      </trkpt>
      <trkpt lat="45.19618" lon="-93.39255">
        <ele>255.7</ele>
      </trkpt>
      <trkpt lat="45.19614" lon="-93.39255">
        <ele>255.7</ele>
      </trkpt>
      <trkpt lat="45.19596" lon="-93.39249">
        <ele>256.2</ele>
      </trkpt>
      <trkpt lat="45.19566" lon="-93.39235">
        <ele>255.8</ele>
      </trkpt>
      <trkpt lat="45.19534" lon="-93.39209">
        <ele>256.0</ele>
      </trkpt>
      <trkpt lat="45.19519" lon="-93.39192">
        <ele>256.2</ele>
      </trkpt>
      <trkpt lat="45.19513" lon="-93.39186">
        <ele>256.3</ele>
      </trkpt>
      <trkpt lat="45.19504" lon="-93.3918">
        <ele>256.4</ele>
      </trkpt>
      <trkpt lat="45.19491" lon="-93.39174">
        <ele>256.3</ele>
      </trkpt>
      <trkpt lat="45.19457" lon="-93.39164">
        <ele>256.2</ele>
      </trkpt>
      <trkpt lat="45.19444" lon="-93.39148">
        <ele>256.2</ele>
      </trkpt>
      <trkpt lat="45.19399" lon="-93.39118">
        <ele>256.1</ele>
      </trkpt>
      <trkpt lat="45.19354" lon="-93.39088">
        <ele>256.1</ele>
      </trkpt>
      <trkpt lat="45.19341" lon="-93.39082">
        <ele>256.1</ele>
      </trkpt>
      <trkpt lat="45.19329" lon="-93.39074">
        <ele>256.1</ele>
      </trkpt>
      <trkpt lat="45.19308" lon="-93.39058">
        <ele>256.0</ele>
      </trkpt>
      <trkpt lat="45.1929" lon="-93.39042">
        <ele>255.9</ele>
      </trkpt>
      <trkpt lat="45.19279" lon="-93.39038">
        <ele>255.8</ele>
      </trkpt>
      <trkpt lat="45.19273" lon="-93.39039">
        <ele>255.7</ele>
      </trkpt>
      <trkpt lat="45.19267" lon="-93.39038">
        <ele>255.6</ele>
      </trkpt>
      <trkpt lat="45.19262" lon="-93.39034">
        <ele>255.6</ele>
      </trkpt>
      <trkpt lat="45.19258" lon="-93.39027">
        <ele>255.7</ele>
      </trkpt>
      <trkpt lat="45.19256" lon="-93.3902">
        <ele>255.7</ele>
      </trkpt>
      <trkpt lat="45.19255" lon="-93.38953">
        <ele>256.4</ele>
      </trkpt>
      <trkpt lat="45.19251" lon="-93.38951">
        <ele>256.5</ele>
      </trkpt>
      <trkpt lat="45.1925" lon="-93.38942">
        <ele>256.9</ele>
      </trkpt>
      <trkpt lat="45.19228" lon="-93.38943">
        <ele>256.9</ele>
      </trkpt>
      <trkpt lat="45.19188" lon="-93.3894">
        <ele>257.6</ele>
      </trkpt>
      <trkpt lat="45.19181" lon="-93.38939">
        <ele>257.6</ele>
      </trkpt>
      <trkpt lat="45.19175" lon="-93.38936">
        <ele>257.3</ele>
      </trkpt>
      <trkpt lat="45.19165" lon="-93.38928">
        <ele>257.3</ele>
      </trkpt>
      <trkpt lat="45.19147" lon="-93.38909">
        <ele>257.8</ele>
      </trkpt>
      <trkpt lat="45.19117" lon="-93.38882">
        <ele>257.9</ele>
      </trkpt>
      <trkpt lat="45.19105" lon="-93.38876">
        <ele>257.9</ele>
      </trkpt>
      <trkpt lat="45.19091" lon="-93.38872">
        <ele>257.9</ele>
      </trkpt>
      <trkpt lat="45.1908" lon="-93.38871">
        <ele>257.9</ele>
      </trkpt>
      <trkpt lat="45.19066" lon="-93.38873">
        <ele>257.9</ele>
      </trkpt>
      <trkpt lat="45.19014" lon="-93.38888">
        <ele>258.3</ele>
      </trkpt>
      <trkpt lat="45.18962" lon="-93.38903">
        <ele>259.2</ele>
      </trkpt>
      <trkpt lat="45.18949" lon="-93.38903">
        <ele>259.2</ele>
      </trkpt>
      <trkpt lat="45.18934" lon="-93.38901">
        <ele>259.3</ele>
      </trkpt>
      <trkpt lat="45.18919" lon="-93.38895">
        <ele>259.6</ele>
      </trkpt>
      <trkpt lat="45.18911" lon="-93.38889">
        <ele>259.8</ele>
      </trkpt>
      <trkpt lat="45.18906" lon="-93.38883">
        <ele>260.0</ele>
      </trkpt>
      <trkpt lat="45.18902" lon="-93.38876">
        <ele>260.2</ele>
      </trkpt>
      <trkpt lat="45.18898" lon="-93.38867">
        <ele>260.6</ele>
      </trkpt>
      <trkpt lat="45.18896" lon="-93.38858">
        <ele>260.7</ele>
      </trkpt>
      <trkpt lat="45.18894" lon="-93.38845">
        <ele>260.9</ele>
      </trkpt>
      <trkpt lat="45.18893" lon="-93.38771">
        <ele>262.1</ele>
      </trkpt>
      <trkpt lat="45.18892" lon="-93.38696">
        <ele>264.1</ele>
      </trkpt>
      <trkpt lat="45.18846" lon="-93.38696">
        <ele>263.4</ele>
      </trkpt>
      <trkpt lat="45.18799" lon="-93.38696">
        <ele>262.9</ele>
      </trkpt>
      <trkpt lat="45.18789" lon="-93.38693">
        <ele>262.9</ele>
      </trkpt>
      <trkpt lat="45.18786" lon="-93.38686">
        <ele>262.9</ele>
      </trkpt>
      <trkpt lat="45.18786" lon="-93.38679">
        <ele>263.0</ele>
      </trkpt>
      <trkpt lat="45.18786" lon="-93.38611">
        <ele>263.7</ele>
      </trkpt>
      <trkpt lat="45.18786" lon="-93.38543">
        <ele>264.2</ele>
      </trkpt>
      <trkpt lat="45.18784" lon="-93.38532">
        <ele>264.2</ele>
      </trkpt>
      <trkpt lat="45.1878" lon="-93.38515">
        <ele>264.1</ele>
      </trkpt>
      <trkpt lat="45.18759" lon="-93.38452">
        <ele>263.6</ele>
      </trkpt>
      <trkpt lat="45.18738" lon="-93.38389">
        <ele>264.2</ele>
      </trkpt>
      <trkpt lat="45.18735" lon="-93.38374">
        <ele>264.4</ele>
      </trkpt>
      <trkpt lat="45.18734" lon="-93.38363">
        <ele>264.5</ele>
      </trkpt>
      <trkpt lat="45.18734" lon="-93.38256">
        <ele>265.0</ele>
      </trkpt>
      <trkpt lat="45.18733" lon="-93.38248">
        <ele>265.0</ele>
      </trkpt>
      <trkpt lat="45.18731" lon="-93.38241">
        <ele>265.0</ele>
      </trkpt>
      <trkpt lat="45.18724" lon="-93.38231">
        <ele>264.9</ele>
      </trkpt>
      <trkpt lat="45.18668" lon="-93.38157">
        <ele>265.0</ele>
      </trkpt>
      <trkpt lat="45.1866" lon="-93.38143">
        <ele>265.0</ele>
      </trkpt>
      <trkpt lat="45.18655" lon="-93.38131">
        <ele>265.0</ele>
      </trkpt>
      <trkpt lat="45.18628" lon="-93.38056">
        <ele>265.0</ele>
      </trkpt>
      <trkpt lat="45.18601" lon="-93.37981">
        <ele>265.3</ele>
      </trkpt>
      <trkpt lat="45.18565" lon="-93.37885">
        <ele>265.8</ele>
      </trkpt>
      <trkpt lat="45.1853" lon="-93.37789">
        <ele>265.8</ele>
      </trkpt>
      <trkpt lat="45.18494" lon="-93.37693">
        <ele>265.8</ele>
      </trkpt>
      <trkpt lat="45.18458" lon="-93.37597">
        <ele>265.7</ele>
      </trkpt>
      <trkpt lat="45.18422" lon="-93.37501">
        <ele>265.5</ele>
      </trkpt>
      <trkpt lat="45.18419" lon="-93.37481">
        <ele>265.4</ele>
      </trkpt>
      <trkpt lat="45.18408" lon="-93.37474">
        <ele>265.4</ele>
      </trkpt>
      <trkpt lat="45.18396" lon="-93.3747">
        <ele>265.4</ele>
      </trkpt>
      <trkpt lat="45.18363" lon="-93.37454">
        <ele>265.1</ele>
      </trkpt>
      <trkpt lat="45.18351" lon="-93.37451">
        <ele>264.9</ele>
      </trkpt>
      <trkpt lat="45.18342" lon="-93.37452">
        <ele>264.8</ele>
      </trkpt>
      <trkpt lat="45.18314" lon="-93.37466">
        <ele>264.4</ele>
      </trkpt>
      <trkpt lat="45.18255" lon="-93.37499">
        <ele>263.2</ele>
      </trkpt>
      <trkpt lat="45.18197" lon="-93.37532">
        <ele>262.2</ele>
      </trkpt>
      <trkpt lat="45.18138" lon="-93.37565">
        <ele>260.1</ele>
      </trkpt>
      <trkpt lat="45.18134" lon="-93.37566">
        <ele>260.0</ele>
      </trkpt>
      <trkpt lat="45.1813" lon="-93.37565">
        <ele>259.9</ele>
      </trkpt>
      <trkpt lat="45.18126" lon="-93.3756">
        <ele>259.9</ele>
      </trkpt>
      <trkpt lat="45.18113" lon="-93.37527">
        <ele>259.9</ele>
      </trkpt>
      <trkpt lat="45.18079" lon="-93.3744">
        <ele>259.8</ele>
      </trkpt>
      <trkpt lat="45.18045" lon="-93.37354">
        <ele>260.0</ele>
      </trkpt>
      <trkpt lat="45.18013" lon="-93.37323">
        <ele>259.8</ele>
      </trkpt>
      <trkpt lat="45.18006" lon="-93.37311">
        <ele>259.7</ele>
      </trkpt>
      <trkpt lat="45.18002" lon="-93.37302">
        <ele>259.8</ele>
      </trkpt>
      <trkpt lat="45.17999" lon="-93.37288">
        <ele>259.7</ele>
      </trkpt>
      <trkpt lat="45.17998" lon="-93.37225">
        <ele>259.7</ele>
      </trkpt>
      <trkpt lat="45.17999" lon="-93.37155">
        <ele>259.7</ele>
      </trkpt>
      <trkpt lat="45.17999" lon="-93.37085">
        <ele>259.7</ele>
      </trkpt>
      <trkpt lat="45.17999" lon="-93.36963">
        <ele>259.7</ele>
      </trkpt>
      <trkpt lat="45.17999" lon="-93.36842">
        <ele>259.7</ele>
      </trkpt>
      <trkpt lat="45.1801" lon="-93.36828">
        <ele>259.8</ele>
      </trkpt>
      <trkpt lat="45.18014" lon="-93.36816">
        <ele>259.9</ele>
      </trkpt>
      <trkpt lat="45.18016" lon="-93.36802">
        <ele>259.9</ele>
      </trkpt>
      <trkpt lat="45.18017" lon="-93.36788">
        <ele>260.0</ele>
      </trkpt>
      <trkpt lat="45.18014" lon="-93.36769">
        <ele>260.0</ele>
      </trkpt>
      <trkpt lat="45.18011" lon="-93.36757">
        <ele>259.9</ele>
      </trkpt>
      <trkpt lat="45.18009" lon="-93.3675">
        <ele>259.9</ele>
      </trkpt>
      <trkpt lat="45.18014" lon="-93.3666">
        <ele>260.0</ele>
      </trkpt>
      <trkpt lat="45.18014" lon="-93.36611">
        <ele>260.1</ele>
      </trkpt>
      <trkpt lat="45.18015" lon="-93.36601">
        <ele>260.1</ele>
      </trkpt>
      <trkpt lat="45.18015" lon="-93.36511">
        <ele>260.3</ele>
      </trkpt>
      <trkpt lat="45.18014" lon="-93.36422">
        <ele>260.5</ele>
      </trkpt>
      <trkpt lat="45.18014" lon="-93.36333">
        <ele>260.8</ele>
      </trkpt>
      <trkpt lat="45.17951" lon="-93.36334">
        <ele>260.2</ele>
      </trkpt>
      <trkpt lat="45.17888" lon="-93.36335">
        <ele>259.7</ele>
      </trkpt>
      <trkpt lat="45.17825" lon="-93.36337">
        <ele>259.2</ele>
      </trkpt>
      <trkpt lat="45.17819" lon="-93.36336">
        <ele>259.1</ele>
      </trkpt>
      <trkpt lat="45.17811" lon="-93.36332">
        <ele>258.9</ele>
      </trkpt>
      <trkpt lat="45.17804" lon="-93.36327">
        <ele>258.7</ele>
      </trkpt>
      <trkpt lat="45.17797" lon="-93.36318">
        <ele>258.5</ele>
      </trkpt>
      <trkpt lat="45.17792" lon="-93.36309">
        <ele>258.3</ele>
      </trkpt>
      <trkpt lat="45.17788" lon="-93.36299">
        <ele>258.1</ele>
      </trkpt>
      <trkpt lat="45.17779" lon="-93.3624">
        <ele>258.0</ele>
      </trkpt>
      <trkpt lat="45.17768" lon="-93.36146">
        <ele>258.2</ele>
      </trkpt>
      <trkpt lat="45.1776" lon="-93.36096">
        <ele>258.2</ele>
      </trkpt>
      <trkpt lat="45.17748" lon="-93.36031">
        <ele>258.1</ele>
      </trkpt>
      <trkpt lat="45.17735" lon="-93.35966">
        <ele>258.1</ele>
      </trkpt>
      <trkpt lat="45.17731" lon="-93.35946">
        <ele>258.1</ele>
      </trkpt>
      <trkpt lat="45.17726" lon="-93.35927">
        <ele>258.1</ele>
      </trkpt>
      <trkpt lat="45.17719" lon="-93.35907">
        <ele>258.1</ele>
      </trkpt>
      <trkpt lat="45.17681" lon="-93.35816">
        <ele>258.0</ele>
      </trkpt>
      <trkpt lat="45.17643" lon="-93.35725">
        <ele>259.3</ele>
      </trkpt>
      <trkpt lat="45.17605" lon="-93.35634">
        <ele>259.6</ele>
      </trkpt>
      <trkpt lat="45.17566" lon="-93.35543">
        <ele>259.9</ele>
      </trkpt>
      <trkpt lat="45.17564" lon="-93.3553">
        <ele>259.9</ele>
      </trkpt>
      <trkpt lat="45.17566" lon="-93.35522">
        <ele>259.9</ele>
      </trkpt>
      <trkpt lat="45.17572" lon="-93.35512">
        <ele>260.0</ele>
      </trkpt>
      <trkpt lat="45.17577" lon="-93.35508">
        <ele>260.1</ele>
      </trkpt>
      <trkpt lat="45.1759" lon="-93.35502">
        <ele>260.2</ele>
      </trkpt>
      <trkpt lat="45.17597" lon="-93.35499">
        <ele>260.3</ele>
      </trkpt>
      <trkpt lat="45.17615" lon="-93.35497">
        <ele>260.4</ele>
      </trkpt>
      <trkpt lat="45.17675" lon="-93.35496">
        <ele>261.1</ele>
      </trkpt>
      <trkpt lat="45.17678" lon="-93.35526">
        <ele>261.0</ele>
      </trkpt>
      <trkpt lat="45.17681" lon="-93.35542">
        <ele>260.9</ele>
      </trkpt>
      <trkpt lat="45.17684" lon="-93.35554">
        <ele>260.8</ele>
      </trkpt>
      <trkpt lat="45.17705" lon="-93.35607">
        <ele>260.6</ele>
      </trkpt>
      <trkpt lat="45.17717" lon="-93.35597">
        <ele>260.8</ele>
      </trkpt>
      <trkpt lat="45.17729" lon="-93.35593">
        <ele>261.0</ele>
      </trkpt>
      <trkpt lat="45.17766" lon="-93.35591">
        <ele>261.5</ele>
      </trkpt>
      <trkpt lat="45.17729" lon="-93.35593">
        <ele>261.0</ele>
      </trkpt>
      <trkpt lat="45.17717" lon="-93.35597">
        <ele>260.8</ele>
      </trkpt>
      <trkpt lat="45.17705" lon="-93.35607">
        <ele>260.6</ele>
      </trkpt>
      <trkpt lat="45.17684" lon="-93.35554">
        <ele>260.8</ele>
      </trkpt>
      <trkpt lat="45.17681" lon="-93.35542">
        <ele>260.9</ele>
      </trkpt>
      <trkpt lat="45.17678" lon="-93.35526">
        <ele>261.0</ele>
      </trkpt>
      <trkpt lat="45.17675" lon="-93.35496">
        <ele>261.1</ele>
      </trkpt>
      <trkpt lat="45.17703" lon="-93.35495">
        <ele>261.5</ele>
      </trkpt>
      <trkpt lat="45.1772" lon="-93.35491">
        <ele>261.7</ele>
      </trkpt>
      <trkpt lat="45.17731" lon="-93.35485">
        <ele>261.9</ele>
      </trkpt>
      <trkpt lat="45.17746" lon="-93.35476">
        <ele>262.3</ele>
      </trkpt>
      <trkpt lat="45.17822" lon="-93.35416">
        <ele>265.3</ele>
      </trkpt>
      <trkpt lat="45.17815" lon="-93.35401">
        <ele>265.3</ele>
      </trkpt>
      <trkpt lat="45.17809" lon="-93.3539">
        <ele>265.3</ele>
      </trkpt>
      <trkpt lat="45.17801" lon="-93.3537">
        <ele>265.4</ele>
      </trkpt>
      <trkpt lat="45.1777" lon="-93.35289">
        <ele>265.3</ele>
      </trkpt>
      <trkpt lat="45.1774" lon="-93.35208">
        <ele>265.3</ele>
      </trkpt>
      <trkpt lat="45.17709" lon="-93.35127">
        <ele>265.3</ele>
      </trkpt>
      <trkpt lat="45.17681" lon="-93.35067">
        <ele>265.3</ele>
      </trkpt>
      <trkpt lat="45.17663" lon="-93.35039">
        <ele>265.2</ele>
      </trkpt>
      <trkpt lat="45.17629" lon="-93.34972">
        <ele>264.8</ele>
      </trkpt>
      <trkpt lat="45.17595" lon="-93.34905">
        <ele>264.7</ele>
      </trkpt>
      <trkpt lat="45.17573" lon="-93.34855">
        <ele>265.3</ele>
      </trkpt>
      <trkpt lat="45.17544" lon="-93.34797">
        <ele>265.3</ele>
      </trkpt>
      <trkpt lat="45.17497" lon="-93.34702">
        <ele>265.3</ele>
      </trkpt>
      <trkpt lat="45.17491" lon="-93.3469">
        <ele>265.3</ele>
      </trkpt>
      <trkpt lat="45.17487" lon="-93.34681">
        <ele>265.3</ele>
      </trkpt>
      <trkpt lat="45.17485" lon="-93.34672">
        <ele>265.3</ele>
      </trkpt>
      <trkpt lat="45.17484" lon="-93.34668">
        <ele>265.3</ele>
      </trkpt>
      <trkpt lat="45.17478" lon="-93.34658">
        <ele>265.3</ele>
      </trkpt>
      <trkpt lat="45.17413" lon="-93.3472">
        <ele>265.3</ele>
      </trkpt>
      <trkpt lat="45.17341" lon="-93.34793">
        <ele>261.7</ele>
      </trkpt>
      <trkpt lat="45.17324" lon="-93.3481">
        <ele>261.4</ele>
      </trkpt>
      <trkpt lat="45.17312" lon="-93.3482">
        <ele>261.2</ele>
      </trkpt>
      <trkpt lat="45.1729" lon="-93.34832">
        <ele>260.9</ele>
      </trkpt>
      <trkpt lat="45.17276" lon="-93.34836">
        <ele>260.7</ele>
      </trkpt>
      <trkpt lat="45.17268" lon="-93.34837">
        <ele>260.7</ele>
      </trkpt>
      <trkpt lat="45.17185" lon="-93.34839">
        <ele>260.3</ele>
      </trkpt>
      <trkpt lat="45.17103" lon="-93.34842">
        <ele>261.5</ele>
      </trkpt>
      <trkpt lat="45.17062" lon="-93.34842">
        <ele>259.8</ele>
      </trkpt>
      <trkpt lat="45.16986" lon="-93.34844">
        <ele>259.5</ele>
      </trkpt>
      <trkpt lat="45.1691" lon="-93.34846">
        <ele>259.6</ele>
      </trkpt>
      <trkpt lat="45.1688" lon="-93.34846">
        <ele>260.2</ele>
      </trkpt>
      <trkpt lat="45.16869" lon="-93.34844">
        <ele>260.4</ele>
      </trkpt>
      <trkpt lat="45.16846" lon="-93.34838">
        <ele>260.5</ele>
      </trkpt>
      <trkpt lat="45.16829" lon="-93.3483">
        <ele>260.7</ele>
      </trkpt>
      <trkpt lat="45.16775" lon="-93.34795">
        <ele>262.0</ele>
      </trkpt>
      <trkpt lat="45.1675" lon="-93.34777">
        <ele>262.0</ele>
      </trkpt>
      <trkpt lat="45.16683" lon="-93.34733">
        <ele>262.2</ele>
      </trkpt>
      <trkpt lat="45.16616" lon="-93.34689">
        <ele>263.1</ele>
      </trkpt>
      <trkpt lat="45.16568" lon="-93.34657">
        <ele>263.5</ele>
      </trkpt>
      <trkpt lat="45.16521" lon="-93.34624">
        <ele>264.1</ele>
      </trkpt>
      <trkpt lat="45.16448" lon="-93.34576">
        <ele>264.5</ele>
      </trkpt>
      <trkpt lat="45.16375" lon="-93.34528">
        <ele>264.3</ele>
      </trkpt>
      <trkpt lat="45.16297" lon="-93.34474">
        <ele>263.5</ele>
      </trkpt>
      <trkpt lat="45.16239" lon="-93.34436">
        <ele>263.2</ele>
      </trkpt>
      <trkpt lat="45.16181" lon="-93.34399">
        <ele>262.5</ele>
      </trkpt>
      <trkpt lat="45.16152" lon="-93.34379">
        <ele>262.1</ele>
      </trkpt>
      <trkpt lat="45.16145" lon="-93.34372">
        <ele>261.9</ele>
      </trkpt>
      <trkpt lat="45.16137" lon="-93.34364">
        <ele>261.8</ele>
      </trkpt>
      <trkpt lat="45.16132" lon="-93.34356">
        <ele>262.0</ele>
      </trkpt>
      <trkpt lat="45.16126" lon="-93.34345">
        <ele>262.2</ele>
      </trkpt>
      <trkpt lat="45.16121" lon="-93.34331">
        <ele>262.2</ele>
      </trkpt>
      <trkpt lat="45.16102" lon="-93.3426">
        <ele>262.9</ele>
      </trkpt>
      <trkpt lat="45.16072" lon="-93.3416">
        <ele>263.2</ele>
      </trkpt>
      <trkpt lat="45.16068" lon="-93.34151">
        <ele>263.2</ele>
      </trkpt>
      <trkpt lat="45.16054" lon="-93.3412">
        <ele>263.0</ele>
      </trkpt>
      <trkpt lat="45.16022" lon="-93.34061">
        <ele>262.4</ele>
      </trkpt>
      <trkpt lat="45.1599" lon="-93.34001">
        <ele>261.8</ele>
      </trkpt>
      <trkpt lat="45.15963" lon="-93.33953">
        <ele>261.5</ele>
      </trkpt>
      <trkpt lat="45.15938" lon="-93.33903">
        <ele>261.3</ele>
      </trkpt>
      <trkpt lat="45.15922" lon="-93.33876">
        <ele>261.1</ele>
      </trkpt>
      <trkpt lat="45.15897" lon="-93.33839">
        <ele>260.8</ele>
      </trkpt>
      <trkpt lat="45.1587" lon="-93.33803">
        <ele>260.7</ele>
      </trkpt>
      <trkpt lat="45.15852" lon="-93.33774">
        <ele>260.5</ele>
      </trkpt>
      <trkpt lat="45.1584" lon="-93.33752">
        <ele>260.5</ele>
      </trkpt>
      <trkpt lat="45.15833" lon="-93.33735">
        <ele>260.6</ele>
      </trkpt>
      <trkpt lat="45.15821" lon="-93.33704">
        <ele>261.2</ele>
      </trkpt>
      <trkpt lat="45.15792" lon="-93.33621">
        <ele>262.2</ele>
      </trkpt>
      <trkpt lat="45.15764" lon="-93.33539">
        <ele>262.1</ele>
      </trkpt>
      <trkpt lat="45.15728" lon="-93.33439">
        <ele>262.0</ele>
      </trkpt>
      <trkpt lat="45.157" lon="-93.33357">
        <ele>262.0</ele>
      </trkpt>
      <trkpt lat="45.15688" lon="-93.33318">
        <ele>261.8</ele>
      </trkpt>
      <trkpt lat="45.15667" lon="-93.33261">
        <ele>261.5</ele>
      </trkpt>
      <trkpt lat="45.15642" lon="-93.33184">
        <ele>260.9</ele>
      </trkpt>
      <trkpt lat="45.15607" lon="-93.33084">
        <ele>260.3</ele>
      </trkpt>
      <trkpt lat="45.15572" lon="-93.32984">
        <ele>260.0</ele>
      </trkpt>
      <trkpt lat="45.15549" lon="-93.32918">
        <ele>259.8</ele>
      </trkpt>
      <trkpt lat="45.15526" lon="-93.32853">
        <ele>259.6</ele>
      </trkpt>
      <trkpt lat="45.15486" lon="-93.32768">
        <ele>259.3</ele>
      </trkpt>
      <trkpt lat="45.15446" lon="-93.32683">
        <ele>259.1</ele>
      </trkpt>
      <trkpt lat="45.15406" lon="-93.32597">
        <ele>259.3</ele>
      </trkpt>
      <trkpt lat="45.154" lon="-93.3258">
        <ele>259.4</ele>
      </trkpt>
      <trkpt lat="45.15397" lon="-93.32568">
        <ele>259.4</ele>
      </trkpt>
      <trkpt lat="45.15393" lon="-93.32547">
        <ele>259.5</ele>
      </trkpt>
      <trkpt lat="45.15385" lon="-93.32555">
        <ele>259.5</ele>
      </trkpt>
      <trkpt lat="45.15377" lon="-93.3258">
        <ele>259.3</ele>
      </trkpt>
      <trkpt lat="45.15374" lon="-93.32585">
        <ele>259.3</ele>
      </trkpt>
      <trkpt lat="45.15367" lon="-93.32591">
        <ele>259.2</ele>
      </trkpt>
      <trkpt lat="45.15361" lon="-93.3259">
        <ele>259.2</ele>
      </trkpt>
      <trkpt lat="45.15346" lon="-93.32574">
        <ele>259.3</ele>
      </trkpt>
      <trkpt lat="45.15342" lon="-93.32572">
        <ele>259.3</ele>
      </trkpt>
      <trkpt lat="45.15335" lon="-93.32575">
        <ele>259.2</ele>
      </trkpt>
      <trkpt lat="45.15329" lon="-93.32579">
        <ele>259.2</ele>
      </trkpt>
      <trkpt lat="45.15323" lon="-93.32579">
        <ele>259.2</ele>
      </trkpt>
      <trkpt lat="45.15316" lon="-93.32577">
        <ele>259.1</ele>
      </trkpt>
      <trkpt lat="45.15304" lon="-93.32569">
        <ele>259.1</ele>
      </trkpt>
      <trkpt lat="45.1529" lon="-93.32555">
        <ele>259.2</ele>
      </trkpt>
      <trkpt lat="45.15283" lon="-93.32542">
        <ele>259.2</ele>
      </trkpt>
      <trkpt lat="45.15277" lon="-93.32535">
        <ele>259.3</ele>
      </trkpt>
      <trkpt lat="45.15272" lon="-93.32524">
        <ele>259.3</ele>
      </trkpt>
      <trkpt lat="45.1527" lon="-93.32521">
        <ele>259.3</ele>
      </trkpt>
      <trkpt lat="45.15257" lon="-93.32513">
        <ele>259.2</ele>
      </trkpt>
      <trkpt lat="45.15251" lon="-93.32512">
        <ele>259.2</ele>
      </trkpt>
      <trkpt lat="45.15244" lon="-93.32513">
        <ele>259.2</ele>
      </trkpt>
      <trkpt lat="45.15233" lon="-93.32518">
        <ele>258.7</ele>
      </trkpt>
      <trkpt lat="45.15228" lon="-93.32519">
        <ele>258.4</ele>
      </trkpt>
      <trkpt lat="45.15211" lon="-93.32516">
        <ele>257.8</ele>
      </trkpt>
      <trkpt lat="45.15206" lon="-93.32516">
        <ele>257.6</ele>
      </trkpt>
      <trkpt lat="45.15194" lon="-93.32521">
        <ele>256.8</ele>
      </trkpt>
      <trkpt lat="45.15191" lon="-93.32521">
        <ele>256.8</ele>
      </trkpt>
      <trkpt lat="45.15174" lon="-93.32515">
        <ele>256.6</ele>
      </trkpt>
      <trkpt lat="45.15149" lon="-93.32501">
        <ele>256.6</ele>
      </trkpt>
      <trkpt lat="45.15133" lon="-93.32487">
        <ele>256.5</ele>
      </trkpt>
      <trkpt lat="45.15123" lon="-93.32466">
        <ele>256.7</ele>
      </trkpt>
      <trkpt lat="45.15105" lon="-93.32449">
        <ele>256.5</ele>
      </trkpt>
      <trkpt lat="45.15102" lon="-93.32443">
        <ele>256.5</ele>
      </trkpt>
      <trkpt lat="45.15099" lon="-93.32433">
        <ele>256.7</ele>
      </trkpt>
      <trkpt lat="45.15096" lon="-93.32418">
        <ele>256.9</ele>
      </trkpt>
      <trkpt lat="45.15092" lon="-93.32408">
        <ele>256.9</ele>
      </trkpt>
      <trkpt lat="45.15089" lon="-93.32404">
        <ele>256.9</ele>
      </trkpt>
      <trkpt lat="45.15083" lon="-93.32402">
        <ele>256.8</ele>
      </trkpt>
      <trkpt lat="45.15076" lon="-93.32399">
        <ele>256.7</ele>
      </trkpt>
      <trkpt lat="45.1506" lon="-93.32389">
        <ele>256.5</ele>
      </trkpt>
      <trkpt lat="45.15051" lon="-93.32381">
        <ele>256.5</ele>
      </trkpt>
      <trkpt lat="45.15041" lon="-93.32365">
        <ele>256.7</ele>
      </trkpt>
      <trkpt lat="45.15033" lon="-93.32357">
        <ele>256.7</ele>
      </trkpt>
      <trkpt lat="45.15026" lon="-93.32352">
        <ele>256.6</ele>
      </trkpt>
      <trkpt lat="45.15018" lon="-93.32348">
        <ele>256.3</ele>
      </trkpt>
      <trkpt lat="45.15009" lon="-93.32341">
        <ele>256.3</ele>
      </trkpt>
      <trkpt lat="45.14987" lon="-93.3232">
        <ele>256.1</ele>
      </trkpt>
      <trkpt lat="45.14965" lon="-93.32301">
        <ele>256.0</ele>
      </trkpt>
      <trkpt lat="45.14947" lon="-93.32283">
        <ele>255.9</ele>
      </trkpt>
      <trkpt lat="45.14941" lon="-93.32278">
        <ele>255.7</ele>
      </trkpt>
      <trkpt lat="45.14919" lon="-93.32259">
        <ele>254.9</ele>
      </trkpt>
      <trkpt lat="45.14917" lon="-93.32254">
        <ele>255.2</ele>
      </trkpt>
      <trkpt lat="45.14911" lon="-93.32242">
        <ele>256.2</ele>
      </trkpt>
      <trkpt lat="45.1491" lon="-93.32236">
        <ele>256.9</ele>
      </trkpt>
      <trkpt lat="45.14907" lon="-93.32231">
        <ele>257.3</ele>
      </trkpt>
      <trkpt lat="45.14902" lon="-93.32225">
        <ele>257.7</ele>
      </trkpt>
      <trkpt lat="45.1488" lon="-93.32212">
        <ele>257.5</ele>
      </trkpt>
      <trkpt lat="45.14861" lon="-93.32197">
        <ele>257.0</ele>
      </trkpt>
      <trkpt lat="45.14852" lon="-93.32186">
        <ele>257.0</ele>
      </trkpt>
      <trkpt lat="45.14846" lon="-93.32178">
        <ele>257.0</ele>
      </trkpt>
      <trkpt lat="45.14821" lon="-93.32155">
        <ele>256.6</ele>
      </trkpt>
      <trkpt lat="45.14818" lon="-93.32148">
        <ele>256.6</ele>
      </trkpt>
      <trkpt lat="45.14814" lon="-93.32136">
        <ele>256.8</ele>
      </trkpt>
      <trkpt lat="45.14811" lon="-93.32129">
        <ele>256.9</ele>
      </trkpt>
      <trkpt lat="45.14808" lon="-93.32123">
        <ele>256.9</ele>
      </trkpt>
      <trkpt lat="45.148" lon="-93.32113">
        <ele>256.8</ele>
      </trkpt>
      <trkpt lat="45.14785" lon="-93.32103">
        <ele>256.4</ele>
      </trkpt>
      <trkpt lat="45.14777" lon="-93.32098">
        <ele>256.2</ele>
      </trkpt>
      <trkpt lat="45.14771" lon="-93.3209">
        <ele>256.2</ele>
      </trkpt>
      <trkpt lat="45.1476" lon="-93.32073">
        <ele>256.2</ele>
      </trkpt>
      <trkpt lat="45.14752" lon="-93.32054">
        <ele>256.2</ele>
      </trkpt>
      <trkpt lat="45.14737" lon="-93.3201">
        <ele>256.0</ele>
      </trkpt>
      <trkpt lat="45.1473" lon="-93.31989">
        <ele>256.0</ele>
      </trkpt>
      <trkpt lat="45.1472" lon="-93.31953">
        <ele>256.1</ele>
      </trkpt>
      <trkpt lat="45.1471" lon="-93.31926">
        <ele>256.1</ele>
      </trkpt>
      <trkpt lat="45.14704" lon="-93.31905">
        <ele>256.3</ele>
      </trkpt>
      <trkpt lat="45.147" lon="-93.31887">
        <ele>255.8</ele>
      </trkpt>
      <trkpt lat="45.147" lon="-93.3187">
        <ele>256.0</ele>
      </trkpt>
      <trkpt lat="45.147" lon="-93.31853">
        <ele>256.0</ele>
      </trkpt>
      <trkpt lat="45.14701" lon="-93.31846">
        <ele>256.0</ele>
      </trkpt>
      <trkpt lat="45.1471" lon="-93.31819">
        <ele>254.8</ele>
      </trkpt>
      <trkpt lat="45.14713" lon="-93.31805">
        <ele>254.5</ele>
      </trkpt>
      <trkpt lat="45.14722" lon="-93.3172">
        <ele>254.4</ele>
      </trkpt>
      <trkpt lat="45.14723" lon="-93.31699">
        <ele>254.3</ele>
      </trkpt>
      <trkpt lat="45.14721" lon="-93.31659">
        <ele>254.3</ele>
      </trkpt>
      <trkpt lat="45.14719" lon="-93.31612">
        <ele>254.7</ele>
      </trkpt>
      <trkpt lat="45.14716" lon="-93.31579">
        <ele>255.2</ele>
      </trkpt>
      <trkpt lat="45.1471" lon="-93.31546">
        <ele>255.5</ele>
      </trkpt>
      <trkpt lat="45.14699" lon="-93.31445">
        <ele>254.4</ele>
      </trkpt>
      <trkpt lat="45.14697" lon="-93.31414">
        <ele>254.3</ele>
      </trkpt>
      <trkpt lat="45.14697" lon="-93.3136">
        <ele>254.2</ele>
      </trkpt>
      <trkpt lat="45.14688" lon="-93.31262">
        <ele>254.0</ele>
      </trkpt>
      <trkpt lat="45.14688" lon="-93.31246">
        <ele>254.8</ele>
      </trkpt>
      <trkpt lat="45.1469" lon="-93.31219">
        <ele>254.5</ele>
      </trkpt>
      <trkpt lat="45.14693" lon="-93.31202">
        <ele>254.0</ele>
      </trkpt>
      <trkpt lat="45.1471" lon="-93.31143">
        <ele>254.0</ele>
      </trkpt>
      <trkpt lat="45.14728" lon="-93.31084">
        <ele>254.2</ele>
      </trkpt>
      <trkpt lat="45.14741" lon="-93.31049">
        <ele>254.7</ele>
      </trkpt>
      <trkpt lat="45.14742" lon="-93.3104">
        <ele>254.8</ele>
      </trkpt>
      <trkpt lat="45.14741" lon="-93.31032">
        <ele>254.9</ele>
      </trkpt>
      <trkpt lat="45.14743" lon="-93.31021">
        <ele>255.2</ele>
      </trkpt>
      <trkpt lat="45.14743" lon="-93.31017">
        <ele>255.2</ele>
      </trkpt>
      <trkpt lat="45.14742" lon="-93.30967">
        <ele>254.2</ele>
      </trkpt>
      <trkpt lat="45.14736" lon="-93.30923">
        <ele>252.7</ele>
      </trkpt>
      <trkpt lat="45.14731" lon="-93.30924">
        <ele>252.6</ele>
      </trkpt>
      <trkpt lat="45.14726" lon="-93.30923">
        <ele>252.6</ele>
      </trkpt>
      <trkpt lat="45.14682" lon="-93.30928">
        <ele>252.6</ele>
      </trkpt>
      <trkpt lat="45.14666" lon="-93.30936">
        <ele>252.6</ele>
      </trkpt>
      <trkpt lat="45.14661" lon="-93.30936">
        <ele>252.4</ele>
      </trkpt>
      <trkpt lat="45.1465" lon="-93.30935">
        <ele>251.9</ele>
      </trkpt>
      <trkpt lat="45.14646" lon="-93.30938">
        <ele>251.8</ele>
      </trkpt>
      <trkpt lat="45.14637" lon="-93.30957">
        <ele>252.1</ele>
      </trkpt>
      <trkpt lat="45.14632" lon="-93.30965">
        <ele>252.4</ele>
      </trkpt>
      <trkpt lat="45.14624" lon="-93.30971">
        <ele>252.4</ele>
      </trkpt>
      <trkpt lat="45.14608" lon="-93.30974">
        <ele>252.5</ele>
      </trkpt>
      <trkpt lat="45.1456" lon="-93.30979">
        <ele>252.8</ele>
      </trkpt>
      <trkpt lat="45.14512" lon="-93.30983">
        <ele>253.1</ele>
      </trkpt>
      <trkpt lat="45.14508" lon="-93.30985">
        <ele>253.1</ele>
      </trkpt>
      <trkpt lat="45.14488" lon="-93.31011">
        <ele>253.3</ele>
      </trkpt>
      <trkpt lat="45.14482" lon="-93.31018">
        <ele>253.3</ele>
      </trkpt>
      <trkpt lat="45.1448" lon="-93.31022">
        <ele>253.3</ele>
      </trkpt>
      <trkpt lat="45.14478" lon="-93.31029">
        <ele>253.3</ele>
      </trkpt>
      <trkpt lat="45.14475" lon="-93.31035">
        <ele>253.3</ele>
      </trkpt>
      <trkpt lat="45.14426" lon="-93.31101">
        <ele>253.5</ele>
      </trkpt>
      <trkpt lat="45.14376" lon="-93.31167">
        <ele>253.7</ele>
      </trkpt>
      <trkpt lat="45.14326" lon="-93.31233">
        <ele>253.9</ele>
      </trkpt>
      <trkpt lat="45.14277" lon="-93.31299">
        <ele>254.1</ele>
      </trkpt>
      <trkpt lat="45.14258" lon="-93.31323">
        <ele>254.2</ele>
      </trkpt>
      <trkpt lat="45.14245" lon="-93.31343">
        <ele>256.3</ele>
      </trkpt>
      <trkpt lat="45.14241" lon="-93.3135">
        <ele>256.5</ele>
      </trkpt>
      <trkpt lat="45.14234" lon="-93.31358">
        <ele>256.6</ele>
      </trkpt>
      <trkpt lat="45.14225" lon="-93.31368">
        <ele>256.7</ele>
      </trkpt>
      <trkpt lat="45.14221" lon="-93.3137">
        <ele>256.8</ele>
      </trkpt>
      <trkpt lat="45.14212" lon="-93.31373">
        <ele>256.9</ele>
      </trkpt>
      <trkpt lat="45.14208" lon="-93.31373">
        <ele>257.0</ele>
      </trkpt>
      <trkpt lat="45.14166" lon="-93.3137">
        <ele>257.6</ele>
      </trkpt>
      <trkpt lat="45.14159" lon="-93.31369">
        <ele>257.8</ele>
      </trkpt>
      <trkpt lat="45.14148" lon="-93.31365">
        <ele>257.9</ele>
      </trkpt>
      <trkpt lat="45.14139" lon="-93.31362">
        <ele>258.1</ele>
      </trkpt>
      <trkpt lat="45.14129" lon="-93.31361">
        <ele>258.1</ele>
      </trkpt>
      <trkpt lat="45.14114" lon="-93.31366">
        <ele>258.0</ele>
      </trkpt>
      <trkpt lat="45.14104" lon="-93.31374">
        <ele>258.0</ele>
      </trkpt>
      <trkpt lat="45.14098" lon="-93.31384">
        <ele>258.0</ele>
      </trkpt>
      <trkpt lat="45.14094" lon="-93.31392">
        <ele>258.0</ele>
      </trkpt>
      <trkpt lat="45.14088" lon="-93.31405">
        <ele>258.1</ele>
      </trkpt>
      <trkpt lat="45.14084" lon="-93.31416">
        <ele>258.2</ele>
      </trkpt>
      <trkpt lat="45.14081" lon="-93.31418">
        <ele>258.2</ele>
      </trkpt>
      <trkpt lat="45.1406" lon="-93.31468">
        <ele>258.3</ele>
      </trkpt>
      <trkpt lat="45.14054" lon="-93.31476">
        <ele>258.3</ele>
      </trkpt>
      <trkpt lat="45.14049" lon="-93.3148">
        <ele>258.2</ele>
      </trkpt>
      <trkpt lat="45.14041" lon="-93.31484">
        <ele>258.2</ele>
      </trkpt>
      <trkpt lat="45.14032" lon="-93.31486">
        <ele>258.2</ele>
      </trkpt>
      <trkpt lat="45.14029" lon="-93.3148">
        <ele>258.1</ele>
      </trkpt>
      <trkpt lat="45.14022" lon="-93.31472">
        <ele>258.0</ele>
      </trkpt>
      <trkpt lat="45.14013" lon="-93.31463">
        <ele>258.0</ele>
      </trkpt>
      <trkpt lat="45.14005" lon="-93.31456">
        <ele>258.0</ele>
      </trkpt>
      <trkpt lat="45.13998" lon="-93.31452">
        <ele>258.0</ele>
      </trkpt>
      <trkpt lat="45.13988" lon="-93.31447">
        <ele>257.9</ele>
      </trkpt>
      <trkpt lat="45.13983" lon="-93.31446">
        <ele>258.0</ele>
      </trkpt>
      <trkpt lat="45.13971" lon="-93.31447">
        <ele>258.0</ele>
      </trkpt>
      <trkpt lat="45.13965" lon="-93.31449">
        <ele>258.0</ele>
      </trkpt>
      <trkpt lat="45.13947" lon="-93.31459">
        <ele>258.0</ele>
      </trkpt>
      <trkpt lat="45.13943" lon="-93.3146">
        <ele>258.0</ele>
      </trkpt>
      <trkpt lat="45.13936" lon="-93.3146">
        <ele>257.9</ele>
      </trkpt>
      <trkpt lat="45.1388" lon="-93.3143">
        <ele>256.7</ele>
      </trkpt>
      <trkpt lat="45.13846" lon="-93.31416">
        <ele>256.1</ele>
      </trkpt>
      <trkpt lat="45.13822" lon="-93.31407">
        <ele>255.0</ele>
      </trkpt>
      <trkpt lat="45.13806" lon="-93.31402">
        <ele>254.4</ele>
      </trkpt>
      <trkpt lat="45.13798" lon="-93.31396">
        <ele>254.0</ele>
      </trkpt>
      <trkpt lat="45.13787" lon="-93.3138">
        <ele>253.4</ele>
      </trkpt>
      <trkpt lat="45.13784" lon="-93.31378">
        <ele>253.5</ele>
      </trkpt>
      <trkpt lat="45.13771" lon="-93.31375">
        <ele>253.8</ele>
      </trkpt>
      <trkpt lat="45.13764" lon="-93.31379">
        <ele>254.2</ele>
      </trkpt>
      <trkpt lat="45.1376" lon="-93.3138">
        <ele>254.4</ele>
      </trkpt>
      <trkpt lat="45.13738" lon="-93.31381">
        <ele>254.7</ele>
      </trkpt>
      <trkpt lat="45.13716" lon="-93.31378">
        <ele>254.9</ele>
      </trkpt>
      <trkpt lat="45.13653" lon="-93.31358">
        <ele>255.1</ele>
      </trkpt>
      <trkpt lat="45.1359" lon="-93.31338">
        <ele>253.5</ele>
      </trkpt>
      <trkpt lat="45.13577" lon="-93.31333">
        <ele>253.5</ele>
      </trkpt>
      <trkpt lat="45.13546" lon="-93.31314">
        <ele>253.4</ele>
      </trkpt>
      <trkpt lat="45.13509" lon="-93.3129">
        <ele>253.6</ele>
      </trkpt>
      <trkpt lat="45.13482" lon="-93.31269">
        <ele>253.7</ele>
      </trkpt>
      <trkpt lat="45.1344" lon="-93.31233">
        <ele>255.9</ele>
      </trkpt>
      <trkpt lat="45.13398" lon="-93.31198">
        <ele>256.2</ele>
      </trkpt>
      <trkpt lat="45.13339" lon="-93.31146">
        <ele>256.5</ele>
      </trkpt>
      <trkpt lat="45.13291" lon="-93.31101">
        <ele>257.4</ele>
      </trkpt>
      <trkpt lat="45.13265" lon="-93.31075">
        <ele>259.3</ele>
      </trkpt>
      <trkpt lat="45.13249" lon="-93.3106">
        <ele>260.2</ele>
      </trkpt>
      <trkpt lat="45.13211" lon="-93.3102">
        <ele>262.2</ele>
      </trkpt>
      <trkpt lat="45.13166" lon="-93.30963">
        <ele>263.0</ele>
      </trkpt>
      <trkpt lat="45.13106" lon="-93.30881">
        <ele>262.5</ele>
      </trkpt>
      <trkpt lat="45.13047" lon="-93.30799">
        <ele>262.2</ele>
      </trkpt>
      <trkpt lat="45.13035" lon="-93.30762">
        <ele>262.1</ele>
      </trkpt>
      <trkpt lat="45.13001" lon="-93.30666">
        <ele>262.3</ele>
      </trkpt>
      <trkpt lat="45.12992" lon="-93.30631">
        <ele>262.4</ele>
      </trkpt>
      <trkpt lat="45.1299" lon="-93.30615">
        <ele>262.2</ele>
      </trkpt>
      <trkpt lat="45.12983" lon="-93.30596">
        <ele>262.5</ele>
      </trkpt>
      <trkpt lat="45.12969" lon="-93.30536">
        <ele>262.3</ele>
      </trkpt>
      <trkpt lat="45.12946" lon="-93.30435">
        <ele>261.8</ele>
      </trkpt>
      <trkpt lat="45.12919" lon="-93.30338">
        <ele>261.3</ele>
      </trkpt>
      <trkpt lat="45.12917" lon="-93.30338">
        <ele>261.6</ele>
      </trkpt>
      <trkpt lat="45.12908" lon="-93.30342">
        <ele>262.1</ele>
      </trkpt>
      <trkpt lat="45.12905" lon="-93.3034">
        <ele>262.0</ele>
      </trkpt>
      <trkpt lat="45.12904" lon="-93.30336">
        <ele>261.8</ele>
      </trkpt>
      <trkpt lat="45.12886" lon="-93.30271">
        <ele>260.2</ele>
      </trkpt>
      <trkpt lat="45.12868" lon="-93.30206">
        <ele>259.7</ele>
      </trkpt>
      <trkpt lat="45.12864" lon="-93.3019">
        <ele>259.7</ele>
      </trkpt>
      <trkpt lat="45.12856" lon="-93.30163">
        <ele>259.9</ele>
      </trkpt>
      <trkpt lat="45.12852" lon="-93.30153">
        <ele>259.6</ele>
      </trkpt>
      <trkpt lat="45.12829" lon="-93.301">
        <ele>259.5</ele>
      </trkpt>
      <trkpt lat="45.12815" lon="-93.30075">
        <ele>259.2</ele>
      </trkpt>
      <trkpt lat="45.12805" lon="-93.30058">
        <ele>259.2</ele>
      </trkpt>
      <trkpt lat="45.12797" lon="-93.30047">
        <ele>259.2</ele>
      </trkpt>
      <trkpt lat="45.12796" lon="-93.30046">
        <ele>259.2</ele>
      </trkpt>
      <trkpt lat="45.12773" lon="-93.30017">
        <ele>259.3</ele>
      </trkpt>
      <trkpt lat="45.12756" lon="-93.29998">
        <ele>259.4</ele>
      </trkpt>
      <trkpt lat="45.12741" lon="-93.29985">
        <ele>259.4</ele>
      </trkpt>
      <trkpt lat="45.12738" lon="-93.29982">
        <ele>259.4</ele>
      </trkpt>
      <trkpt lat="45.12725" lon="-93.29971">
        <ele>259.5</ele>
      </trkpt>
      <trkpt lat="45.12696" lon="-93.29952">
        <ele>259.4</ele>
      </trkpt>
      <trkpt lat="45.12689" lon="-93.29949">
        <ele>259.5</ele>
      </trkpt>
      <trkpt lat="45.12662" lon="-93.29937">
        <ele>259.6</ele>
      </trkpt>
      <trkpt lat="45.12642" lon="-93.29929">
        <ele>259.5</ele>
      </trkpt>
      <trkpt lat="45.12588" lon="-93.29916">
        <ele>259.4</ele>
      </trkpt>
      <trkpt lat="45.12534" lon="-93.29903">
        <ele>258.9</ele>
      </trkpt>
      <trkpt lat="45.12496" lon="-93.29891">
        <ele>256.7</ele>
      </trkpt>
      <trkpt lat="45.12488" lon="-93.2989">
        <ele>256.5</ele>
      </trkpt>
      <trkpt lat="45.12471" lon="-93.29886">
        <ele>256.3</ele>
      </trkpt>
      <trkpt lat="45.1244" lon="-93.29876">
        <ele>256.2</ele>
      </trkpt>
      <trkpt lat="45.12364" lon="-93.29845">
        <ele>254.5</ele>
      </trkpt>
      <trkpt lat="45.1231" lon="-93.29822">
        <ele>255.4</ele>
      </trkpt>
      <trkpt lat="45.12296" lon="-93.29815">
        <ele>256.3</ele>
      </trkpt>
      <trkpt lat="45.12275" lon="-93.29807">
        <ele>256.4</ele>
      </trkpt>
      <trkpt lat="45.12262" lon="-93.29803">
        <ele>256.4</ele>
      </trkpt>
      <trkpt lat="45.12233" lon="-93.29797">
        <ele>256.5</ele>
      </trkpt>
      <trkpt lat="45.12217" lon="-93.29796">
        <ele>256.4</ele>
      </trkpt>
      <trkpt lat="45.12188" lon="-93.29797">
        <ele>256.2</ele>
      </trkpt>
      <trkpt lat="45.1213" lon="-93.29807">
        <ele>255.8</ele>
      </trkpt>
      <trkpt lat="45.12072" lon="-93.29818">
        <ele>255.8</ele>
      </trkpt>
      <trkpt lat="45.12059" lon="-93.29821">
        <ele>255.3</ele>
      </trkpt>
      <trkpt lat="45.11981" lon="-93.29835">
        <ele>254.6</ele>
      </trkpt>
      <trkpt lat="45.11942" lon="-93.29837">
        <ele>254.4</ele>
      </trkpt>
      <trkpt lat="45.119" lon="-93.29833">
        <ele>254.9</ele>
      </trkpt>
      <trkpt lat="45.11825" lon="-93.29823">
        <ele>256.5</ele>
      </trkpt>
      <trkpt lat="45.11751" lon="-93.29814">
        <ele>258.1</ele>
      </trkpt>
      <trkpt lat="45.11702" lon="-93.29807">
        <ele>259.3</ele>
      </trkpt>
      <trkpt lat="45.1166" lon="-93.29798">
        <ele>259.8</ele>
      </trkpt>
      <trkpt lat="45.11623" lon="-93.29788">
        <ele>259.5</ele>
      </trkpt>
      <trkpt lat="45.11586" lon="-93.29777">
        <ele>259.4</ele>
      </trkpt>
      <trkpt lat="45.11513" lon="-93.29753">
        <ele>259.3</ele>
      </trkpt>
      <trkpt lat="45.11441" lon="-93.29729">
        <ele>259.4</ele>
      </trkpt>
      <trkpt lat="45.11374" lon="-93.29705">
        <ele>259.4</ele>
      </trkpt>
      <trkpt lat="45.11313" lon="-93.29678">
        <ele>259.2</ele>
      </trkpt>
      <trkpt lat="45.11253" lon="-93.2965">
        <ele>259.3</ele>
      </trkpt>
      <trkpt lat="45.11192" lon="-93.29623">
        <ele>259.1</ele>
      </trkpt>
      <trkpt lat="45.11161" lon="-93.29606">
        <ele>258.9</ele>
      </trkpt>
      <trkpt lat="45.11141" lon="-93.29592">
        <ele>258.4</ele>
      </trkpt>
      <trkpt lat="45.11117" lon="-93.2957">
        <ele>257.4</ele>
      </trkpt>
      <trkpt lat="45.11107" lon="-93.2956">
        <ele>256.9</ele>
      </trkpt>
      <trkpt lat="45.11091" lon="-93.29537">
        <ele>255.2</ele>
      </trkpt>
      <trkpt lat="45.11079" lon="-93.29518">
        <ele>252.7</ele>
      </trkpt>
      <trkpt lat="45.11066" lon="-93.29494">
        <ele>256.6</ele>
      </trkpt>
      <trkpt lat="45.11058" lon="-93.29475">
        <ele>257.4</ele>
      </trkpt>
      <trkpt lat="45.11032" lon="-93.29405">
        <ele>259.1</ele>
      </trkpt>
      <trkpt lat="45.11007" lon="-93.29335">
        <ele>260.3</ele>
      </trkpt>
      <trkpt lat="45.10994" lon="-93.29302">
        <ele>260.3</ele>
      </trkpt>
      <trkpt lat="45.10969" lon="-93.29247">
        <ele>260.0</ele>
      </trkpt>
      <trkpt lat="45.10947" lon="-93.29201">
        <ele>259.6</ele>
      </trkpt>
      <trkpt lat="45.10901" lon="-93.29121">
        <ele>259.3</ele>
      </trkpt>
      <trkpt lat="45.10892" lon="-93.29105">
        <ele>259.3</ele>
      </trkpt>
      <trkpt lat="45.10883" lon="-93.29082">
        <ele>259.4</ele>
      </trkpt>
      <trkpt lat="45.10865" lon="-93.29051">
        <ele>259.4</ele>
      </trkpt>
      <trkpt lat="45.10836" lon="-93.29017">
        <ele>259.3</ele>
      </trkpt>
      <trkpt lat="45.10825" lon="-93.29007">
        <ele>259.2</ele>
      </trkpt>
      <trkpt lat="45.10795" lon="-93.28982">
        <ele>259.2</ele>
      </trkpt>
      <trkpt lat="45.10767" lon="-93.28962">
        <ele>258.9</ele>
      </trkpt>
      <trkpt lat="45.10692" lon="-93.28913">
        <ele>258.1</ele>
      </trkpt>
      <trkpt lat="45.10617" lon="-93.28863">
        <ele>258.0</ele>
      </trkpt>
      <trkpt lat="45.10592" lon="-93.28848">
        <ele>258.6</ele>
      </trkpt>
      <trkpt lat="45.10549" lon="-93.28827">
        <ele>259.2</ele>
      </trkpt>
      <trkpt lat="45.10501" lon="-93.28807">
        <ele>259.2</ele>
      </trkpt>
      <trkpt lat="45.10417" lon="-93.28781">
        <ele>259.2</ele>
      </trkpt>
      <trkpt lat="45.10333" lon="-93.28754">
        <ele>258.2</ele>
      </trkpt>
      <trkpt lat="45.10249" lon="-93.28727">
        <ele>257.5</ele>
      </trkpt>
      <trkpt lat="45.10215" lon="-93.2872">
        <ele>257.8</ele>
      </trkpt>
      <trkpt lat="45.10156" lon="-93.28702">
        <ele>257.6</ele>
      </trkpt>
      <trkpt lat="45.10142" lon="-93.28695">
        <ele>257.3</ele>
      </trkpt>
      <trkpt lat="45.10091" lon="-93.28683">
        <ele>256.9</ele>
      </trkpt>
      <trkpt lat="45.1004" lon="-93.28671">
        <ele>257.5</ele>
      </trkpt>
      <trkpt lat="45.09973" lon="-93.28657">
        <ele>257.2</ele>
      </trkpt>
      <trkpt lat="45.09907" lon="-93.28643">
        <ele>257.0</ele>
      </trkpt>
      <trkpt lat="45.09841" lon="-93.28628">
        <ele>257.0</ele>
      </trkpt>
      <trkpt lat="45.09799" lon="-93.28622">
        <ele>256.7</ele>
      </trkpt>
      <trkpt lat="45.09786" lon="-93.28621">
        <ele>256.6</ele>
      </trkpt>
      <trkpt lat="45.09708" lon="-93.2863">
        <ele>256.1</ele>
      </trkpt>
      <trkpt lat="45.0963" lon="-93.28639">
        <ele>256.8</ele>
      </trkpt>
      <trkpt lat="45.09552" lon="-93.28647">
        <ele>257.4</ele>
      </trkpt>
      <trkpt lat="45.09499" lon="-93.28655">
        <ele>257.6</ele>
      </trkpt>
      <trkpt lat="45.09459" lon="-93.28661">
        <ele>257.7</ele>
      </trkpt>
      <trkpt lat="45.09452" lon="-93.28664">
        <ele>257.8</ele>
      </trkpt>
      <trkpt lat="45.09447" lon="-93.2867">
        <ele>257.8</ele>
      </trkpt>
      <trkpt lat="45.09442" lon="-93.28661">
        <ele>257.8</ele>
      </trkpt>
      <trkpt lat="45.09428" lon="-93.28661">
        <ele>257.8</ele>
      </trkpt>
      <trkpt lat="45.09422" lon="-93.28671">
        <ele>257.9</ele>
      </trkpt>
      <trkpt lat="45.09418" lon="-93.28667">
        <ele>257.9</ele>
      </trkpt>
      <trkpt lat="45.09412" lon="-93.28665">
        <ele>257.9</ele>
      </trkpt>
      <trkpt lat="45.09382" lon="-93.28667">
        <ele>258.0</ele>
      </trkpt>
      <trkpt lat="45.09375" lon="-93.28666">
        <ele>257.9</ele>
      </trkpt>
      <trkpt lat="45.09354" lon="-93.2867">
        <ele>257.9</ele>
      </trkpt>
      <trkpt lat="45.09328" lon="-93.28671">
        <ele>258.1</ele>
      </trkpt>
      <trkpt lat="45.09282" lon="-93.28676">
        <ele>258.3</ele>
      </trkpt>
      <trkpt lat="45.09195" lon="-93.28682">
        <ele>258.6</ele>
      </trkpt>
      <trkpt lat="45.09108" lon="-93.28688">
        <ele>259.2</ele>
      </trkpt>
      <trkpt lat="45.09107" lon="-93.28679">
        <ele>259.2</ele>
      </trkpt>
      <trkpt lat="45.09092" lon="-93.28682">
        <ele>259.2</ele>
      </trkpt>
      <trkpt lat="45.09082" lon="-93.28679">
        <ele>259.2</ele>
      </trkpt>
      <trkpt lat="45.09074" lon="-93.28675">
        <ele>259.2</ele>
      </trkpt>
      <trkpt lat="45.09061" lon="-93.28676">
        <ele>259.2</ele>
      </trkpt>
      <trkpt lat="45.0905" lon="-93.2868">
        <ele>259.2</ele>
      </trkpt>
      <trkpt lat="45.09042" lon="-93.28688">
        <ele>259.2</ele>
      </trkpt>
      <trkpt lat="45.09038" lon="-93.28691">
        <ele>259.2</ele>
      </trkpt>
      <trkpt lat="45.09016" lon="-93.28693">
        <ele>259.2</ele>
      </trkpt>
      <trkpt lat="45.08935" lon="-93.28698">
        <ele>259.2</ele>
      </trkpt>
      <trkpt lat="45.08854" lon="-93.28703">
        <ele>259.3</ele>
      </trkpt>
      <trkpt lat="45.08828" lon="-93.28706">
        <ele>259.3</ele>
      </trkpt>
      <trkpt lat="45.08801" lon="-93.28706">
        <ele>259.3</ele>
      </trkpt>
      <trkpt lat="45.0875" lon="-93.2871">
        <ele>259.2</ele>
      </trkpt>
      <trkpt lat="45.08743" lon="-93.28711">
        <ele>259.2</ele>
      </trkpt>
      <trkpt lat="45.08737" lon="-93.28713">
        <ele>259.2</ele>
      </trkpt>
      <trkpt lat="45.08735" lon="-93.28709">
        <ele>259.2</ele>
      </trkpt>
      <trkpt lat="45.08717" lon="-93.28706">
        <ele>259.2</ele>
      </trkpt>
      <trkpt lat="45.08714" lon="-93.28709">
        <ele>259.2</ele>
      </trkpt>
      <trkpt lat="45.08711" lon="-93.28717">
        <ele>259.2</ele>
      </trkpt>
      <trkpt lat="45.08707" lon="-93.2872">
        <ele>259.2</ele>
      </trkpt>
      <trkpt lat="45.08705" lon="-93.2872">
        <ele>259.2</ele>
      </trkpt>
      <trkpt lat="45.08696" lon="-93.28716">
        <ele>259.2</ele>
      </trkpt>
      <trkpt lat="45.08684" lon="-93.28714">
        <ele>259.2</ele>
      </trkpt>
      <trkpt lat="45.08638" lon="-93.28717">
        <ele>259.2</ele>
      </trkpt>
      <trkpt lat="45.08571" lon="-93.28724">
        <ele>259.2</ele>
      </trkpt>
      <trkpt lat="45.08498" lon="-93.28728">
        <ele>259.1</ele>
      </trkpt>
      <trkpt lat="45.08431" lon="-93.2873">
        <ele>258.3</ele>
      </trkpt>
      <trkpt lat="45.08364" lon="-93.28733">
        <ele>257.8</ele>
      </trkpt>
      <trkpt lat="45.08276" lon="-93.28742">
        <ele>257.6</ele>
      </trkpt>
      <trkpt lat="45.08236" lon="-93.28743">
        <ele>257.5</ele>
      </trkpt>
      <trkpt lat="45.08184" lon="-93.28741">
        <ele>257.2</ele>
      </trkpt>
      <trkpt lat="45.08129" lon="-93.28734">
        <ele>257.0</ele>
      </trkpt>
      <trkpt lat="45.08074" lon="-93.28727">
        <ele>256.9</ele>
      </trkpt>
      <trkpt lat="45.07992" lon="-93.2872">
        <ele>256.7</ele>
      </trkpt>
      <trkpt lat="45.0797" lon="-93.28717">
        <ele>256.6</ele>
      </trkpt>
      <trkpt lat="45.07894" lon="-93.28704">
        <ele>256.4</ele>
      </trkpt>
      <trkpt lat="45.07871" lon="-93.28701">
        <ele>256.3</ele>
      </trkpt>
      <trkpt lat="45.07801" lon="-93.28695">
        <ele>256.4</ele>
      </trkpt>
      <trkpt lat="45.07729" lon="-93.28684">
        <ele>256.3</ele>
      </trkpt>
      <trkpt lat="45.07685" lon="-93.28679">
        <ele>256.3</ele>
      </trkpt>
      <trkpt lat="45.07625" lon="-93.28675">
        <ele>256.2</ele>
      </trkpt>
      <trkpt lat="45.07551" lon="-93.28661">
        <ele>255.9</ele>
      </trkpt>
      <trkpt lat="45.07535" lon="-93.28655">
        <ele>255.5</ele>
      </trkpt>
      <trkpt lat="45.07525" lon="-93.28649">
        <ele>255.3</ele>
      </trkpt>
      <trkpt lat="45.07515" lon="-93.28638">
        <ele>255.0</ele>
      </trkpt>
      <trkpt lat="45.07505" lon="-93.28626">
        <ele>254.6</ele>
      </trkpt>
      <trkpt lat="45.07497" lon="-93.28611">
        <ele>254.2</ele>
      </trkpt>
      <trkpt lat="45.07494" lon="-93.28601">
        <ele>254.0</ele>
      </trkpt>
      <trkpt lat="45.07505" lon="-93.28593">
        <ele>253.8</ele>
      </trkpt>
      <trkpt lat="45.07505" lon="-93.28592">
        <ele>253.8</ele>
      </trkpt>
      <trkpt lat="45.07503" lon="-93.28584">
        <ele>253.6</ele>
      </trkpt>
      <trkpt lat="45.07499" lon="-93.28555">
        <ele>252.9</ele>
      </trkpt>
      <trkpt lat="45.07497" lon="-93.28548">
        <ele>252.7</ele>
      </trkpt>
      <trkpt lat="45.0749" lon="-93.28536">
        <ele>252.4</ele>
      </trkpt>
      <trkpt lat="45.07486" lon="-93.28533">
        <ele>252.3</ele>
      </trkpt>
      <trkpt lat="45.07481" lon="-93.2853">
        <ele>252.2</ele>
      </trkpt>
      <trkpt lat="45.07473" lon="-93.28528">
        <ele>252.1</ele>
      </trkpt>
      <trkpt lat="45.07476" lon="-93.285">
        <ele>251.4</ele>
      </trkpt>
      <trkpt lat="45.0742" lon="-93.28485">
        <ele>251.1</ele>
      </trkpt>
      <trkpt lat="45.07384" lon="-93.28474">
        <ele>251.9</ele>
      </trkpt>
      <trkpt lat="45.07332" lon="-93.2845">
        <ele>253.1</ele>
      </trkpt>
      <trkpt lat="45.0728" lon="-93.28426">
        <ele>253.0</ele>
      </trkpt>
      <trkpt lat="45.07274" lon="-93.28423">
        <ele>253.0</ele>
      </trkpt>
      <trkpt lat="45.07269" lon="-93.28422">
        <ele>253.0</ele>
      </trkpt>
      <trkpt lat="45.07193" lon="-93.28425">
        <ele>252.9</ele>
      </trkpt>
      <trkpt lat="45.07117" lon="-93.28428">
        <ele>252.9</ele>
      </trkpt>
      <trkpt lat="45.0704" lon="-93.28431">
        <ele>252.5</ele>
      </trkpt>
      <trkpt lat="45.07032" lon="-93.28433">
        <ele>252.4</ele>
      </trkpt>
      <trkpt lat="45.07024" lon="-93.28439">
        <ele>251.9</ele>
      </trkpt>
      <trkpt lat="45.07018" lon="-93.2843">
        <ele>252.4</ele>
      </trkpt>
      <trkpt lat="45.07016" lon="-93.28424">
        <ele>252.7</ele>
      </trkpt>
      <trkpt lat="45.07011" lon="-93.28356">
        <ele>249.8</ele>
      </trkpt>
      <trkpt lat="45.0701" lon="-93.28343">
        <ele>249.2</ele>
      </trkpt>
      <trkpt lat="45.07007" lon="-93.28332">
        <ele>248.8</ele>
      </trkpt>
      <trkpt lat="45.06997" lon="-93.28317">
        <ele>248.4</ele>
      </trkpt>
      <trkpt lat="45.06994" lon="-93.28314">
        <ele>248.3</ele>
      </trkpt>
      <trkpt lat="45.06984" lon="-93.2831">
        <ele>248.3</ele>
      </trkpt>
      <trkpt lat="45.06972" lon="-93.28308">
        <ele>248.5</ele>
      </trkpt>
      <trkpt lat="45.06917" lon="-93.28312">
        <ele>248.8</ele>
      </trkpt>
      <trkpt lat="45.06911" lon="-93.28315">
        <ele>248.6</ele>
      </trkpt>
      <trkpt lat="45.06906" lon="-93.28322">
        <ele>248.8</ele>
      </trkpt>
      <trkpt lat="45.06903" lon="-93.28332">
        <ele>249.2</ele>
      </trkpt>
      <trkpt lat="45.06897" lon="-93.28368">
        <ele>249.8</ele>
      </trkpt>
      <trkpt lat="45.06894" lon="-93.28378">
        <ele>249.8</ele>
      </trkpt>
      <trkpt lat="45.06892" lon="-93.28384">
        <ele>249.9</ele>
      </trkpt>
      <trkpt lat="45.06886" lon="-93.28393">
        <ele>249.9</ele>
      </trkpt>
      <trkpt lat="45.06879" lon="-93.28399">
        <ele>249.9</ele>
      </trkpt>
      <trkpt lat="45.06824" lon="-93.28445">
        <ele>250.1</ele>
      </trkpt>
      <trkpt lat="45.06816" lon="-93.28449">
        <ele>250.1</ele>
      </trkpt>
      <trkpt lat="45.06802" lon="-93.28454">
        <ele>250.3</ele>
      </trkpt>
      <trkpt lat="45.06765" lon="-93.28464">
        <ele>250.4</ele>
      </trkpt>
      <trkpt lat="45.06738" lon="-93.28467">
        <ele>250.5</ele>
      </trkpt>
      <trkpt lat="45.06731" lon="-93.28467">
        <ele>250.5</ele>
      </trkpt>
      <trkpt lat="45.06689" lon="-93.28468">
        <ele>249.7</ele>
      </trkpt>
      <trkpt lat="45.06677" lon="-93.28469">
        <ele>249.3</ele>
      </trkpt>
      <trkpt lat="45.06615" lon="-93.28481">
        <ele>247.2</ele>
      </trkpt>
      <trkpt lat="45.06553" lon="-93.28492">
        <ele>246.9</ele>
      </trkpt>
      <trkpt lat="45.0651" lon="-93.28499">
        <ele>247.1</ele>
      </trkpt>
      <trkpt lat="45.06482" lon="-93.28505">
        <ele>246.9</ele>
      </trkpt>
      <trkpt lat="45.06421" lon="-93.28517">
        <ele>246.8</ele>
      </trkpt>
      <trkpt lat="45.06385" lon="-93.28525">
        <ele>247.7</ele>
      </trkpt>
      <trkpt lat="45.06366" lon="-93.28534">
        <ele>249.1</ele>
      </trkpt>
      <trkpt lat="45.06338" lon="-93.2855">
        <ele>252.1</ele>
      </trkpt>
      <trkpt lat="45.06274" lon="-93.28567">
        <ele>250.5</ele>
      </trkpt>
      <trkpt lat="45.0621" lon="-93.28585">
        <ele>249.7</ele>
      </trkpt>
      <trkpt lat="45.06157" lon="-93.28609">
        <ele>248.7</ele>
      </trkpt>
      <trkpt lat="45.06072" lon="-93.2863">
        <ele>247.9</ele>
      </trkpt>
      <trkpt lat="45.05986" lon="-93.28652">
        <ele>251.6</ele>
      </trkpt>
      <trkpt lat="45.05963" lon="-93.28655">
        <ele>252.8</ele>
      </trkpt>
      <trkpt lat="45.05942" lon="-93.28654">
        <ele>252.9</ele>
      </trkpt>
      <trkpt lat="45.05918" lon="-93.2865">
        <ele>253.3</ele>
      </trkpt>
      <trkpt lat="45.05838" lon="-93.28623">
        <ele>252.9</ele>
      </trkpt>
      <trkpt lat="45.05789" lon="-93.28605">
        <ele>253.0</ele>
      </trkpt>
      <trkpt lat="45.0574" lon="-93.28587">
        <ele>253.4</ele>
      </trkpt>
      <trkpt lat="45.05721" lon="-93.28582">
        <ele>253.3</ele>
      </trkpt>
      <trkpt lat="45.05703" lon="-93.28576">
        <ele>253.4</ele>
      </trkpt>
      <trkpt lat="45.05632" lon="-93.2855">
        <ele>252.5</ele>
      </trkpt>
      <trkpt lat="45.05588" lon="-93.2853">
        <ele>252.0</ele>
      </trkpt>
      <trkpt lat="45.05544" lon="-93.28509">
        <ele>251.0</ele>
      </trkpt>
      <trkpt lat="45.05533" lon="-93.28505">
        <ele>250.9</ele>
      </trkpt>
      <trkpt lat="45.05505" lon="-93.28498">
        <ele>250.8</ele>
      </trkpt>
      <trkpt lat="45.05487" lon="-93.28493">
        <ele>251.1</ele>
      </trkpt>
      <trkpt lat="45.05463" lon="-93.28484">
        <ele>251.0</ele>
      </trkpt>
      <trkpt lat="45.05438" lon="-93.28472">
        <ele>250.8</ele>
      </trkpt>
      <trkpt lat="45.05431" lon="-93.28468">
        <ele>250.7</ele>
      </trkpt>
      <trkpt lat="45.05414" lon="-93.28461">
        <ele>250.5</ele>
      </trkpt>
      <trkpt lat="45.05387" lon="-93.28446">
        <ele>249.7</ele>
      </trkpt>
      <trkpt lat="45.05377" lon="-93.28441">
        <ele>249.8</ele>
      </trkpt>
      <trkpt lat="45.05298" lon="-93.28408">
        <ele>252.1</ele>
      </trkpt>
      <trkpt lat="45.05252" lon="-93.28397">
        <ele>252.9</ele>
      </trkpt>
      <trkpt lat="45.05192" lon="-93.28373">
        <ele>252.8</ele>
      </trkpt>
      <trkpt lat="45.05132" lon="-93.2835">
        <ele>253.2</ele>
      </trkpt>
      <trkpt lat="45.05127" lon="-93.28347">
        <ele>252.8</ele>
      </trkpt>
      <trkpt lat="45.0511" lon="-93.28341">
        <ele>252.5</ele>
      </trkpt>
      <trkpt lat="45.05101" lon="-93.28334">
        <ele>251.1</ele>
      </trkpt>
      <trkpt lat="45.05095" lon="-93.28331">
        <ele>251.0</ele>
      </trkpt>
      <trkpt lat="45.0508" lon="-93.28329">
        <ele>251.3</ele>
      </trkpt>
      <trkpt lat="45.05047" lon="-93.28334">
        <ele>253.2</ele>
      </trkpt>
      <trkpt lat="45.05036" lon="-93.28335">
        <ele>253.2</ele>
      </trkpt>
      <trkpt lat="45.05024" lon="-93.28334">
        <ele>253.2</ele>
      </trkpt>
      <trkpt lat="45.05011" lon="-93.28329">
        <ele>253.3</ele>
      </trkpt>
      <trkpt lat="45.04987" lon="-93.28318">
        <ele>251.9</ele>
      </trkpt>
      <trkpt lat="45.04977" lon="-93.28314">
        <ele>251.1</ele>
      </trkpt>
      <trkpt lat="45.04967" lon="-93.28314">
        <ele>251.4</ele>
      </trkpt>
      <trkpt lat="45.04961" lon="-93.28315">
        <ele>251.8</ele>
      </trkpt>
      <trkpt lat="45.04943" lon="-93.28327">
        <ele>253.3</ele>
      </trkpt>
      <trkpt lat="45.04934" lon="-93.28329">
        <ele>253.3</ele>
      </trkpt>
      <trkpt lat="45.04921" lon="-93.2833">
        <ele>253.3</ele>
      </trkpt>
      <trkpt lat="45.04905" lon="-93.28329">
        <ele>253.3</ele>
      </trkpt>
      <trkpt lat="45.04898" lon="-93.28327">
        <ele>253.3</ele>
      </trkpt>
      <trkpt lat="45.04894" lon="-93.28327">
        <ele>253.2</ele>
      </trkpt>
      <trkpt lat="45.04873" lon="-93.28333">
        <ele>252.7</ele>
      </trkpt>
      <trkpt lat="45.04854" lon="-93.28334">
        <ele>253.1</ele>
      </trkpt>
      <trkpt lat="45.04843" lon="-93.28333">
        <ele>253.2</ele>
      </trkpt>
      <trkpt lat="45.04832" lon="-93.28335">
        <ele>253.2</ele>
      </trkpt>
      <trkpt lat="45.04822" lon="-93.2834">
        <ele>253.3</ele>
      </trkpt>
      <trkpt lat="45.04808" lon="-93.28344">
        <ele>253.1</ele>
      </trkpt>
      <trkpt lat="45.04801" lon="-93.28344">
        <ele>252.9</ele>
      </trkpt>
      <trkpt lat="45.04797" lon="-93.28343">
        <ele>252.7</ele>
      </trkpt>
      <trkpt lat="45.04793" lon="-93.28339">
        <ele>252.4</ele>
      </trkpt>
      <trkpt lat="45.04769" lon="-93.28302">
        <ele>248.2</ele>
      </trkpt>
      <trkpt lat="45.04751" lon="-93.28286">
        <ele>247.1</ele>
      </trkpt>
      <trkpt lat="45.04746" lon="-93.28284">
        <ele>246.9</ele>
      </trkpt>
      <trkpt lat="45.0474" lon="-93.28282">
        <ele>246.8</ele>
      </trkpt>
      <trkpt lat="45.04677" lon="-93.28278">
        <ele>247.3</ele>
      </trkpt>
      <trkpt lat="45.04635" lon="-93.28273">
        <ele>247.3</ele>
      </trkpt>
      <trkpt lat="45.04627" lon="-93.28274">
        <ele>247.4</ele>
      </trkpt>
      <trkpt lat="45.046" lon="-93.28284">
        <ele>247.9</ele>
      </trkpt>
      <trkpt lat="45.04592" lon="-93.28285">
        <ele>248.0</ele>
      </trkpt>
      <trkpt lat="45.04588" lon="-93.28285">
        <ele>248.0</ele>
      </trkpt>
      <trkpt lat="45.04583" lon="-93.28283">
        <ele>247.9</ele>
      </trkpt>
      <trkpt lat="45.04574" lon="-93.28276">
        <ele>247.8</ele>
      </trkpt>
      <trkpt lat="45.04556" lon="-93.28259">
        <ele>247.4</ele>
      </trkpt>
      <trkpt lat="45.04545" lon="-93.2825">
        <ele>247.3</ele>
      </trkpt>
      <trkpt lat="45.04537" lon="-93.28247">
        <ele>247.2</ele>
      </trkpt>
      <trkpt lat="45.04528" lon="-93.28245">
        <ele>247.2</ele>
      </trkpt>
      <trkpt lat="45.04478" lon="-93.2824">
        <ele>247.3</ele>
      </trkpt>
      <trkpt lat="45.04422" lon="-93.28235">
        <ele>247.3</ele>
      </trkpt>
      <trkpt lat="45.04407" lon="-93.28236">
        <ele>247.2</ele>
      </trkpt>
      <trkpt lat="45.04389" lon="-93.2824">
        <ele>247.1</ele>
      </trkpt>
      <trkpt lat="45.04381" lon="-93.28239">
        <ele>247.1</ele>
      </trkpt>
      <trkpt lat="45.04364" lon="-93.28225">
        <ele>246.5</ele>
      </trkpt>
      <trkpt lat="45.04357" lon="-93.28223">
        <ele>246.4</ele>
      </trkpt>
      <trkpt lat="45.04348" lon="-93.28224">
        <ele>246.4</ele>
      </trkpt>
      <trkpt lat="45.04341" lon="-93.28229">
        <ele>246.7</ele>
      </trkpt>
      <trkpt lat="45.04326" lon="-93.28242">
        <ele>247.1</ele>
      </trkpt>
      <trkpt lat="45.04319" lon="-93.28246">
        <ele>247.1</ele>
      </trkpt>
      <trkpt lat="45.04309" lon="-93.28251">
        <ele>247.2</ele>
      </trkpt>
      <trkpt lat="45.04296" lon="-93.28255">
        <ele>247.2</ele>
      </trkpt>
      <trkpt lat="45.04277" lon="-93.28258">
        <ele>247.2</ele>
      </trkpt>
      <trkpt lat="45.04261" lon="-93.28259">
        <ele>247.2</ele>
      </trkpt>
      <trkpt lat="45.04252" lon="-93.28265">
        <ele>247.3</ele>
      </trkpt>
      <trkpt lat="45.04242" lon="-93.28284">
        <ele>247.5</ele>
      </trkpt>
      <trkpt lat="45.04239" lon="-93.28286">
        <ele>247.5</ele>
      </trkpt>
      <trkpt lat="45.04207" lon="-93.28288">
        <ele>247.0</ele>
      </trkpt>
      <trkpt lat="45.04211" lon="-93.28318">
        <ele>246.9</ele>
      </trkpt>
      <trkpt lat="45.04212" lon="-93.2833">
        <ele>246.9</ele>
      </trkpt>
      <trkpt lat="45.04211" lon="-93.28349">
        <ele>246.9</ele>
      </trkpt>
      <trkpt lat="45.04211" lon="-93.28353">
        <ele>246.9</ele>
      </trkpt>
      <trkpt lat="45.04182" lon="-93.28384">
        <ele>246.9</ele>
      </trkpt>
      <trkpt lat="45.04165" lon="-93.28393">
        <ele>247.3</ele>
      </trkpt>
      <trkpt lat="45.04156" lon="-93.28395">
        <ele>248.7</ele>
      </trkpt>
      <trkpt lat="45.04146" lon="-93.28396">
        <ele>250.0</ele>
      </trkpt>
      <trkpt lat="45.04096" lon="-93.28395">
        <ele>247.8</ele>
      </trkpt>
      <trkpt lat="45.04074" lon="-93.28398">
        <ele>248.2</ele>
      </trkpt>
      <trkpt lat="45.04056" lon="-93.28406">
        <ele>249.1</ele>
      </trkpt>
      <trkpt lat="45.04026" lon="-93.28425">
        <ele>251.6</ele>
      </trkpt>
      <trkpt lat="45.04011" lon="-93.28433">
        <ele>252.6</ele>
      </trkpt>
      <trkpt lat="45.03988" lon="-93.28442">
        <ele>251.0</ele>
      </trkpt>
      <trkpt lat="45.0398" lon="-93.28447">
        <ele>250.7</ele>
      </trkpt>
      <trkpt lat="45.0397" lon="-93.28451">
        <ele>250.6</ele>
      </trkpt>
      <trkpt lat="45.03947" lon="-93.28457">
        <ele>249.2</ele>
      </trkpt>
      <trkpt lat="45.03898" lon="-93.28468">
        <ele>251.7</ele>
      </trkpt>
      <trkpt lat="45.03849" lon="-93.28481">
        <ele>253.1</ele>
      </trkpt>
      <trkpt lat="45.038" lon="-93.28493">
        <ele>253.4</ele>
      </trkpt>
      <trkpt lat="45.03762" lon="-93.28505">
        <ele>253.6</ele>
      </trkpt>
      <trkpt lat="45.03717" lon="-93.28521">
        <ele>253.7</ele>
      </trkpt>
      <trkpt lat="45.03691" lon="-93.28526">
        <ele>253.2</ele>
      </trkpt>
      <trkpt lat="45.03673" lon="-93.28531">
        <ele>251.8</ele>
      </trkpt>
      <trkpt lat="45.03643" lon="-93.28544">
        <ele>250.1</ele>
      </trkpt>
      <trkpt lat="45.03623" lon="-93.28555">
        <ele>249.0</ele>
      </trkpt>
      <trkpt lat="45.03603" lon="-93.28568">
        <ele>247.9</ele>
      </trkpt>
      <trkpt lat="45.03579" lon="-93.28579">
        <ele>248.2</ele>
      </trkpt>
      <trkpt lat="45.03558" lon="-93.28585">
        <ele>248.4</ele>
      </trkpt>
      <trkpt lat="45.03546" lon="-93.28585">
        <ele>248.2</ele>
      </trkpt>
      <trkpt lat="45.03532" lon="-93.28587">
        <ele>248.4</ele>
      </trkpt>
      <trkpt lat="45.03519" lon="-93.28591">
        <ele>248.8</ele>
      </trkpt>
      <trkpt lat="45.03474" lon="-93.28611">
        <ele>252.1</ele>
      </trkpt>
      <trkpt lat="45.03415" lon="-93.28627">
        <ele>259.4</ele>
      </trkpt>
      <trkpt lat="45.03408" lon="-93.28628">
        <ele>260.0</ele>
      </trkpt>
      <trkpt lat="45.03403" lon="-93.28627">
        <ele>260.2</ele>
      </trkpt>
      <trkpt lat="45.03392" lon="-93.28621">
        <ele>260.7</ele>
      </trkpt>
      <trkpt lat="45.03377" lon="-93.28606">
        <ele>260.5</ele>
      </trkpt>
      <trkpt lat="45.03372" lon="-93.28602">
        <ele>260.1</ele>
      </trkpt>
      <trkpt lat="45.03369" lon="-93.28601">
        <ele>259.9</ele>
      </trkpt>
      <trkpt lat="45.03361" lon="-93.28602">
        <ele>259.4</ele>
      </trkpt>
      <trkpt lat="45.0335" lon="-93.28605">
        <ele>258.7</ele>
      </trkpt>
      <trkpt lat="45.03345" lon="-93.28606">
        <ele>258.4</ele>
      </trkpt>
      <trkpt lat="45.0334" lon="-93.28605">
        <ele>258.1</ele>
      </trkpt>
      <trkpt lat="45.03333" lon="-93.286">
        <ele>258.0</ele>
      </trkpt>
      <trkpt lat="45.03317" lon="-93.28575">
        <ele>256.5</ele>
      </trkpt>
      <trkpt lat="45.03306" lon="-93.28564">
        <ele>254.4</ele>
      </trkpt>
      <trkpt lat="45.033" lon="-93.2856">
        <ele>253.8</ele>
      </trkpt>
      <trkpt lat="45.03288" lon="-93.28555">
        <ele>251.4</ele>
      </trkpt>
      <trkpt lat="45.03268" lon="-93.28553">
        <ele>250.7</ele>
      </trkpt>
      <trkpt lat="45.03259" lon="-93.28555">
        <ele>250.4</ele>
      </trkpt>
      <trkpt lat="45.03242" lon="-93.2856">
        <ele>249.8</ele>
      </trkpt>
      <trkpt lat="45.03237" lon="-93.28563">
        <ele>249.7</ele>
      </trkpt>
      <trkpt lat="45.03233" lon="-93.28567">
        <ele>249.5</ele>
      </trkpt>
      <trkpt lat="45.03228" lon="-93.28571">
        <ele>249.3</ele>
      </trkpt>
      <trkpt lat="45.03223" lon="-93.28571">
        <ele>249.2</ele>
      </trkpt>
      <trkpt lat="45.03217" lon="-93.2857">
        <ele>249.8</ele>
      </trkpt>
      <trkpt lat="45.03204" lon="-93.28581">
        <ele>250.2</ele>
      </trkpt>
      <trkpt lat="45.03199" lon="-93.28583">
        <ele>250.0</ele>
      </trkpt>
      <trkpt lat="45.0318" lon="-93.28588">
        <ele>248.9</ele>
      </trkpt>
      <trkpt lat="45.03162" lon="-93.28589">
        <ele>247.8</ele>
      </trkpt>
      <trkpt lat="45.03147" lon="-93.28592">
        <ele>247.8</ele>
      </trkpt>
      <trkpt lat="45.03138" lon="-93.28596">
        <ele>248.3</ele>
      </trkpt>
      <trkpt lat="45.03138" lon="-93.28606">
        <ele>248.8</ele>
      </trkpt>
      <trkpt lat="45.03136" lon="-93.28614">
        <ele>249.2</ele>
      </trkpt>
      <trkpt lat="45.03116" lon="-93.28662">
        <ele>252.6</ele>
      </trkpt>
      <trkpt lat="45.0311" lon="-93.28672">
        <ele>253.6</ele>
      </trkpt>
      <trkpt lat="45.03101" lon="-93.28681">
        <ele>255.2</ele>
      </trkpt>
      <trkpt lat="45.03096" lon="-93.28684">
        <ele>255.9</ele>
      </trkpt>
      <trkpt lat="45.03088" lon="-93.28687">
        <ele>256.5</ele>
      </trkpt>
      <trkpt lat="45.03081" lon="-93.28688">
        <ele>256.8</ele>
      </trkpt>
      <trkpt lat="45.03071" lon="-93.28687">
        <ele>257.1</ele>
      </trkpt>
      <trkpt lat="45.03016" lon="-93.28672">
        <ele>257.4</ele>
      </trkpt>
      <trkpt lat="45.03" lon="-93.28663">
        <ele>256.9</ele>
      </trkpt>
      <trkpt lat="45.02986" lon="-93.28652">
        <ele>256.3</ele>
      </trkpt>
      <trkpt lat="45.02962" lon="-93.28631">
        <ele>255.9</ele>
      </trkpt>
      <trkpt lat="45.02957" lon="-93.28626">
        <ele>255.9</ele>
      </trkpt>
      <trkpt lat="45.02951" lon="-93.28624">
        <ele>255.9</ele>
      </trkpt>
      <trkpt lat="45.02945" lon="-93.28625">
        <ele>255.9</ele>
      </trkpt>
      <trkpt lat="45.02933" lon="-93.28631">
        <ele>256.1</ele>
      </trkpt>
      <trkpt lat="45.02933" lon="-93.28612">
        <ele>255.8</ele>
      </trkpt>
      <trkpt lat="45.02925" lon="-93.28599">
        <ele>255.7</ele>
      </trkpt>
      <trkpt lat="45.02909" lon="-93.28578">
        <ele>255.7</ele>
      </trkpt>
      <trkpt lat="45.02879" lon="-93.28553">
        <ele>255.7</ele>
      </trkpt>
      <trkpt lat="45.02868" lon="-93.28545">
        <ele>255.7</ele>
      </trkpt>
      <trkpt lat="45.02838" lon="-93.28526">
        <ele>255.6</ele>
      </trkpt>
      <trkpt lat="45.02763" lon="-93.28481">
        <ele>255.6</ele>
      </trkpt>
      <trkpt lat="45.02689" lon="-93.28436">
        <ele>255.4</ele>
      </trkpt>
      <trkpt lat="45.02615" lon="-93.28391">
        <ele>253.6</ele>
      </trkpt>
      <trkpt lat="45.0254" lon="-93.28346">
        <ele>254.9</ele>
      </trkpt>
      <trkpt lat="45.02466" lon="-93.28301">
        <ele>255.5</ele>
      </trkpt>
      <trkpt lat="45.02391" lon="-93.28256">
        <ele>255.1</ele>
      </trkpt>
      <trkpt lat="45.02373" lon="-93.28249">
        <ele>255.1</ele>
      </trkpt>
      <trkpt lat="45.02327" lon="-93.2824">
        <ele>255.6</ele>
      </trkpt>
      <trkpt lat="45.02309" lon="-93.28244">
        <ele>255.8</ele>
      </trkpt>
      <trkpt lat="45.02232" lon="-93.28224">
        <ele>255.4</ele>
      </trkpt>
      <trkpt lat="45.02155" lon="-93.28204">
        <ele>255.8</ele>
      </trkpt>
      <trkpt lat="45.02093" lon="-93.28189">
        <ele>257.2</ele>
      </trkpt>
      <trkpt lat="45.0203" lon="-93.28174">
        <ele>259.9</ele>
      </trkpt>
      <trkpt lat="45.01958" lon="-93.2816">
        <ele>260.0</ele>
      </trkpt>
      <trkpt lat="45.01886" lon="-93.28146">
        <ele>257.7</ele>
      </trkpt>
      <trkpt lat="45.01813" lon="-93.28131">
        <ele>257.5</ele>
      </trkpt>
      <trkpt lat="45.01741" lon="-93.28117">
        <ele>254.9</ele>
      </trkpt>
      <trkpt lat="45.01668" lon="-93.28103">
        <ele>253.9</ele>
      </trkpt>
      <trkpt lat="45.01601" lon="-93.28096">
        <ele>253.8</ele>
      </trkpt>
      <trkpt lat="45.01533" lon="-93.28089">
        <ele>253.7</ele>
      </trkpt>
      <trkpt lat="45.01463" lon="-93.28082">
        <ele>253.6</ele>
      </trkpt>
      <trkpt lat="45.01393" lon="-93.28076">
        <ele>252.1</ele>
      </trkpt>
      <trkpt lat="45.01322" lon="-93.28069">
        <ele>252.2</ele>
      </trkpt>
      <trkpt lat="45.01301" lon="-93.28068">
        <ele>252.2</ele>
      </trkpt>
      <trkpt lat="45.01225" lon="-93.28061">
        <ele>251.8</ele>
      </trkpt>
      <trkpt lat="45.01149" lon="-93.28054">
        <ele>251.7</ele>
      </trkpt>
      <trkpt lat="45.01073" lon="-93.28048">
        <ele>251.7</ele>
      </trkpt>
      <trkpt lat="45.01012" lon="-93.28044">
        <ele>251.7</ele>
      </trkpt>
      <trkpt lat="45.0095" lon="-93.28039">
        <ele>251.9</ele>
      </trkpt>
      <trkpt lat="45.00895" lon="-93.28034">
        <ele>251.8</ele>
      </trkpt>
      <trkpt lat="45.0084" lon="-93.28029">
        <ele>252.0</ele>
      </trkpt>
      <trkpt lat="45.00777" lon="-93.28028">
        <ele>252.4</ele>
      </trkpt>
      <trkpt lat="45.00713" lon="-93.28026">
        <ele>252.7</ele>
      </trkpt>
      <trkpt lat="45.00656" lon="-93.28026">
        <ele>252.1</ele>
      </trkpt>
      <trkpt lat="45.00599" lon="-93.28026">
        <ele>252.0</ele>
      </trkpt>
      <trkpt lat="45.00591" lon="-93.28025">
        <ele>251.9</ele>
      </trkpt>
      <trkpt lat="45.00584" lon="-93.28023">
        <ele>251.9</ele>
      </trkpt>
      <trkpt lat="45.00512" lon="-93.28022">
        <ele>252.0</ele>
      </trkpt>
      <trkpt lat="45.00441" lon="-93.28021">
        <ele>251.9</ele>
      </trkpt>
      <trkpt lat="45.00369" lon="-93.28021">
        <ele>252.0</ele>
      </trkpt>
      <trkpt lat="45.00301" lon="-93.28021">
        <ele>252.1</ele>
      </trkpt>
      <trkpt lat="45.00233" lon="-93.28021">
        <ele>252.6</ele>
      </trkpt>
      <trkpt lat="45.00165" lon="-93.28022">
        <ele>252.8</ele>
      </trkpt>
      <trkpt lat="45.00149" lon="-93.28021">
        <ele>252.7</ele>
      </trkpt>
      <trkpt lat="45.00149" lon="-93.27904">
        <ele>251.6</ele>
      </trkpt>
      <trkpt lat="45.00148" lon="-93.27787">
        <ele>250.9</ele>
      </trkpt>
      <trkpt lat="45.00148" lon="-93.2767">
        <ele>250.2</ele>
      </trkpt>
      <trkpt lat="45.0014" lon="-93.27671">
        <ele>250.2</ele>
      </trkpt>
      <trkpt lat="45.0014" lon="-93.27658">
        <ele>250.1</ele>
      </trkpt>
      <trkpt lat="45.00067" lon="-93.27678">
        <ele>250.1</ele>
      </trkpt>
      <trkpt lat="45.00059" lon="-93.27671">
        <ele>247.6</ele>
      </trkpt>
      <trkpt lat="45.00032" lon="-93.27663">
        <ele>243.3</ele>
      </trkpt>
      <trkpt lat="45.00025" lon="-93.27665">
        <ele>243.1</ele>
      </trkpt>
      <trkpt lat="45.00017" lon="-93.27666">
        <ele>243.0</ele>
      </trkpt>
      <trkpt lat="44.99965" lon="-93.27657">
        <ele>242.2</ele>
      </trkpt>
      <trkpt lat="44.99955" lon="-93.27657">
        <ele>242.2</ele>
      </trkpt>
      <trkpt lat="44.99916" lon="-93.27665">
        <ele>242.0</ele>
      </trkpt>
      <trkpt lat="44.99892" lon="-93.27677">
        <ele>243.4</ele>
      </trkpt>
      <trkpt lat="44.99881" lon="-93.27685">
        <ele>245.3</ele>
      </trkpt>
      <trkpt lat="44.99867" lon="-93.27688">
        <ele>246.6</ele>
      </trkpt>
      <trkpt lat="44.99849" lon="-93.2768">
        <ele>244.9</ele>
      </trkpt>
      <trkpt lat="44.99838" lon="-93.27677">
        <ele>244.3</ele>
      </trkpt>
      <trkpt lat="44.99825" lon="-93.27681">
        <ele>245.5</ele>
      </trkpt>
      <trkpt lat="44.99799" lon="-93.27675">
        <ele>244.2</ele>
      </trkpt>
      <trkpt lat="44.9978" lon="-93.27679">
        <ele>245.8</ele>
      </trkpt>
      <trkpt lat="44.99763" lon="-93.27679">
        <ele>246.5</ele>
      </trkpt>
      <trkpt lat="44.99732" lon="-93.27675">
        <ele>245.4</ele>
      </trkpt>
      <trkpt lat="44.99705" lon="-93.27669">
        <ele>244.1</ele>
      </trkpt>
      <trkpt lat="44.9967" lon="-93.27665">
        <ele>244.7</ele>
      </trkpt>
      <trkpt lat="44.99638" lon="-93.27654">
        <ele>243.5</ele>
      </trkpt>
      <trkpt lat="44.99587" lon="-93.27643">
        <ele>243.9</ele>
      </trkpt>
      <trkpt lat="44.99575" lon="-93.27641">
        <ele>244.2</ele>
      </trkpt>
      <trkpt lat="44.99567" lon="-93.2764">
        <ele>244.6</ele>
      </trkpt>
      <trkpt lat="44.99548" lon="-93.27633">
        <ele>244.3</ele>
      </trkpt>
      <trkpt lat="44.99535" lon="-93.27627">
        <ele>243.9</ele>
      </trkpt>
      <trkpt lat="44.99488" lon="-93.27609">
        <ele>243.7</ele>
      </trkpt>
      <trkpt lat="44.99466" lon="-93.27604">
        <ele>244.3</ele>
      </trkpt>
      <trkpt lat="44.99427" lon="-93.27589">
        <ele>245.5</ele>
      </trkpt>
      <trkpt lat="44.99384" lon="-93.27567">
        <ele>244.7</ele>
      </trkpt>
      <trkpt lat="44.99341" lon="-93.27546">
        <ele>245.0</ele>
      </trkpt>
      <trkpt lat="44.9932" lon="-93.27535">
        <ele>245.7</ele>
      </trkpt>
      <trkpt lat="44.99296" lon="-93.27516">
        <ele>244.9</ele>
      </trkpt>
      <trkpt lat="44.99305" lon="-93.27512">
        <ele>243.5</ele>
      </trkpt>
      <trkpt lat="44.99314" lon="-93.27511">
        <ele>243.1</ele>
      </trkpt>
      <trkpt lat="44.99308" lon="-93.27503">
        <ele>242.9</ele>
      </trkpt>
      <trkpt lat="44.99291" lon="-93.27485">
        <ele>242.7</ele>
      </trkpt>
      <trkpt lat="44.99239" lon="-93.27446">
        <ele>242.7</ele>
      </trkpt>
      <trkpt lat="44.99225" lon="-93.27433">
        <ele>242.7</ele>
      </trkpt>
      <trkpt lat="44.99196" lon="-93.27401">
        <ele>242.8</ele>
      </trkpt>
      <trkpt lat="44.99184" lon="-93.2738">
        <ele>242.6</ele>
      </trkpt>
      <trkpt lat="44.99177" lon="-93.27383">
        <ele>243.0</ele>
      </trkpt>
      <trkpt lat="44.99159" lon="-93.27382">
        <ele>244.7</ele>
      </trkpt>
      <trkpt lat="44.99149" lon="-93.27384">
        <ele>249.7</ele>
      </trkpt>
      <trkpt lat="44.99141" lon="-93.27392">
        <ele>253.1</ele>
      </trkpt>
      <trkpt lat="44.99136" lon="-93.27402">
        <ele>253.4</ele>
      </trkpt>
      <trkpt lat="44.99132" lon="-93.27418">
        <ele>253.4</ele>
      </trkpt>
      <trkpt lat="44.99131" lon="-93.27432">
        <ele>253.4</ele>
      </trkpt>
      <trkpt lat="44.99132" lon="-93.27442">
        <ele>253.3</ele>
      </trkpt>
      <trkpt lat="44.99118" lon="-93.27443">
        <ele>253.3</ele>
      </trkpt>
      <trkpt lat="44.99102" lon="-93.27446">
        <ele>253.3</ele>
      </trkpt>
      <trkpt lat="44.99091" lon="-93.27449">
        <ele>253.3</ele>
      </trkpt>
      <trkpt lat="44.99073" lon="-93.27448">
        <ele>253.2</ele>
      </trkpt>
      <trkpt lat="44.99064" lon="-93.27445">
        <ele>253.2</ele>
      </trkpt>
      <trkpt lat="44.99045" lon="-93.27435">
        <ele>253.2</ele>
      </trkpt>
      <trkpt lat="44.99034" lon="-93.27424">
        <ele>252.6</ele>
      </trkpt>
      <trkpt lat="44.9903" lon="-93.27418">
        <ele>251.7</ele>
      </trkpt>
      <trkpt lat="44.99019" lon="-93.27396">
        <ele>247.4</ele>
      </trkpt>
      <trkpt lat="44.9901" lon="-93.27375">
        <ele>248.5</ele>
      </trkpt>
      <trkpt lat="44.99007" lon="-93.27355">
        <ele>247.0</ele>
      </trkpt>
      <trkpt lat="44.99007" lon="-93.27336">
        <ele>248.3</ele>
      </trkpt>
      <trkpt lat="44.99008" lon="-93.27322">
        <ele>249.4</ele>
      </trkpt>
      <trkpt lat="44.99011" lon="-93.27309">
        <ele>250.4</ele>
      </trkpt>
      <trkpt lat="44.99017" lon="-93.27289">
        <ele>250.7</ele>
      </trkpt>
      <trkpt lat="44.99023" lon="-93.27273">
        <ele>250.6</ele>
      </trkpt>
      <trkpt lat="44.99043" lon="-93.27238">
        <ele>250.8</ele>
      </trkpt>
      <trkpt lat="44.99048" lon="-93.27223">
        <ele>249.9</ele>
      </trkpt>
      <trkpt lat="44.99046" lon="-93.27205">
        <ele>248.2</ele>
      </trkpt>
      <trkpt lat="44.99031" lon="-93.27165">
        <ele>247.7</ele>
      </trkpt>
      <trkpt lat="44.9901" lon="-93.27104">
        <ele>248.3</ele>
      </trkpt>
      <trkpt lat="44.98989" lon="-93.27042">
        <ele>248.0</ele>
      </trkpt>
      <trkpt lat="44.98971" lon="-93.26999">
        <ele>249.0</ele>
      </trkpt>
      <trkpt lat="44.98954" lon="-93.26973">
        <ele>250.1</ele>
      </trkpt>
      <trkpt lat="44.98942" lon="-93.26958">
        <ele>250.4</ele>
      </trkpt>
      <trkpt lat="44.9892" lon="-93.26937">
        <ele>250.7</ele>
      </trkpt>
      <trkpt lat="44.989" lon="-93.26925">
        <ele>251.0</ele>
      </trkpt>
      <trkpt lat="44.98886" lon="-93.26914">
        <ele>251.3</ele>
      </trkpt>
      <trkpt lat="44.98872" lon="-93.26901">
        <ele>251.4</ele>
      </trkpt>
      <trkpt lat="44.98867" lon="-93.2689">
        <ele>251.3</ele>
      </trkpt>
      <trkpt lat="44.98862" lon="-93.26863">
        <ele>250.9</ele>
      </trkpt>
      <trkpt lat="44.9886" lon="-93.26843">
        <ele>250.6</ele>
      </trkpt>
      <trkpt lat="44.98857" lon="-93.26829">
        <ele>250.4</ele>
      </trkpt>
      <trkpt lat="44.98843" lon="-93.26809">
        <ele>250.1</ele>
      </trkpt>
      <trkpt lat="44.98819" lon="-93.26771">
        <ele>244.3</ele>
      </trkpt>
      <trkpt lat="44.98809" lon="-93.26758">
        <ele>242.8</ele>
      </trkpt>
      <trkpt lat="44.98791" lon="-93.26742">
        <ele>242.1</ele>
      </trkpt>
      <trkpt lat="44.98732" lon="-93.26712">
        <ele>242.5</ele>
      </trkpt>
      <trkpt lat="44.98674" lon="-93.26683">
        <ele>244.4</ele>
      </trkpt>
      <trkpt lat="44.98615" lon="-93.26654">
        <ele>247.1</ele>
      </trkpt>
      <trkpt lat="44.98607" lon="-93.26646">
        <ele>247.1</ele>
      </trkpt>
      <trkpt lat="44.98599" lon="-93.26637">
        <ele>247.0</ele>
      </trkpt>
      <trkpt lat="44.98545" lon="-93.26561">
        <ele>245.4</ele>
      </trkpt>
      <trkpt lat="44.98536" lon="-93.26551">
        <ele>245.5</ele>
      </trkpt>
      <trkpt lat="44.9853" lon="-93.26547">
        <ele>246.1</ele>
      </trkpt>
      <trkpt lat="44.98499" lon="-93.26535">
        <ele>247.8</ele>
      </trkpt>
      <trkpt lat="44.98484" lon="-93.26528">
        <ele>248.2</ele>
      </trkpt>
      <trkpt lat="44.98463" lon="-93.26507">
        <ele>248.3</ele>
      </trkpt>
      <trkpt lat="44.98457" lon="-93.26497">
        <ele>248.2</ele>
      </trkpt>
      <trkpt lat="44.98443" lon="-93.26442">
        <ele>246.2</ele>
      </trkpt>
      <trkpt lat="44.98437" lon="-93.26425">
        <ele>244.4</ele>
      </trkpt>
      <trkpt lat="44.98422" lon="-93.264">
        <ele>243.8</ele>
      </trkpt>
      <trkpt lat="44.9838" lon="-93.26345">
        <ele>243.6</ele>
      </trkpt>
      <trkpt lat="44.98338" lon="-93.2629">
        <ele>243.7</ele>
      </trkpt>
      <trkpt lat="44.98292" lon="-93.26231">
        <ele>243.6</ele>
      </trkpt>
      <trkpt lat="44.98283" lon="-93.26218">
        <ele>243.3</ele>
      </trkpt>
      <trkpt lat="44.98263" lon="-93.26199">
        <ele>243.7</ele>
      </trkpt>
      <trkpt lat="44.98219" lon="-93.26159">
        <ele>244.8</ele>
      </trkpt>
      <trkpt lat="44.98203" lon="-93.26138">
        <ele>244.8</ele>
      </trkpt>
      <trkpt lat="44.9818" lon="-93.26081">
        <ele>244.2</ele>
      </trkpt>
      <trkpt lat="44.98156" lon="-93.26024">
        <ele>243.8</ele>
      </trkpt>
      <trkpt lat="44.98144" lon="-93.26002">
        <ele>243.8</ele>
      </trkpt>
      <trkpt lat="44.98132" lon="-93.25987">
        <ele>244.2</ele>
      </trkpt>
      <trkpt lat="44.98091" lon="-93.25957">
        <ele>246.3</ele>
      </trkpt>
      <trkpt lat="44.98079" lon="-93.2594">
        <ele>245.6</ele>
      </trkpt>
      <trkpt lat="44.98065" lon="-93.25914">
        <ele>243.6</ele>
      </trkpt>
      <trkpt lat="44.98058" lon="-93.25896">
        <ele>242.2</ele>
      </trkpt>
      <trkpt lat="44.98052" lon="-93.25887">
        <ele>241.8</ele>
      </trkpt>
      <trkpt lat="44.98035" lon="-93.25865">
        <ele>243.3</ele>
      </trkpt>
      <trkpt lat="44.98023" lon="-93.25852">
        <ele>244.2</ele>
      </trkpt>
      <trkpt lat="44.98019" lon="-93.25849">
        <ele>244.5</ele>
      </trkpt>
      <trkpt lat="44.98005" lon="-93.25838">
        <ele>245.0</ele>
      </trkpt>
      <trkpt lat="44.98" lon="-93.25842">
        <ele>245.4</ele>
      </trkpt>
      <trkpt lat="44.97966" lon="-93.25764">
        <ele>244.8</ele>
      </trkpt>
      <trkpt lat="44.97933" lon="-93.25685">
        <ele>244.6</ele>
      </trkpt>
      <trkpt lat="44.97938" lon="-93.25681">
        <ele>243.4</ele>
      </trkpt>
      <trkpt lat="44.97917" lon="-93.25632">
        <ele>242.7</ele>
      </trkpt>
      <trkpt lat="44.97897" lon="-93.25585">
        <ele>245.0</ele>
      </trkpt>
      <trkpt lat="44.97882" lon="-93.25564">
        <ele>247.3</ele>
      </trkpt>
      <trkpt lat="44.97874" lon="-93.25545">
        <ele>248.1</ele>
      </trkpt>
      <trkpt lat="44.97869" lon="-93.2553">
        <ele>248.7</ele>
      </trkpt>
      <trkpt lat="44.97865" lon="-93.25507">
        <ele>249.1</ele>
      </trkpt>
      <trkpt lat="44.97864" lon="-93.25497">
        <ele>249.1</ele>
      </trkpt>
      <trkpt lat="44.97863" lon="-93.25484">
        <ele>248.9</ele>
      </trkpt>
      <trkpt lat="44.97857" lon="-93.25441">
        <ele>248.5</ele>
      </trkpt>
      <trkpt lat="44.9785" lon="-93.25398">
        <ele>247.9</ele>
      </trkpt>
      <trkpt lat="44.97848" lon="-93.2536">
        <ele>247.1</ele>
      </trkpt>
      <trkpt lat="44.97842" lon="-93.25304">
        <ele>246.7</ele>
      </trkpt>
      <trkpt lat="44.9784" lon="-93.25287">
        <ele>244.4</ele>
      </trkpt>
      <trkpt lat="44.97834" lon="-93.25259">
        <ele>245.8</ele>
      </trkpt>
      <trkpt lat="44.97829" lon="-93.25241">
        <ele>246.1</ele>
      </trkpt>
      <trkpt lat="44.97813" lon="-93.25194">
        <ele>250.4</ele>
      </trkpt>
      <trkpt lat="44.97809" lon="-93.25185">
        <ele>250.3</ele>
      </trkpt>
      <trkpt lat="44.97779" lon="-93.25134">
        <ele>250.6</ele>
      </trkpt>
      <trkpt lat="44.97774" lon="-93.25124">
        <ele>250.6</ele>
      </trkpt>
      <trkpt lat="44.97767" lon="-93.25104">
        <ele>250.5</ele>
      </trkpt>
      <trkpt lat="44.97762" lon="-93.25081">
        <ele>250.1</ele>
      </trkpt>
      <trkpt lat="44.97756" lon="-93.24995">
        <ele>248.4</ele>
      </trkpt>
      <trkpt lat="44.97757" lon="-93.24972">
        <ele>248.4</ele>
      </trkpt>
      <trkpt lat="44.97765" lon="-93.24912">
        <ele>248.3</ele>
      </trkpt>
      <trkpt lat="44.97765" lon="-93.24894">
        <ele>248.3</ele>
      </trkpt>
      <trkpt lat="44.97757" lon="-93.24781">
        <ele>248.1</ele>
      </trkpt>
      <trkpt lat="44.97757" lon="-93.24756">
        <ele>247.9</ele>
      </trkpt>
      <trkpt lat="44.9776" lon="-93.24733">
        <ele>247.7</ele>
      </trkpt>
      <trkpt lat="44.97765" lon="-93.24717">
        <ele>247.5</ele>
      </trkpt>
      <trkpt lat="44.97774" lon="-93.24695">
        <ele>247.1</ele>
      </trkpt>
      <trkpt lat="44.9778" lon="-93.24674">
        <ele>246.6</ele>
      </trkpt>
      <trkpt lat="44.97782" lon="-93.24659">
        <ele>246.3</ele>
      </trkpt>
      <trkpt lat="44.97783" lon="-93.24643">
        <ele>245.8</ele>
      </trkpt>
      <trkpt lat="44.97783" lon="-93.24629">
        <ele>245.1</ele>
      </trkpt>
      <trkpt lat="44.97779" lon="-93.24603">
        <ele>241.1</ele>
      </trkpt>
      <trkpt lat="44.97761" lon="-93.24516">
        <ele>234.6</ele>
      </trkpt>
      <trkpt lat="44.9776" lon="-93.24506">
        <ele>235.5</ele>
      </trkpt>
      <trkpt lat="44.97759" lon="-93.2449">
        <ele>236.9</ele>
      </trkpt>
      <trkpt lat="44.97767" lon="-93.24439">
        <ele>233.3</ele>
      </trkpt>
      <trkpt lat="44.97767" lon="-93.24432">
        <ele>232.8</ele>
      </trkpt>
      <trkpt lat="44.97765" lon="-93.24418">
        <ele>232.5</ele>
      </trkpt>
      <trkpt lat="44.97754" lon="-93.24392">
        <ele>232.0</ele>
      </trkpt>
      <trkpt lat="44.97753" lon="-93.24384">
        <ele>230.6</ele>
      </trkpt>
      <trkpt lat="44.97755" lon="-93.2435">
        <ele>227.5</ele>
      </trkpt>
      <trkpt lat="44.9775" lon="-93.24291">
        <ele>227.0</ele>
      </trkpt>
      <trkpt lat="44.97749" lon="-93.24283">
        <ele>227.0</ele>
      </trkpt>
      <trkpt lat="44.97742" lon="-93.24266">
        <ele>227.1</ele>
      </trkpt>
      <trkpt lat="44.97724" lon="-93.24233">
        <ele>227.2</ele>
      </trkpt>
      <trkpt lat="44.97716" lon="-93.2422">
        <ele>227.2</ele>
      </trkpt>
      <trkpt lat="44.97709" lon="-93.24211">
        <ele>227.2</ele>
      </trkpt>
      <trkpt lat="44.97691" lon="-93.24194">
        <ele>226.2</ele>
      </trkpt>
      <trkpt lat="44.9768" lon="-93.24185">
        <ele>223.9</ele>
      </trkpt>
      <trkpt lat="44.97664" lon="-93.24177">
        <ele>223.6</ele>
      </trkpt>
      <trkpt lat="44.9765" lon="-93.24171">
        <ele>224.1</ele>
      </trkpt>
      <trkpt lat="44.97632" lon="-93.24167">
        <ele>224.5</ele>
      </trkpt>
      <trkpt lat="44.97617" lon="-93.24164">
        <ele>224.5</ele>
      </trkpt>
      <trkpt lat="44.97594" lon="-93.24164">
        <ele>224.4</ele>
      </trkpt>
      <trkpt lat="44.97575" lon="-93.24167">
        <ele>224.4</ele>
      </trkpt>
      <trkpt lat="44.97538" lon="-93.24182">
        <ele>224.5</ele>
      </trkpt>
      <trkpt lat="44.97524" lon="-93.24186">
        <ele>224.7</ele>
      </trkpt>
      <trkpt lat="44.97513" lon="-93.24187">
        <ele>224.9</ele>
      </trkpt>
      <trkpt lat="44.975" lon="-93.24186">
        <ele>225.1</ele>
      </trkpt>
      <trkpt lat="44.97487" lon="-93.24183">
        <ele>225.3</ele>
      </trkpt>
      <trkpt lat="44.97476" lon="-93.24178">
        <ele>225.3</ele>
      </trkpt>
      <trkpt lat="44.97466" lon="-93.24172">
        <ele>225.4</ele>
      </trkpt>
      <trkpt lat="44.97451" lon="-93.2416">
        <ele>225.2</ele>
      </trkpt>
      <trkpt lat="44.97432" lon="-93.24149">
        <ele>225.3</ele>
      </trkpt>
      <trkpt lat="44.97416" lon="-93.24141">
        <ele>225.3</ele>
      </trkpt>
      <trkpt lat="44.97395" lon="-93.24135">
        <ele>226.2</ele>
      </trkpt>
      <trkpt lat="44.97384" lon="-93.24134">
        <ele>227.7</ele>
      </trkpt>
      <trkpt lat="44.9736" lon="-93.24133">
        <ele>231.3</ele>
      </trkpt>
      <trkpt lat="44.97324" lon="-93.24136">
        <ele>232.0</ele>
      </trkpt>
      <trkpt lat="44.97298" lon="-93.24135">
        <ele>231.2</ele>
      </trkpt>
      <trkpt lat="44.97268" lon="-93.24132">
        <ele>230.8</ele>
      </trkpt>
      <trkpt lat="44.97246" lon="-93.24127">
        <ele>230.9</ele>
      </trkpt>
      <trkpt lat="44.97234" lon="-93.2412">
        <ele>230.9</ele>
      </trkpt>
      <trkpt lat="44.97209" lon="-93.24111">
        <ele>230.7</ele>
      </trkpt>
      <trkpt lat="44.97193" lon="-93.24109">
        <ele>230.5</ele>
      </trkpt>
      <trkpt lat="44.97182" lon="-93.24105">
        <ele>230.5</ele>
      </trkpt>
      <trkpt lat="44.97169" lon="-93.24098">
        <ele>230.5</ele>
      </trkpt>
      <trkpt lat="44.97161" lon="-93.2409">
        <ele>230.2</ele>
      </trkpt>
      <trkpt lat="44.97154" lon="-93.24084">
        <ele>229.8</ele>
      </trkpt>
      <trkpt lat="44.97145" lon="-93.24079">
        <ele>229.7</ele>
      </trkpt>
      <trkpt lat="44.97127" lon="-93.24073">
        <ele>230.1</ele>
      </trkpt>
      <trkpt lat="44.97119" lon="-93.24068">
        <ele>230.6</ele>
      </trkpt>
      <trkpt lat="44.97087" lon="-93.24034">
        <ele>229.5</ele>
      </trkpt>
      <trkpt lat="44.97069" lon="-93.24022">
        <ele>229.7</ele>
      </trkpt>
      <trkpt lat="44.97024" lon="-93.23977">
        <ele>229.6</ele>
      </trkpt>
      <trkpt lat="44.96994" lon="-93.23934">
        <ele>233.1</ele>
      </trkpt>
      <trkpt lat="44.96967" lon="-93.2389">
        <ele>228.2</ele>
      </trkpt>
      <trkpt lat="44.96945" lon="-93.23845">
        <ele>225.4</ele>
      </trkpt>
      <trkpt lat="44.9693" lon="-93.23809">
        <ele>224.6</ele>
      </trkpt>
      <trkpt lat="44.96912" lon="-93.23774">
        <ele>225.8</ele>
      </trkpt>
      <trkpt lat="44.96893" lon="-93.2373">
        <ele>226.0</ele>
      </trkpt>
      <trkpt lat="44.96882" lon="-93.23695">
        <ele>226.2</ele>
      </trkpt>
      <trkpt lat="44.96876" lon="-93.2367">
        <ele>226.0</ele>
      </trkpt>
      <trkpt lat="44.96872" lon="-93.23645">
        <ele>224.7</ele>
      </trkpt>
      <trkpt lat="44.96866" lon="-93.23596">
        <ele>224.1</ele>
      </trkpt>
      <trkpt lat="44.96858" lon="-93.23546">
        <ele>223.6</ele>
      </trkpt>
      <trkpt lat="44.96843" lon="-93.23463">
        <ele>223.4</ele>
      </trkpt>
      <trkpt lat="44.96826" lon="-93.23378">
        <ele>225.1</ele>
      </trkpt>
      <trkpt lat="44.9681" lon="-93.2331">
        <ele>225.4</ele>
      </trkpt>
      <trkpt lat="44.96794" lon="-93.23242">
        <ele>225.8</ele>
      </trkpt>
      <trkpt lat="44.96776" lon="-93.23169">
        <ele>226.2</ele>
      </trkpt>
      <trkpt lat="44.96759" lon="-93.23095">
        <ele>226.2</ele>
      </trkpt>
      <trkpt lat="44.96752" lon="-93.23071">
        <ele>225.9</ele>
      </trkpt>
      <trkpt lat="44.96747" lon="-93.23047">
        <ele>225.9</ele>
      </trkpt>
      <trkpt lat="44.96728" lon="-93.22975">
        <ele>223.1</ele>
      </trkpt>
      <trkpt lat="44.96706" lon="-93.22901">
        <ele>223.0</ele>
      </trkpt>
      <trkpt lat="44.96678" lon="-93.22841">
        <ele>223.2</ele>
      </trkpt>
      <trkpt lat="44.96638" lon="-93.2278">
        <ele>223.1</ele>
      </trkpt>
      <trkpt lat="44.96612" lon="-93.22748">
        <ele>223.2</ele>
      </trkpt>
      <trkpt lat="44.96563" lon="-93.22694">
        <ele>223.5</ele>
      </trkpt>
      <trkpt lat="44.96493" lon="-93.22629">
        <ele>226.8</ele>
      </trkpt>
      <trkpt lat="44.96423" lon="-93.22563">
        <ele>227.0</ele>
      </trkpt>
      <trkpt lat="44.96359" lon="-93.22504">
        <ele>230.1</ele>
      </trkpt>
      <trkpt lat="44.96294" lon="-93.22446">
        <ele>233.9</ele>
      </trkpt>
      <trkpt lat="44.96253" lon="-93.22401">
        <ele>233.8</ele>
      </trkpt>
      <trkpt lat="44.96211" lon="-93.22355">
        <ele>239.9</ele>
      </trkpt>
      <trkpt lat="44.96152" lon="-93.22278">
        <ele>247.9</ele>
      </trkpt>
      <trkpt lat="44.96092" lon="-93.22202">
        <ele>249.6</ele>
      </trkpt>
      <trkpt lat="44.96056" lon="-93.22158">
        <ele>250.4</ele>
      </trkpt>
      <trkpt lat="44.96017" lon="-93.22118">
        <ele>250.6</ele>
      </trkpt>
      <trkpt lat="44.95977" lon="-93.22079">
        <ele>250.4</ele>
      </trkpt>
      <trkpt lat="44.95963" lon="-93.22064">
        <ele>250.4</ele>
      </trkpt>
      <trkpt lat="44.95952" lon="-93.22055">
        <ele>250.4</ele>
      </trkpt>
      <trkpt lat="44.95938" lon="-93.22039">
        <ele>250.4</ele>
      </trkpt>
      <trkpt lat="44.95889" lon="-93.2197">
        <ele>250.5</ele>
      </trkpt>
      <trkpt lat="44.95876" lon="-93.21954">
        <ele>250.4</ele>
      </trkpt>
      <trkpt lat="44.9584" lon="-93.21901">
        <ele>247.7</ele>
      </trkpt>
      <trkpt lat="44.95816" lon="-93.21871">
        <ele>246.9</ele>
      </trkpt>
      <trkpt lat="44.95769" lon="-93.2182">
        <ele>247.7</ele>
      </trkpt>
      <trkpt lat="44.9576" lon="-93.21809">
        <ele>247.1</ele>
      </trkpt>
      <trkpt lat="44.95741" lon="-93.21781">
        <ele>246.2</ele>
      </trkpt>
      <trkpt lat="44.95712" lon="-93.21729">
        <ele>249.1</ele>
      </trkpt>
      <trkpt lat="44.95683" lon="-93.21677">
        <ele>249.4</ele>
      </trkpt>
      <trkpt lat="44.9566" lon="-93.2164">
        <ele>249.7</ele>
      </trkpt>
      <trkpt lat="44.9564" lon="-93.21602">
        <ele>249.9</ele>
      </trkpt>
      <trkpt lat="44.95612" lon="-93.21544">
        <ele>249.9</ele>
      </trkpt>
      <trkpt lat="44.95584" lon="-93.21486">
        <ele>249.6</ele>
      </trkpt>
      <trkpt lat="44.95581" lon="-93.21483">
        <ele>249.8</ele>
      </trkpt>
      <trkpt lat="44.95556" lon="-93.21432">
        <ele>251.6</ele>
      </trkpt>
      <trkpt lat="44.95541" lon="-93.21404">
        <ele>249.8</ele>
      </trkpt>
      <trkpt lat="44.95529" lon="-93.21384">
        <ele>247.2</ele>
      </trkpt>
      <trkpt lat="44.95465" lon="-93.21332">
        <ele>249.6</ele>
      </trkpt>
      <trkpt lat="44.95423" lon="-93.213">
        <ele>250.0</ele>
      </trkpt>
      <trkpt lat="44.95398" lon="-93.21274">
        <ele>250.2</ele>
      </trkpt>
      <trkpt lat="44.95375" lon="-93.21248">
        <ele>250.0</ele>
      </trkpt>
      <trkpt lat="44.9534" lon="-93.21198">
        <ele>249.8</ele>
      </trkpt>
      <trkpt lat="44.95296" lon="-93.21133">
        <ele>249.8</ele>
      </trkpt>
      <trkpt lat="44.95252" lon="-93.21068">
        <ele>249.3</ele>
      </trkpt>
      <trkpt lat="44.95208" lon="-93.20995">
        <ele>249.2</ele>
      </trkpt>
      <trkpt lat="44.95178" lon="-93.20941">
        <ele>249.2</ele>
      </trkpt>
      <trkpt lat="44.95138" lon="-93.20864">
        <ele>248.6</ele>
      </trkpt>
      <trkpt lat="44.95123" lon="-93.2083">
        <ele>247.9</ele>
      </trkpt>
      <trkpt lat="44.95114" lon="-93.20799">
        <ele>247.6</ele>
      </trkpt>
      <trkpt lat="44.95104" lon="-93.20779">
        <ele>247.5</ele>
      </trkpt>
      <trkpt lat="44.95096" lon="-93.20789">
        <ele>247.9</ele>
      </trkpt>
      <trkpt lat="44.95065" lon="-93.20723">
        <ele>247.8</ele>
      </trkpt>
      <trkpt lat="44.95034" lon="-93.20657">
        <ele>247.4</ele>
      </trkpt>
      <trkpt lat="44.95022" lon="-93.20636">
        <ele>247.3</ele>
      </trkpt>
      <trkpt lat="44.95004" lon="-93.20612">
        <ele>247.2</ele>
      </trkpt>
      <trkpt lat="44.94999" lon="-93.20614">
        <ele>247.3</ele>
      </trkpt>
      <trkpt lat="44.94995" lon="-93.20613">
        <ele>247.3</ele>
      </trkpt>
      <trkpt lat="44.9498" lon="-93.206">
        <ele>247.2</ele>
      </trkpt>
      <trkpt lat="44.94967" lon="-93.20591">
        <ele>247.3</ele>
      </trkpt>
      <trkpt lat="44.94953" lon="-93.20583">
        <ele>247.2</ele>
      </trkpt>
      <trkpt lat="44.94951" lon="-93.2058">
        <ele>247.2</ele>
      </trkpt>
      <trkpt lat="44.94939" lon="-93.20575">
        <ele>247.2</ele>
      </trkpt>
      <trkpt lat="44.94907" lon="-93.20569">
        <ele>247.2</ele>
      </trkpt>
      <trkpt lat="44.94885" lon="-93.20566">
        <ele>247.3</ele>
      </trkpt>
      <trkpt lat="44.94851" lon="-93.20561">
        <ele>247.8</ele>
      </trkpt>
      <trkpt lat="44.94838" lon="-93.20554">
        <ele>247.9</ele>
      </trkpt>
      <trkpt lat="44.94838" lon="-93.20538">
        <ele>248.0</ele>
      </trkpt>
      <trkpt lat="44.94838" lon="-93.20422">
        <ele>248.7</ele>
      </trkpt>
      <trkpt lat="44.94839" lon="-93.20307">
        <ele>249.4</ele>
      </trkpt>
      <trkpt lat="44.94839" lon="-93.20191">
        <ele>250.2</ele>
      </trkpt>
      <trkpt lat="44.9484" lon="-93.20075">
        <ele>250.9</ele>
      </trkpt>
      <trkpt lat="44.9484" lon="-93.1996">
        <ele>251.6</ele>
      </trkpt>
      <trkpt lat="44.94836" lon="-93.19949">
        <ele>251.7</ele>
      </trkpt>
      <trkpt lat="44.94833" lon="-93.19944">
        <ele>251.8</ele>
      </trkpt>
      <trkpt lat="44.94824" lon="-93.19936">
        <ele>251.9</ele>
      </trkpt>
      <trkpt lat="44.94813" lon="-93.19935">
        <ele>252.1</ele>
      </trkpt>
      <trkpt lat="44.94765" lon="-93.19925">
        <ele>252.1</ele>
      </trkpt>
      <trkpt lat="44.94717" lon="-93.19915">
        <ele>251.6</ele>
      </trkpt>
      <trkpt lat="44.94638" lon="-93.19893">
        <ele>251.3</ele>
      </trkpt>
      <trkpt lat="44.94631" lon="-93.19892">
        <ele>251.2</ele>
      </trkpt>
      <trkpt lat="44.94627" lon="-93.19894">
        <ele>251.1</ele>
      </trkpt>
      <trkpt lat="44.94624" lon="-93.19897">
        <ele>251.0</ele>
      </trkpt>
      <trkpt lat="44.94618" lon="-93.19909">
        <ele>250.5</ele>
      </trkpt>
      <trkpt lat="44.94609" lon="-93.19904">
        <ele>250.6</ele>
      </trkpt>
      <trkpt lat="44.94564" lon="-93.19873">
        <ele>251.1</ele>
      </trkpt>
      <trkpt lat="44.94515" lon="-93.19853">
        <ele>250.7</ele>
      </trkpt>
      <trkpt lat="44.94486" lon="-93.19844">
        <ele>251.6</ele>
      </trkpt>
      <trkpt lat="44.94476" lon="-93.19843">
        <ele>251.8</ele>
      </trkpt>
      <trkpt lat="44.94437" lon="-93.19847">
        <ele>251.7</ele>
      </trkpt>
      <trkpt lat="44.94378" lon="-93.19854">
        <ele>251.2</ele>
      </trkpt>
      <trkpt lat="44.94369" lon="-93.19859">
        <ele>251.0</ele>
      </trkpt>
      <trkpt lat="44.94343" lon="-93.19869">
        <ele>250.6</ele>
      </trkpt>
      <trkpt lat="44.94321" lon="-93.19874">
        <ele>250.4</ele>
      </trkpt>
      <trkpt lat="44.94311" lon="-93.19874">
        <ele>250.3</ele>
      </trkpt>
      <trkpt lat="44.94304" lon="-93.19871">
        <ele>250.4</ele>
      </trkpt>
      <trkpt lat="44.94297" lon="-93.19864">
        <ele>250.4</ele>
      </trkpt>
      <trkpt lat="44.9429" lon="-93.1985">
        <ele>250.6</ele>
      </trkpt>
      <trkpt lat="44.94286" lon="-93.19825">
        <ele>251.1</ele>
      </trkpt>
      <trkpt lat="44.94284" lon="-93.19799">
        <ele>252.3</ele>
      </trkpt>
      <trkpt lat="44.94287" lon="-93.19777">
        <ele>253.7</ele>
      </trkpt>
      <trkpt lat="44.94296" lon="-93.19678">
        <ele>257.2</ele>
      </trkpt>
      <trkpt lat="44.94305" lon="-93.19578">
        <ele>260.8</ele>
      </trkpt>
      <trkpt lat="44.94317" lon="-93.19468">
        <ele>260.9</ele>
      </trkpt>
      <trkpt lat="44.94329" lon="-93.19358">
        <ele>263.4</ele>
      </trkpt>
      <trkpt lat="44.9433" lon="-93.19343">
        <ele>263.9</ele>
      </trkpt>
      <trkpt lat="44.94327" lon="-93.19326">
        <ele>264.3</ele>
      </trkpt>
      <trkpt lat="44.94314" lon="-93.19275">
        <ele>265.2</ele>
      </trkpt>
      <trkpt lat="44.94308" lon="-93.19244">
        <ele>265.4</ele>
      </trkpt>
      <trkpt lat="44.94243" lon="-93.19245">
        <ele>265.2</ele>
      </trkpt>
      <trkpt lat="44.94177" lon="-93.19245">
        <ele>264.9</ele>
      </trkpt>
      <trkpt lat="44.94135" lon="-93.19246">
        <ele>264.8</ele>
      </trkpt>
      <trkpt lat="44.94134" lon="-93.1912">
        <ele>265.5</ele>
      </trkpt>
      <trkpt lat="44.94133" lon="-93.18993">
        <ele>267.0</ele>
      </trkpt>
      <trkpt lat="44.94134" lon="-93.18866">
        <ele>267.9</ele>
      </trkpt>
      <trkpt lat="44.94135" lon="-93.18739">
        <ele>269.8</ele>
      </trkpt>
      <trkpt lat="44.94136" lon="-93.18632">
        <ele>270.8</ele>
      </trkpt>
      <trkpt lat="44.94136" lon="-93.18525">
        <ele>271.6</ele>
      </trkpt>
      <trkpt lat="44.94137" lon="-93.18418">
        <ele>273.3</ele>
      </trkpt>
      <trkpt lat="44.94136" lon="-93.18326">
        <ele>273.9</ele>
      </trkpt>
      <trkpt lat="44.94135" lon="-93.18233">
        <ele>273.6</ele>
      </trkpt>
      <trkpt lat="44.94135" lon="-93.18109">
        <ele>274.1</ele>
      </trkpt>
      <trkpt lat="44.94136" lon="-93.17984">
        <ele>275.0</ele>
      </trkpt>
      <trkpt lat="44.94136" lon="-93.1786">
        <ele>275.9</ele>
      </trkpt>
      <trkpt lat="44.94135" lon="-93.1779">
        <ele>276.3</ele>
      </trkpt>
      <trkpt lat="44.94134" lon="-93.17721">
        <ele>276.8</ele>
      </trkpt>
      <trkpt lat="44.94135" lon="-93.17596">
        <ele>277.2</ele>
      </trkpt>
      <trkpt lat="44.94135" lon="-93.17471">
        <ele>278.7</ele>
      </trkpt>
      <trkpt lat="44.94138" lon="-93.17439">
        <ele>279.3</ele>
      </trkpt>
      <trkpt lat="44.94141" lon="-93.17426">
        <ele>279.4</ele>
      </trkpt>
      <trkpt lat="44.9415" lon="-93.17392">
        <ele>279.8</ele>
      </trkpt>
      <trkpt lat="44.9415" lon="-93.17289">
        <ele>280.6</ele>
      </trkpt>
      <trkpt lat="44.9415" lon="-93.17186">
        <ele>282.3</ele>
      </trkpt>
      <trkpt lat="44.9415" lon="-93.17084">
        <ele>282.5</ele>
      </trkpt>
      <trkpt lat="44.94149" lon="-93.1702">
        <ele>282.7</ele>
      </trkpt>
      <trkpt lat="44.94149" lon="-93.16956">
        <ele>282.9</ele>
      </trkpt>
      <trkpt lat="44.94149" lon="-93.16912">
        <ele>283.1</ele>
      </trkpt>
      <trkpt lat="44.94149" lon="-93.16811">
        <ele>285.0</ele>
      </trkpt>
      <trkpt lat="44.94149" lon="-93.1671">
        <ele>287.5</ele>
      </trkpt>
      <trkpt lat="44.94148" lon="-93.16609">
        <ele>289.0</ele>
      </trkpt>
      <trkpt lat="44.94143" lon="-93.16579">
        <ele>289.1</ele>
      </trkpt>
      <trkpt lat="44.94141" lon="-93.16573">
        <ele>289.1</ele>
      </trkpt>
      <trkpt lat="44.9414" lon="-93.16571">
        <ele>289.1</ele>
      </trkpt>
      <trkpt lat="44.94134" lon="-93.1654">
        <ele>289.4</ele>
      </trkpt>
      <trkpt lat="44.94133" lon="-93.16529">
        <ele>289.5</ele>
      </trkpt>
      <trkpt lat="44.94132" lon="-93.16416">
        <ele>289.3</ele>
      </trkpt>
      <trkpt lat="44.94132" lon="-93.16303">
        <ele>289.3</ele>
      </trkpt>
      <trkpt lat="44.94131" lon="-93.16191">
        <ele>289.2</ele>
      </trkpt>
      <trkpt lat="44.94131" lon="-93.16106">
        <ele>289.3</ele>
      </trkpt>
      <trkpt lat="44.94131" lon="-93.16021">
        <ele>289.1</ele>
      </trkpt>
      <trkpt lat="44.94131" lon="-93.15936">
        <ele>289.0</ele>
      </trkpt>
      <trkpt lat="44.94131" lon="-93.15835">
        <ele>289.1</ele>
      </trkpt>
      <trkpt lat="44.9413" lon="-93.15733">
        <ele>289.1</ele>
      </trkpt>
      <trkpt lat="44.9413" lon="-93.15631">
        <ele>289.2</ele>
      </trkpt>
      <trkpt lat="44.94129" lon="-93.15529">
        <ele>287.9</ele>
      </trkpt>
      <trkpt lat="44.94129" lon="-93.15428">
        <ele>285.7</ele>
      </trkpt>
      <trkpt lat="44.9404" lon="-93.15428">
        <ele>287.3</ele>
      </trkpt>
      <trkpt lat="44.93951" lon="-93.15428">
        <ele>284.8</ele>
      </trkpt>
      <trkpt lat="44.93861" lon="-93.15428">
        <ele>284.1</ele>
      </trkpt>
      <trkpt lat="44.93772" lon="-93.15428">
        <ele>284.7</ele>
      </trkpt>
      <trkpt lat="44.93683" lon="-93.15428">
        <ele>284.0</ele>
      </trkpt>
      <trkpt lat="44.93594" lon="-93.15428">
        <ele>284.0</ele>
      </trkpt>
      <trkpt lat="44.93505" lon="-93.15429">
        <ele>282.6</ele>
      </trkpt>
      <trkpt lat="44.93416" lon="-93.15429">
        <ele>280.9</ele>
      </trkpt>
      <trkpt lat="44.93326" lon="-93.15429">
        <ele>281.6</ele>
      </trkpt>
      <trkpt lat="44.93237" lon="-93.15429">
        <ele>281.7</ele>
      </trkpt>
      <trkpt lat="44.93148" lon="-93.15429">
        <ele>282.1</ele>
      </trkpt>
      <trkpt lat="44.93059" lon="-93.15429">
        <ele>283.7</ele>
      </trkpt>
      <trkpt lat="44.93059" lon="-93.15316">
        <ele>279.5</ele>
      </trkpt>
      <trkpt lat="44.93058" lon="-93.15202">
        <ele>277.0</ele>
      </trkpt>
      <trkpt lat="44.93058" lon="-93.15089">
        <ele>276.0</ele>
      </trkpt>
      <trkpt lat="44.93054" lon="-93.15071">
        <ele>276.0</ele>
      </trkpt>
      <trkpt lat="44.93052" lon="-93.1503">
        <ele>275.8</ele>
      </trkpt>
      <trkpt lat="44.9305" lon="-93.15005">
        <ele>275.8</ele>
      </trkpt>
      <trkpt lat="44.93049" lon="-93.14945">
        <ele>276.1</ele>
      </trkpt>
      <trkpt lat="44.9301" lon="-93.14945">
        <ele>276.5</ele>
      </trkpt>
      <trkpt lat="44.9301" lon="-93.14915">
        <ele>276.6</ele>
      </trkpt>
      <trkpt lat="44.9301" lon="-93.14945">
        <ele>276.5</ele>
      </trkpt>
      <trkpt lat="44.93049" lon="-93.14945">
        <ele>276.1</ele>
      </trkpt>
      <trkpt lat="44.93049" lon="-93.1485">
        <ele>277.7</ele>
      </trkpt>
      <trkpt lat="44.93049" lon="-93.14755">
        <ele>279.3</ele>
      </trkpt>
      <trkpt lat="44.93051" lon="-93.14675">
        <ele>278.4</ele>
      </trkpt>
      <trkpt lat="44.93057" lon="-93.14659">
        <ele>278.2</ele>
      </trkpt>
      <trkpt lat="44.93057" lon="-93.14563">
        <ele>273.4</ele>
      </trkpt>
      <trkpt lat="44.93058" lon="-93.14468">
        <ele>268.6</ele>
      </trkpt>
      <trkpt lat="44.93061" lon="-93.14357">
        <ele>263.1</ele>
      </trkpt>
      <trkpt lat="44.93061" lon="-93.14242">
        <ele>257.4</ele>
      </trkpt>
      <trkpt lat="44.93062" lon="-93.14127">
        <ele>252.5</ele>
      </trkpt>
      <trkpt lat="44.93062" lon="-93.14012">
        <ele>246.8</ele>
      </trkpt>
      <trkpt lat="44.93063" lon="-93.13897">
        <ele>246.4</ele>
      </trkpt>
      <trkpt lat="44.93063" lon="-93.13811">
        <ele>246.0</ele>
      </trkpt>
      <trkpt lat="44.93063" lon="-93.13726">
        <ele>245.6</ele>
      </trkpt>
      <trkpt lat="44.93062" lon="-93.13641">
        <ele>245.2</ele>
      </trkpt>
      <trkpt lat="44.93062" lon="-93.13537">
        <ele>244.3</ele>
      </trkpt>
      <trkpt lat="44.93061" lon="-93.13433">
        <ele>243.7</ele>
      </trkpt>
      <trkpt lat="44.93061" lon="-93.13316">
        <ele>243.6</ele>
      </trkpt>
      <trkpt lat="44.93061" lon="-93.13199">
        <ele>243.5</ele>
      </trkpt>
      <trkpt lat="44.93061" lon="-93.13083">
        <ele>243.5</ele>
      </trkpt>
      <trkpt lat="44.93061" lon="-93.12966">
        <ele>243.2</ele>
      </trkpt>
      <trkpt lat="44.93061" lon="-93.1285">
        <ele>241.5</ele>
      </trkpt>
      <trkpt lat="44.93061" lon="-93.12733">
        <ele>240.8</ele>
      </trkpt>
      <trkpt lat="44.93061" lon="-93.12616">
        <ele>240.8</ele>
      </trkpt>
      <trkpt lat="44.9306" lon="-93.125">
        <ele>240.8</ele>
      </trkpt>
      <trkpt lat="44.9306" lon="-93.12383">
        <ele>240.7</ele>
      </trkpt>
      <trkpt lat="44.9306" lon="-93.12267">
        <ele>239.9</ele>
      </trkpt>
      <trkpt lat="44.93061" lon="-93.12249">
        <ele>239.8</ele>
      </trkpt>
      <trkpt lat="44.9306" lon="-93.12228">
        <ele>239.5</ele>
      </trkpt>
      <trkpt lat="44.93061" lon="-93.12201">
        <ele>239.2</ele>
      </trkpt>
      <trkpt lat="44.93061" lon="-93.12092">
        <ele>238.1</ele>
      </trkpt>
      <trkpt lat="44.93061" lon="-93.12089">
        <ele>238.1</ele>
      </trkpt>
      <trkpt lat="44.93058" lon="-93.12088">
        <ele>238.0</ele>
      </trkpt>
      <trkpt lat="44.93056" lon="-93.12086">
        <ele>238.0</ele>
      </trkpt>
      <trkpt lat="44.93055" lon="-93.12083">
        <ele>238.0</ele>
      </trkpt>
      <trkpt lat="44.93054" lon="-93.1208">
        <ele>238.0</ele>
      </trkpt>
      <trkpt lat="44.92986" lon="-93.1208">
        <ele>237.2</ele>
      </trkpt>
      <trkpt lat="44.92918" lon="-93.12081">
        <ele>234.5</ele>
      </trkpt>
      <trkpt lat="44.92849" lon="-93.12081">
        <ele>233.4</ele>
      </trkpt>
      <trkpt lat="44.92781" lon="-93.12082">
        <ele>230.7</ele>
      </trkpt>
      <trkpt lat="44.92778" lon="-93.12085">
        <ele>230.7</ele>
      </trkpt>
      <trkpt lat="44.92774" lon="-93.1208">
        <ele>230.4</ele>
      </trkpt>
      <trkpt lat="44.92766" lon="-93.12068">
        <ele>229.8</ele>
      </trkpt>
      <trkpt lat="44.92751" lon="-93.12066">
        <ele>229.7</ele>
      </trkpt>
      <trkpt lat="44.92746" lon="-93.12064">
        <ele>229.6</ele>
      </trkpt>
      <trkpt lat="44.92743" lon="-93.1206">
        <ele>229.5</ele>
      </trkpt>
      <trkpt lat="44.9274" lon="-93.12053">
        <ele>229.4</ele>
      </trkpt>
      <trkpt lat="44.92739" lon="-93.1204">
        <ele>229.1</ele>
      </trkpt>
      <trkpt lat="44.92736" lon="-93.11993">
        <ele>229.1</ele>
      </trkpt>
      <trkpt lat="44.92734" lon="-93.11982">
        <ele>230.5</ele>
      </trkpt>
      <trkpt lat="44.92739" lon="-93.1197">
        <ele>229.2</ele>
      </trkpt>
      <trkpt lat="44.92758" lon="-93.11964">
        <ele>224.6</ele>
      </trkpt>
      <trkpt lat="44.92769" lon="-93.11956">
        <ele>222.6</ele>
      </trkpt>
      <trkpt lat="44.928" lon="-93.11928">
        <ele>225.0</ele>
      </trkpt>
      <trkpt lat="44.92825" lon="-93.11897">
        <ele>219.3</ele>
      </trkpt>
      <trkpt lat="44.92838" lon="-93.11879">
        <ele>217.7</ele>
      </trkpt>
      <trkpt lat="44.92883" lon="-93.11809">
        <ele>216.4</ele>
      </trkpt>
      <trkpt lat="44.92928" lon="-93.11739">
        <ele>216.6</ele>
      </trkpt>
      <trkpt lat="44.92965" lon="-93.11689">
        <ele>217.4</ele>
      </trkpt>
      <trkpt lat="44.93025" lon="-93.11616">
        <ele>219.6</ele>
      </trkpt>
      <trkpt lat="44.93085" lon="-93.11544">
        <ele>217.9</ele>
      </trkpt>
      <trkpt lat="44.93145" lon="-93.11471">
        <ele>217.6</ele>
      </trkpt>
      <trkpt lat="44.93205" lon="-93.11398">
        <ele>216.6</ele>
      </trkpt>
      <trkpt lat="44.93265" lon="-93.11326">
        <ele>215.2</ele>
      </trkpt>
      <trkpt lat="44.93325" lon="-93.11253">
        <ele>215.6</ele>
      </trkpt>
      <trkpt lat="44.9334" lon="-93.11234">
        <ele>215.4</ele>
      </trkpt>
      <trkpt lat="44.93354" lon="-93.11214">
        <ele>213.9</ele>
      </trkpt>
      <trkpt lat="44.93383" lon="-93.11167">
        <ele>213.3</ele>
      </trkpt>
      <trkpt lat="44.93431" lon="-93.1109">
        <ele>213.3</ele>
      </trkpt>
      <trkpt lat="44.93478" lon="-93.11013">
        <ele>216.3</ele>
      </trkpt>
      <trkpt lat="44.93526" lon="-93.10935">
        <ele>220.0</ele>
      </trkpt>
      <trkpt lat="44.93583" lon="-93.10838">
        <ele>221.2</ele>
      </trkpt>
      <trkpt lat="44.93625" lon="-93.10762">
        <ele>221.2</ele>
      </trkpt>
      <trkpt lat="44.93668" lon="-93.10687">
        <ele>219.7</ele>
      </trkpt>
      <trkpt lat="44.9371" lon="-93.10612">
        <ele>218.9</ele>
      </trkpt>
      <trkpt lat="44.93753" lon="-93.10536">
        <ele>218.7</ele>
      </trkpt>
      <trkpt lat="44.93788" lon="-93.10469">
        <ele>218.0</ele>
      </trkpt>
      <trkpt lat="44.93823" lon="-93.10402">
        <ele>216.9</ele>
      </trkpt>
      <trkpt lat="44.93869" lon="-93.10313">
        <ele>216.7</ele>
      </trkpt>
      <trkpt lat="44.93915" lon="-93.10223">
        <ele>214.3</ele>
      </trkpt>
      <trkpt lat="44.93948" lon="-93.1016">
        <ele>214.2</ele>
      </trkpt>
      <trkpt lat="44.93982" lon="-93.10097">
        <ele>215.3</ele>
      </trkpt>
      <trkpt lat="44.94018" lon="-93.10025">
        <ele>215.4</ele>
      </trkpt>
      <trkpt lat="44.94054" lon="-93.09953">
        <ele>215.1</ele>
      </trkpt>
      <trkpt lat="44.9409" lon="-93.09881">
        <ele>214.8</ele>
      </trkpt>
      <trkpt lat="44.94127" lon="-93.09804">
        <ele>214.5</ele>
      </trkpt>
      <trkpt lat="44.94156" lon="-93.09741">
        <ele>214.2</ele>
      </trkpt>
      <trkpt lat="44.94184" lon="-93.09677">
        <ele>214.1</ele>
      </trkpt>
      <trkpt lat="44.94208" lon="-93.0962">
        <ele>213.9</ele>
      </trkpt>
      <trkpt lat="44.94232" lon="-93.09563">
        <ele>214.1</ele>
      </trkpt>
      <trkpt lat="44.94242" lon="-93.09538">
        <ele>214.4</ele>
      </trkpt>
      <trkpt lat="44.94258" lon="-93.09491">
        <ele>214.0</ele>
      </trkpt>
      <trkpt lat="44.94264" lon="-93.0947">
        <ele>212.2</ele>
      </trkpt>
      <trkpt lat="44.94291" lon="-93.09362">
        <ele>212.6</ele>
      </trkpt>
      <trkpt lat="44.94318" lon="-93.09255">
        <ele>211.9</ele>
      </trkpt>
      <trkpt lat="44.94323" lon="-93.09239">
        <ele>212.2</ele>
      </trkpt>
      <trkpt lat="44.94333" lon="-93.09202">
        <ele>212.0</ele>
      </trkpt>
      <trkpt lat="44.94336" lon="-93.09183">
        <ele>211.4</ele>
      </trkpt>
      <trkpt lat="44.94366" lon="-93.09066">
        <ele>210.2</ele>
      </trkpt>
      <trkpt lat="44.94376" lon="-93.09028">
        <ele>210.1</ele>
      </trkpt>
      <trkpt lat="44.94393" lon="-93.08978">
        <ele>210.4</ele>
      </trkpt>
      <trkpt lat="44.94421" lon="-93.08905">
        <ele>211.2</ele>
      </trkpt>
      <trkpt lat="44.94449" lon="-93.08832">
        <ele>211.2</ele>
      </trkpt>
      <trkpt lat="44.94465" lon="-93.08804">
        <ele>212.4</ele>
      </trkpt>
      <trkpt lat="44.9449" lon="-93.08751">
        <ele>213.5</ele>
      </trkpt>
      <trkpt lat="44.9451" lon="-93.08702">
        <ele>213.3</ele>
      </trkpt>
      <trkpt lat="44.94526" lon="-93.08657">
        <ele>212.3</ele>
      </trkpt>
      <trkpt lat="44.94537" lon="-93.08637">
        <ele>212.6</ele>
      </trkpt>
      <trkpt lat="44.94556" lon="-93.08578">
        <ele>212.5</ele>
      </trkpt>
      <trkpt lat="44.94571" lon="-93.08525">
        <ele>211.9</ele>
      </trkpt>
      <trkpt lat="44.94585" lon="-93.08535">
        <ele>215.4</ele>
      </trkpt>
      <trkpt lat="44.94596" lon="-93.08546">
        <ele>215.5</ele>
      </trkpt>
      <trkpt lat="44.94604" lon="-93.08552">
        <ele>215.5</ele>
      </trkpt>
      <trkpt lat="44.94604" lon="-93.08554">
        <ele>215.6</ele>
      </trkpt>
      <trkpt lat="44.94606" lon="-93.08558">
        <ele>215.6</ele>
      </trkpt>
      <trkpt lat="44.94657" lon="-93.08606">
        <ele>216.1</ele>
      </trkpt>
      <trkpt lat="44.94663" lon="-93.08609">
        <ele>216.2</ele>
      </trkpt>
      <trkpt lat="44.94698" lon="-93.08641">
        <ele>216.6</ele>
      </trkpt>
      <trkpt lat="44.9471" lon="-93.08649">
        <ele>216.9</ele>
      </trkpt>
      <trkpt lat="44.94716" lon="-93.08654">
        <ele>217.6</ele>
      </trkpt>
      <trkpt lat="44.94759" lon="-93.08564">
        <ele>217.1</ele>
      </trkpt>
      <trkpt lat="44.94771" lon="-93.08534">
        <ele>216.9</ele>
      </trkpt>
      <trkpt lat="44.94817" lon="-93.08439">
        <ele>216.8</ele>
      </trkpt>
      <trkpt lat="44.94826" lon="-93.08434">
        <ele>217.0</ele>
      </trkpt>
      <trkpt lat="44.94861" lon="-93.08363">
        <ele>216.6</ele>
      </trkpt>
      <trkpt lat="44.94867" lon="-93.0837">
        <ele>216.8</ele>
      </trkpt>
      <trkpt lat="44.94931" lon="-93.08431">
        <ele>219.5</ele>
      </trkpt>
      <trkpt lat="44.94934" lon="-93.08421">
        <ele>219.4</ele>
      </trkpt>
      <trkpt lat="44.94981" lon="-93.08317">
        <ele>217.5</ele>
      </trkpt>
      <trkpt lat="44.94985" lon="-93.08304">
        <ele>217.4</ele>
      </trkpt>
      <trkpt lat="44.95013" lon="-93.08246">
        <ele>217.3</ele>
      </trkpt>
      <trkpt lat="44.95042" lon="-93.08188">
        <ele>217.3</ele>
      </trkpt>
      <trkpt lat="44.95047" lon="-93.08182">
        <ele>217.3</ele>
      </trkpt>
      <trkpt lat="44.95076" lon="-93.08127">
        <ele>217.2</ele>
      </trkpt>
      <trkpt lat="44.95087" lon="-93.08102">
        <ele>217.2</ele>
      </trkpt>
      <trkpt lat="44.95112" lon="-93.08049">
        <ele>217.1</ele>
      </trkpt>
      <trkpt lat="44.95129" lon="-93.08016">
        <ele>217.1</ele>
      </trkpt>
      <trkpt lat="44.95153" lon="-93.07976">
        <ele>217.2</ele>
      </trkpt>
      <trkpt lat="44.95158" lon="-93.07966">
        <ele>217.2</ele>
      </trkpt>
      <trkpt lat="44.95172" lon="-93.07982">
        <ele>217.4</ele>
      </trkpt>
      <trkpt lat="44.95207" lon="-93.08015">
        <ele>218.3</ele>
      </trkpt>
      <trkpt lat="44.95242" lon="-93.07944">
        <ele>218.0</ele>
      </trkpt>
      <trkpt lat="44.95271" lon="-93.0788">
        <ele>216.5</ele>
      </trkpt>
      <trkpt lat="44.95276" lon="-93.07868">
        <ele>216.8</ele>
      </trkpt>
      <trkpt lat="44.95279" lon="-93.07859">
        <ele>217.0</ele>
      </trkpt>
      <trkpt lat="44.95282" lon="-93.07845">
        <ele>217.2</ele>
      </trkpt>
      <trkpt lat="44.95297" lon="-93.07761">
        <ele>217.2</ele>
      </trkpt>
      <trkpt lat="44.95305" lon="-93.07713">
        <ele>217.2</ele>
      </trkpt>
      <trkpt lat="44.95306" lon="-93.07695">
        <ele>217.2</ele>
      </trkpt>
      <trkpt lat="44.95315" lon="-93.0763">
        <ele>217.2</ele>
      </trkpt>
      <trkpt lat="44.95325" lon="-93.07566">
        <ele>217.0</ele>
      </trkpt>
      <trkpt lat="44.95314" lon="-93.0754">
        <ele>218.1</ele>
      </trkpt>
      <trkpt lat="44.953" lon="-93.07538">
        <ele>218.2</ele>
      </trkpt>
      <trkpt lat="44.95292" lon="-93.07539">
        <ele>218.1</ele>
      </trkpt>
      <trkpt lat="44.95283" lon="-93.07545">
        <ele>217.9</ele>
      </trkpt>
      <trkpt lat="44.95278" lon="-93.07553">
        <ele>217.7</ele>
      </trkpt>
      <trkpt lat="44.95257" lon="-93.07595">
        <ele>216.8</ele>
      </trkpt>
      <trkpt lat="44.95253" lon="-93.07607">
        <ele>216.6</ele>
      </trkpt>
      <trkpt lat="44.95253" lon="-93.07621">
        <ele>216.4</ele>
      </trkpt>
      <trkpt lat="44.95254" lon="-93.07632">
        <ele>216.5</ele>
      </trkpt>
      <trkpt lat="44.95258" lon="-93.07644">
        <ele>216.5</ele>
      </trkpt>
      <trkpt lat="44.95264" lon="-93.07654">
        <ele>216.5</ele>
      </trkpt>
      <trkpt lat="44.95271" lon="-93.07661">
        <ele>216.5</ele>
      </trkpt>
      <trkpt lat="44.95288" lon="-93.07666">
        <ele>217.2</ele>
      </trkpt>
      <trkpt lat="44.953" lon="-93.07668">
        <ele>217.7</ele>
      </trkpt>
      <trkpt lat="44.95322" lon="-93.07672">
        <ele>218.6</ele>
      </trkpt>
      <trkpt lat="44.95334" lon="-93.07673">
        <ele>219.1</ele>
      </trkpt>
      <trkpt lat="44.95362" lon="-93.07671">
        <ele>220.3</ele>
      </trkpt>
      <trkpt lat="44.95371" lon="-93.07672">
        <ele>220.5</ele>
      </trkpt>
      <trkpt lat="44.95379" lon="-93.07676">
        <ele>220.7</ele>
      </trkpt>
      <trkpt lat="44.95387" lon="-93.07682">
        <ele>220.9</ele>
      </trkpt>
      <trkpt lat="44.95396" lon="-93.07698">
        <ele>221.1</ele>
      </trkpt>
      <trkpt lat="44.95413" lon="-93.07737">
        <ele>222.1</ele>
      </trkpt>
      <trkpt lat="44.95418" lon="-93.07746">
        <ele>222.4</ele>
      </trkpt>
      <trkpt lat="44.95424" lon="-93.07754">
        <ele>222.8</ele>
      </trkpt>
      <trkpt lat="44.95429" lon="-93.07758">
        <ele>223.0</ele>
      </trkpt>
      <trkpt lat="44.95441" lon="-93.07766">
        <ele>223.3</ele>
      </trkpt>
      <trkpt lat="44.95458" lon="-93.07774">
        <ele>224.5</ele>
      </trkpt>
      <trkpt lat="44.95476" lon="-93.0778">
        <ele>225.3</ele>
      </trkpt>
      <trkpt lat="44.95491" lon="-93.07789">
        <ele>225.8</ele>
      </trkpt>
      <trkpt lat="44.9551" lon="-93.07806">
        <ele>229.4</ele>
      </trkpt>
      <trkpt lat="44.95513" lon="-93.07808">
        <ele>229.5</ele>
      </trkpt>
      <trkpt lat="44.95517" lon="-93.07807">
        <ele>229.6</ele>
      </trkpt>
      <trkpt lat="44.95521" lon="-93.07803">
        <ele>229.7</ele>
      </trkpt>
      <trkpt lat="44.95552" lon="-93.07742">
        <ele>227.1</ele>
      </trkpt>
      <trkpt lat="44.95564" lon="-93.07727">
        <ele>224.8</ele>
      </trkpt>
      <trkpt lat="44.95572" lon="-93.07724">
        <ele>224.8</ele>
      </trkpt>
      <trkpt lat="44.95585" lon="-93.07721">
        <ele>224.6</ele>
      </trkpt>
      <trkpt lat="44.95624" lon="-93.07727">
        <ele>225.1</ele>
      </trkpt>
      <trkpt lat="44.95653" lon="-93.07731">
        <ele>225.5</ele>
      </trkpt>
      <trkpt lat="44.9574" lon="-93.07745">
        <ele>226.7</ele>
      </trkpt>
      <trkpt lat="44.95781" lon="-93.07745">
        <ele>227.0</ele>
      </trkpt>
      <trkpt lat="44.95843" lon="-93.0774">
        <ele>229.4</ele>
      </trkpt>
      <trkpt lat="44.95904" lon="-93.07735">
        <ele>229.9</ele>
      </trkpt>
      <trkpt lat="44.95932" lon="-93.07731">
        <ele>231.2</ele>
      </trkpt>
      <trkpt lat="44.95968" lon="-93.07723">
        <ele>231.9</ele>
      </trkpt>
      <trkpt lat="44.95999" lon="-93.07707">
        <ele>233.3</ele>
      </trkpt>
      <trkpt lat="44.96034" lon="-93.07681">
        <ele>235.4</ele>
      </trkpt>
      <trkpt lat="44.96064" lon="-93.07647">
        <ele>236.4</ele>
      </trkpt>
      <trkpt lat="44.9608" lon="-93.07625">
        <ele>238.3</ele>
      </trkpt>
      <trkpt lat="44.96093" lon="-93.07602">
        <ele>238.6</ele>
      </trkpt>
      <trkpt lat="44.9611" lon="-93.0755">
        <ele>238.0</ele>
      </trkpt>
      <trkpt lat="44.96118" lon="-93.07496">
        <ele>237.4</ele>
      </trkpt>
      <trkpt lat="44.96122" lon="-93.07461">
        <ele>236.8</ele>
      </trkpt>
      <trkpt lat="44.96125" lon="-93.07434">
        <ele>239.2</ele>
      </trkpt>
      <trkpt lat="44.9614" lon="-93.0739">
        <ele>238.9</ele>
      </trkpt>
      <trkpt lat="44.96158" lon="-93.07356">
        <ele>238.6</ele>
      </trkpt>
      <trkpt lat="44.96165" lon="-93.07348">
        <ele>238.5</ele>
      </trkpt>
      <trkpt lat="44.96198" lon="-93.0731">
        <ele>240.1</ele>
      </trkpt>
      <trkpt lat="44.96222" lon="-93.07287">
        <ele>240.1</ele>
      </trkpt>
      <trkpt lat="44.96255" lon="-93.07261">
        <ele>241.1</ele>
      </trkpt>
      <trkpt lat="44.96282" lon="-93.07247">
        <ele>244.2</ele>
      </trkpt>
      <trkpt lat="44.96291" lon="-93.07244">
        <ele>245.0</ele>
      </trkpt>
      <trkpt lat="44.96365" lon="-93.07239">
        <ele>246.2</ele>
      </trkpt>
      <trkpt lat="44.96435" lon="-93.07236">
        <ele>247.7</ele>
      </trkpt>
      <trkpt lat="44.96469" lon="-93.07241">
        <ele>246.4</ele>
      </trkpt>
      <trkpt lat="44.96522" lon="-93.07253">
        <ele>247.7</ele>
      </trkpt>
      <trkpt lat="44.96546" lon="-93.07255">
        <ele>248.0</ele>
      </trkpt>
      <trkpt lat="44.96567" lon="-93.07255">
        <ele>248.0</ele>
      </trkpt>
      <trkpt lat="44.96581" lon="-93.07251">
        <ele>248.1</ele>
      </trkpt>
      <trkpt lat="44.96611" lon="-93.07236">
        <ele>247.9</ele>
      </trkpt>
      <trkpt lat="44.96621" lon="-93.0723">
        <ele>247.7</ele>
      </trkpt>
      <trkpt lat="44.96645" lon="-93.07209">
        <ele>247.9</ele>
      </trkpt>
      <trkpt lat="44.96667" lon="-93.07181">
        <ele>247.5</ele>
      </trkpt>
      <trkpt lat="44.96686" lon="-93.07145">
        <ele>247.6</ele>
      </trkpt>
      <trkpt lat="44.9669" lon="-93.07134">
        <ele>247.8</ele>
      </trkpt>
      <trkpt lat="44.96699" lon="-93.07105">
        <ele>248.0</ele>
      </trkpt>
      <trkpt lat="44.96706" lon="-93.07066">
        <ele>249.0</ele>
      </trkpt>
      <trkpt lat="44.96707" lon="-93.07055">
        <ele>249.0</ele>
      </trkpt>
      <trkpt lat="44.96708" lon="-93.07033">
        <ele>248.8</ele>
      </trkpt>
      <trkpt lat="44.96707" lon="-93.07019">
        <ele>248.5</ele>
      </trkpt>
      <trkpt lat="44.96705" lon="-93.06996">
        <ele>248.1</ele>
      </trkpt>
      <trkpt lat="44.967" lon="-93.0697">
        <ele>248.1</ele>
      </trkpt>
      <trkpt lat="44.96696" lon="-93.06953">
        <ele>248.6</ele>
      </trkpt>
      <trkpt lat="44.96688" lon="-93.0693">
        <ele>248.9</ele>
      </trkpt>
      <trkpt lat="44.96656" lon="-93.06858">
        <ele>249.5</ele>
      </trkpt>
      <trkpt lat="44.96624" lon="-93.06786">
        <ele>251.1</ele>
      </trkpt>
      <trkpt lat="44.96616" lon="-93.06765">
        <ele>252.6</ele>
      </trkpt>
      <trkpt lat="44.96607" lon="-93.0674">
        <ele>252.5</ele>
      </trkpt>
      <trkpt lat="44.96599" lon="-93.06721">
        <ele>252.4</ele>
      </trkpt>
      <trkpt lat="44.96599" lon="-93.06652">
        <ele>252.8</ele>
      </trkpt>
      <trkpt lat="44.96598" lon="-93.06584">
        <ele>252.8</ele>
      </trkpt>
      <trkpt lat="44.96595" lon="-93.06518">
        <ele>252.6</ele>
      </trkpt>
      <trkpt lat="44.96592" lon="-93.06452">
        <ele>254.7</ele>
      </trkpt>
      <trkpt lat="44.96592" lon="-93.0636">
        <ele>255.3</ele>
      </trkpt>
      <trkpt lat="44.96596" lon="-93.06281">
        <ele>255.9</ele>
      </trkpt>
      <trkpt lat="44.96604" lon="-93.06199">
        <ele>256.3</ele>
      </trkpt>
      <trkpt lat="44.96615" lon="-93.06116">
        <ele>256.4</ele>
      </trkpt>
      <trkpt lat="44.96623" lon="-93.06062">
        <ele>257.3</ele>
      </trkpt>
      <trkpt lat="44.96634" lon="-93.05993">
        <ele>257.9</ele>
      </trkpt>
      <trkpt lat="44.96648" lon="-93.05919">
        <ele>258.0</ele>
      </trkpt>
      <trkpt lat="44.96656" lon="-93.05888">
        <ele>258.0</ele>
      </trkpt>
      <trkpt lat="44.96659" lon="-93.05864">
        <ele>258.1</ele>
      </trkpt>
      <trkpt lat="44.96659" lon="-93.05864">
        <ele>258.1</ele>
      </trkpt>
      <trkpt lat="44.96674" lon="-93.05779">
        <ele>258.3</ele>
      </trkpt>
      <trkpt lat="44.96697" lon="-93.05662">
        <ele>259.2</ele>
      </trkpt>
      <trkpt lat="44.9672" lon="-93.05544">
        <ele>259.3</ele>
      </trkpt>
      <trkpt lat="44.9673" lon="-93.0551">
        <ele>259.3</ele>
      </trkpt>
      <trkpt lat="44.96743" lon="-93.05475">
        <ele>259.4</ele>
      </trkpt>
      <trkpt lat="44.96752" lon="-93.05445">
        <ele>259.5</ele>
      </trkpt>
      <trkpt lat="44.96755" lon="-93.05431">
        <ele>259.7</ele>
      </trkpt>
      <trkpt lat="44.96757" lon="-93.05402">
        <ele>260.2</ele>
      </trkpt>
      <trkpt lat="44.9678" lon="-93.0531">
        <ele>262.0</ele>
      </trkpt>
      <trkpt lat="44.96808" lon="-93.05202">
        <ele>263.6</ele>
      </trkpt>
      <trkpt lat="44.96817" lon="-93.05177">
        <ele>263.9</ele>
      </trkpt>
      <trkpt lat="44.96831" lon="-93.05146">
        <ele>264.3</ele>
      </trkpt>
      <trkpt lat="44.96845" lon="-93.05117">
        <ele>264.6</ele>
      </trkpt>
      <trkpt lat="44.96899" lon="-93.05039">
        <ele>265.1</ele>
      </trkpt>
      <trkpt lat="44.96952" lon="-93.04962">
        <ele>266.7</ele>
      </trkpt>
      <trkpt lat="44.96978" lon="-93.04912">
        <ele>267.9</ele>
      </trkpt>
      <trkpt lat="44.96996" lon="-93.04888">
        <ele>267.5</ele>
      </trkpt>
      <trkpt lat="44.97015" lon="-93.04869">
        <ele>266.4</ele>
      </trkpt>
      <trkpt lat="44.97035" lon="-93.04842">
        <ele>265.4</ele>
      </trkpt>
      <trkpt lat="44.97075" lon="-93.04775">
        <ele>265.3</ele>
      </trkpt>
      <trkpt lat="44.97098" lon="-93.04746">
        <ele>265.3</ele>
      </trkpt>
      <trkpt lat="44.9712" lon="-93.04723">
        <ele>265.3</ele>
      </trkpt>
      <trkpt lat="44.97143" lon="-93.04707">
        <ele>265.3</ele>
      </trkpt>
      <trkpt lat="44.97202" lon="-93.04669">
        <ele>265.1</ele>
      </trkpt>
      <trkpt lat="44.97218" lon="-93.04654">
        <ele>265.2</ele>
      </trkpt>
      <trkpt lat="44.97254" lon="-93.04632">
        <ele>265.1</ele>
      </trkpt>
      <trkpt lat="44.97279" lon="-93.0462">
        <ele>265.1</ele>
      </trkpt>
      <trkpt lat="44.97297" lon="-93.04613">
        <ele>265.0</ele>
      </trkpt>
      <trkpt lat="44.97359" lon="-93.04597">
        <ele>265.1</ele>
      </trkpt>
      <trkpt lat="44.97392" lon="-93.04583">
        <ele>265.3</ele>
      </trkpt>
      <trkpt lat="44.97416" lon="-93.04567">
        <ele>265.3</ele>
      </trkpt>
      <trkpt lat="44.97434" lon="-93.0455">
        <ele>265.3</ele>
      </trkpt>
      <trkpt lat="44.97443" lon="-93.0454">
        <ele>265.2</ele>
      </trkpt>
      <trkpt lat="44.97455" lon="-93.04525">
        <ele>265.0</ele>
      </trkpt>
      <trkpt lat="44.97472" lon="-93.04499">
        <ele>264.5</ele>
      </trkpt>
      <trkpt lat="44.9751" lon="-93.04547">
        <ele>266.9</ele>
      </trkpt>
      <trkpt lat="44.97522" lon="-93.04562">
        <ele>268.1</ele>
      </trkpt>
      <trkpt lat="44.97573" lon="-93.04647">
        <ele>264.4</ele>
      </trkpt>
      <trkpt lat="44.97583" lon="-93.0466">
        <ele>263.8</ele>
      </trkpt>
      <trkpt lat="44.97592" lon="-93.04669">
        <ele>263.6</ele>
      </trkpt>
      <trkpt lat="44.97605" lon="-93.04679">
        <ele>263.7</ele>
      </trkpt>
      <trkpt lat="44.97615" lon="-93.04686">
        <ele>263.7</ele>
      </trkpt>
      <trkpt lat="44.97635" lon="-93.04694">
        <ele>263.2</ele>
      </trkpt>
      <trkpt lat="44.97661" lon="-93.047">
        <ele>262.9</ele>
      </trkpt>
      <trkpt lat="44.97687" lon="-93.04701">
        <ele>262.8</ele>
      </trkpt>
      <trkpt lat="44.97769" lon="-93.04701">
        <ele>262.2</ele>
      </trkpt>
      <trkpt lat="44.97799" lon="-93.04702">
        <ele>262.1</ele>
      </trkpt>
      <trkpt lat="44.97816" lon="-93.04706">
        <ele>262.1</ele>
      </trkpt>
      <trkpt lat="44.97841" lon="-93.047">
        <ele>262.0</ele>
      </trkpt>
      <trkpt lat="44.97867" lon="-93.04691">
        <ele>261.9</ele>
      </trkpt>
      <trkpt lat="44.97891" lon="-93.04679">
        <ele>261.9</ele>
      </trkpt>
      <trkpt lat="44.97922" lon="-93.04659">
        <ele>262.1</ele>
      </trkpt>
      <trkpt lat="44.97928" lon="-93.04652">
        <ele>262.1</ele>
      </trkpt>
      <trkpt lat="44.97951" lon="-93.04618">
        <ele>262.7</ele>
      </trkpt>
      <trkpt lat="44.9798" lon="-93.04589">
        <ele>264.7</ele>
      </trkpt>
      <trkpt lat="44.98014" lon="-93.04559">
        <ele>265.6</ele>
      </trkpt>
      <trkpt lat="44.98026" lon="-93.04552">
        <ele>265.5</ele>
      </trkpt>
      <trkpt lat="44.98103" lon="-93.04549">
        <ele>266.1</ele>
      </trkpt>
      <trkpt lat="44.98179" lon="-93.04546">
        <ele>266.3</ele>
      </trkpt>
      <trkpt lat="44.98256" lon="-93.04542">
        <ele>265.6</ele>
      </trkpt>
      <trkpt lat="44.98332" lon="-93.04539">
        <ele>265.2</ele>
      </trkpt>
      <trkpt lat="44.98405" lon="-93.0454">
        <ele>265.2</ele>
      </trkpt>
      <trkpt lat="44.98478" lon="-93.04542">
        <ele>266.9</ele>
      </trkpt>
      <trkpt lat="44.9851" lon="-93.04541">
        <ele>268.6</ele>
      </trkpt>
      <trkpt lat="44.98571" lon="-93.0453">
        <ele>269.0</ele>
      </trkpt>
      <trkpt lat="44.98589" lon="-93.04527">
        <ele>269.0</ele>
      </trkpt>
      <trkpt lat="44.98673" lon="-93.04523">
        <ele>268.8</ele>
      </trkpt>
      <trkpt lat="44.98756" lon="-93.04519">
        <ele>268.2</ele>
      </trkpt>
      <trkpt lat="44.9884" lon="-93.04514">
        <ele>268.4</ele>
      </trkpt>
      <trkpt lat="44.989" lon="-93.0451">
        <ele>270.0</ele>
      </trkpt>
      <trkpt lat="44.98961" lon="-93.04505">
        <ele>271.3</ele>
      </trkpt>
      <trkpt lat="44.99021" lon="-93.045">
        <ele>271.3</ele>
      </trkpt>
      <trkpt lat="44.99099" lon="-93.04495">
        <ele>271.3</ele>
      </trkpt>
      <trkpt lat="44.99177" lon="-93.0449">
        <ele>271.3</ele>
      </trkpt>
      <trkpt lat="44.99254" lon="-93.04484">
        <ele>271.3</ele>
      </trkpt>
      <trkpt lat="44.99332" lon="-93.04479">
        <ele>271.3</ele>
      </trkpt>
      <trkpt lat="44.99409" lon="-93.04474">
        <ele>272.1</ele>
      </trkpt>
      <trkpt lat="44.99487" lon="-93.04468">
        <ele>273.4</ele>
      </trkpt>
      <trkpt lat="44.99564" lon="-93.04463">
        <ele>274.2</ele>
      </trkpt>
      <trkpt lat="44.99617" lon="-93.04461">
        <ele>274.1</ele>
      </trkpt>
      <trkpt lat="44.9967" lon="-93.04459">
        <ele>273.9</ele>
      </trkpt>
      <trkpt lat="44.99755" lon="-93.04452">
        <ele>274.1</ele>
      </trkpt>
      <trkpt lat="44.9984" lon="-93.04445">
        <ele>273.9</ele>
      </trkpt>
      <trkpt lat="44.99926" lon="-93.04438">
        <ele>273.7</ele>
      </trkpt>
      <trkpt lat="44.99988" lon="-93.04434">
        <ele>273.6</ele>
      </trkpt>
      <trkpt lat="45.0005" lon="-93.04431">
        <ele>273.8</ele>
      </trkpt>
      <trkpt lat="45.00112" lon="-93.04427">
        <ele>274.2</ele>
      </trkpt>
      <trkpt lat="45.00126" lon="-93.04313">
        <ele>274.4</ele>
      </trkpt>
      <trkpt lat="45.00136" lon="-93.0423">
        <ele>274.4</ele>
      </trkpt>
      <trkpt lat="45.00146" lon="-93.04147">
        <ele>274.5</ele>
      </trkpt>
      <trkpt lat="45.00157" lon="-93.04079">
        <ele>274.5</ele>
      </trkpt>
      <trkpt lat="45.00166" lon="-93.04036">
        <ele>274.9</ele>
      </trkpt>
      <trkpt lat="45.00192" lon="-93.03933">
        <ele>276.1</ele>
      </trkpt>
      <trkpt lat="45.00218" lon="-93.03837">
        <ele>277.3</ele>
      </trkpt>
      <trkpt lat="45.00244" lon="-93.03741">
        <ele>276.8</ele>
      </trkpt>
      <trkpt lat="45.0027" lon="-93.03646">
        <ele>275.7</ele>
      </trkpt>
      <trkpt lat="45.00297" lon="-93.0355">
        <ele>274.7</ele>
      </trkpt>
      <trkpt lat="45.0032" lon="-93.03455">
        <ele>274.3</ele>
      </trkpt>
      <trkpt lat="45.00331" lon="-93.03401">
        <ele>274.3</ele>
      </trkpt>
      <trkpt lat="45.00339" lon="-93.03334">
        <ele>274.4</ele>
      </trkpt>
      <trkpt lat="45.00343" lon="-93.03297">
        <ele>274.6</ele>
      </trkpt>
      <trkpt lat="45.00345" lon="-93.03259">
        <ele>275.1</ele>
      </trkpt>
      <trkpt lat="45.00345" lon="-93.03226">
        <ele>275.1</ele>
      </trkpt>
      <trkpt lat="45.00344" lon="-93.03191">
        <ele>275.6</ele>
      </trkpt>
      <trkpt lat="45.00342" lon="-93.03157">
        <ele>276.0</ele>
      </trkpt>
      <trkpt lat="45.00338" lon="-93.03117">
        <ele>275.8</ele>
      </trkpt>
      <trkpt lat="45.00323" lon="-93.03014">
        <ele>277.1</ele>
      </trkpt>
      <trkpt lat="45.00309" lon="-93.0291">
        <ele>277.5</ele>
      </trkpt>
      <trkpt lat="45.00294" lon="-93.02806">
        <ele>277.4</ele>
      </trkpt>
      <trkpt lat="45.00279" lon="-93.02703">
        <ele>277.4</ele>
      </trkpt>
      <trkpt lat="45.00265" lon="-93.02599">
        <ele>278.3</ele>
      </trkpt>
      <trkpt lat="45.00249" lon="-93.02492">
        <ele>279.2</ele>
      </trkpt>
      <trkpt lat="45.00238" lon="-93.02402">
        <ele>280.1</ele>
      </trkpt>
      <trkpt lat="45.00236" lon="-93.02379">
        <ele>280.0</ele>
      </trkpt>
      <trkpt lat="45.00235" lon="-93.02349">
        <ele>280.6</ele>
      </trkpt>
      <trkpt lat="45.00236" lon="-93.02324">
        <ele>281.3</ele>
      </trkpt>
      <trkpt lat="45.00239" lon="-93.02286">
        <ele>281.7</ele>
      </trkpt>
      <trkpt lat="45.00243" lon="-93.02256">
        <ele>281.9</ele>
      </trkpt>
      <trkpt lat="45.00249" lon="-93.02228">
        <ele>281.0</ele>
      </trkpt>
      <trkpt lat="45.00257" lon="-93.02195">
        <ele>280.6</ele>
      </trkpt>
      <trkpt lat="45.00278" lon="-93.02132">
        <ele>280.5</ele>
      </trkpt>
      <trkpt lat="45.00295" lon="-93.02091">
        <ele>280.5</ele>
      </trkpt>
      <trkpt lat="45.00339" lon="-93.01991">
        <ele>281.4</ele>
      </trkpt>
      <trkpt lat="45.00383" lon="-93.01891">
        <ele>283.4</ele>
      </trkpt>
      <trkpt lat="45.00426" lon="-93.0179">
        <ele>286.6</ele>
      </trkpt>
      <trkpt lat="45.0047" lon="-93.0169">
        <ele>289.6</ele>
      </trkpt>
      <trkpt lat="45.00514" lon="-93.0159">
        <ele>289.6</ele>
      </trkpt>
      <trkpt lat="45.00548" lon="-93.01515">
        <ele>290.0</ele>
      </trkpt>
      <trkpt lat="45.00559" lon="-93.01482">
        <ele>290.7</ele>
      </trkpt>
      <trkpt lat="45.00571" lon="-93.01436">
        <ele>291.7</ele>
      </trkpt>
      <trkpt lat="45.0059" lon="-93.01356">
        <ele>290.6</ele>
      </trkpt>
      <trkpt lat="45.00598" lon="-93.01313">
        <ele>290.1</ele>
      </trkpt>
      <trkpt lat="45.00603" lon="-93.01278">
        <ele>290.4</ele>
      </trkpt>
      <trkpt lat="45.00613" lon="-93.01156">
        <ele>290.5</ele>
      </trkpt>
      <trkpt lat="45.00622" lon="-93.01035">
        <ele>289.1</ele>
      </trkpt>
      <trkpt lat="45.00632" lon="-93.00914">
        <ele>288.9</ele>
      </trkpt>
      <trkpt lat="45.00632" lon="-93.00849">
        <ele>288.6</ele>
      </trkpt>
      <trkpt lat="45.00633" lon="-93.00841">
        <ele>288.4</ele>
      </trkpt>
      <trkpt lat="45.00636" lon="-93.00836">
        <ele>288.1</ele>
      </trkpt>
      <trkpt lat="45.00649" lon="-93.00833">
        <ele>286.9</ele>
      </trkpt>
      <trkpt lat="45.00654" lon="-93.0083">
        <ele>286.7</ele>
      </trkpt>
      <trkpt lat="45.00656" lon="-93.00824">
        <ele>286.6</ele>
      </trkpt>
      <trkpt lat="45.00667" lon="-93.00771">
        <ele>286.7</ele>
      </trkpt>
      <trkpt lat="45.00675" lon="-93.00747">
        <ele>286.7</ele>
      </trkpt>
      <trkpt lat="45.00688" lon="-93.00716">
        <ele>286.6</ele>
      </trkpt>
      <trkpt lat="45.00723" lon="-93.00648">
        <ele>286.5</ele>
      </trkpt>
      <trkpt lat="45.00757" lon="-93.00588">
        <ele>286.8</ele>
      </trkpt>
      <trkpt lat="45.00792" lon="-93.00528">
        <ele>288.1</ele>
      </trkpt>
      <trkpt lat="45.00843" lon="-93.00438">
        <ele>290.0</ele>
      </trkpt>
      <trkpt lat="45.00897" lon="-93.00341">
        <ele>292.2</ele>
      </trkpt>
      <trkpt lat="45.0095" lon="-93.00245">
        <ele>290.2</ele>
      </trkpt>
      <trkpt lat="45.01003" lon="-93.00151">
        <ele>289.8</ele>
      </trkpt>
      <trkpt lat="45.01056" lon="-93.00056">
        <ele>290.5</ele>
      </trkpt>
      <trkpt lat="45.01109" lon="-92.99962">
        <ele>290.0</ele>
      </trkpt>
      <trkpt lat="45.01162" lon="-92.99868">
        <ele>290.4</ele>
      </trkpt>
      <trkpt lat="45.01166" lon="-92.9986">
        <ele>290.5</ele>
      </trkpt>
      <trkpt lat="45.01177" lon="-92.99824">
        <ele>290.7</ele>
      </trkpt>
      <trkpt lat="45.01181" lon="-92.99817">
        <ele>290.6</ele>
      </trkpt>
      <trkpt lat="45.01188" lon="-92.99809">
        <ele>290.6</ele>
      </trkpt>
      <trkpt lat="45.01213" lon="-92.99787">
        <ele>290.5</ele>
      </trkpt>
      <trkpt lat="45.01221" lon="-92.99777">
        <ele>290.6</ele>
      </trkpt>
      <trkpt lat="45.01229" lon="-92.99763">
        <ele>290.8</ele>
      </trkpt>
      <trkpt lat="45.01269" lon="-92.99675">
        <ele>293.3</ele>
      </trkpt>
      <trkpt lat="45.0131" lon="-92.99587">
        <ele>295.8</ele>
      </trkpt>
      <trkpt lat="45.01351" lon="-92.99521">
        <ele>295.8</ele>
      </trkpt>
      <trkpt lat="45.01364" lon="-92.99498">
        <ele>295.8</ele>
      </trkpt>
      <trkpt lat="45.01382" lon="-92.99463">
        <ele>295.8</ele>
      </trkpt>
      <trkpt lat="45.01436" lon="-92.99365">
        <ele>296.9</ele>
      </trkpt>
      <trkpt lat="45.01455" lon="-92.99339">
        <ele>297.3</ele>
      </trkpt>
      <trkpt lat="45.01465" lon="-92.99326">
        <ele>297.4</ele>
      </trkpt>
      <trkpt lat="45.01472" lon="-92.99316">
        <ele>297.5</ele>
      </trkpt>
      <trkpt lat="45.01511" lon="-92.99249">
        <ele>297.9</ele>
      </trkpt>
      <trkpt lat="45.01533" lon="-92.9921">
        <ele>298.1</ele>
      </trkpt>
      <trkpt lat="45.01572" lon="-92.99142">
        <ele>298.6</ele>
      </trkpt>
      <trkpt lat="45.01594" lon="-92.991">
        <ele>298.7</ele>
      </trkpt>
      <trkpt lat="45.01635" lon="-92.99026">
        <ele>299.0</ele>
      </trkpt>
      <trkpt lat="45.01677" lon="-92.98952">
        <ele>299.7</ele>
      </trkpt>
      <trkpt lat="45.01727" lon="-92.98863">
        <ele>300.8</ele>
      </trkpt>
      <trkpt lat="45.01778" lon="-92.98774">
        <ele>301.2</ele>
      </trkpt>
      <trkpt lat="45.01828" lon="-92.98685">
        <ele>301.6</ele>
      </trkpt>
      <trkpt lat="45.01879" lon="-92.98596">
        <ele>302.2</ele>
      </trkpt>
      <trkpt lat="45.01918" lon="-92.98525">
        <ele>302.7</ele>
      </trkpt>
      <trkpt lat="45.01957" lon="-92.98455">
        <ele>303.1</ele>
      </trkpt>
      <trkpt lat="45.01997" lon="-92.98385">
        <ele>303.6</ele>
      </trkpt>
      <trkpt lat="45.02048" lon="-92.98293">
        <ele>304.3</ele>
      </trkpt>
      <trkpt lat="45.02099" lon="-92.982">
        <ele>303.0</ele>
      </trkpt>
      <trkpt lat="45.02103" lon="-92.98191">
        <ele>302.8</ele>
      </trkpt>
      <trkpt lat="45.02106" lon="-92.98153">
        <ele>302.1</ele>
      </trkpt>
      <trkpt lat="45.02108" lon="-92.98143">
        <ele>301.9</ele>
      </trkpt>
      <trkpt lat="45.02116" lon="-92.98127">
        <ele>301.8</ele>
      </trkpt>
      <trkpt lat="45.02141" lon="-92.98113">
        <ele>301.9</ele>
      </trkpt>
      <trkpt lat="45.02155" lon="-92.98099">
        <ele>301.9</ele>
      </trkpt>
      <trkpt lat="45.0217" lon="-92.98078">
        <ele>301.9</ele>
      </trkpt>
      <trkpt lat="45.02222" lon="-92.97986">
        <ele>301.9</ele>
      </trkpt>
      <trkpt lat="45.02274" lon="-92.97893">
        <ele>301.8</ele>
      </trkpt>
      <trkpt lat="45.02326" lon="-92.978">
        <ele>301.8</ele>
      </trkpt>
      <trkpt lat="45.02378" lon="-92.97708">
        <ele>301.8</ele>
      </trkpt>
      <trkpt lat="45.0243" lon="-92.97615">
        <ele>301.6</ele>
      </trkpt>
      <trkpt lat="45.02481" lon="-92.97522">
        <ele>300.6</ele>
      </trkpt>
      <trkpt lat="45.02533" lon="-92.9743">
        <ele>300.4</ele>
      </trkpt>
      <trkpt lat="45.02541" lon="-92.97412">
        <ele>300.0</ele>
      </trkpt>
      <trkpt lat="45.02544" lon="-92.97402">
        <ele>299.8</ele>
      </trkpt>
      <trkpt lat="45.02553" lon="-92.97373">
        <ele>299.3</ele>
      </trkpt>
      <trkpt lat="45.02559" lon="-92.97347">
        <ele>299.2</ele>
      </trkpt>
      <trkpt lat="45.02563" lon="-92.97315">
        <ele>298.5</ele>
      </trkpt>
      <trkpt lat="45.02565" lon="-92.9728">
        <ele>298.3</ele>
      </trkpt>
      <trkpt lat="45.02564" lon="-92.97239">
        <ele>296.1</ele>
      </trkpt>
      <trkpt lat="45.02561" lon="-92.97178">
        <ele>295.9</ele>
      </trkpt>
      <trkpt lat="45.02561" lon="-92.97153">
        <ele>296.3</ele>
      </trkpt>
      <trkpt lat="45.02562" lon="-92.97124">
        <ele>296.2</ele>
      </trkpt>
      <trkpt lat="45.02568" lon="-92.97104">
        <ele>296.1</ele>
      </trkpt>
      <trkpt lat="45.02577" lon="-92.97084">
        <ele>296.1</ele>
      </trkpt>
      <trkpt lat="45.02593" lon="-92.9705">
        <ele>296.1</ele>
      </trkpt>
      <trkpt lat="45.02607" lon="-92.97025">
        <ele>296.1</ele>
      </trkpt>
      <trkpt lat="45.02619" lon="-92.97011">
        <ele>296.1</ele>
      </trkpt>
      <trkpt lat="45.02631" lon="-92.97001">
        <ele>296.5</ele>
      </trkpt>
      <trkpt lat="45.02667" lon="-92.96979">
        <ele>295.8</ele>
      </trkpt>
      <trkpt lat="45.02677" lon="-92.9697">
        <ele>295.5</ele>
      </trkpt>
      <trkpt lat="45.02685" lon="-92.96961">
        <ele>294.6</ele>
      </trkpt>
      <trkpt lat="45.02691" lon="-92.96951">
        <ele>293.7</ele>
      </trkpt>
      <trkpt lat="45.02703" lon="-92.96924">
        <ele>292.7</ele>
      </trkpt>
      <trkpt lat="45.02705" lon="-92.96913">
        <ele>292.7</ele>
      </trkpt>
      <trkpt lat="45.02706" lon="-92.96887">
        <ele>292.7</ele>
      </trkpt>
      <trkpt lat="45.02706" lon="-92.96841">
        <ele>292.7</ele>
      </trkpt>
      <trkpt lat="45.02705" lon="-92.96802">
        <ele>292.7</ele>
      </trkpt>
      <trkpt lat="45.02701" lon="-92.96758">
        <ele>292.7</ele>
      </trkpt>
      <trkpt lat="45.02691" lon="-92.96657">
        <ele>292.7</ele>
      </trkpt>
      <trkpt lat="45.02681" lon="-92.96556">
        <ele>292.1</ele>
      </trkpt>
      <trkpt lat="45.0267" lon="-92.96455">
        <ele>292.7</ele>
      </trkpt>
      <trkpt lat="45.02667" lon="-92.9644">
        <ele>292.7</ele>
      </trkpt>
      <trkpt lat="45.02656" lon="-92.96414">
        <ele>292.6</ele>
      </trkpt>
      <trkpt lat="45.02654" lon="-92.96403">
        <ele>292.6</ele>
      </trkpt>
      <trkpt lat="45.02648" lon="-92.96343">
        <ele>292.5</ele>
      </trkpt>
      <trkpt lat="45.02648" lon="-92.96336">
        <ele>292.2</ele>
      </trkpt>
      <trkpt lat="45.02653" lon="-92.96317">
        <ele>292.4</ele>
      </trkpt>
      <trkpt lat="45.02653" lon="-92.96305">
        <ele>292.3</ele>
      </trkpt>
      <trkpt lat="45.02644" lon="-92.96214">
        <ele>292.7</ele>
      </trkpt>
      <trkpt lat="45.0264" lon="-92.96142">
        <ele>294.8</ele>
      </trkpt>
      <trkpt lat="45.0264" lon="-92.9606">
        <ele>294.7</ele>
      </trkpt>
      <trkpt lat="45.02641" lon="-92.96037">
        <ele>294.6</ele>
      </trkpt>
      <trkpt lat="45.02644" lon="-92.9601">
        <ele>295.4</ele>
      </trkpt>
      <trkpt lat="45.02651" lon="-92.95973">
        <ele>301.1</ele>
      </trkpt>
      <trkpt lat="45.02663" lon="-92.95919">
        <ele>296.9</ele>
      </trkpt>
      <trkpt lat="45.02674" lon="-92.95881">
        <ele>295.1</ele>
      </trkpt>
      <trkpt lat="45.02686" lon="-92.95849">
        <ele>294.6</ele>
      </trkpt>
      <trkpt lat="45.02697" lon="-92.95822">
        <ele>294.2</ele>
      </trkpt>
      <trkpt lat="45.0272" lon="-92.95768">
        <ele>294.0</ele>
      </trkpt>
      <trkpt lat="45.02744" lon="-92.95714">
        <ele>293.4</ele>
      </trkpt>
      <trkpt lat="45.02787" lon="-92.95618">
        <ele>295.0</ele>
      </trkpt>
      <trkpt lat="45.0283" lon="-92.95521">
        <ele>295.3</ele>
      </trkpt>
      <trkpt lat="45.02873" lon="-92.95423">
        <ele>294.7</ele>
      </trkpt>
      <trkpt lat="45.02916" lon="-92.95325">
        <ele>289.9</ele>
      </trkpt>
      <trkpt lat="45.02959" lon="-92.95226">
        <ele>289.5</ele>
      </trkpt>
      <trkpt lat="45.02983" lon="-92.95173">
        <ele>290.0</ele>
      </trkpt>
      <trkpt lat="45.02997" lon="-92.95148">
        <ele>289.8</ele>
      </trkpt>
      <trkpt lat="45.03011" lon="-92.95126">
        <ele>289.9</ele>
      </trkpt>
      <trkpt lat="45.03043" lon="-92.95083">
        <ele>290.0</ele>
      </trkpt>
      <trkpt lat="45.03062" lon="-92.95063">
        <ele>289.8</ele>
      </trkpt>
      <trkpt lat="45.03081" lon="-92.95047">
        <ele>290.3</ele>
      </trkpt>
      <trkpt lat="45.03106" lon="-92.95029">
        <ele>292.2</ele>
      </trkpt>
      <trkpt lat="45.03157" lon="-92.94998">
        <ele>295.4</ele>
      </trkpt>
      <trkpt lat="45.03221" lon="-92.94966">
        <ele>294.6</ele>
      </trkpt>
      <trkpt lat="45.03284" lon="-92.94933">
        <ele>295.4</ele>
      </trkpt>
      <trkpt lat="45.03347" lon="-92.94901">
        <ele>295.4</ele>
      </trkpt>
      <trkpt lat="45.03371" lon="-92.94883">
        <ele>295.2</ele>
      </trkpt>
      <trkpt lat="45.0339" lon="-92.94868">
        <ele>295.6</ele>
      </trkpt>
      <trkpt lat="45.03413" lon="-92.94844">
        <ele>296.3</ele>
      </trkpt>
      <trkpt lat="45.03451" lon="-92.94797">
        <ele>296.0</ele>
      </trkpt>
      <trkpt lat="45.03472" lon="-92.94768">
        <ele>296.0</ele>
      </trkpt>
      <trkpt lat="45.03488" lon="-92.94742">
        <ele>296.1</ele>
      </trkpt>
      <trkpt lat="45.03507" lon="-92.94707">
        <ele>297.0</ele>
      </trkpt>
      <trkpt lat="45.03514" lon="-92.94691">
        <ele>298.6</ele>
      </trkpt>
      <trkpt lat="45.0352" lon="-92.94672">
        <ele>299.5</ele>
      </trkpt>
      <trkpt lat="45.03527" lon="-92.94649">
        <ele>299.6</ele>
      </trkpt>
      <trkpt lat="45.03538" lon="-92.94605">
        <ele>302.0</ele>
      </trkpt>
      <trkpt lat="45.03541" lon="-92.94596">
        <ele>303.9</ele>
      </trkpt>
      <trkpt lat="45.03544" lon="-92.94589">
        <ele>304.9</ele>
      </trkpt>
      <trkpt lat="45.03553" lon="-92.94576">
        <ele>304.0</ele>
      </trkpt>
      <trkpt lat="45.03567" lon="-92.94566">
        <ele>303.1</ele>
      </trkpt>
      <trkpt lat="45.03607" lon="-92.94533">
        <ele>300.2</ele>
      </trkpt>
      <trkpt lat="45.03625" lon="-92.94513">
        <ele>298.8</ele>
      </trkpt>
      <trkpt lat="45.03639" lon="-92.94494">
        <ele>298.8</ele>
      </trkpt>
      <trkpt lat="45.03649" lon="-92.94477">
        <ele>299.8</ele>
      </trkpt>
      <trkpt lat="45.0366" lon="-92.9445">
        <ele>301.1</ele>
      </trkpt>
      <trkpt lat="45.03687" lon="-92.944">
        <ele>301.5</ele>
      </trkpt>
      <trkpt lat="45.03717" lon="-92.94361">
        <ele>299.1</ele>
      </trkpt>
      <trkpt lat="45.0373" lon="-92.94347">
        <ele>298.8</ele>
      </trkpt>
      <trkpt lat="45.03752" lon="-92.94325">
        <ele>298.8</ele>
      </trkpt>
      <trkpt lat="45.03776" lon="-92.94302">
        <ele>298.8</ele>
      </trkpt>
      <trkpt lat="45.03808" lon="-92.94275">
        <ele>298.8</ele>
      </trkpt>
      <trkpt lat="45.03833" lon="-92.94257">
        <ele>299.4</ele>
      </trkpt>
      <trkpt lat="45.03852" lon="-92.94244">
        <ele>300.3</ele>
      </trkpt>
      <trkpt lat="45.03899" lon="-92.94219">
        <ele>299.7</ele>
      </trkpt>
      <trkpt lat="45.03942" lon="-92.94203">
        <ele>298.8</ele>
      </trkpt>
      <trkpt lat="45.03974" lon="-92.94194">
        <ele>299.7</ele>
      </trkpt>
      <trkpt lat="45.04005" lon="-92.94187">
        <ele>301.4</ele>
      </trkpt>
      <trkpt lat="45.04078" lon="-92.94177">
        <ele>303.8</ele>
      </trkpt>
      <trkpt lat="45.04152" lon="-92.94166">
        <ele>304.0</ele>
      </trkpt>
      <trkpt lat="45.04195" lon="-92.94159">
        <ele>303.6</ele>
      </trkpt>
      <trkpt lat="45.04212" lon="-92.94152">
        <ele>304.1</ele>
      </trkpt>
      <trkpt lat="45.04222" lon="-92.94145">
        <ele>304.6</ele>
      </trkpt>
      <trkpt lat="45.04246" lon="-92.94133">
        <ele>305.5</ele>
      </trkpt>
      <trkpt lat="45.04328" lon="-92.94121">
        <ele>305.8</ele>
      </trkpt>
      <trkpt lat="45.04361" lon="-92.94122">
        <ele>307.8</ele>
      </trkpt>
      <trkpt lat="45.0441" lon="-92.94116">
        <ele>307.2</ele>
      </trkpt>
      <trkpt lat="45.04459" lon="-92.9411">
        <ele>306.7</ele>
      </trkpt>
      <trkpt lat="45.04479" lon="-92.94105">
        <ele>305.9</ele>
      </trkpt>
      <trkpt lat="45.04505" lon="-92.94094">
        <ele>305.0</ele>
      </trkpt>
      <trkpt lat="45.04546" lon="-92.94071">
        <ele>305.0</ele>
      </trkpt>
      <trkpt lat="45.04585" lon="-92.94042">
        <ele>305.2</ele>
      </trkpt>
      <trkpt lat="45.04622" lon="-92.94006">
        <ele>305.8</ele>
      </trkpt>
      <trkpt lat="45.04648" lon="-92.93973">
        <ele>308.0</ele>
      </trkpt>
      <trkpt lat="45.04682" lon="-92.93927">
        <ele>309.9</ele>
      </trkpt>
      <trkpt lat="45.04743" lon="-92.93832">
        <ele>310.8</ele>
      </trkpt>
      <trkpt lat="45.04803" lon="-92.93738">
        <ele>311.1</ele>
      </trkpt>
      <trkpt lat="45.04821" lon="-92.93711">
        <ele>311.4</ele>
      </trkpt>
      <trkpt lat="45.04856" lon="-92.93656">
        <ele>312.1</ele>
      </trkpt>
      <trkpt lat="45.04891" lon="-92.93601">
        <ele>313.4</ele>
      </trkpt>
      <trkpt lat="45.0495" lon="-92.93515">
        <ele>313.8</ele>
      </trkpt>
      <trkpt lat="45.04991" lon="-92.93472">
        <ele>314.5</ele>
      </trkpt>
      <trkpt lat="45.0501" lon="-92.93444">
        <ele>315.3</ele>
      </trkpt>
      <trkpt lat="45.0502" lon="-92.93436">
        <ele>315.9</ele>
      </trkpt>
      <trkpt lat="45.05051" lon="-92.93413">
        <ele>316.3</ele>
      </trkpt>
      <trkpt lat="45.05096" lon="-92.93389">
        <ele>316.5</ele>
      </trkpt>
      <trkpt lat="45.0513" lon="-92.93374">
        <ele>316.2</ele>
      </trkpt>
      <trkpt lat="45.0519" lon="-92.93344">
        <ele>315.6</ele>
      </trkpt>
      <trkpt lat="45.05257" lon="-92.93307">
        <ele>315.2</ele>
      </trkpt>
      <trkpt lat="45.05324" lon="-92.93271">
        <ele>316.0</ele>
      </trkpt>
      <trkpt lat="45.05383" lon="-92.93227">
        <ele>316.3</ele>
      </trkpt>
      <trkpt lat="45.05453" lon="-92.93153">
        <ele>316.5</ele>
      </trkpt>
      <trkpt lat="45.05523" lon="-92.93079">
        <ele>314.2</ele>
      </trkpt>
      <trkpt lat="45.05533" lon="-92.93066">
        <ele>314.4</ele>
      </trkpt>
      <trkpt lat="45.05604" lon="-92.9299">
        <ele>315.5</ele>
      </trkpt>
      <trkpt lat="45.05675" lon="-92.92914">
        <ele>314.3</ele>
      </trkpt>
      <trkpt lat="45.05743" lon="-92.92835">
        <ele>314.5</ele>
      </trkpt>
      <trkpt lat="45.05754" lon="-92.92824">
        <ele>314.5</ele>
      </trkpt>
      <trkpt lat="45.0576" lon="-92.92821">
        <ele>314.5</ele>
      </trkpt>
      <trkpt lat="45.05785" lon="-92.92794">
        <ele>314.5</ele>
      </trkpt>
      <trkpt lat="45.05788" lon="-92.92788">
        <ele>314.5</ele>
      </trkpt>
      <trkpt lat="45.05794" lon="-92.9278">
        <ele>314.5</ele>
      </trkpt>
      <trkpt lat="45.0586" lon="-92.92708">
        <ele>314.5</ele>
      </trkpt>
      <trkpt lat="45.05889" lon="-92.92684">
        <ele>313.6</ele>
      </trkpt>
      <trkpt lat="45.05942" lon="-92.92623">
        <ele>313.4</ele>
      </trkpt>
      <trkpt lat="45.05994" lon="-92.92568">
        <ele>311.8</ele>
      </trkpt>
      <trkpt lat="45.06027" lon="-92.92527">
        <ele>311.1</ele>
      </trkpt>
      <trkpt lat="45.06041" lon="-92.92517">
        <ele>311.0</ele>
      </trkpt>
      <trkpt lat="45.06071" lon="-92.92485">
        <ele>311.0</ele>
      </trkpt>
      <trkpt lat="45.06077" lon="-92.9248">
        <ele>310.9</ele>
      </trkpt>
      <trkpt lat="45.0608" lon="-92.92478">
        <ele>310.9</ele>
      </trkpt>
      <trkpt lat="45.06088" lon="-92.92478">
        <ele>310.9</ele>
      </trkpt>
      <trkpt lat="45.06105" lon="-92.92482">
        <ele>310.9</ele>
      </trkpt>
      <trkpt lat="45.06115" lon="-92.92479">
        <ele>310.8</ele>
      </trkpt>
      <trkpt lat="45.06124" lon="-92.92462">
        <ele>310.7</ele>
      </trkpt>
      <trkpt lat="45.06127" lon="-92.92449">
        <ele>310.6</ele>
      </trkpt>
      <trkpt lat="45.06129" lon="-92.92434">
        <ele>310.5</ele>
      </trkpt>
      <trkpt lat="45.06134" lon="-92.92415">
        <ele>310.3</ele>
      </trkpt>
      <trkpt lat="45.06139" lon="-92.92402">
        <ele>310.0</ele>
      </trkpt>
      <trkpt lat="45.06148" lon="-92.92388">
        <ele>309.9</ele>
      </trkpt>
      <trkpt lat="45.06192" lon="-92.92327">
        <ele>309.1</ele>
      </trkpt>
      <trkpt lat="45.06236" lon="-92.92267">
        <ele>308.0</ele>
      </trkpt>
      <trkpt lat="45.06258" lon="-92.92232">
        <ele>307.8</ele>
      </trkpt>
      <trkpt lat="45.0627" lon="-92.92217">
        <ele>307.7</ele>
      </trkpt>
      <trkpt lat="45.06279" lon="-92.92207">
        <ele>307.5</ele>
      </trkpt>
      <trkpt lat="45.06288" lon="-92.92196">
        <ele>307.5</ele>
      </trkpt>
      <trkpt lat="45.06342" lon="-92.92121">
        <ele>305.0</ele>
      </trkpt>
      <trkpt lat="45.06356" lon="-92.92093">
        <ele>304.9</ele>
      </trkpt>
      <trkpt lat="45.06371" lon="-92.92071">
        <ele>304.9</ele>
      </trkpt>
      <trkpt lat="45.06383" lon="-92.92057">
        <ele>304.9</ele>
      </trkpt>
      <trkpt lat="45.06414" lon="-92.92021">
        <ele>305.0</ele>
      </trkpt>
      <trkpt lat="45.06424" lon="-92.9201">
        <ele>305.0</ele>
      </trkpt>
      <trkpt lat="45.06457" lon="-92.91965">
        <ele>304.9</ele>
      </trkpt>
      <trkpt lat="45.06489" lon="-92.9192">
        <ele>305.0</ele>
      </trkpt>
      <trkpt lat="45.06531" lon="-92.91859">
        <ele>305.1</ele>
      </trkpt>
      <trkpt lat="45.06586" lon="-92.91787">
        <ele>305.2</ele>
      </trkpt>
      <trkpt lat="45.06636" lon="-92.91716">
        <ele>305.1</ele>
      </trkpt>
      <trkpt lat="45.06686" lon="-92.91645">
        <ele>303.0</ele>
      </trkpt>
      <trkpt lat="45.06694" lon="-92.9163">
        <ele>303.1</ele>
      </trkpt>
      <trkpt lat="45.0671" lon="-92.91597">
        <ele>303.0</ele>
      </trkpt>
      <trkpt lat="45.06769" lon="-92.91515">
        <ele>303.8</ele>
      </trkpt>
      <trkpt lat="45.06791" lon="-92.91494">
        <ele>303.4</ele>
      </trkpt>
      <trkpt lat="45.06801" lon="-92.91481">
        <ele>302.5</ele>
      </trkpt>
      <trkpt lat="45.06856" lon="-92.91404">
        <ele>298.9</ele>
      </trkpt>
      <trkpt lat="45.06903" lon="-92.91335">
        <ele>300.5</ele>
      </trkpt>
      <trkpt lat="45.06908" lon="-92.91328">
        <ele>301.0</ele>
      </trkpt>
      <trkpt lat="45.06928" lon="-92.91301">
        <ele>301.9</ele>
      </trkpt>
      <trkpt lat="45.06945" lon="-92.91273">
        <ele>301.9</ele>
      </trkpt>
      <trkpt lat="45.06985" lon="-92.912">
        <ele>299.3</ele>
      </trkpt>
      <trkpt lat="45.07019" lon="-92.91127">
        <ele>298.8</ele>
      </trkpt>
      <trkpt lat="45.07054" lon="-92.91055">
        <ele>299.3</ele>
      </trkpt>
      <trkpt lat="45.0709" lon="-92.90978">
        <ele>301.2</ele>
      </trkpt>
      <trkpt lat="45.07125" lon="-92.90901">
        <ele>300.9</ele>
      </trkpt>
      <trkpt lat="45.07161" lon="-92.90824">
        <ele>299.2</ele>
      </trkpt>
      <trkpt lat="45.07189" lon="-92.90765">
        <ele>297.4</ele>
      </trkpt>
      <trkpt lat="45.07202" lon="-92.90733">
        <ele>297.6</ele>
      </trkpt>
      <trkpt lat="45.07234" lon="-92.90674">
        <ele>296.6</ele>
      </trkpt>
      <trkpt lat="45.07289" lon="-92.90596">
        <ele>296.8</ele>
      </trkpt>
      <trkpt lat="45.0734" lon="-92.90521">
        <ele>297.6</ele>
      </trkpt>
      <trkpt lat="45.07392" lon="-92.90445">
        <ele>298.5</ele>
      </trkpt>
      <trkpt lat="45.07443" lon="-92.90369">
        <ele>299.1</ele>
      </trkpt>
      <trkpt lat="45.07466" lon="-92.90342">
        <ele>298.8</ele>
      </trkpt>
      <trkpt lat="45.07494" lon="-92.90306">
        <ele>297.8</ele>
      </trkpt>
      <trkpt lat="45.07534" lon="-92.90258">
        <ele>298.7</ele>
      </trkpt>
      <trkpt lat="45.07573" lon="-92.90211">
        <ele>297.6</ele>
      </trkpt>
      <trkpt lat="45.07628" lon="-92.90131">
        <ele>299.1</ele>
      </trkpt>
      <trkpt lat="45.0766" lon="-92.90089">
        <ele>298.9</ele>
      </trkpt>
      <trkpt lat="45.07666" lon="-92.90079">
        <ele>298.8</ele>
      </trkpt>
      <trkpt lat="45.0767" lon="-92.90072">
        <ele>298.9</ele>
      </trkpt>
      <trkpt lat="45.07691" lon="-92.90018">
        <ele>299.8</ele>
      </trkpt>
      <trkpt lat="45.07688" lon="-92.90005">
        <ele>299.1</ele>
      </trkpt>
      <trkpt lat="45.07688" lon="-92.89998">
        <ele>298.8</ele>
      </trkpt>
      <trkpt lat="45.07701" lon="-92.89934">
        <ele>298.1</ele>
      </trkpt>
      <trkpt lat="45.07718" lon="-92.89838">
        <ele>297.7</ele>
      </trkpt>
      <trkpt lat="45.07729" lon="-92.89761">
        <ele>298.4</ele>
      </trkpt>
      <trkpt lat="45.07739" lon="-92.89684">
        <ele>299.8</ele>
      </trkpt>
      <trkpt lat="45.07746" lon="-92.89608">
        <ele>299.5</ele>
      </trkpt>
      <trkpt lat="45.07753" lon="-92.89532">
        <ele>299.4</ele>
      </trkpt>
      <trkpt lat="45.07761" lon="-92.89425">
        <ele>297.1</ele>
      </trkpt>
      <trkpt lat="45.0777" lon="-92.89319">
        <ele>298.0</ele>
      </trkpt>
      <trkpt lat="45.07779" lon="-92.89213">
        <ele>299.0</ele>
      </trkpt>
      <trkpt lat="45.07788" lon="-92.89129">
        <ele>298.2</ele>
      </trkpt>
      <trkpt lat="45.07797" lon="-92.89046">
        <ele>296.9</ele>
      </trkpt>
      <trkpt lat="45.07812" lon="-92.88961">
        <ele>295.0</ele>
      </trkpt>
      <trkpt lat="45.07824" lon="-92.88905">
        <ele>295.1</ele>
      </trkpt>
      <trkpt lat="45.07833" lon="-92.88875">
        <ele>295.2</ele>
      </trkpt>
      <trkpt lat="45.07854" lon="-92.88793">
        <ele>295.0</ele>
      </trkpt>
      <trkpt lat="45.07876" lon="-92.88711">
        <ele>292.8</ele>
      </trkpt>
      <trkpt lat="45.07898" lon="-92.8863">
        <ele>293.0</ele>
      </trkpt>
      <trkpt lat="45.07904" lon="-92.88601">
        <ele>293.0</ele>
      </trkpt>
      <trkpt lat="45.07909" lon="-92.88577">
        <ele>292.6</ele>
      </trkpt>
      <trkpt lat="45.07913" lon="-92.88546">
        <ele>292.8</ele>
      </trkpt>
      <trkpt lat="45.07915" lon="-92.88523">
        <ele>292.3</ele>
      </trkpt>
      <trkpt lat="45.07916" lon="-92.88498">
        <ele>290.8</ele>
      </trkpt>
      <trkpt lat="45.07915" lon="-92.88474">
        <ele>290.9</ele>
      </trkpt>
      <trkpt lat="45.07911" lon="-92.88398">
        <ele>290.8</ele>
      </trkpt>
      <trkpt lat="45.07901" lon="-92.88274">
        <ele>290.2</ele>
      </trkpt>
      <trkpt lat="45.07898" lon="-92.88249">
        <ele>291.1</ele>
      </trkpt>
      <trkpt lat="45.07893" lon="-92.88221">
        <ele>291.7</ele>
      </trkpt>
      <trkpt lat="45.07887" lon="-92.88194">
        <ele>291.8</ele>
      </trkpt>
      <trkpt lat="45.07881" lon="-92.88168">
        <ele>291.9</ele>
      </trkpt>
      <trkpt lat="45.0787" lon="-92.8813">
        <ele>291.8</ele>
      </trkpt>
      <trkpt lat="45.07855" lon="-92.8809">
        <ele>291.7</ele>
      </trkpt>
      <trkpt lat="45.07825" lon="-92.88019">
        <ele>289.6</ele>
      </trkpt>
      <trkpt lat="45.07781" lon="-92.87923">
        <ele>289.3</ele>
      </trkpt>
      <trkpt lat="45.07738" lon="-92.87827">
        <ele>288.2</ele>
      </trkpt>
      <trkpt lat="45.07709" lon="-92.87764">
        <ele>287.4</ele>
      </trkpt>
      <trkpt lat="45.07691" lon="-92.87731">
        <ele>286.1</ele>
      </trkpt>
      <trkpt lat="45.07668" lon="-92.87694">
        <ele>285.1</ele>
      </trkpt>
      <trkpt lat="45.07649" lon="-92.87665">
        <ele>284.4</ele>
      </trkpt>
      <trkpt lat="45.07635" lon="-92.87649">
        <ele>284.3</ele>
      </trkpt>
      <trkpt lat="45.07617" lon="-92.87631">
        <ele>284.4</ele>
      </trkpt>
      <trkpt lat="45.07556" lon="-92.87576">
        <ele>284.4</ele>
      </trkpt>
      <trkpt lat="45.07494" lon="-92.8752">
        <ele>284.0</ele>
      </trkpt>
      <trkpt lat="45.07466" lon="-92.8749">
        <ele>285.6</ele>
      </trkpt>
      <trkpt lat="45.07444" lon="-92.87461">
        <ele>285.8</ele>
      </trkpt>
      <trkpt lat="45.07422" lon="-92.87422">
        <ele>286.1</ele>
      </trkpt>
      <trkpt lat="45.07403" lon="-92.87381">
        <ele>286.0</ele>
      </trkpt>
      <trkpt lat="45.07388" lon="-92.87345">
        <ele>285.7</ele>
      </trkpt>
      <trkpt lat="45.07365" lon="-92.87276">
        <ele>285.1</ele>
      </trkpt>
      <trkpt lat="45.07331" lon="-92.87172">
        <ele>283.6</ele>
      </trkpt>
      <trkpt lat="45.07297" lon="-92.87068">
        <ele>282.5</ele>
      </trkpt>
      <trkpt lat="45.07263" lon="-92.86964">
        <ele>283.0</ele>
      </trkpt>
      <trkpt lat="45.07253" lon="-92.86925">
        <ele>283.0</ele>
      </trkpt>
      <trkpt lat="45.0724" lon="-92.86866">
        <ele>282.3</ele>
      </trkpt>
      <trkpt lat="45.07233" lon="-92.86829">
        <ele>282.3</ele>
      </trkpt>
      <trkpt lat="45.07225" lon="-92.8676">
        <ele>282.2</ele>
      </trkpt>
      <trkpt lat="45.07221" lon="-92.86711">
        <ele>282.4</ele>
      </trkpt>
      <trkpt lat="45.07221" lon="-92.86604">
        <ele>283.1</ele>
      </trkpt>
      <trkpt lat="45.0722" lon="-92.86496">
        <ele>283.5</ele>
      </trkpt>
      <trkpt lat="45.0722" lon="-92.86389">
        <ele>282.8</ele>
      </trkpt>
      <trkpt lat="45.07219" lon="-92.86284">
        <ele>282.2</ele>
      </trkpt>
      <trkpt lat="45.07218" lon="-92.86179">
        <ele>281.6</ele>
      </trkpt>
      <trkpt lat="45.07218" lon="-92.8606">
        <ele>281.0</ele>
      </trkpt>
      <trkpt lat="45.07217" lon="-92.85941">
        <ele>280.6</ele>
      </trkpt>
      <trkpt lat="45.07216" lon="-92.85821">
        <ele>280.3</ele>
      </trkpt>
      <trkpt lat="45.07216" lon="-92.85702">
        <ele>279.9</ele>
      </trkpt>
      <trkpt lat="45.07215" lon="-92.85631">
        <ele>279.9</ele>
      </trkpt>
      <trkpt lat="45.07214" lon="-92.8556">
        <ele>279.6</ele>
      </trkpt>
      <trkpt lat="45.07207" lon="-92.85459">
        <ele>278.3</ele>
      </trkpt>
      <trkpt lat="45.07198" lon="-92.85387">
        <ele>277.4</ele>
      </trkpt>
      <trkpt lat="45.07177" lon="-92.85286">
        <ele>275.1</ele>
      </trkpt>
      <trkpt lat="45.07148" lon="-92.85172">
        <ele>274.6</ele>
      </trkpt>
      <trkpt lat="45.07127" lon="-92.8511">
        <ele>274.1</ele>
      </trkpt>
      <trkpt lat="45.07091" lon="-92.85009">
        <ele>273.8</ele>
      </trkpt>
      <trkpt lat="45.07069" lon="-92.84952">
        <ele>273.8</ele>
      </trkpt>
      <trkpt lat="45.07047" lon="-92.84895">
        <ele>272.9</ele>
      </trkpt>
      <trkpt lat="45.07027" lon="-92.84837">
        <ele>271.3</ele>
      </trkpt>
      <trkpt lat="45.07016" lon="-92.84791">
        <ele>270.7</ele>
      </trkpt>
      <trkpt lat="45.0701" lon="-92.84761">
        <ele>270.1</ele>
      </trkpt>
      <trkpt lat="45.06997" lon="-92.84684">
        <ele>268.7</ele>
      </trkpt>
      <trkpt lat="45.06994" lon="-92.84649">
        <ele>268.6</ele>
      </trkpt>
      <trkpt lat="45.0699" lon="-92.84592">
        <ele>268.3</ele>
      </trkpt>
      <trkpt lat="45.0699" lon="-92.84564">
        <ele>265.9</ele>
      </trkpt>
      <trkpt lat="45.06992" lon="-92.84497">
        <ele>266.3</ele>
      </trkpt>
      <trkpt lat="45.06995" lon="-92.84458">
        <ele>267.6</ele>
      </trkpt>
      <trkpt lat="45.07006" lon="-92.84372">
        <ele>267.3</ele>
      </trkpt>
      <trkpt lat="45.07018" lon="-92.84265">
        <ele>266.1</ele>
      </trkpt>
      <trkpt lat="45.0703" lon="-92.84157">
        <ele>265.3</ele>
      </trkpt>
      <trkpt lat="45.07042" lon="-92.8405">
        <ele>265.6</ele>
      </trkpt>
      <trkpt lat="45.07054" lon="-92.83943">
        <ele>267.4</ele>
      </trkpt>
      <trkpt lat="45.07066" lon="-92.83835">
        <ele>267.3</ele>
      </trkpt>
      <trkpt lat="45.07074" lon="-92.83788">
        <ele>265.0</ele>
      </trkpt>
      <trkpt lat="45.07082" lon="-92.83755">
        <ele>264.8</ele>
      </trkpt>
      <trkpt lat="45.07093" lon="-92.83716">
        <ele>264.6</ele>
      </trkpt>
      <trkpt lat="45.07106" lon="-92.83687">
        <ele>264.5</ele>
      </trkpt>
      <trkpt lat="45.07123" lon="-92.83656">
        <ele>264.3</ele>
      </trkpt>
      <trkpt lat="45.07143" lon="-92.83623">
        <ele>264.6</ele>
      </trkpt>
      <trkpt lat="45.07174" lon="-92.83587">
        <ele>264.5</ele>
      </trkpt>
      <trkpt lat="45.07178" lon="-92.83584">
        <ele>264.5</ele>
      </trkpt>
      <trkpt lat="45.07178" lon="-92.83568">
        <ele>263.5</ele>
      </trkpt>
      <trkpt lat="45.07166" lon="-92.83494">
        <ele>260.9</ele>
      </trkpt>
      <trkpt lat="45.0716" lon="-92.83467">
        <ele>260.2</ele>
      </trkpt>
      <trkpt lat="45.0715" lon="-92.83432">
        <ele>258.6</ele>
      </trkpt>
      <trkpt lat="45.07132" lon="-92.83383">
        <ele>261.0</ele>
      </trkpt>
      <trkpt lat="45.07117" lon="-92.83351">
        <ele>262.3</ele>
      </trkpt>
      <trkpt lat="45.07105" lon="-92.83331">
        <ele>262.1</ele>
      </trkpt>
      <trkpt lat="45.07051" lon="-92.83244">
        <ele>263.1</ele>
      </trkpt>
      <trkpt lat="45.06997" lon="-92.83158">
        <ele>262.6</ele>
      </trkpt>
      <trkpt lat="45.06981" lon="-92.83137">
        <ele>261.9</ele>
      </trkpt>
      <trkpt lat="45.06967" lon="-92.83124">
        <ele>261.5</ele>
      </trkpt>
      <trkpt lat="45.06953" lon="-92.83115">
        <ele>261.6</ele>
      </trkpt>
      <trkpt lat="45.06938" lon="-92.83109">
        <ele>260.2</ele>
      </trkpt>
      <trkpt lat="45.06931" lon="-92.83106">
        <ele>259.3</ele>
      </trkpt>
      <trkpt lat="45.06863" lon="-92.831">
        <ele>259.1</ele>
      </trkpt>
      <trkpt lat="45.06796" lon="-92.83094">
        <ele>259.1</ele>
      </trkpt>
      <trkpt lat="45.06729" lon="-92.83087">
        <ele>259.0</ele>
      </trkpt>
      <trkpt lat="45.06661" lon="-92.83081">
        <ele>259.1</ele>
      </trkpt>
      <trkpt lat="45.06639" lon="-92.83075">
        <ele>259.0</ele>
      </trkpt>
      <trkpt lat="45.06612" lon="-92.83064">
        <ele>259.2</ele>
      </trkpt>
      <trkpt lat="45.06544" lon="-92.8303">
        <ele>260.1</ele>
      </trkpt>
      <trkpt lat="45.06476" lon="-92.82996">
        <ele>259.8</ele>
      </trkpt>
      <trkpt lat="45.06407" lon="-92.82962">
        <ele>259.7</ele>
      </trkpt>
      <trkpt lat="45.06339" lon="-92.82928">
        <ele>260.2</ele>
      </trkpt>
      <trkpt lat="45.06306" lon="-92.8291">
        <ele>260.3</ele>
      </trkpt>
      <trkpt lat="45.06294" lon="-92.829">
        <ele>260.3</ele>
      </trkpt>
      <trkpt lat="45.06283" lon="-92.82886">
        <ele>260.4</ele>
      </trkpt>
      <trkpt lat="45.06275" lon="-92.82872">
        <ele>260.4</ele>
      </trkpt>
      <trkpt lat="45.06266" lon="-92.82853">
        <ele>260.4</ele>
      </trkpt>
      <trkpt lat="45.06233" lon="-92.82749">
        <ele>260.3</ele>
      </trkpt>
      <trkpt lat="45.06199" lon="-92.82644">
        <ele>262.6</ele>
      </trkpt>
      <trkpt lat="45.06192" lon="-92.82619">
        <ele>262.0</ele>
      </trkpt>
      <trkpt lat="45.06189" lon="-92.82605">
        <ele>261.9</ele>
      </trkpt>
      <trkpt lat="45.06178" lon="-92.82526">
        <ele>260.0</ele>
      </trkpt>
      <trkpt lat="45.06167" lon="-92.82446">
        <ele>261.9</ele>
      </trkpt>
      <trkpt lat="45.06159" lon="-92.82417">
        <ele>261.4</ele>
      </trkpt>
      <trkpt lat="45.06152" lon="-92.82401">
        <ele>260.8</ele>
      </trkpt>
      <trkpt lat="45.06142" lon="-92.82384">
        <ele>261.5</ele>
      </trkpt>
      <trkpt lat="45.06131" lon="-92.8237">
        <ele>261.7</ele>
      </trkpt>
      <trkpt lat="45.06066" lon="-92.82316">
        <ele>258.0</ele>
      </trkpt>
      <trkpt lat="45.06059" lon="-92.82309">
        <ele>258.1</ele>
      </trkpt>
      <trkpt lat="45.06048" lon="-92.82295">
        <ele>258.4</ele>
      </trkpt>
      <trkpt lat="45.06042" lon="-92.82286">
        <ele>258.5</ele>
      </trkpt>
      <trkpt lat="45.06038" lon="-92.82276">
        <ele>258.9</ele>
      </trkpt>
      <trkpt lat="45.06031" lon="-92.82258">
        <ele>259.4</ele>
      </trkpt>
      <trkpt lat="45.06026" lon="-92.82236">
        <ele>260.0</ele>
      </trkpt>
      <trkpt lat="45.06024" lon="-92.8222">
        <ele>260.3</ele>
      </trkpt>
      <trkpt lat="45.06023" lon="-92.82206">
        <ele>260.4</ele>
      </trkpt>
      <trkpt lat="45.06023" lon="-92.82108">
        <ele>262.2</ele>
      </trkpt>
      <trkpt lat="45.06021" lon="-92.82085">
        <ele>262.0</ele>
      </trkpt>
      <trkpt lat="45.06028" lon="-92.82084">
        <ele>261.8</ele>
      </trkpt>
      <trkpt lat="45.06023" lon="-92.82046">
        <ele>263.8</ele>
      </trkpt>
      <trkpt lat="45.06019" lon="-92.82034">
        <ele>263.7</ele>
      </trkpt>
      <trkpt lat="45.06017" lon="-92.82025">
        <ele>263.7</ele>
      </trkpt>
      <trkpt lat="45.06016" lon="-92.81935">
        <ele>264.5</ele>
      </trkpt>
      <trkpt lat="45.06017" lon="-92.81866">
        <ele>264.8</ele>
      </trkpt>
      <trkpt lat="45.06018" lon="-92.81796">
        <ele>266.5</ele>
      </trkpt>
      <trkpt lat="45.06018" lon="-92.81728">
        <ele>266.6</ele>
      </trkpt>
      <trkpt lat="45.06018" lon="-92.81659">
        <ele>266.2</ele>
      </trkpt>
      <trkpt lat="45.06018" lon="-92.81569">
        <ele>265.9</ele>
      </trkpt>
      <trkpt lat="45.06019" lon="-92.81478">
        <ele>265.7</ele>
      </trkpt>
      <trkpt lat="45.06017" lon="-92.81469">
        <ele>265.6</ele>
      </trkpt>
      <trkpt lat="45.06009" lon="-92.81434">
        <ele>265.2</ele>
      </trkpt>
      <trkpt lat="45.06007" lon="-92.81424">
        <ele>265.0</ele>
      </trkpt>
      <trkpt lat="45.06008" lon="-92.8135">
        <ele>263.6</ele>
      </trkpt>
      <trkpt lat="45.06009" lon="-92.81335">
        <ele>263.3</ele>
      </trkpt>
      <trkpt lat="45.0601" lon="-92.81329">
        <ele>263.2</ele>
      </trkpt>
      <trkpt lat="45.06028" lon="-92.81244">
        <ele>261.3</ele>
      </trkpt>
      <trkpt lat="45.06042" lon="-92.81161">
        <ele>258.7</ele>
      </trkpt>
      <trkpt lat="45.06057" lon="-92.81077">
        <ele>255.0</ele>
      </trkpt>
      <trkpt lat="45.05983" lon="-92.81045">
        <ele>249.3</ele>
      </trkpt>
      <trkpt lat="45.05907" lon="-92.81013">
        <ele>244.8</ele>
      </trkpt>
      <trkpt lat="45.05831" lon="-92.80981">
        <ele>238.8</ele>
      </trkpt>
      <trkpt lat="45.05755" lon="-92.80949">
        <ele>235.6</ele>
      </trkpt>
      <trkpt lat="45.05679" lon="-92.80917">
        <ele>231.9</ele>
      </trkpt>
      <trkpt lat="45.05603" lon="-92.80885">
        <ele>227.4</ele>
      </trkpt>
      <trkpt lat="45.05522" lon="-92.80849">
        <ele>226.9</ele>
      </trkpt>
      <trkpt lat="45.05537" lon="-92.80778">
        <ele>219.5</ele>
      </trkpt>
      <trkpt lat="45.05553" lon="-92.80706">
        <ele>215.4</ele>
      </trkpt>
      <trkpt lat="45.05582" lon="-92.80717">
        <ele>215.3</ele>
      </trkpt>
      <trkpt lat="45.05553" lon="-92.80706">
        <ele>215.4</ele>
      </trkpt>
      <trkpt lat="45.05537" lon="-92.80778">
        <ele>219.5</ele>
      </trkpt>
      <trkpt lat="45.05522" lon="-92.80849">
        <ele>226.9</ele>
      </trkpt>
      <trkpt lat="45.05544" lon="-92.80859">
        <ele>227.0</ele>
      </trkpt>
    </trkseg>
  </trk>
</gpx>
